[
    {
        "chapter": 100,
        "verse": 1,
        "juz": 30,
        "hizb": 239,
        "manzil": 7,
        "ruku": 542,
        "word_number_in_verse": 1,
        "language_code": "en",
        "text": "By the racers",
        "root_word": "وَالۡعَٰدِيَٰتِ",
        "global_word_sequence_number": 77078,
        "global_verse_sequence_number": 6147
    },
    {
        "chapter": 100,
        "verse": 1,
        "juz": 30,
        "hizb": 239,
        "manzil": 7,
        "ruku": 542,
        "word_number_in_verse": 2,
        "language_code": "en",
        "text": "panting",
        "root_word": "ضَبۡحٗا",
        "global_word_sequence_number": 77079,
        "global_verse_sequence_number": 6147
    },
    {
        "chapter": 100,
        "verse": 2,
        "juz": 30,
        "hizb": 239,
        "manzil": 7,
        "ruku": 542,
        "word_number_in_verse": 1,
        "language_code": "en",
        "text": "And the producers of sparks",
        "root_word": "فَالۡمُورِيَٰتِ",
        "global_word_sequence_number": 77080,
        "global_verse_sequence_number": 6148
    },
    {
        "chapter": 100,
        "verse": 2,
        "juz": 30,
        "hizb": 239,
        "manzil": 7,
        "ruku": 542,
        "word_number_in_verse": 2,
        "language_code": "en",
        "text": "striking",
        "root_word": "قَدۡحٗا",
        "global_word_sequence_number": 77081,
        "global_verse_sequence_number": 6148
    },
    {
        "chapter": 100,
        "verse": 3,
        "juz": 30,
        "hizb": 239,
        "manzil": 7,
        "ruku": 542,
        "word_number_in_verse": 1,
        "language_code": "en",
        "text": "And the chargers",
        "root_word": "فَالۡمُغِيرَٰتِ",
        "global_word_sequence_number": 77082,
        "global_verse_sequence_number": 6149
    },
    {
        "chapter": 100,
        "verse": 3,
        "juz": 30,
        "hizb": 239,
        "manzil": 7,
        "ruku": 542,
        "word_number_in_verse": 2,
        "language_code": "en",
        "text": "(at) dawn",
        "root_word": "صُبۡحٗا",
        "global_word_sequence_number": 77083,
        "global_verse_sequence_number": 6149
    },
    {
        "chapter": 100,
        "verse": 4,
        "juz": 30,
        "hizb": 239,
        "manzil": 7,
        "ruku": 542,
        "word_number_in_verse": 1,
        "language_code": "en",
        "text": "Then raise",
        "root_word": "فَأَثَرۡنَ",
        "global_word_sequence_number": 77084,
        "global_verse_sequence_number": 6150
    },
    {
        "chapter": 100,
        "verse": 4,
        "juz": 30,
        "hizb": 239,
        "manzil": 7,
        "ruku": 542,
        "word_number_in_verse": 2,
        "language_code": "en",
        "text": "thereby",
        "root_word": "بِهِۦ",
        "global_word_sequence_number": 77085,
        "global_verse_sequence_number": 6150
    },
    {
        "chapter": 100,
        "verse": 4,
        "juz": 30,
        "hizb": 239,
        "manzil": 7,
        "ruku": 542,
        "word_number_in_verse": 3,
        "language_code": "en",
        "text": "dust",
        "root_word": "نَقۡعٗا",
        "global_word_sequence_number": 77086,
        "global_verse_sequence_number": 6150
    },
    {
        "chapter": 100,
        "verse": 5,
        "juz": 30,
        "hizb": 239,
        "manzil": 7,
        "ruku": 542,
        "word_number_in_verse": 1,
        "language_code": "en",
        "text": "Then penetrate (in the) center",
        "root_word": "فَوَسَطۡنَ",
        "global_word_sequence_number": 77087,
        "global_verse_sequence_number": 6151
    },
    {
        "chapter": 100,
        "verse": 5,
        "juz": 30,
        "hizb": 239,
        "manzil": 7,
        "ruku": 542,
        "word_number_in_verse": 2,
        "language_code": "en",
        "text": "thereby",
        "root_word": "بِهِۦ",
        "global_word_sequence_number": 77088,
        "global_verse_sequence_number": 6151
    },
    {
        "chapter": 100,
        "verse": 5,
        "juz": 30,
        "hizb": 239,
        "manzil": 7,
        "ruku": 542,
        "word_number_in_verse": 3,
        "language_code": "en",
        "text": "collectively",
        "root_word": "جَمۡعًا",
        "global_word_sequence_number": 77089,
        "global_verse_sequence_number": 6151
    },
    {
        "chapter": 100,
        "verse": 6,
        "juz": 30,
        "hizb": 239,
        "manzil": 7,
        "ruku": 542,
        "word_number_in_verse": 1,
        "language_code": "en",
        "text": "Indeed",
        "root_word": "إِنَّ",
        "global_word_sequence_number": 77090,
        "global_verse_sequence_number": 6152
    },
    {
        "chapter": 100,
        "verse": 6,
        "juz": 30,
        "hizb": 239,
        "manzil": 7,
        "ruku": 542,
        "word_number_in_verse": 2,
        "language_code": "en",
        "text": "mankind",
        "root_word": "الۡإِنسَٰنَ",
        "global_word_sequence_number": 77091,
        "global_verse_sequence_number": 6152
    },
    {
        "chapter": 100,
        "verse": 6,
        "juz": 30,
        "hizb": 239,
        "manzil": 7,
        "ruku": 542,
        "word_number_in_verse": 3,
        "language_code": "en",
        "text": "to his Lord",
        "root_word": "لِرَبِّهِۦ",
        "global_word_sequence_number": 77092,
        "global_verse_sequence_number": 6152
    },
    {
        "chapter": 100,
        "verse": 6,
        "juz": 30,
        "hizb": 239,
        "manzil": 7,
        "ruku": 542,
        "word_number_in_verse": 4,
        "language_code": "en",
        "text": "(is) surely ungrateful",
        "root_word": "لَكَنُودٞ",
        "global_word_sequence_number": 77093,
        "global_verse_sequence_number": 6152
    },
    {
        "chapter": 100,
        "verse": 7,
        "juz": 30,
        "hizb": 239,
        "manzil": 7,
        "ruku": 542,
        "word_number_in_verse": 1,
        "language_code": "en",
        "text": "And indeed he",
        "root_word": "وَإِنَّهُۥ",
        "global_word_sequence_number": 77094,
        "global_verse_sequence_number": 6153
    },
    {
        "chapter": 100,
        "verse": 7,
        "juz": 30,
        "hizb": 239,
        "manzil": 7,
        "ruku": 542,
        "word_number_in_verse": 2,
        "language_code": "en",
        "text": "on",
        "root_word": "عَلَىٰ",
        "global_word_sequence_number": 77095,
        "global_verse_sequence_number": 6153
    },
    {
        "chapter": 100,
        "verse": 7,
        "juz": 30,
        "hizb": 239,
        "manzil": 7,
        "ruku": 542,
        "word_number_in_verse": 3,
        "language_code": "en",
        "text": "that",
        "root_word": "ذَٰلِكَ",
        "global_word_sequence_number": 77096,
        "global_verse_sequence_number": 6153
    },
    {
        "chapter": 100,
        "verse": 7,
        "juz": 30,
        "hizb": 239,
        "manzil": 7,
        "ruku": 542,
        "word_number_in_verse": 4,
        "language_code": "en",
        "text": "surely (is) a witness",
        "root_word": "لَشَهِيدٞ",
        "global_word_sequence_number": 77097,
        "global_verse_sequence_number": 6153
    },
    {
        "chapter": 100,
        "verse": 8,
        "juz": 30,
        "hizb": 239,
        "manzil": 7,
        "ruku": 542,
        "word_number_in_verse": 1,
        "language_code": "en",
        "text": "And indeed he",
        "root_word": "وَإِنَّهُۥ",
        "global_word_sequence_number": 77098,
        "global_verse_sequence_number": 6154
    },
    {
        "chapter": 100,
        "verse": 8,
        "juz": 30,
        "hizb": 239,
        "manzil": 7,
        "ruku": 542,
        "word_number_in_verse": 2,
        "language_code": "en",
        "text": "in (the) love",
        "root_word": "لِحُبِّ",
        "global_word_sequence_number": 77099,
        "global_verse_sequence_number": 6154
    },
    {
        "chapter": 100,
        "verse": 8,
        "juz": 30,
        "hizb": 239,
        "manzil": 7,
        "ruku": 542,
        "word_number_in_verse": 3,
        "language_code": "en",
        "text": "(of) wealth",
        "root_word": "الۡخَيۡرِ",
        "global_word_sequence_number": 77100,
        "global_verse_sequence_number": 6154
    },
    {
        "chapter": 100,
        "verse": 8,
        "juz": 30,
        "hizb": 239,
        "manzil": 7,
        "ruku": 542,
        "word_number_in_verse": 4,
        "language_code": "en",
        "text": "(is) surely intense",
        "root_word": "لَشَدِيدٌ",
        "global_word_sequence_number": 77101,
        "global_verse_sequence_number": 6154
    },
    {
        "chapter": 100,
        "verse": 9,
        "juz": 30,
        "hizb": 240,
        "manzil": 7,
        "ruku": 542,
        "word_number_in_verse": 1,
        "language_code": "en",
        "text": "But does not",
        "root_word": "۞أَفَلَا",
        "global_word_sequence_number": 77102,
        "global_verse_sequence_number": 6155
    },
    {
        "chapter": 100,
        "verse": 9,
        "juz": 30,
        "hizb": 240,
        "manzil": 7,
        "ruku": 542,
        "word_number_in_verse": 2,
        "language_code": "en",
        "text": "he know",
        "root_word": "يَعۡلَمُ",
        "global_word_sequence_number": 77103,
        "global_verse_sequence_number": 6155
    },
    {
        "chapter": 100,
        "verse": 9,
        "juz": 30,
        "hizb": 240,
        "manzil": 7,
        "ruku": 542,
        "word_number_in_verse": 3,
        "language_code": "en",
        "text": "when",
        "root_word": "إِذَا",
        "global_word_sequence_number": 77104,
        "global_verse_sequence_number": 6155
    },
    {
        "chapter": 100,
        "verse": 9,
        "juz": 30,
        "hizb": 240,
        "manzil": 7,
        "ruku": 542,
        "word_number_in_verse": 4,
        "language_code": "en",
        "text": "will be scattered",
        "root_word": "بُعۡثِرَ",
        "global_word_sequence_number": 77105,
        "global_verse_sequence_number": 6155
    },
    {
        "chapter": 100,
        "verse": 9,
        "juz": 30,
        "hizb": 240,
        "manzil": 7,
        "ruku": 542,
        "word_number_in_verse": 5,
        "language_code": "en",
        "text": "what",
        "root_word": "مَا",
        "global_word_sequence_number": 77106,
        "global_verse_sequence_number": 6155
    },
    {
        "chapter": 100,
        "verse": 9,
        "juz": 30,
        "hizb": 240,
        "manzil": 7,
        "ruku": 542,
        "word_number_in_verse": 6,
        "language_code": "en",
        "text": "(is) in",
        "root_word": "فِي",
        "global_word_sequence_number": 77107,
        "global_verse_sequence_number": 6155
    },
    {
        "chapter": 100,
        "verse": 9,
        "juz": 30,
        "hizb": 240,
        "manzil": 7,
        "ruku": 542,
        "word_number_in_verse": 7,
        "language_code": "en",
        "text": "the graves",
        "root_word": "الۡقُبُورِ",
        "global_word_sequence_number": 77108,
        "global_verse_sequence_number": 6155
    },
    {
        "chapter": 100,
        "verse": 10,
        "juz": 30,
        "hizb": 240,
        "manzil": 7,
        "ruku": 542,
        "word_number_in_verse": 1,
        "language_code": "en",
        "text": "And is made apparent",
        "root_word": "وَحُصِّلَ",
        "global_word_sequence_number": 77109,
        "global_verse_sequence_number": 6156
    },
    {
        "chapter": 100,
        "verse": 10,
        "juz": 30,
        "hizb": 240,
        "manzil": 7,
        "ruku": 542,
        "word_number_in_verse": 2,
        "language_code": "en",
        "text": "what",
        "root_word": "مَا",
        "global_word_sequence_number": 77110,
        "global_verse_sequence_number": 6156
    },
    {
        "chapter": 100,
        "verse": 10,
        "juz": 30,
        "hizb": 240,
        "manzil": 7,
        "ruku": 542,
        "word_number_in_verse": 3,
        "language_code": "en",
        "text": "(is) in",
        "root_word": "فِي",
        "global_word_sequence_number": 77111,
        "global_verse_sequence_number": 6156
    },
    {
        "chapter": 100,
        "verse": 10,
        "juz": 30,
        "hizb": 240,
        "manzil": 7,
        "ruku": 542,
        "word_number_in_verse": 4,
        "language_code": "en",
        "text": "the breasts",
        "root_word": "الصُّدُورِ",
        "global_word_sequence_number": 77112,
        "global_verse_sequence_number": 6156
    },
    {
        "chapter": 100,
        "verse": 11,
        "juz": 30,
        "hizb": 240,
        "manzil": 7,
        "ruku": 542,
        "word_number_in_verse": 1,
        "language_code": "en",
        "text": "Indeed",
        "root_word": "إِنَّ",
        "global_word_sequence_number": 77113,
        "global_verse_sequence_number": 6157
    },
    {
        "chapter": 100,
        "verse": 11,
        "juz": 30,
        "hizb": 240,
        "manzil": 7,
        "ruku": 542,
        "word_number_in_verse": 2,
        "language_code": "en",
        "text": "their Lord",
        "root_word": "رَبَّهُم",
        "global_word_sequence_number": 77114,
        "global_verse_sequence_number": 6157
    },
    {
        "chapter": 100,
        "verse": 11,
        "juz": 30,
        "hizb": 240,
        "manzil": 7,
        "ruku": 542,
        "word_number_in_verse": 3,
        "language_code": "en",
        "text": "about them",
        "root_word": "بِهِمۡ",
        "global_word_sequence_number": 77115,
        "global_verse_sequence_number": 6157
    },
    {
        "chapter": 100,
        "verse": 11,
        "juz": 30,
        "hizb": 240,
        "manzil": 7,
        "ruku": 542,
        "word_number_in_verse": 4,
        "language_code": "en",
        "text": "that Day",
        "root_word": "يَوۡمَئِذٖ",
        "global_word_sequence_number": 77116,
        "global_verse_sequence_number": 6157
    },
    {
        "chapter": 100,
        "verse": 11,
        "juz": 30,
        "hizb": 240,
        "manzil": 7,
        "ruku": 542,
        "word_number_in_verse": 5,
        "language_code": "en",
        "text": "(is) surely All-Aware",
        "root_word": "لَّخَبِيرُۢ",
        "global_word_sequence_number": 77117,
        "global_verse_sequence_number": 6157
    }
]