[
    {
        "chapter": 101,
        "verse": 1,
        "juz": 30,
        "hizb": 240,
        "manzil": 7,
        "ruku": 543,
        "word_number_in_verse": 1,
        "language_code": "en",
        "text": "The Striking Calamity",
        "root_word": "الۡقَارِعَةُ",
        "global_word_sequence_number": 77118,
        "global_verse_sequence_number": 6158
    },
    {
        "chapter": 101,
        "verse": 2,
        "juz": 30,
        "hizb": 240,
        "manzil": 7,
        "ruku": 543,
        "word_number_in_verse": 1,
        "language_code": "en",
        "text": "What",
        "root_word": "مَا",
        "global_word_sequence_number": 77119,
        "global_verse_sequence_number": 6159
    },
    {
        "chapter": 101,
        "verse": 2,
        "juz": 30,
        "hizb": 240,
        "manzil": 7,
        "ruku": 543,
        "word_number_in_verse": 2,
        "language_code": "en",
        "text": "(is) the Striking Calamity",
        "root_word": "الۡقَارِعَةُ",
        "global_word_sequence_number": 77120,
        "global_verse_sequence_number": 6159
    },
    {
        "chapter": 101,
        "verse": 3,
        "juz": 30,
        "hizb": 240,
        "manzil": 7,
        "ruku": 543,
        "word_number_in_verse": 1,
        "language_code": "en",
        "text": "And what",
        "root_word": "وَمَآ",
        "global_word_sequence_number": 77121,
        "global_verse_sequence_number": 6160
    },
    {
        "chapter": 101,
        "verse": 3,
        "juz": 30,
        "hizb": 240,
        "manzil": 7,
        "ruku": 543,
        "word_number_in_verse": 2,
        "language_code": "en",
        "text": "will make you know",
        "root_word": "أَدۡرَىٰكَ",
        "global_word_sequence_number": 77122,
        "global_verse_sequence_number": 6160
    },
    {
        "chapter": 101,
        "verse": 3,
        "juz": 30,
        "hizb": 240,
        "manzil": 7,
        "ruku": 543,
        "word_number_in_verse": 3,
        "language_code": "en",
        "text": "what",
        "root_word": "مَا",
        "global_word_sequence_number": 77123,
        "global_verse_sequence_number": 6160
    },
    {
        "chapter": 101,
        "verse": 3,
        "juz": 30,
        "hizb": 240,
        "manzil": 7,
        "ruku": 543,
        "word_number_in_verse": 4,
        "language_code": "en",
        "text": "(is) the Striking Calamity",
        "root_word": "الۡقَارِعَةُ",
        "global_word_sequence_number": 77124,
        "global_verse_sequence_number": 6160
    },
    {
        "chapter": 101,
        "verse": 4,
        "juz": 30,
        "hizb": 240,
        "manzil": 7,
        "ruku": 543,
        "word_number_in_verse": 1,
        "language_code": "en",
        "text": "(The) Day",
        "root_word": "يَوۡمَ",
        "global_word_sequence_number": 77125,
        "global_verse_sequence_number": 6161
    },
    {
        "chapter": 101,
        "verse": 4,
        "juz": 30,
        "hizb": 240,
        "manzil": 7,
        "ruku": 543,
        "word_number_in_verse": 2,
        "language_code": "en",
        "text": "will be",
        "root_word": "يَكُونُ",
        "global_word_sequence_number": 77126,
        "global_verse_sequence_number": 6161
    },
    {
        "chapter": 101,
        "verse": 4,
        "juz": 30,
        "hizb": 240,
        "manzil": 7,
        "ruku": 543,
        "word_number_in_verse": 3,
        "language_code": "en",
        "text": "the mankind",
        "root_word": "النَّاسُ",
        "global_word_sequence_number": 77127,
        "global_verse_sequence_number": 6161
    },
    {
        "chapter": 101,
        "verse": 4,
        "juz": 30,
        "hizb": 240,
        "manzil": 7,
        "ruku": 543,
        "word_number_in_verse": 4,
        "language_code": "en",
        "text": "like moths",
        "root_word": "كَالۡفَرَاشِ",
        "global_word_sequence_number": 77128,
        "global_verse_sequence_number": 6161
    },
    {
        "chapter": 101,
        "verse": 4,
        "juz": 30,
        "hizb": 240,
        "manzil": 7,
        "ruku": 543,
        "word_number_in_verse": 5,
        "language_code": "en",
        "text": "scattered",
        "root_word": "الۡمَبۡثُوثِ",
        "global_word_sequence_number": 77129,
        "global_verse_sequence_number": 6161
    },
    {
        "chapter": 101,
        "verse": 5,
        "juz": 30,
        "hizb": 240,
        "manzil": 7,
        "ruku": 543,
        "word_number_in_verse": 1,
        "language_code": "en",
        "text": "And will be",
        "root_word": "وَتَكُونُ",
        "global_word_sequence_number": 77130,
        "global_verse_sequence_number": 6162
    },
    {
        "chapter": 101,
        "verse": 5,
        "juz": 30,
        "hizb": 240,
        "manzil": 7,
        "ruku": 543,
        "word_number_in_verse": 2,
        "language_code": "en",
        "text": "the mountains",
        "root_word": "الۡجِبَالُ",
        "global_word_sequence_number": 77131,
        "global_verse_sequence_number": 6162
    },
    {
        "chapter": 101,
        "verse": 5,
        "juz": 30,
        "hizb": 240,
        "manzil": 7,
        "ruku": 543,
        "word_number_in_verse": 3,
        "language_code": "en",
        "text": "like wool",
        "root_word": "كَالۡعِهۡنِ",
        "global_word_sequence_number": 77132,
        "global_verse_sequence_number": 6162
    },
    {
        "chapter": 101,
        "verse": 5,
        "juz": 30,
        "hizb": 240,
        "manzil": 7,
        "ruku": 543,
        "word_number_in_verse": 4,
        "language_code": "en",
        "text": "fluffed up",
        "root_word": "الۡمَنفُوشِ",
        "global_word_sequence_number": 77133,
        "global_verse_sequence_number": 6162
    },
    {
        "chapter": 101,
        "verse": 6,
        "juz": 30,
        "hizb": 240,
        "manzil": 7,
        "ruku": 543,
        "word_number_in_verse": 1,
        "language_code": "en",
        "text": "Then as for",
        "root_word": "فَأَمَّا",
        "global_word_sequence_number": 77134,
        "global_verse_sequence_number": 6163
    },
    {
        "chapter": 101,
        "verse": 6,
        "juz": 30,
        "hizb": 240,
        "manzil": 7,
        "ruku": 543,
        "word_number_in_verse": 2,
        "language_code": "en",
        "text": "(him) whose",
        "root_word": "مَن",
        "global_word_sequence_number": 77135,
        "global_verse_sequence_number": 6163
    },
    {
        "chapter": 101,
        "verse": 6,
        "juz": 30,
        "hizb": 240,
        "manzil": 7,
        "ruku": 543,
        "word_number_in_verse": 3,
        "language_code": "en",
        "text": "(are) heavy",
        "root_word": "ثَقُلَتۡ",
        "global_word_sequence_number": 77136,
        "global_verse_sequence_number": 6163
    },
    {
        "chapter": 101,
        "verse": 6,
        "juz": 30,
        "hizb": 240,
        "manzil": 7,
        "ruku": 543,
        "word_number_in_verse": 4,
        "language_code": "en",
        "text": "his scales",
        "root_word": "مَوَٰزِينُهُۥ",
        "global_word_sequence_number": 77137,
        "global_verse_sequence_number": 6163
    },
    {
        "chapter": 101,
        "verse": 7,
        "juz": 30,
        "hizb": 240,
        "manzil": 7,
        "ruku": 543,
        "word_number_in_verse": 1,
        "language_code": "en",
        "text": "Then he",
        "root_word": "فَهُوَ",
        "global_word_sequence_number": 77138,
        "global_verse_sequence_number": 6164
    },
    {
        "chapter": 101,
        "verse": 7,
        "juz": 30,
        "hizb": 240,
        "manzil": 7,
        "ruku": 543,
        "word_number_in_verse": 2,
        "language_code": "en",
        "text": "(will be) in",
        "root_word": "فِي",
        "global_word_sequence_number": 77139,
        "global_verse_sequence_number": 6164
    },
    {
        "chapter": 101,
        "verse": 7,
        "juz": 30,
        "hizb": 240,
        "manzil": 7,
        "ruku": 543,
        "word_number_in_verse": 3,
        "language_code": "en",
        "text": "a life",
        "root_word": "عِيشَةٖ",
        "global_word_sequence_number": 77140,
        "global_verse_sequence_number": 6164
    },
    {
        "chapter": 101,
        "verse": 7,
        "juz": 30,
        "hizb": 240,
        "manzil": 7,
        "ruku": 543,
        "word_number_in_verse": 4,
        "language_code": "en",
        "text": "pleasant",
        "root_word": "رَّاضِيَةٖ",
        "global_word_sequence_number": 77141,
        "global_verse_sequence_number": 6164
    },
    {
        "chapter": 101,
        "verse": 8,
        "juz": 30,
        "hizb": 240,
        "manzil": 7,
        "ruku": 543,
        "word_number_in_verse": 1,
        "language_code": "en",
        "text": "But as for",
        "root_word": "وَأَمَّا",
        "global_word_sequence_number": 77142,
        "global_verse_sequence_number": 6165
    },
    {
        "chapter": 101,
        "verse": 8,
        "juz": 30,
        "hizb": 240,
        "manzil": 7,
        "ruku": 543,
        "word_number_in_verse": 2,
        "language_code": "en",
        "text": "(him) whose",
        "root_word": "مَنۡ",
        "global_word_sequence_number": 77143,
        "global_verse_sequence_number": 6165
    },
    {
        "chapter": 101,
        "verse": 8,
        "juz": 30,
        "hizb": 240,
        "manzil": 7,
        "ruku": 543,
        "word_number_in_verse": 3,
        "language_code": "en",
        "text": "(are) light",
        "root_word": "خَفَّتۡ",
        "global_word_sequence_number": 77144,
        "global_verse_sequence_number": 6165
    },
    {
        "chapter": 101,
        "verse": 8,
        "juz": 30,
        "hizb": 240,
        "manzil": 7,
        "ruku": 543,
        "word_number_in_verse": 4,
        "language_code": "en",
        "text": "his scales",
        "root_word": "مَوَٰزِينُهُۥ",
        "global_word_sequence_number": 77145,
        "global_verse_sequence_number": 6165
    },
    {
        "chapter": 101,
        "verse": 9,
        "juz": 30,
        "hizb": 240,
        "manzil": 7,
        "ruku": 543,
        "word_number_in_verse": 1,
        "language_code": "en",
        "text": "His abode",
        "root_word": "فَأُمُّهُۥ",
        "global_word_sequence_number": 77146,
        "global_verse_sequence_number": 6166
    },
    {
        "chapter": 101,
        "verse": 9,
        "juz": 30,
        "hizb": 240,
        "manzil": 7,
        "ruku": 543,
        "word_number_in_verse": 2,
        "language_code": "en",
        "text": "(will be the) Pit",
        "root_word": "هَاوِيَةٞ",
        "global_word_sequence_number": 77147,
        "global_verse_sequence_number": 6166
    },
    {
        "chapter": 101,
        "verse": 10,
        "juz": 30,
        "hizb": 240,
        "manzil": 7,
        "ruku": 543,
        "word_number_in_verse": 1,
        "language_code": "en",
        "text": "And what",
        "root_word": "وَمَآ",
        "global_word_sequence_number": 77148,
        "global_verse_sequence_number": 6167
    },
    {
        "chapter": 101,
        "verse": 10,
        "juz": 30,
        "hizb": 240,
        "manzil": 7,
        "ruku": 543,
        "word_number_in_verse": 2,
        "language_code": "en",
        "text": "will make you know",
        "root_word": "أَدۡرَىٰكَ",
        "global_word_sequence_number": 77149,
        "global_verse_sequence_number": 6167
    },
    {
        "chapter": 101,
        "verse": 10,
        "juz": 30,
        "hizb": 240,
        "manzil": 7,
        "ruku": 543,
        "word_number_in_verse": 3,
        "language_code": "en",
        "text": "what",
        "root_word": "مَا",
        "global_word_sequence_number": 77150,
        "global_verse_sequence_number": 6167
    },
    {
        "chapter": 101,
        "verse": 10,
        "juz": 30,
        "hizb": 240,
        "manzil": 7,
        "ruku": 543,
        "word_number_in_verse": 4,
        "language_code": "en",
        "text": "it is",
        "root_word": "هِيَهۡ",
        "global_word_sequence_number": 77151,
        "global_verse_sequence_number": 6167
    },
    {
        "chapter": 101,
        "verse": 11,
        "juz": 30,
        "hizb": 240,
        "manzil": 7,
        "ruku": 543,
        "word_number_in_verse": 1,
        "language_code": "en",
        "text": "A Fire",
        "root_word": "نَارٌ",
        "global_word_sequence_number": 77152,
        "global_verse_sequence_number": 6168
    },
    {
        "chapter": 101,
        "verse": 11,
        "juz": 30,
        "hizb": 240,
        "manzil": 7,
        "ruku": 543,
        "word_number_in_verse": 2,
        "language_code": "en",
        "text": "intensely hot",
        "root_word": "حَامِيَةُۢ",
        "global_word_sequence_number": 77153,
        "global_verse_sequence_number": 6168
    }
]