[
    {
        "chapter": 102,
        "verse": 1,
        "juz": 30,
        "hizb": 240,
        "manzil": 7,
        "ruku": 544,
        "word_number_in_verse": 1,
        "language_code": "en",
        "text": "Diverts you",
        "root_word": "أَلۡهَىٰكُمُ",
        "global_word_sequence_number": 77154,
        "global_verse_sequence_number": 6169
    },
    {
        "chapter": 102,
        "verse": 1,
        "juz": 30,
        "hizb": 240,
        "manzil": 7,
        "ruku": 544,
        "word_number_in_verse": 2,
        "language_code": "en",
        "text": "the competition to increase",
        "root_word": "التَّكَاثُرُ",
        "global_word_sequence_number": 77155,
        "global_verse_sequence_number": 6169
    },
    {
        "chapter": 102,
        "verse": 2,
        "juz": 30,
        "hizb": 240,
        "manzil": 7,
        "ruku": 544,
        "word_number_in_verse": 1,
        "language_code": "en",
        "text": "Until",
        "root_word": "حَتَّىٰ",
        "global_word_sequence_number": 77156,
        "global_verse_sequence_number": 6170
    },
    {
        "chapter": 102,
        "verse": 2,
        "juz": 30,
        "hizb": 240,
        "manzil": 7,
        "ruku": 544,
        "word_number_in_verse": 2,
        "language_code": "en",
        "text": "you visit",
        "root_word": "زُرۡتُمُ",
        "global_word_sequence_number": 77157,
        "global_verse_sequence_number": 6170
    },
    {
        "chapter": 102,
        "verse": 2,
        "juz": 30,
        "hizb": 240,
        "manzil": 7,
        "ruku": 544,
        "word_number_in_verse": 3,
        "language_code": "en",
        "text": "the graves",
        "root_word": "الۡمَقَابِرَ",
        "global_word_sequence_number": 77158,
        "global_verse_sequence_number": 6170
    },
    {
        "chapter": 102,
        "verse": 3,
        "juz": 30,
        "hizb": 240,
        "manzil": 7,
        "ruku": 544,
        "word_number_in_verse": 1,
        "language_code": "en",
        "text": "Nay",
        "root_word": "كـَلَّا",
        "global_word_sequence_number": 77159,
        "global_verse_sequence_number": 6171
    },
    {
        "chapter": 102,
        "verse": 3,
        "juz": 30,
        "hizb": 240,
        "manzil": 7,
        "ruku": 544,
        "word_number_in_verse": 2,
        "language_code": "en",
        "text": "Soon",
        "root_word": "سَوۡفَ",
        "global_word_sequence_number": 77160,
        "global_verse_sequence_number": 6171
    },
    {
        "chapter": 102,
        "verse": 3,
        "juz": 30,
        "hizb": 240,
        "manzil": 7,
        "ruku": 544,
        "word_number_in_verse": 3,
        "language_code": "en",
        "text": "you will know",
        "root_word": "تَعۡلَمُونَ",
        "global_word_sequence_number": 77161,
        "global_verse_sequence_number": 6171
    },
    {
        "chapter": 102,
        "verse": 4,
        "juz": 30,
        "hizb": 240,
        "manzil": 7,
        "ruku": 544,
        "word_number_in_verse": 1,
        "language_code": "en",
        "text": "Then",
        "root_word": "ثُمَّ",
        "global_word_sequence_number": 77162,
        "global_verse_sequence_number": 6172
    },
    {
        "chapter": 102,
        "verse": 4,
        "juz": 30,
        "hizb": 240,
        "manzil": 7,
        "ruku": 544,
        "word_number_in_verse": 2,
        "language_code": "en",
        "text": "nay",
        "root_word": "كـَلَّا",
        "global_word_sequence_number": 77163,
        "global_verse_sequence_number": 6172
    },
    {
        "chapter": 102,
        "verse": 4,
        "juz": 30,
        "hizb": 240,
        "manzil": 7,
        "ruku": 544,
        "word_number_in_verse": 3,
        "language_code": "en",
        "text": "Soon",
        "root_word": "سَوۡفَ",
        "global_word_sequence_number": 77164,
        "global_verse_sequence_number": 6172
    },
    {
        "chapter": 102,
        "verse": 4,
        "juz": 30,
        "hizb": 240,
        "manzil": 7,
        "ruku": 544,
        "word_number_in_verse": 4,
        "language_code": "en",
        "text": "you will know",
        "root_word": "تَعۡلَمُونَ",
        "global_word_sequence_number": 77165,
        "global_verse_sequence_number": 6172
    },
    {
        "chapter": 102,
        "verse": 5,
        "juz": 30,
        "hizb": 240,
        "manzil": 7,
        "ruku": 544,
        "word_number_in_verse": 1,
        "language_code": "en",
        "text": "Nay",
        "root_word": "كـَلَّا",
        "global_word_sequence_number": 77166,
        "global_verse_sequence_number": 6173
    },
    {
        "chapter": 102,
        "verse": 5,
        "juz": 30,
        "hizb": 240,
        "manzil": 7,
        "ruku": 544,
        "word_number_in_verse": 2,
        "language_code": "en",
        "text": "If",
        "root_word": "لَوۡ",
        "global_word_sequence_number": 77167,
        "global_verse_sequence_number": 6173
    },
    {
        "chapter": 102,
        "verse": 5,
        "juz": 30,
        "hizb": 240,
        "manzil": 7,
        "ruku": 544,
        "word_number_in_verse": 3,
        "language_code": "en",
        "text": "you know",
        "root_word": "تَعۡلَمُونَ",
        "global_word_sequence_number": 77168,
        "global_verse_sequence_number": 6173
    },
    {
        "chapter": 102,
        "verse": 5,
        "juz": 30,
        "hizb": 240,
        "manzil": 7,
        "ruku": 544,
        "word_number_in_verse": 4,
        "language_code": "en",
        "text": "(with) a knowledge",
        "root_word": "عِلۡمَ",
        "global_word_sequence_number": 77169,
        "global_verse_sequence_number": 6173
    },
    {
        "chapter": 102,
        "verse": 5,
        "juz": 30,
        "hizb": 240,
        "manzil": 7,
        "ruku": 544,
        "word_number_in_verse": 5,
        "language_code": "en",
        "text": "(of) certainty",
        "root_word": "الۡيَقِينِ",
        "global_word_sequence_number": 77170,
        "global_verse_sequence_number": 6173
    },
    {
        "chapter": 102,
        "verse": 6,
        "juz": 30,
        "hizb": 240,
        "manzil": 7,
        "ruku": 544,
        "word_number_in_verse": 1,
        "language_code": "en",
        "text": "Surely you will see",
        "root_word": "لَتَرَوُنَّ",
        "global_word_sequence_number": 77171,
        "global_verse_sequence_number": 6174
    },
    {
        "chapter": 102,
        "verse": 6,
        "juz": 30,
        "hizb": 240,
        "manzil": 7,
        "ruku": 544,
        "word_number_in_verse": 2,
        "language_code": "en",
        "text": "the Hellfire",
        "root_word": "الۡجَحِيمَ",
        "global_word_sequence_number": 77172,
        "global_verse_sequence_number": 6174
    },
    {
        "chapter": 102,
        "verse": 7,
        "juz": 30,
        "hizb": 240,
        "manzil": 7,
        "ruku": 544,
        "word_number_in_verse": 1,
        "language_code": "en",
        "text": "Then",
        "root_word": "ثُمَّ",
        "global_word_sequence_number": 77173,
        "global_verse_sequence_number": 6175
    },
    {
        "chapter": 102,
        "verse": 7,
        "juz": 30,
        "hizb": 240,
        "manzil": 7,
        "ruku": 544,
        "word_number_in_verse": 2,
        "language_code": "en",
        "text": "surely you will see it",
        "root_word": "لَتَرَوُنَّهَا",
        "global_word_sequence_number": 77174,
        "global_verse_sequence_number": 6175
    },
    {
        "chapter": 102,
        "verse": 7,
        "juz": 30,
        "hizb": 240,
        "manzil": 7,
        "ruku": 544,
        "word_number_in_verse": 3,
        "language_code": "en",
        "text": "(with the) eye",
        "root_word": "عَيۡنَ",
        "global_word_sequence_number": 77175,
        "global_verse_sequence_number": 6175
    },
    {
        "chapter": 102,
        "verse": 7,
        "juz": 30,
        "hizb": 240,
        "manzil": 7,
        "ruku": 544,
        "word_number_in_verse": 4,
        "language_code": "en",
        "text": "(of) certainty",
        "root_word": "الۡيَقِينِ",
        "global_word_sequence_number": 77176,
        "global_verse_sequence_number": 6175
    },
    {
        "chapter": 102,
        "verse": 8,
        "juz": 30,
        "hizb": 240,
        "manzil": 7,
        "ruku": 544,
        "word_number_in_verse": 1,
        "language_code": "en",
        "text": "Then",
        "root_word": "ثُمَّ",
        "global_word_sequence_number": 77177,
        "global_verse_sequence_number": 6176
    },
    {
        "chapter": 102,
        "verse": 8,
        "juz": 30,
        "hizb": 240,
        "manzil": 7,
        "ruku": 544,
        "word_number_in_verse": 2,
        "language_code": "en",
        "text": "surely you will be asked",
        "root_word": "لَتُسۡـَٔلُنَّ",
        "global_word_sequence_number": 77178,
        "global_verse_sequence_number": 6176
    },
    {
        "chapter": 102,
        "verse": 8,
        "juz": 30,
        "hizb": 240,
        "manzil": 7,
        "ruku": 544,
        "word_number_in_verse": 3,
        "language_code": "en",
        "text": "that Day",
        "root_word": "يَوۡمَئِذٍ",
        "global_word_sequence_number": 77179,
        "global_verse_sequence_number": 6176
    },
    {
        "chapter": 102,
        "verse": 8,
        "juz": 30,
        "hizb": 240,
        "manzil": 7,
        "ruku": 544,
        "word_number_in_verse": 4,
        "language_code": "en",
        "text": "about",
        "root_word": "عَنِ",
        "global_word_sequence_number": 77180,
        "global_verse_sequence_number": 6176
    },
    {
        "chapter": 102,
        "verse": 8,
        "juz": 30,
        "hizb": 240,
        "manzil": 7,
        "ruku": 544,
        "word_number_in_verse": 5,
        "language_code": "en",
        "text": "the pleasures",
        "root_word": "النَّعِيمِ",
        "global_word_sequence_number": 77181,
        "global_verse_sequence_number": 6176
    }
]