[
    {
        "chapter": 104,
        "verse": 1,
        "juz": 30,
        "hizb": 240,
        "manzil": 7,
        "ruku": 546,
        "word_number_in_verse": 1,
        "language_code": "en",
        "text": "Woe",
        "root_word": "وَيۡلٞ",
        "global_word_sequence_number": 77196,
        "global_verse_sequence_number": 6180
    },
    {
        "chapter": 104,
        "verse": 1,
        "juz": 30,
        "hizb": 240,
        "manzil": 7,
        "ruku": 546,
        "word_number_in_verse": 2,
        "language_code": "en",
        "text": "to every",
        "root_word": "لِّكُلِّ",
        "global_word_sequence_number": 77197,
        "global_verse_sequence_number": 6180
    },
    {
        "chapter": 104,
        "verse": 1,
        "juz": 30,
        "hizb": 240,
        "manzil": 7,
        "ruku": 546,
        "word_number_in_verse": 3,
        "language_code": "en",
        "text": "slanderer",
        "root_word": "هُمَزَةٖ",
        "global_word_sequence_number": 77198,
        "global_verse_sequence_number": 6180
    },
    {
        "chapter": 104,
        "verse": 1,
        "juz": 30,
        "hizb": 240,
        "manzil": 7,
        "ruku": 546,
        "word_number_in_verse": 4,
        "language_code": "en",
        "text": "backbiter",
        "root_word": "لُّمَزَةٍ",
        "global_word_sequence_number": 77199,
        "global_verse_sequence_number": 6180
    },
    {
        "chapter": 104,
        "verse": 2,
        "juz": 30,
        "hizb": 240,
        "manzil": 7,
        "ruku": 546,
        "word_number_in_verse": 1,
        "language_code": "en",
        "text": "The one who",
        "root_word": "الَّذِي",
        "global_word_sequence_number": 77200,
        "global_verse_sequence_number": 6181
    },
    {
        "chapter": 104,
        "verse": 2,
        "juz": 30,
        "hizb": 240,
        "manzil": 7,
        "ruku": 546,
        "word_number_in_verse": 2,
        "language_code": "en",
        "text": "collects",
        "root_word": "جَمَعَ",
        "global_word_sequence_number": 77201,
        "global_verse_sequence_number": 6181
    },
    {
        "chapter": 104,
        "verse": 2,
        "juz": 30,
        "hizb": 240,
        "manzil": 7,
        "ruku": 546,
        "word_number_in_verse": 3,
        "language_code": "en",
        "text": "wealth",
        "root_word": "مَالٗا",
        "global_word_sequence_number": 77202,
        "global_verse_sequence_number": 6181
    },
    {
        "chapter": 104,
        "verse": 2,
        "juz": 30,
        "hizb": 240,
        "manzil": 7,
        "ruku": 546,
        "word_number_in_verse": 4,
        "language_code": "en",
        "text": "and counts it",
        "root_word": "وَعَدَّدَهُۥ",
        "global_word_sequence_number": 77203,
        "global_verse_sequence_number": 6181
    },
    {
        "chapter": 104,
        "verse": 3,
        "juz": 30,
        "hizb": 240,
        "manzil": 7,
        "ruku": 546,
        "word_number_in_verse": 1,
        "language_code": "en",
        "text": "Thinking",
        "root_word": "يَحۡسَبُ",
        "global_word_sequence_number": 77204,
        "global_verse_sequence_number": 6182
    },
    {
        "chapter": 104,
        "verse": 3,
        "juz": 30,
        "hizb": 240,
        "manzil": 7,
        "ruku": 546,
        "word_number_in_verse": 2,
        "language_code": "en",
        "text": "that",
        "root_word": "أَنَّ",
        "global_word_sequence_number": 77205,
        "global_verse_sequence_number": 6182
    },
    {
        "chapter": 104,
        "verse": 3,
        "juz": 30,
        "hizb": 240,
        "manzil": 7,
        "ruku": 546,
        "word_number_in_verse": 3,
        "language_code": "en",
        "text": "his wealth",
        "root_word": "مَالَهُۥٓ",
        "global_word_sequence_number": 77206,
        "global_verse_sequence_number": 6182
    },
    {
        "chapter": 104,
        "verse": 3,
        "juz": 30,
        "hizb": 240,
        "manzil": 7,
        "ruku": 546,
        "word_number_in_verse": 4,
        "language_code": "en",
        "text": "will make him immortal",
        "root_word": "أَخۡلَدَهُۥ",
        "global_word_sequence_number": 77207,
        "global_verse_sequence_number": 6182
    },
    {
        "chapter": 104,
        "verse": 4,
        "juz": 30,
        "hizb": 240,
        "manzil": 7,
        "ruku": 546,
        "word_number_in_verse": 1,
        "language_code": "en",
        "text": "Nay",
        "root_word": "كـَلَّاۖ",
        "global_word_sequence_number": 77208,
        "global_verse_sequence_number": 6183
    },
    {
        "chapter": 104,
        "verse": 4,
        "juz": 30,
        "hizb": 240,
        "manzil": 7,
        "ruku": 546,
        "word_number_in_verse": 2,
        "language_code": "en",
        "text": "Surely he will be thrown",
        "root_word": "لَيُنۢبَذَنَّ",
        "global_word_sequence_number": 77209,
        "global_verse_sequence_number": 6183
    },
    {
        "chapter": 104,
        "verse": 4,
        "juz": 30,
        "hizb": 240,
        "manzil": 7,
        "ruku": 546,
        "word_number_in_verse": 3,
        "language_code": "en",
        "text": "in",
        "root_word": "فِي",
        "global_word_sequence_number": 77210,
        "global_verse_sequence_number": 6183
    },
    {
        "chapter": 104,
        "verse": 4,
        "juz": 30,
        "hizb": 240,
        "manzil": 7,
        "ruku": 546,
        "word_number_in_verse": 4,
        "language_code": "en",
        "text": "the Crusher",
        "root_word": "الۡحُطَمَةِ",
        "global_word_sequence_number": 77211,
        "global_verse_sequence_number": 6183
    },
    {
        "chapter": 104,
        "verse": 5,
        "juz": 30,
        "hizb": 240,
        "manzil": 7,
        "ruku": 546,
        "word_number_in_verse": 1,
        "language_code": "en",
        "text": "And what",
        "root_word": "وَمَآ",
        "global_word_sequence_number": 77212,
        "global_verse_sequence_number": 6184
    },
    {
        "chapter": 104,
        "verse": 5,
        "juz": 30,
        "hizb": 240,
        "manzil": 7,
        "ruku": 546,
        "word_number_in_verse": 2,
        "language_code": "en",
        "text": "will make you know",
        "root_word": "أَدۡرَىٰكَ",
        "global_word_sequence_number": 77213,
        "global_verse_sequence_number": 6184
    },
    {
        "chapter": 104,
        "verse": 5,
        "juz": 30,
        "hizb": 240,
        "manzil": 7,
        "ruku": 546,
        "word_number_in_verse": 3,
        "language_code": "en",
        "text": "what",
        "root_word": "مَا",
        "global_word_sequence_number": 77214,
        "global_verse_sequence_number": 6184
    },
    {
        "chapter": 104,
        "verse": 5,
        "juz": 30,
        "hizb": 240,
        "manzil": 7,
        "ruku": 546,
        "word_number_in_verse": 4,
        "language_code": "en",
        "text": "the Crusher (is)",
        "root_word": "الۡحُطَمَةُ",
        "global_word_sequence_number": 77215,
        "global_verse_sequence_number": 6184
    },
    {
        "chapter": 104,
        "verse": 6,
        "juz": 30,
        "hizb": 240,
        "manzil": 7,
        "ruku": 546,
        "word_number_in_verse": 1,
        "language_code": "en",
        "text": "A Fire",
        "root_word": "نَارُ",
        "global_word_sequence_number": 77216,
        "global_verse_sequence_number": 6185
    },
    {
        "chapter": 104,
        "verse": 6,
        "juz": 30,
        "hizb": 240,
        "manzil": 7,
        "ruku": 546,
        "word_number_in_verse": 2,
        "language_code": "en",
        "text": "Allah",
        "root_word": "اللَّهِ",
        "global_word_sequence_number": 77217,
        "global_verse_sequence_number": 6185
    },
    {
        "chapter": 104,
        "verse": 6,
        "juz": 30,
        "hizb": 240,
        "manzil": 7,
        "ruku": 546,
        "word_number_in_verse": 3,
        "language_code": "en",
        "text": "kindled",
        "root_word": "الۡمُوقَدَةُ",
        "global_word_sequence_number": 77218,
        "global_verse_sequence_number": 6185
    },
    {
        "chapter": 104,
        "verse": 7,
        "juz": 30,
        "hizb": 240,
        "manzil": 7,
        "ruku": 546,
        "word_number_in_verse": 1,
        "language_code": "en",
        "text": "Which",
        "root_word": "الَّتِي",
        "global_word_sequence_number": 77219,
        "global_verse_sequence_number": 6186
    },
    {
        "chapter": 104,
        "verse": 7,
        "juz": 30,
        "hizb": 240,
        "manzil": 7,
        "ruku": 546,
        "word_number_in_verse": 2,
        "language_code": "en",
        "text": "mounts up",
        "root_word": "تَطَّلِعُ",
        "global_word_sequence_number": 77220,
        "global_verse_sequence_number": 6186
    },
    {
        "chapter": 104,
        "verse": 7,
        "juz": 30,
        "hizb": 240,
        "manzil": 7,
        "ruku": 546,
        "word_number_in_verse": 3,
        "language_code": "en",
        "text": "to",
        "root_word": "عَلَى",
        "global_word_sequence_number": 77221,
        "global_verse_sequence_number": 6186
    },
    {
        "chapter": 104,
        "verse": 7,
        "juz": 30,
        "hizb": 240,
        "manzil": 7,
        "ruku": 546,
        "word_number_in_verse": 4,
        "language_code": "en",
        "text": "the hearts",
        "root_word": "الۡأَفۡـِٔدَةِ",
        "global_word_sequence_number": 77222,
        "global_verse_sequence_number": 6186
    },
    {
        "chapter": 104,
        "verse": 8,
        "juz": 30,
        "hizb": 240,
        "manzil": 7,
        "ruku": 546,
        "word_number_in_verse": 1,
        "language_code": "en",
        "text": "Indeed it",
        "root_word": "إِنَّهَا",
        "global_word_sequence_number": 77223,
        "global_verse_sequence_number": 6187
    },
    {
        "chapter": 104,
        "verse": 8,
        "juz": 30,
        "hizb": 240,
        "manzil": 7,
        "ruku": 546,
        "word_number_in_verse": 2,
        "language_code": "en",
        "text": "(will be) upon them",
        "root_word": "عَلَيۡهِم",
        "global_word_sequence_number": 77224,
        "global_verse_sequence_number": 6187
    },
    {
        "chapter": 104,
        "verse": 8,
        "juz": 30,
        "hizb": 240,
        "manzil": 7,
        "ruku": 546,
        "word_number_in_verse": 3,
        "language_code": "en",
        "text": "closed over",
        "root_word": "مُّؤۡصَدَةٞ",
        "global_word_sequence_number": 77225,
        "global_verse_sequence_number": 6187
    },
    {
        "chapter": 104,
        "verse": 9,
        "juz": 30,
        "hizb": 240,
        "manzil": 7,
        "ruku": 546,
        "word_number_in_verse": 1,
        "language_code": "en",
        "text": "In",
        "root_word": "فِي",
        "global_word_sequence_number": 77226,
        "global_verse_sequence_number": 6188
    },
    {
        "chapter": 104,
        "verse": 9,
        "juz": 30,
        "hizb": 240,
        "manzil": 7,
        "ruku": 546,
        "word_number_in_verse": 2,
        "language_code": "en",
        "text": "columns",
        "root_word": "عَمَدٖ",
        "global_word_sequence_number": 77227,
        "global_verse_sequence_number": 6188
    },
    {
        "chapter": 104,
        "verse": 9,
        "juz": 30,
        "hizb": 240,
        "manzil": 7,
        "ruku": 546,
        "word_number_in_verse": 3,
        "language_code": "en",
        "text": "extended",
        "root_word": "مُّمَدَّدَةِۭ",
        "global_word_sequence_number": 77228,
        "global_verse_sequence_number": 6188
    }
]