[
    {
        "chapter": 105,
        "verse": 1,
        "juz": 30,
        "hizb": 240,
        "manzil": 7,
        "ruku": 547,
        "word_number_in_verse": 1,
        "language_code": "en",
        "text": "Have not",
        "root_word": "أَلَمۡ",
        "global_word_sequence_number": 77229,
        "global_verse_sequence_number": 6189
    },
    {
        "chapter": 105,
        "verse": 1,
        "juz": 30,
        "hizb": 240,
        "manzil": 7,
        "ruku": 547,
        "word_number_in_verse": 2,
        "language_code": "en",
        "text": "you seen",
        "root_word": "تَرَ",
        "global_word_sequence_number": 77230,
        "global_verse_sequence_number": 6189
    },
    {
        "chapter": 105,
        "verse": 1,
        "juz": 30,
        "hizb": 240,
        "manzil": 7,
        "ruku": 547,
        "word_number_in_verse": 3,
        "language_code": "en",
        "text": "how",
        "root_word": "كَيۡفَ",
        "global_word_sequence_number": 77231,
        "global_verse_sequence_number": 6189
    },
    {
        "chapter": 105,
        "verse": 1,
        "juz": 30,
        "hizb": 240,
        "manzil": 7,
        "ruku": 547,
        "word_number_in_verse": 4,
        "language_code": "en",
        "text": "dealt",
        "root_word": "فَعَلَ",
        "global_word_sequence_number": 77232,
        "global_verse_sequence_number": 6189
    },
    {
        "chapter": 105,
        "verse": 1,
        "juz": 30,
        "hizb": 240,
        "manzil": 7,
        "ruku": 547,
        "word_number_in_verse": 5,
        "language_code": "en",
        "text": "your Lord",
        "root_word": "رَبُّكَ",
        "global_word_sequence_number": 77233,
        "global_verse_sequence_number": 6189
    },
    {
        "chapter": 105,
        "verse": 1,
        "juz": 30,
        "hizb": 240,
        "manzil": 7,
        "ruku": 547,
        "word_number_in_verse": 6,
        "language_code": "en",
        "text": "with (the) Companions",
        "root_word": "بِأَصۡحَٰبِ",
        "global_word_sequence_number": 77234,
        "global_verse_sequence_number": 6189
    },
    {
        "chapter": 105,
        "verse": 1,
        "juz": 30,
        "hizb": 240,
        "manzil": 7,
        "ruku": 547,
        "word_number_in_verse": 7,
        "language_code": "en",
        "text": "(of the) Elephant",
        "root_word": "الۡفِيلِ",
        "global_word_sequence_number": 77235,
        "global_verse_sequence_number": 6189
    },
    {
        "chapter": 105,
        "verse": 2,
        "juz": 30,
        "hizb": 240,
        "manzil": 7,
        "ruku": 547,
        "word_number_in_verse": 1,
        "language_code": "en",
        "text": "Did not",
        "root_word": "أَلَمۡ",
        "global_word_sequence_number": 77236,
        "global_verse_sequence_number": 6190
    },
    {
        "chapter": 105,
        "verse": 2,
        "juz": 30,
        "hizb": 240,
        "manzil": 7,
        "ruku": 547,
        "word_number_in_verse": 2,
        "language_code": "en",
        "text": "He make",
        "root_word": "يَجۡعَلۡ",
        "global_word_sequence_number": 77237,
        "global_verse_sequence_number": 6190
    },
    {
        "chapter": 105,
        "verse": 2,
        "juz": 30,
        "hizb": 240,
        "manzil": 7,
        "ruku": 547,
        "word_number_in_verse": 3,
        "language_code": "en",
        "text": "their plan",
        "root_word": "كَيۡدَهُمۡ",
        "global_word_sequence_number": 77238,
        "global_verse_sequence_number": 6190
    },
    {
        "chapter": 105,
        "verse": 2,
        "juz": 30,
        "hizb": 240,
        "manzil": 7,
        "ruku": 547,
        "word_number_in_verse": 4,
        "language_code": "en",
        "text": "go",
        "root_word": "فِي",
        "global_word_sequence_number": 77239,
        "global_verse_sequence_number": 6190
    },
    {
        "chapter": 105,
        "verse": 2,
        "juz": 30,
        "hizb": 240,
        "manzil": 7,
        "ruku": 547,
        "word_number_in_verse": 5,
        "language_code": "en",
        "text": "astray",
        "root_word": "تَضۡلِيلٖ",
        "global_word_sequence_number": 77240,
        "global_verse_sequence_number": 6190
    },
    {
        "chapter": 105,
        "verse": 3,
        "juz": 30,
        "hizb": 240,
        "manzil": 7,
        "ruku": 547,
        "word_number_in_verse": 1,
        "language_code": "en",
        "text": "And He sent",
        "root_word": "وَأَرۡسَلَ",
        "global_word_sequence_number": 77241,
        "global_verse_sequence_number": 6191
    },
    {
        "chapter": 105,
        "verse": 3,
        "juz": 30,
        "hizb": 240,
        "manzil": 7,
        "ruku": 547,
        "word_number_in_verse": 2,
        "language_code": "en",
        "text": "against them",
        "root_word": "عَلَيۡهِمۡ",
        "global_word_sequence_number": 77242,
        "global_verse_sequence_number": 6191
    },
    {
        "chapter": 105,
        "verse": 3,
        "juz": 30,
        "hizb": 240,
        "manzil": 7,
        "ruku": 547,
        "word_number_in_verse": 3,
        "language_code": "en",
        "text": "birds",
        "root_word": "طَيۡرًا",
        "global_word_sequence_number": 77243,
        "global_verse_sequence_number": 6191
    },
    {
        "chapter": 105,
        "verse": 3,
        "juz": 30,
        "hizb": 240,
        "manzil": 7,
        "ruku": 547,
        "word_number_in_verse": 4,
        "language_code": "en",
        "text": "(in) flocks",
        "root_word": "أَبَابِيلَ",
        "global_word_sequence_number": 77244,
        "global_verse_sequence_number": 6191
    },
    {
        "chapter": 105,
        "verse": 4,
        "juz": 30,
        "hizb": 240,
        "manzil": 7,
        "ruku": 547,
        "word_number_in_verse": 1,
        "language_code": "en",
        "text": "Striking them",
        "root_word": "تَرۡمِيهِم",
        "global_word_sequence_number": 77245,
        "global_verse_sequence_number": 6192
    },
    {
        "chapter": 105,
        "verse": 4,
        "juz": 30,
        "hizb": 240,
        "manzil": 7,
        "ruku": 547,
        "word_number_in_verse": 2,
        "language_code": "en",
        "text": "with stones",
        "root_word": "بِحِجَارَةٖ",
        "global_word_sequence_number": 77246,
        "global_verse_sequence_number": 6192
    },
    {
        "chapter": 105,
        "verse": 4,
        "juz": 30,
        "hizb": 240,
        "manzil": 7,
        "ruku": 547,
        "word_number_in_verse": 3,
        "language_code": "en",
        "text": "of",
        "root_word": "مِّن",
        "global_word_sequence_number": 77247,
        "global_verse_sequence_number": 6192
    },
    {
        "chapter": 105,
        "verse": 4,
        "juz": 30,
        "hizb": 240,
        "manzil": 7,
        "ruku": 547,
        "word_number_in_verse": 4,
        "language_code": "en",
        "text": "baked clay",
        "root_word": "سِجِّيلٖ",
        "global_word_sequence_number": 77248,
        "global_verse_sequence_number": 6192
    },
    {
        "chapter": 105,
        "verse": 5,
        "juz": 30,
        "hizb": 240,
        "manzil": 7,
        "ruku": 547,
        "word_number_in_verse": 1,
        "language_code": "en",
        "text": "Then He made them",
        "root_word": "فَجَعَلَهُمۡ",
        "global_word_sequence_number": 77249,
        "global_verse_sequence_number": 6193
    },
    {
        "chapter": 105,
        "verse": 5,
        "juz": 30,
        "hizb": 240,
        "manzil": 7,
        "ruku": 547,
        "word_number_in_verse": 2,
        "language_code": "en",
        "text": "like straw",
        "root_word": "كَعَصۡفٖ",
        "global_word_sequence_number": 77250,
        "global_verse_sequence_number": 6193
    },
    {
        "chapter": 105,
        "verse": 5,
        "juz": 30,
        "hizb": 240,
        "manzil": 7,
        "ruku": 547,
        "word_number_in_verse": 3,
        "language_code": "en",
        "text": "eaten up",
        "root_word": "مَّأۡكُولِۭ",
        "global_word_sequence_number": 77251,
        "global_verse_sequence_number": 6193
    }
]