[
    {
        "chapter": 107,
        "verse": 1,
        "juz": 30,
        "hizb": 240,
        "manzil": 7,
        "ruku": 549,
        "word_number_in_verse": 1,
        "language_code": "en",
        "text": "Have you seen",
        "root_word": "أَرَءَيۡتَ",
        "global_word_sequence_number": 77269,
        "global_verse_sequence_number": 6198
    },
    {
        "chapter": 107,
        "verse": 1,
        "juz": 30,
        "hizb": 240,
        "manzil": 7,
        "ruku": 549,
        "word_number_in_verse": 2,
        "language_code": "en",
        "text": "the one who",
        "root_word": "الَّذِي",
        "global_word_sequence_number": 77270,
        "global_verse_sequence_number": 6198
    },
    {
        "chapter": 107,
        "verse": 1,
        "juz": 30,
        "hizb": 240,
        "manzil": 7,
        "ruku": 549,
        "word_number_in_verse": 3,
        "language_code": "en",
        "text": "denies",
        "root_word": "يُكَذِّبُ",
        "global_word_sequence_number": 77271,
        "global_verse_sequence_number": 6198
    },
    {
        "chapter": 107,
        "verse": 1,
        "juz": 30,
        "hizb": 240,
        "manzil": 7,
        "ruku": 549,
        "word_number_in_verse": 4,
        "language_code": "en",
        "text": "the Judgment",
        "root_word": "بِالدِّينِ",
        "global_word_sequence_number": 77272,
        "global_verse_sequence_number": 6198
    },
    {
        "chapter": 107,
        "verse": 2,
        "juz": 30,
        "hizb": 240,
        "manzil": 7,
        "ruku": 549,
        "word_number_in_verse": 1,
        "language_code": "en",
        "text": "Then that",
        "root_word": "فَذَٰلِكَ",
        "global_word_sequence_number": 77273,
        "global_verse_sequence_number": 6199
    },
    {
        "chapter": 107,
        "verse": 2,
        "juz": 30,
        "hizb": 240,
        "manzil": 7,
        "ruku": 549,
        "word_number_in_verse": 2,
        "language_code": "en",
        "text": "(is) the one who",
        "root_word": "الَّذِي",
        "global_word_sequence_number": 77274,
        "global_verse_sequence_number": 6199
    },
    {
        "chapter": 107,
        "verse": 2,
        "juz": 30,
        "hizb": 240,
        "manzil": 7,
        "ruku": 549,
        "word_number_in_verse": 3,
        "language_code": "en",
        "text": "repulses",
        "root_word": "يَدُعُّ",
        "global_word_sequence_number": 77275,
        "global_verse_sequence_number": 6199
    },
    {
        "chapter": 107,
        "verse": 2,
        "juz": 30,
        "hizb": 240,
        "manzil": 7,
        "ruku": 549,
        "word_number_in_verse": 4,
        "language_code": "en",
        "text": "the orphan",
        "root_word": "الۡيَتِيمَ",
        "global_word_sequence_number": 77276,
        "global_verse_sequence_number": 6199
    },
    {
        "chapter": 107,
        "verse": 3,
        "juz": 30,
        "hizb": 240,
        "manzil": 7,
        "ruku": 549,
        "word_number_in_verse": 1,
        "language_code": "en",
        "text": "And (does) not",
        "root_word": "وَلَا",
        "global_word_sequence_number": 77277,
        "global_verse_sequence_number": 6200
    },
    {
        "chapter": 107,
        "verse": 3,
        "juz": 30,
        "hizb": 240,
        "manzil": 7,
        "ruku": 549,
        "word_number_in_verse": 2,
        "language_code": "en",
        "text": "feel the urge",
        "root_word": "يَحُضُّ",
        "global_word_sequence_number": 77278,
        "global_verse_sequence_number": 6200
    },
    {
        "chapter": 107,
        "verse": 3,
        "juz": 30,
        "hizb": 240,
        "manzil": 7,
        "ruku": 549,
        "word_number_in_verse": 3,
        "language_code": "en",
        "text": "to",
        "root_word": "عَلَىٰ",
        "global_word_sequence_number": 77279,
        "global_verse_sequence_number": 6200
    },
    {
        "chapter": 107,
        "verse": 3,
        "juz": 30,
        "hizb": 240,
        "manzil": 7,
        "ruku": 549,
        "word_number_in_verse": 4,
        "language_code": "en",
        "text": "feed",
        "root_word": "طَعَامِ",
        "global_word_sequence_number": 77280,
        "global_verse_sequence_number": 6200
    },
    {
        "chapter": 107,
        "verse": 3,
        "juz": 30,
        "hizb": 240,
        "manzil": 7,
        "ruku": 549,
        "word_number_in_verse": 5,
        "language_code": "en",
        "text": "the poor",
        "root_word": "الۡمِسۡكِينِ",
        "global_word_sequence_number": 77281,
        "global_verse_sequence_number": 6200
    },
    {
        "chapter": 107,
        "verse": 4,
        "juz": 30,
        "hizb": 240,
        "manzil": 7,
        "ruku": 549,
        "word_number_in_verse": 1,
        "language_code": "en",
        "text": "So woe",
        "root_word": "فَوَيۡلٞ",
        "global_word_sequence_number": 77282,
        "global_verse_sequence_number": 6201
    },
    {
        "chapter": 107,
        "verse": 4,
        "juz": 30,
        "hizb": 240,
        "manzil": 7,
        "ruku": 549,
        "word_number_in_verse": 2,
        "language_code": "en",
        "text": "to those who pray",
        "root_word": "لِّلۡمُصَلِّينَ",
        "global_word_sequence_number": 77283,
        "global_verse_sequence_number": 6201
    },
    {
        "chapter": 107,
        "verse": 5,
        "juz": 30,
        "hizb": 240,
        "manzil": 7,
        "ruku": 549,
        "word_number_in_verse": 1,
        "language_code": "en",
        "text": "Those who",
        "root_word": "الَّذِينَ",
        "global_word_sequence_number": 77284,
        "global_verse_sequence_number": 6202
    },
    {
        "chapter": 107,
        "verse": 5,
        "juz": 30,
        "hizb": 240,
        "manzil": 7,
        "ruku": 549,
        "word_number_in_verse": 2,
        "language_code": "en",
        "text": "[they]",
        "root_word": "هُمۡ",
        "global_word_sequence_number": 77285,
        "global_verse_sequence_number": 6202
    },
    {
        "chapter": 107,
        "verse": 5,
        "juz": 30,
        "hizb": 240,
        "manzil": 7,
        "ruku": 549,
        "word_number_in_verse": 3,
        "language_code": "en",
        "text": "about",
        "root_word": "عَن",
        "global_word_sequence_number": 77286,
        "global_verse_sequence_number": 6202
    },
    {
        "chapter": 107,
        "verse": 5,
        "juz": 30,
        "hizb": 240,
        "manzil": 7,
        "ruku": 549,
        "word_number_in_verse": 4,
        "language_code": "en",
        "text": "their prayers",
        "root_word": "صَلَاتِهِمۡ",
        "global_word_sequence_number": 77287,
        "global_verse_sequence_number": 6202
    },
    {
        "chapter": 107,
        "verse": 5,
        "juz": 30,
        "hizb": 240,
        "manzil": 7,
        "ruku": 549,
        "word_number_in_verse": 5,
        "language_code": "en",
        "text": "(are) neglectful",
        "root_word": "سَاهُونَ",
        "global_word_sequence_number": 77288,
        "global_verse_sequence_number": 6202
    },
    {
        "chapter": 107,
        "verse": 6,
        "juz": 30,
        "hizb": 240,
        "manzil": 7,
        "ruku": 549,
        "word_number_in_verse": 1,
        "language_code": "en",
        "text": "Those who",
        "root_word": "الَّذِينَ",
        "global_word_sequence_number": 77289,
        "global_verse_sequence_number": 6203
    },
    {
        "chapter": 107,
        "verse": 6,
        "juz": 30,
        "hizb": 240,
        "manzil": 7,
        "ruku": 549,
        "word_number_in_verse": 2,
        "language_code": "en",
        "text": "[they]",
        "root_word": "هُمۡ",
        "global_word_sequence_number": 77290,
        "global_verse_sequence_number": 6203
    },
    {
        "chapter": 107,
        "verse": 6,
        "juz": 30,
        "hizb": 240,
        "manzil": 7,
        "ruku": 549,
        "word_number_in_verse": 3,
        "language_code": "en",
        "text": "make show",
        "root_word": "يُرَآءُونَ",
        "global_word_sequence_number": 77291,
        "global_verse_sequence_number": 6203
    },
    {
        "chapter": 107,
        "verse": 7,
        "juz": 30,
        "hizb": 240,
        "manzil": 7,
        "ruku": 549,
        "word_number_in_verse": 1,
        "language_code": "en",
        "text": "And they deny",
        "root_word": "وَيَمۡنَعُونَ",
        "global_word_sequence_number": 77292,
        "global_verse_sequence_number": 6204
    },
    {
        "chapter": 107,
        "verse": 7,
        "juz": 30,
        "hizb": 240,
        "manzil": 7,
        "ruku": 549,
        "word_number_in_verse": 2,
        "language_code": "en",
        "text": "[the] small kindnesses",
        "root_word": "الۡمَاعُونَ",
        "global_word_sequence_number": 77293,
        "global_verse_sequence_number": 6204
    }
]