[
    {
        "chapter": 108,
        "verse": 1,
        "juz": 30,
        "hizb": 240,
        "manzil": 7,
        "ruku": 550,
        "word_number_in_verse": 1,
        "language_code": "en",
        "text": "Indeed We",
        "root_word": "إِنَّآ",
        "global_word_sequence_number": 77294,
        "global_verse_sequence_number": 6205
    },
    {
        "chapter": 108,
        "verse": 1,
        "juz": 30,
        "hizb": 240,
        "manzil": 7,
        "ruku": 550,
        "word_number_in_verse": 2,
        "language_code": "en",
        "text": "We have given you",
        "root_word": "أَعۡطَيۡنَٰكَ",
        "global_word_sequence_number": 77295,
        "global_verse_sequence_number": 6205
    },
    {
        "chapter": 108,
        "verse": 1,
        "juz": 30,
        "hizb": 240,
        "manzil": 7,
        "ruku": 550,
        "word_number_in_verse": 3,
        "language_code": "en",
        "text": "Al-Kauthar",
        "root_word": "الۡكَوۡثَرَ",
        "global_word_sequence_number": 77296,
        "global_verse_sequence_number": 6205
    },
    {
        "chapter": 108,
        "verse": 2,
        "juz": 30,
        "hizb": 240,
        "manzil": 7,
        "ruku": 550,
        "word_number_in_verse": 1,
        "language_code": "en",
        "text": "So pray",
        "root_word": "فَصَلِّ",
        "global_word_sequence_number": 77297,
        "global_verse_sequence_number": 6206
    },
    {
        "chapter": 108,
        "verse": 2,
        "juz": 30,
        "hizb": 240,
        "manzil": 7,
        "ruku": 550,
        "word_number_in_verse": 2,
        "language_code": "en",
        "text": "to your Lord",
        "root_word": "لِرَبِّكَ",
        "global_word_sequence_number": 77298,
        "global_verse_sequence_number": 6206
    },
    {
        "chapter": 108,
        "verse": 2,
        "juz": 30,
        "hizb": 240,
        "manzil": 7,
        "ruku": 550,
        "word_number_in_verse": 3,
        "language_code": "en",
        "text": "and sacrifice",
        "root_word": "وَانۡحَرۡ",
        "global_word_sequence_number": 77299,
        "global_verse_sequence_number": 6206
    },
    {
        "chapter": 108,
        "verse": 3,
        "juz": 30,
        "hizb": 240,
        "manzil": 7,
        "ruku": 550,
        "word_number_in_verse": 1,
        "language_code": "en",
        "text": "Indeed",
        "root_word": "إِنَّ",
        "global_word_sequence_number": 77300,
        "global_verse_sequence_number": 6207
    },
    {
        "chapter": 108,
        "verse": 3,
        "juz": 30,
        "hizb": 240,
        "manzil": 7,
        "ruku": 550,
        "word_number_in_verse": 2,
        "language_code": "en",
        "text": "your enemy",
        "root_word": "شَانِئَكَ",
        "global_word_sequence_number": 77301,
        "global_verse_sequence_number": 6207
    },
    {
        "chapter": 108,
        "verse": 3,
        "juz": 30,
        "hizb": 240,
        "manzil": 7,
        "ruku": 550,
        "word_number_in_verse": 3,
        "language_code": "en",
        "text": "he (is)",
        "root_word": "هُوَ",
        "global_word_sequence_number": 77302,
        "global_verse_sequence_number": 6207
    },
    {
        "chapter": 108,
        "verse": 3,
        "juz": 30,
        "hizb": 240,
        "manzil": 7,
        "ruku": 550,
        "word_number_in_verse": 4,
        "language_code": "en",
        "text": "the one cut off",
        "root_word": "الۡأَبۡتَرُ",
        "global_word_sequence_number": 77303,
        "global_verse_sequence_number": 6207
    }
]