[
    {
        "chapter": 109,
        "verse": 1,
        "juz": 30,
        "hizb": 240,
        "manzil": 7,
        "ruku": 551,
        "word_number_in_verse": 1,
        "language_code": "en",
        "text": "Say",
        "root_word": "قُلۡ",
        "global_word_sequence_number": 77304,
        "global_verse_sequence_number": 6208
    },
    {
        "chapter": 109,
        "verse": 1,
        "juz": 30,
        "hizb": 240,
        "manzil": 7,
        "ruku": 551,
        "word_number_in_verse": 2,
        "language_code": "en",
        "text": "O",
        "root_word": "يَٰٓأَيُّهَا",
        "global_word_sequence_number": 77305,
        "global_verse_sequence_number": 6208
    },
    {
        "chapter": 109,
        "verse": 1,
        "juz": 30,
        "hizb": 240,
        "manzil": 7,
        "ruku": 551,
        "word_number_in_verse": 3,
        "language_code": "en",
        "text": "disbelievers",
        "root_word": "الۡكَٰفِرُونَ",
        "global_word_sequence_number": 77306,
        "global_verse_sequence_number": 6208
    },
    {
        "chapter": 109,
        "verse": 2,
        "juz": 30,
        "hizb": 240,
        "manzil": 7,
        "ruku": 551,
        "word_number_in_verse": 1,
        "language_code": "en",
        "text": "Not",
        "root_word": "لَآ",
        "global_word_sequence_number": 77307,
        "global_verse_sequence_number": 6209
    },
    {
        "chapter": 109,
        "verse": 2,
        "juz": 30,
        "hizb": 240,
        "manzil": 7,
        "ruku": 551,
        "word_number_in_verse": 2,
        "language_code": "en",
        "text": "I worship",
        "root_word": "أَعۡبُدُ",
        "global_word_sequence_number": 77308,
        "global_verse_sequence_number": 6209
    },
    {
        "chapter": 109,
        "verse": 2,
        "juz": 30,
        "hizb": 240,
        "manzil": 7,
        "ruku": 551,
        "word_number_in_verse": 3,
        "language_code": "en",
        "text": "what",
        "root_word": "مَا",
        "global_word_sequence_number": 77309,
        "global_verse_sequence_number": 6209
    },
    {
        "chapter": 109,
        "verse": 2,
        "juz": 30,
        "hizb": 240,
        "manzil": 7,
        "ruku": 551,
        "word_number_in_verse": 4,
        "language_code": "en",
        "text": "you worship",
        "root_word": "تَعۡبُدُونَ",
        "global_word_sequence_number": 77310,
        "global_verse_sequence_number": 6209
    },
    {
        "chapter": 109,
        "verse": 3,
        "juz": 30,
        "hizb": 240,
        "manzil": 7,
        "ruku": 551,
        "word_number_in_verse": 1,
        "language_code": "en",
        "text": "And not",
        "root_word": "وَلَآ",
        "global_word_sequence_number": 77311,
        "global_verse_sequence_number": 6210
    },
    {
        "chapter": 109,
        "verse": 3,
        "juz": 30,
        "hizb": 240,
        "manzil": 7,
        "ruku": 551,
        "word_number_in_verse": 2,
        "language_code": "en",
        "text": "you",
        "root_word": "أَنتُمۡ",
        "global_word_sequence_number": 77312,
        "global_verse_sequence_number": 6210
    },
    {
        "chapter": 109,
        "verse": 3,
        "juz": 30,
        "hizb": 240,
        "manzil": 7,
        "ruku": 551,
        "word_number_in_verse": 3,
        "language_code": "en",
        "text": "(are) worshippers",
        "root_word": "عَٰبِدُونَ",
        "global_word_sequence_number": 77313,
        "global_verse_sequence_number": 6210
    },
    {
        "chapter": 109,
        "verse": 3,
        "juz": 30,
        "hizb": 240,
        "manzil": 7,
        "ruku": 551,
        "word_number_in_verse": 4,
        "language_code": "en",
        "text": "(of) what",
        "root_word": "مَآ",
        "global_word_sequence_number": 77314,
        "global_verse_sequence_number": 6210
    },
    {
        "chapter": 109,
        "verse": 3,
        "juz": 30,
        "hizb": 240,
        "manzil": 7,
        "ruku": 551,
        "word_number_in_verse": 5,
        "language_code": "en",
        "text": "I worship",
        "root_word": "أَعۡبُدُ",
        "global_word_sequence_number": 77315,
        "global_verse_sequence_number": 6210
    },
    {
        "chapter": 109,
        "verse": 4,
        "juz": 30,
        "hizb": 240,
        "manzil": 7,
        "ruku": 551,
        "word_number_in_verse": 1,
        "language_code": "en",
        "text": "And not",
        "root_word": "وَلَآ",
        "global_word_sequence_number": 77316,
        "global_verse_sequence_number": 6211
    },
    {
        "chapter": 109,
        "verse": 4,
        "juz": 30,
        "hizb": 240,
        "manzil": 7,
        "ruku": 551,
        "word_number_in_verse": 2,
        "language_code": "en",
        "text": "I am",
        "root_word": "أَنَا۠",
        "global_word_sequence_number": 77317,
        "global_verse_sequence_number": 6211
    },
    {
        "chapter": 109,
        "verse": 4,
        "juz": 30,
        "hizb": 240,
        "manzil": 7,
        "ruku": 551,
        "word_number_in_verse": 3,
        "language_code": "en",
        "text": "a worshipper",
        "root_word": "عَابِدٞ",
        "global_word_sequence_number": 77318,
        "global_verse_sequence_number": 6211
    },
    {
        "chapter": 109,
        "verse": 4,
        "juz": 30,
        "hizb": 240,
        "manzil": 7,
        "ruku": 551,
        "word_number_in_verse": 4,
        "language_code": "en",
        "text": "(of) what",
        "root_word": "مَّا",
        "global_word_sequence_number": 77319,
        "global_verse_sequence_number": 6211
    },
    {
        "chapter": 109,
        "verse": 4,
        "juz": 30,
        "hizb": 240,
        "manzil": 7,
        "ruku": 551,
        "word_number_in_verse": 5,
        "language_code": "en",
        "text": "you worship",
        "root_word": "عَبَدتُّمۡ",
        "global_word_sequence_number": 77320,
        "global_verse_sequence_number": 6211
    },
    {
        "chapter": 109,
        "verse": 5,
        "juz": 30,
        "hizb": 240,
        "manzil": 7,
        "ruku": 551,
        "word_number_in_verse": 1,
        "language_code": "en",
        "text": "And not",
        "root_word": "وَلَآ",
        "global_word_sequence_number": 77321,
        "global_verse_sequence_number": 6212
    },
    {
        "chapter": 109,
        "verse": 5,
        "juz": 30,
        "hizb": 240,
        "manzil": 7,
        "ruku": 551,
        "word_number_in_verse": 2,
        "language_code": "en",
        "text": "you",
        "root_word": "أَنتُمۡ",
        "global_word_sequence_number": 77322,
        "global_verse_sequence_number": 6212
    },
    {
        "chapter": 109,
        "verse": 5,
        "juz": 30,
        "hizb": 240,
        "manzil": 7,
        "ruku": 551,
        "word_number_in_verse": 3,
        "language_code": "en",
        "text": "(are) worshippers",
        "root_word": "عَٰبِدُونَ",
        "global_word_sequence_number": 77323,
        "global_verse_sequence_number": 6212
    },
    {
        "chapter": 109,
        "verse": 5,
        "juz": 30,
        "hizb": 240,
        "manzil": 7,
        "ruku": 551,
        "word_number_in_verse": 4,
        "language_code": "en",
        "text": "(of) what",
        "root_word": "مَآ",
        "global_word_sequence_number": 77324,
        "global_verse_sequence_number": 6212
    },
    {
        "chapter": 109,
        "verse": 5,
        "juz": 30,
        "hizb": 240,
        "manzil": 7,
        "ruku": 551,
        "word_number_in_verse": 5,
        "language_code": "en",
        "text": "I worship",
        "root_word": "أَعۡبُدُ",
        "global_word_sequence_number": 77325,
        "global_verse_sequence_number": 6212
    },
    {
        "chapter": 109,
        "verse": 6,
        "juz": 30,
        "hizb": 240,
        "manzil": 7,
        "ruku": 551,
        "word_number_in_verse": 1,
        "language_code": "en",
        "text": "For you",
        "root_word": "لَكُمۡ",
        "global_word_sequence_number": 77326,
        "global_verse_sequence_number": 6213
    },
    {
        "chapter": 109,
        "verse": 6,
        "juz": 30,
        "hizb": 240,
        "manzil": 7,
        "ruku": 551,
        "word_number_in_verse": 2,
        "language_code": "en",
        "text": "(is) your religion",
        "root_word": "دِينُكُمۡ",
        "global_word_sequence_number": 77327,
        "global_verse_sequence_number": 6213
    },
    {
        "chapter": 109,
        "verse": 6,
        "juz": 30,
        "hizb": 240,
        "manzil": 7,
        "ruku": 551,
        "word_number_in_verse": 3,
        "language_code": "en",
        "text": "and for me",
        "root_word": "وَلِيَ",
        "global_word_sequence_number": 77328,
        "global_verse_sequence_number": 6213
    },
    {
        "chapter": 109,
        "verse": 6,
        "juz": 30,
        "hizb": 240,
        "manzil": 7,
        "ruku": 551,
        "word_number_in_verse": 4,
        "language_code": "en",
        "text": "(is) my religion",
        "root_word": "دِينِ",
        "global_word_sequence_number": 77329,
        "global_verse_sequence_number": 6213
    }
]