[
    {
        "chapter": 110,
        "verse": 1,
        "juz": 30,
        "hizb": 240,
        "manzil": 7,
        "ruku": 552,
        "word_number_in_verse": 1,
        "language_code": "en",
        "text": "When",
        "root_word": "إِذَا",
        "global_word_sequence_number": 77330,
        "global_verse_sequence_number": 6214
    },
    {
        "chapter": 110,
        "verse": 1,
        "juz": 30,
        "hizb": 240,
        "manzil": 7,
        "ruku": 552,
        "word_number_in_verse": 2,
        "language_code": "en",
        "text": "comes",
        "root_word": "جَآءَ",
        "global_word_sequence_number": 77331,
        "global_verse_sequence_number": 6214
    },
    {
        "chapter": 110,
        "verse": 1,
        "juz": 30,
        "hizb": 240,
        "manzil": 7,
        "ruku": 552,
        "word_number_in_verse": 3,
        "language_code": "en",
        "text": "(the) Help",
        "root_word": "نَصۡرُ",
        "global_word_sequence_number": 77332,
        "global_verse_sequence_number": 6214
    },
    {
        "chapter": 110,
        "verse": 1,
        "juz": 30,
        "hizb": 240,
        "manzil": 7,
        "ruku": 552,
        "word_number_in_verse": 4,
        "language_code": "en",
        "text": "(of) Allah",
        "root_word": "اللَّهِ",
        "global_word_sequence_number": 77333,
        "global_verse_sequence_number": 6214
    },
    {
        "chapter": 110,
        "verse": 1,
        "juz": 30,
        "hizb": 240,
        "manzil": 7,
        "ruku": 552,
        "word_number_in_verse": 5,
        "language_code": "en",
        "text": "and the Victory",
        "root_word": "وَالۡفَتۡحُ",
        "global_word_sequence_number": 77334,
        "global_verse_sequence_number": 6214
    },
    {
        "chapter": 110,
        "verse": 2,
        "juz": 30,
        "hizb": 240,
        "manzil": 7,
        "ruku": 552,
        "word_number_in_verse": 1,
        "language_code": "en",
        "text": "And you see",
        "root_word": "وَرَأَيۡتَ",
        "global_word_sequence_number": 77335,
        "global_verse_sequence_number": 6215
    },
    {
        "chapter": 110,
        "verse": 2,
        "juz": 30,
        "hizb": 240,
        "manzil": 7,
        "ruku": 552,
        "word_number_in_verse": 2,
        "language_code": "en",
        "text": "the people",
        "root_word": "النَّاسَ",
        "global_word_sequence_number": 77336,
        "global_verse_sequence_number": 6215
    },
    {
        "chapter": 110,
        "verse": 2,
        "juz": 30,
        "hizb": 240,
        "manzil": 7,
        "ruku": 552,
        "word_number_in_verse": 3,
        "language_code": "en",
        "text": "entering",
        "root_word": "يَدۡخُلُونَ",
        "global_word_sequence_number": 77337,
        "global_verse_sequence_number": 6215
    },
    {
        "chapter": 110,
        "verse": 2,
        "juz": 30,
        "hizb": 240,
        "manzil": 7,
        "ruku": 552,
        "word_number_in_verse": 4,
        "language_code": "en",
        "text": "into",
        "root_word": "فِي",
        "global_word_sequence_number": 77338,
        "global_verse_sequence_number": 6215
    },
    {
        "chapter": 110,
        "verse": 2,
        "juz": 30,
        "hizb": 240,
        "manzil": 7,
        "ruku": 552,
        "word_number_in_verse": 5,
        "language_code": "en",
        "text": "(the) religion",
        "root_word": "دِينِ",
        "global_word_sequence_number": 77339,
        "global_verse_sequence_number": 6215
    },
    {
        "chapter": 110,
        "verse": 2,
        "juz": 30,
        "hizb": 240,
        "manzil": 7,
        "ruku": 552,
        "word_number_in_verse": 6,
        "language_code": "en",
        "text": "(of) Allah",
        "root_word": "اللَّهِ",
        "global_word_sequence_number": 77340,
        "global_verse_sequence_number": 6215
    },
    {
        "chapter": 110,
        "verse": 2,
        "juz": 30,
        "hizb": 240,
        "manzil": 7,
        "ruku": 552,
        "word_number_in_verse": 7,
        "language_code": "en",
        "text": "(in) multitudes",
        "root_word": "أَفۡوَاجٗا",
        "global_word_sequence_number": 77341,
        "global_verse_sequence_number": 6215
    },
    {
        "chapter": 110,
        "verse": 3,
        "juz": 30,
        "hizb": 240,
        "manzil": 7,
        "ruku": 552,
        "word_number_in_verse": 1,
        "language_code": "en",
        "text": "Then glorify",
        "root_word": "فَسَبِّحۡ",
        "global_word_sequence_number": 77342,
        "global_verse_sequence_number": 6216
    },
    {
        "chapter": 110,
        "verse": 3,
        "juz": 30,
        "hizb": 240,
        "manzil": 7,
        "ruku": 552,
        "word_number_in_verse": 2,
        "language_code": "en",
        "text": "with (the) praises",
        "root_word": "بِحَمۡدِ",
        "global_word_sequence_number": 77343,
        "global_verse_sequence_number": 6216
    },
    {
        "chapter": 110,
        "verse": 3,
        "juz": 30,
        "hizb": 240,
        "manzil": 7,
        "ruku": 552,
        "word_number_in_verse": 3,
        "language_code": "en",
        "text": "(of) your Lord",
        "root_word": "رَبِّكَ",
        "global_word_sequence_number": 77344,
        "global_verse_sequence_number": 6216
    },
    {
        "chapter": 110,
        "verse": 3,
        "juz": 30,
        "hizb": 240,
        "manzil": 7,
        "ruku": 552,
        "word_number_in_verse": 4,
        "language_code": "en",
        "text": "and ask His forgiveness",
        "root_word": "وَاسۡتَغۡفِرۡهُۚ",
        "global_word_sequence_number": 77345,
        "global_verse_sequence_number": 6216
    },
    {
        "chapter": 110,
        "verse": 3,
        "juz": 30,
        "hizb": 240,
        "manzil": 7,
        "ruku": 552,
        "word_number_in_verse": 5,
        "language_code": "en",
        "text": "Indeed He",
        "root_word": "إِنَّهُۥ",
        "global_word_sequence_number": 77346,
        "global_verse_sequence_number": 6216
    },
    {
        "chapter": 110,
        "verse": 3,
        "juz": 30,
        "hizb": 240,
        "manzil": 7,
        "ruku": 552,
        "word_number_in_verse": 6,
        "language_code": "en",
        "text": "is",
        "root_word": "كَانَ",
        "global_word_sequence_number": 77347,
        "global_verse_sequence_number": 6216
    },
    {
        "chapter": 110,
        "verse": 3,
        "juz": 30,
        "hizb": 240,
        "manzil": 7,
        "ruku": 552,
        "word_number_in_verse": 7,
        "language_code": "en",
        "text": "Oft-Returning",
        "root_word": "تَوَّابَۢا",
        "global_word_sequence_number": 77348,
        "global_verse_sequence_number": 6216
    }
]