[
    {
        "chapter": 111,
        "verse": 1,
        "juz": 30,
        "hizb": 240,
        "manzil": 7,
        "ruku": 553,
        "word_number_in_verse": 1,
        "language_code": "en",
        "text": "Perish",
        "root_word": "تَبَّتۡ",
        "global_word_sequence_number": 77349,
        "global_verse_sequence_number": 6217
    },
    {
        "chapter": 111,
        "verse": 1,
        "juz": 30,
        "hizb": 240,
        "manzil": 7,
        "ruku": 553,
        "word_number_in_verse": 2,
        "language_code": "en",
        "text": "(the) hands",
        "root_word": "يَدَآ",
        "global_word_sequence_number": 77350,
        "global_verse_sequence_number": 6217
    },
    {
        "chapter": 111,
        "verse": 1,
        "juz": 30,
        "hizb": 240,
        "manzil": 7,
        "ruku": 553,
        "word_number_in_verse": 3,
        "language_code": "en",
        "text": "(of) Abu",
        "root_word": "أَبِي",
        "global_word_sequence_number": 77351,
        "global_verse_sequence_number": 6217
    },
    {
        "chapter": 111,
        "verse": 1,
        "juz": 30,
        "hizb": 240,
        "manzil": 7,
        "ruku": 553,
        "word_number_in_verse": 4,
        "language_code": "en",
        "text": "Lahab",
        "root_word": "لَهَبٖ",
        "global_word_sequence_number": 77352,
        "global_verse_sequence_number": 6217
    },
    {
        "chapter": 111,
        "verse": 1,
        "juz": 30,
        "hizb": 240,
        "manzil": 7,
        "ruku": 553,
        "word_number_in_verse": 5,
        "language_code": "en",
        "text": "and perish he",
        "root_word": "وَتَبَّ",
        "global_word_sequence_number": 77353,
        "global_verse_sequence_number": 6217
    },
    {
        "chapter": 111,
        "verse": 2,
        "juz": 30,
        "hizb": 240,
        "manzil": 7,
        "ruku": 553,
        "word_number_in_verse": 1,
        "language_code": "en",
        "text": "Not",
        "root_word": "مَآ",
        "global_word_sequence_number": 77354,
        "global_verse_sequence_number": 6218
    },
    {
        "chapter": 111,
        "verse": 2,
        "juz": 30,
        "hizb": 240,
        "manzil": 7,
        "ruku": 553,
        "word_number_in_verse": 2,
        "language_code": "en",
        "text": "(will) avail",
        "root_word": "أَغۡنَىٰ",
        "global_word_sequence_number": 77355,
        "global_verse_sequence_number": 6218
    },
    {
        "chapter": 111,
        "verse": 2,
        "juz": 30,
        "hizb": 240,
        "manzil": 7,
        "ruku": 553,
        "word_number_in_verse": 3,
        "language_code": "en",
        "text": "him",
        "root_word": "عَنۡهُ",
        "global_word_sequence_number": 77356,
        "global_verse_sequence_number": 6218
    },
    {
        "chapter": 111,
        "verse": 2,
        "juz": 30,
        "hizb": 240,
        "manzil": 7,
        "ruku": 553,
        "word_number_in_verse": 4,
        "language_code": "en",
        "text": "his wealth",
        "root_word": "مَالُهُۥ",
        "global_word_sequence_number": 77357,
        "global_verse_sequence_number": 6218
    },
    {
        "chapter": 111,
        "verse": 2,
        "juz": 30,
        "hizb": 240,
        "manzil": 7,
        "ruku": 553,
        "word_number_in_verse": 5,
        "language_code": "en",
        "text": "and what",
        "root_word": "وَمَا",
        "global_word_sequence_number": 77358,
        "global_verse_sequence_number": 6218
    },
    {
        "chapter": 111,
        "verse": 2,
        "juz": 30,
        "hizb": 240,
        "manzil": 7,
        "ruku": 553,
        "word_number_in_verse": 6,
        "language_code": "en",
        "text": "he earned",
        "root_word": "كَسَبَ",
        "global_word_sequence_number": 77359,
        "global_verse_sequence_number": 6218
    },
    {
        "chapter": 111,
        "verse": 3,
        "juz": 30,
        "hizb": 240,
        "manzil": 7,
        "ruku": 553,
        "word_number_in_verse": 1,
        "language_code": "en",
        "text": "He will be burnt",
        "root_word": "سَيَصۡلَىٰ",
        "global_word_sequence_number": 77360,
        "global_verse_sequence_number": 6219
    },
    {
        "chapter": 111,
        "verse": 3,
        "juz": 30,
        "hizb": 240,
        "manzil": 7,
        "ruku": 553,
        "word_number_in_verse": 2,
        "language_code": "en",
        "text": "(in) a Fire",
        "root_word": "نَارٗا",
        "global_word_sequence_number": 77361,
        "global_verse_sequence_number": 6219
    },
    {
        "chapter": 111,
        "verse": 3,
        "juz": 30,
        "hizb": 240,
        "manzil": 7,
        "ruku": 553,
        "word_number_in_verse": 3,
        "language_code": "en",
        "text": "of",
        "root_word": "ذَاتَ",
        "global_word_sequence_number": 77362,
        "global_verse_sequence_number": 6219
    },
    {
        "chapter": 111,
        "verse": 3,
        "juz": 30,
        "hizb": 240,
        "manzil": 7,
        "ruku": 553,
        "word_number_in_verse": 4,
        "language_code": "en",
        "text": "Blazing Flames",
        "root_word": "لَهَبٖ",
        "global_word_sequence_number": 77363,
        "global_verse_sequence_number": 6219
    },
    {
        "chapter": 111,
        "verse": 4,
        "juz": 30,
        "hizb": 240,
        "manzil": 7,
        "ruku": 553,
        "word_number_in_verse": 1,
        "language_code": "en",
        "text": "And his wife",
        "root_word": "وَامۡرَأَتُهُۥ",
        "global_word_sequence_number": 77364,
        "global_verse_sequence_number": 6220
    },
    {
        "chapter": 111,
        "verse": 4,
        "juz": 30,
        "hizb": 240,
        "manzil": 7,
        "ruku": 553,
        "word_number_in_verse": 2,
        "language_code": "en",
        "text": "(the) carrier",
        "root_word": "حَمَّالَةَ",
        "global_word_sequence_number": 77365,
        "global_verse_sequence_number": 6220
    },
    {
        "chapter": 111,
        "verse": 4,
        "juz": 30,
        "hizb": 240,
        "manzil": 7,
        "ruku": 553,
        "word_number_in_verse": 3,
        "language_code": "en",
        "text": "(of) firewood",
        "root_word": "الۡحَطَبِ",
        "global_word_sequence_number": 77366,
        "global_verse_sequence_number": 6220
    },
    {
        "chapter": 111,
        "verse": 5,
        "juz": 30,
        "hizb": 240,
        "manzil": 7,
        "ruku": 553,
        "word_number_in_verse": 1,
        "language_code": "en",
        "text": "In",
        "root_word": "فِي",
        "global_word_sequence_number": 77367,
        "global_verse_sequence_number": 6221
    },
    {
        "chapter": 111,
        "verse": 5,
        "juz": 30,
        "hizb": 240,
        "manzil": 7,
        "ruku": 553,
        "word_number_in_verse": 2,
        "language_code": "en",
        "text": "her neck",
        "root_word": "جِيدِهَا",
        "global_word_sequence_number": 77368,
        "global_verse_sequence_number": 6221
    },
    {
        "chapter": 111,
        "verse": 5,
        "juz": 30,
        "hizb": 240,
        "manzil": 7,
        "ruku": 553,
        "word_number_in_verse": 3,
        "language_code": "en",
        "text": "(will be) a rope",
        "root_word": "حَبۡلٞ",
        "global_word_sequence_number": 77369,
        "global_verse_sequence_number": 6221
    },
    {
        "chapter": 111,
        "verse": 5,
        "juz": 30,
        "hizb": 240,
        "manzil": 7,
        "ruku": 553,
        "word_number_in_verse": 4,
        "language_code": "en",
        "text": "of",
        "root_word": "مِّن",
        "global_word_sequence_number": 77370,
        "global_verse_sequence_number": 6221
    },
    {
        "chapter": 111,
        "verse": 5,
        "juz": 30,
        "hizb": 240,
        "manzil": 7,
        "ruku": 553,
        "word_number_in_verse": 5,
        "language_code": "en",
        "text": "palm-fiber",
        "root_word": "مَّسَدِۭ",
        "global_word_sequence_number": 77371,
        "global_verse_sequence_number": 6221
    }
]