[
    {
        "chapter": 112,
        "verse": 1,
        "juz": 30,
        "hizb": 240,
        "manzil": 7,
        "ruku": 554,
        "word_number_in_verse": 1,
        "language_code": "en",
        "text": "Say",
        "root_word": "قُلۡ",
        "global_word_sequence_number": 77372,
        "global_verse_sequence_number": 6222
    },
    {
        "chapter": 112,
        "verse": 1,
        "juz": 30,
        "hizb": 240,
        "manzil": 7,
        "ruku": 554,
        "word_number_in_verse": 2,
        "language_code": "en",
        "text": "He",
        "root_word": "هُوَ",
        "global_word_sequence_number": 77373,
        "global_verse_sequence_number": 6222
    },
    {
        "chapter": 112,
        "verse": 1,
        "juz": 30,
        "hizb": 240,
        "manzil": 7,
        "ruku": 554,
        "word_number_in_verse": 3,
        "language_code": "en",
        "text": "(is) Allah",
        "root_word": "اللَّهُ",
        "global_word_sequence_number": 77374,
        "global_verse_sequence_number": 6222
    },
    {
        "chapter": 112,
        "verse": 1,
        "juz": 30,
        "hizb": 240,
        "manzil": 7,
        "ruku": 554,
        "word_number_in_verse": 4,
        "language_code": "en",
        "text": "the One",
        "root_word": "أَحَدٌ",
        "global_word_sequence_number": 77375,
        "global_verse_sequence_number": 6222
    },
    {
        "chapter": 112,
        "verse": 2,
        "juz": 30,
        "hizb": 240,
        "manzil": 7,
        "ruku": 554,
        "word_number_in_verse": 1,
        "language_code": "en",
        "text": "Allah",
        "root_word": "اللَّهُ",
        "global_word_sequence_number": 77376,
        "global_verse_sequence_number": 6223
    },
    {
        "chapter": 112,
        "verse": 2,
        "juz": 30,
        "hizb": 240,
        "manzil": 7,
        "ruku": 554,
        "word_number_in_verse": 2,
        "language_code": "en",
        "text": "the Eternal the Absolute",
        "root_word": "الصَّمَدُ",
        "global_word_sequence_number": 77377,
        "global_verse_sequence_number": 6223
    },
    {
        "chapter": 112,
        "verse": 3,
        "juz": 30,
        "hizb": 240,
        "manzil": 7,
        "ruku": 554,
        "word_number_in_verse": 1,
        "language_code": "en",
        "text": "Not",
        "root_word": "لَمۡ",
        "global_word_sequence_number": 77378,
        "global_verse_sequence_number": 6224
    },
    {
        "chapter": 112,
        "verse": 3,
        "juz": 30,
        "hizb": 240,
        "manzil": 7,
        "ruku": 554,
        "word_number_in_verse": 2,
        "language_code": "en",
        "text": "He begets",
        "root_word": "يَلِدۡ",
        "global_word_sequence_number": 77379,
        "global_verse_sequence_number": 6224
    },
    {
        "chapter": 112,
        "verse": 3,
        "juz": 30,
        "hizb": 240,
        "manzil": 7,
        "ruku": 554,
        "word_number_in_verse": 3,
        "language_code": "en",
        "text": "and not",
        "root_word": "وَلَمۡ",
        "global_word_sequence_number": 77380,
        "global_verse_sequence_number": 6224
    },
    {
        "chapter": 112,
        "verse": 3,
        "juz": 30,
        "hizb": 240,
        "manzil": 7,
        "ruku": 554,
        "word_number_in_verse": 4,
        "language_code": "en",
        "text": "He is begotten",
        "root_word": "يُولَدۡ",
        "global_word_sequence_number": 77381,
        "global_verse_sequence_number": 6224
    },
    {
        "chapter": 112,
        "verse": 4,
        "juz": 30,
        "hizb": 240,
        "manzil": 7,
        "ruku": 554,
        "word_number_in_verse": 1,
        "language_code": "en",
        "text": "And not",
        "root_word": "وَلَمۡ",
        "global_word_sequence_number": 77382,
        "global_verse_sequence_number": 6225
    },
    {
        "chapter": 112,
        "verse": 4,
        "juz": 30,
        "hizb": 240,
        "manzil": 7,
        "ruku": 554,
        "word_number_in_verse": 2,
        "language_code": "en",
        "text": "is",
        "root_word": "يَكُن",
        "global_word_sequence_number": 77383,
        "global_verse_sequence_number": 6225
    },
    {
        "chapter": 112,
        "verse": 4,
        "juz": 30,
        "hizb": 240,
        "manzil": 7,
        "ruku": 554,
        "word_number_in_verse": 3,
        "language_code": "en",
        "text": "for Him",
        "root_word": "لَّهُۥ",
        "global_word_sequence_number": 77384,
        "global_verse_sequence_number": 6225
    },
    {
        "chapter": 112,
        "verse": 4,
        "juz": 30,
        "hizb": 240,
        "manzil": 7,
        "ruku": 554,
        "word_number_in_verse": 4,
        "language_code": "en",
        "text": "equivalent",
        "root_word": "كُفُوًا",
        "global_word_sequence_number": 77385,
        "global_verse_sequence_number": 6225
    },
    {
        "chapter": 112,
        "verse": 4,
        "juz": 30,
        "hizb": 240,
        "manzil": 7,
        "ruku": 554,
        "word_number_in_verse": 5,
        "language_code": "en",
        "text": "any [one]",
        "root_word": "أَحَدُۢ",
        "global_word_sequence_number": 77386,
        "global_verse_sequence_number": 6225
    }
]