[
    {
        "chapter": 113,
        "verse": 1,
        "juz": 30,
        "hizb": 240,
        "manzil": 7,
        "ruku": 555,
        "word_number_in_verse": 1,
        "language_code": "en",
        "text": "Say",
        "root_word": "قُلۡ",
        "global_word_sequence_number": 77387,
        "global_verse_sequence_number": 6226
    },
    {
        "chapter": 113,
        "verse": 1,
        "juz": 30,
        "hizb": 240,
        "manzil": 7,
        "ruku": 555,
        "word_number_in_verse": 2,
        "language_code": "en",
        "text": "I seek refuge",
        "root_word": "أَعُوذُ",
        "global_word_sequence_number": 77388,
        "global_verse_sequence_number": 6226
    },
    {
        "chapter": 113,
        "verse": 1,
        "juz": 30,
        "hizb": 240,
        "manzil": 7,
        "ruku": 555,
        "word_number_in_verse": 3,
        "language_code": "en",
        "text": "in (the) Lord",
        "root_word": "بِرَبِّ",
        "global_word_sequence_number": 77389,
        "global_verse_sequence_number": 6226
    },
    {
        "chapter": 113,
        "verse": 1,
        "juz": 30,
        "hizb": 240,
        "manzil": 7,
        "ruku": 555,
        "word_number_in_verse": 4,
        "language_code": "en",
        "text": "(of) the dawn",
        "root_word": "الۡفَلَقِ",
        "global_word_sequence_number": 77390,
        "global_verse_sequence_number": 6226
    },
    {
        "chapter": 113,
        "verse": 2,
        "juz": 30,
        "hizb": 240,
        "manzil": 7,
        "ruku": 555,
        "word_number_in_verse": 1,
        "language_code": "en",
        "text": "From",
        "root_word": "مِن",
        "global_word_sequence_number": 77391,
        "global_verse_sequence_number": 6227
    },
    {
        "chapter": 113,
        "verse": 2,
        "juz": 30,
        "hizb": 240,
        "manzil": 7,
        "ruku": 555,
        "word_number_in_verse": 2,
        "language_code": "en",
        "text": "(the) evil",
        "root_word": "شَرِّ",
        "global_word_sequence_number": 77392,
        "global_verse_sequence_number": 6227
    },
    {
        "chapter": 113,
        "verse": 2,
        "juz": 30,
        "hizb": 240,
        "manzil": 7,
        "ruku": 555,
        "word_number_in_verse": 3,
        "language_code": "en",
        "text": "(of) what",
        "root_word": "مَا",
        "global_word_sequence_number": 77393,
        "global_verse_sequence_number": 6227
    },
    {
        "chapter": 113,
        "verse": 2,
        "juz": 30,
        "hizb": 240,
        "manzil": 7,
        "ruku": 555,
        "word_number_in_verse": 4,
        "language_code": "en",
        "text": "He created",
        "root_word": "خَلَقَ",
        "global_word_sequence_number": 77394,
        "global_verse_sequence_number": 6227
    },
    {
        "chapter": 113,
        "verse": 3,
        "juz": 30,
        "hizb": 240,
        "manzil": 7,
        "ruku": 555,
        "word_number_in_verse": 1,
        "language_code": "en",
        "text": "And from",
        "root_word": "وَمِن",
        "global_word_sequence_number": 77395,
        "global_verse_sequence_number": 6228
    },
    {
        "chapter": 113,
        "verse": 3,
        "juz": 30,
        "hizb": 240,
        "manzil": 7,
        "ruku": 555,
        "word_number_in_verse": 2,
        "language_code": "en",
        "text": "(the) evil",
        "root_word": "شَرِّ",
        "global_word_sequence_number": 77396,
        "global_verse_sequence_number": 6228
    },
    {
        "chapter": 113,
        "verse": 3,
        "juz": 30,
        "hizb": 240,
        "manzil": 7,
        "ruku": 555,
        "word_number_in_verse": 3,
        "language_code": "en",
        "text": "(of) darkness",
        "root_word": "غَاسِقٍ",
        "global_word_sequence_number": 77397,
        "global_verse_sequence_number": 6228
    },
    {
        "chapter": 113,
        "verse": 3,
        "juz": 30,
        "hizb": 240,
        "manzil": 7,
        "ruku": 555,
        "word_number_in_verse": 4,
        "language_code": "en",
        "text": "when",
        "root_word": "إِذَا",
        "global_word_sequence_number": 77398,
        "global_verse_sequence_number": 6228
    },
    {
        "chapter": 113,
        "verse": 3,
        "juz": 30,
        "hizb": 240,
        "manzil": 7,
        "ruku": 555,
        "word_number_in_verse": 5,
        "language_code": "en",
        "text": "it spreads",
        "root_word": "وَقَبَ",
        "global_word_sequence_number": 77399,
        "global_verse_sequence_number": 6228
    },
    {
        "chapter": 113,
        "verse": 4,
        "juz": 30,
        "hizb": 240,
        "manzil": 7,
        "ruku": 555,
        "word_number_in_verse": 1,
        "language_code": "en",
        "text": "And from",
        "root_word": "وَمِن",
        "global_word_sequence_number": 77400,
        "global_verse_sequence_number": 6229
    },
    {
        "chapter": 113,
        "verse": 4,
        "juz": 30,
        "hizb": 240,
        "manzil": 7,
        "ruku": 555,
        "word_number_in_verse": 2,
        "language_code": "en",
        "text": "(the) evil",
        "root_word": "شَرِّ",
        "global_word_sequence_number": 77401,
        "global_verse_sequence_number": 6229
    },
    {
        "chapter": 113,
        "verse": 4,
        "juz": 30,
        "hizb": 240,
        "manzil": 7,
        "ruku": 555,
        "word_number_in_verse": 3,
        "language_code": "en",
        "text": "(of) the blowers",
        "root_word": "النَّفَّٰثَٰتِ",
        "global_word_sequence_number": 77402,
        "global_verse_sequence_number": 6229
    },
    {
        "chapter": 113,
        "verse": 4,
        "juz": 30,
        "hizb": 240,
        "manzil": 7,
        "ruku": 555,
        "word_number_in_verse": 4,
        "language_code": "en",
        "text": "in",
        "root_word": "فِي",
        "global_word_sequence_number": 77403,
        "global_verse_sequence_number": 6229
    },
    {
        "chapter": 113,
        "verse": 4,
        "juz": 30,
        "hizb": 240,
        "manzil": 7,
        "ruku": 555,
        "word_number_in_verse": 5,
        "language_code": "en",
        "text": "the knots",
        "root_word": "الۡعُقَدِ",
        "global_word_sequence_number": 77404,
        "global_verse_sequence_number": 6229
    },
    {
        "chapter": 113,
        "verse": 5,
        "juz": 30,
        "hizb": 240,
        "manzil": 7,
        "ruku": 555,
        "word_number_in_verse": 1,
        "language_code": "en",
        "text": "And from",
        "root_word": "وَمِن",
        "global_word_sequence_number": 77405,
        "global_verse_sequence_number": 6230
    },
    {
        "chapter": 113,
        "verse": 5,
        "juz": 30,
        "hizb": 240,
        "manzil": 7,
        "ruku": 555,
        "word_number_in_verse": 2,
        "language_code": "en",
        "text": "(the) evil",
        "root_word": "شَرِّ",
        "global_word_sequence_number": 77406,
        "global_verse_sequence_number": 6230
    },
    {
        "chapter": 113,
        "verse": 5,
        "juz": 30,
        "hizb": 240,
        "manzil": 7,
        "ruku": 555,
        "word_number_in_verse": 3,
        "language_code": "en",
        "text": "(of) an envier",
        "root_word": "حَاسِدٍ",
        "global_word_sequence_number": 77407,
        "global_verse_sequence_number": 6230
    },
    {
        "chapter": 113,
        "verse": 5,
        "juz": 30,
        "hizb": 240,
        "manzil": 7,
        "ruku": 555,
        "word_number_in_verse": 4,
        "language_code": "en",
        "text": "when",
        "root_word": "إِذَا",
        "global_word_sequence_number": 77408,
        "global_verse_sequence_number": 6230
    },
    {
        "chapter": 113,
        "verse": 5,
        "juz": 30,
        "hizb": 240,
        "manzil": 7,
        "ruku": 555,
        "word_number_in_verse": 5,
        "language_code": "en",
        "text": "he envies",
        "root_word": "حَسَدَ",
        "global_word_sequence_number": 77409,
        "global_verse_sequence_number": 6230
    }
]