[
    {
        "chapter": 1,
        "verse": 1,
        "juz": 1,
        "hizb": 1,
        "manzil": 1,
        "ruku": 1,
        "word_number_in_verse": 1,
        "language_code": "en",
        "text": "In (the) name",
        "root_word": "بِسۡمِ",
        "global_word_sequence_number": 1,
        "global_verse_sequence_number": 1
    },
    {
        "chapter": 1,
        "verse": 1,
        "juz": 1,
        "hizb": 1,
        "manzil": 1,
        "ruku": 1,
        "word_number_in_verse": 2,
        "language_code": "en",
        "text": "(of) Allah",
        "root_word": "اللَّهِ",
        "global_word_sequence_number": 2,
        "global_verse_sequence_number": 1
    },
    {
        "chapter": 1,
        "verse": 1,
        "juz": 1,
        "hizb": 1,
        "manzil": 1,
        "ruku": 1,
        "word_number_in_verse": 3,
        "language_code": "en",
        "text": "the Most Gracious",
        "root_word": "الرَّحۡمَٰنِ",
        "global_word_sequence_number": 3,
        "global_verse_sequence_number": 1
    },
    {
        "chapter": 1,
        "verse": 1,
        "juz": 1,
        "hizb": 1,
        "manzil": 1,
        "ruku": 1,
        "word_number_in_verse": 4,
        "language_code": "en",
        "text": "the Most Merciful",
        "root_word": "الرَّحِيمِ",
        "global_word_sequence_number": 4,
        "global_verse_sequence_number": 1
    },
    {
        "chapter": 1,
        "verse": 2,
        "juz": 1,
        "hizb": 1,
        "manzil": 1,
        "ruku": 1,
        "word_number_in_verse": 1,
        "language_code": "en",
        "text": "All praises and thanks",
        "root_word": "ٱلۡحَمۡدُ",
        "global_word_sequence_number": 5,
        "global_verse_sequence_number": 2
    },
    {
        "chapter": 1,
        "verse": 2,
        "juz": 1,
        "hizb": 1,
        "manzil": 1,
        "ruku": 1,
        "word_number_in_verse": 2,
        "language_code": "en",
        "text": "(be) to Allah",
        "root_word": "لِلَّهِ",
        "global_word_sequence_number": 6,
        "global_verse_sequence_number": 2
    },
    {
        "chapter": 1,
        "verse": 2,
        "juz": 1,
        "hizb": 1,
        "manzil": 1,
        "ruku": 1,
        "word_number_in_verse": 3,
        "language_code": "en",
        "text": "the Lord",
        "root_word": "رَبِّ",
        "global_word_sequence_number": 7,
        "global_verse_sequence_number": 2
    },
    {
        "chapter": 1,
        "verse": 2,
        "juz": 1,
        "hizb": 1,
        "manzil": 1,
        "ruku": 1,
        "word_number_in_verse": 4,
        "language_code": "en",
        "text": "of the universe",
        "root_word": "ٱلۡعَٰلَمِينَ",
        "global_word_sequence_number": 8,
        "global_verse_sequence_number": 2
    },
    {
        "chapter": 1,
        "verse": 3,
        "juz": 1,
        "hizb": 1,
        "manzil": 1,
        "ruku": 1,
        "word_number_in_verse": 1,
        "language_code": "en",
        "text": "The Most Gracious",
        "root_word": "ٱلرَّحۡمَٰنِ",
        "global_word_sequence_number": 9,
        "global_verse_sequence_number": 3
    },
    {
        "chapter": 1,
        "verse": 3,
        "juz": 1,
        "hizb": 1,
        "manzil": 1,
        "ruku": 1,
        "word_number_in_verse": 2,
        "language_code": "en",
        "text": "the Most Merciful",
        "root_word": "ٱلرَّحِيمِ",
        "global_word_sequence_number": 10,
        "global_verse_sequence_number": 3
    },
    {
        "chapter": 1,
        "verse": 4,
        "juz": 1,
        "hizb": 1,
        "manzil": 1,
        "ruku": 1,
        "word_number_in_verse": 1,
        "language_code": "en",
        "text": "(The) Master",
        "root_word": "مَٰلِكِ",
        "global_word_sequence_number": 11,
        "global_verse_sequence_number": 4
    },
    {
        "chapter": 1,
        "verse": 4,
        "juz": 1,
        "hizb": 1,
        "manzil": 1,
        "ruku": 1,
        "word_number_in_verse": 2,
        "language_code": "en",
        "text": "(of the) Day",
        "root_word": "يَوۡمِ",
        "global_word_sequence_number": 12,
        "global_verse_sequence_number": 4
    },
    {
        "chapter": 1,
        "verse": 4,
        "juz": 1,
        "hizb": 1,
        "manzil": 1,
        "ruku": 1,
        "word_number_in_verse": 3,
        "language_code": "en",
        "text": "(of the) Judgment",
        "root_word": "ٱلدِّينِ",
        "global_word_sequence_number": 13,
        "global_verse_sequence_number": 4
    },
    {
        "chapter": 1,
        "verse": 5,
        "juz": 1,
        "hizb": 1,
        "manzil": 1,
        "ruku": 1,
        "word_number_in_verse": 1,
        "language_code": "en",
        "text": "You Alone",
        "root_word": "إِيَّاكَ",
        "global_word_sequence_number": 14,
        "global_verse_sequence_number": 5
    },
    {
        "chapter": 1,
        "verse": 5,
        "juz": 1,
        "hizb": 1,
        "manzil": 1,
        "ruku": 1,
        "word_number_in_verse": 2,
        "language_code": "en",
        "text": "we worship",
        "root_word": "نَعۡبُدُ",
        "global_word_sequence_number": 15,
        "global_verse_sequence_number": 5
    },
    {
        "chapter": 1,
        "verse": 5,
        "juz": 1,
        "hizb": 1,
        "manzil": 1,
        "ruku": 1,
        "word_number_in_verse": 3,
        "language_code": "en",
        "text": "and You Alone",
        "root_word": "وَإِيَّاكَ",
        "global_word_sequence_number": 16,
        "global_verse_sequence_number": 5
    },
    {
        "chapter": 1,
        "verse": 5,
        "juz": 1,
        "hizb": 1,
        "manzil": 1,
        "ruku": 1,
        "word_number_in_verse": 4,
        "language_code": "en",
        "text": "we ask for help",
        "root_word": "نَسۡتَعِينُ",
        "global_word_sequence_number": 17,
        "global_verse_sequence_number": 5
    },
    {
        "chapter": 1,
        "verse": 6,
        "juz": 1,
        "hizb": 1,
        "manzil": 1,
        "ruku": 1,
        "word_number_in_verse": 1,
        "language_code": "en",
        "text": "Guide us",
        "root_word": "ٱهۡدِنَا",
        "global_word_sequence_number": 18,
        "global_verse_sequence_number": 6
    },
    {
        "chapter": 1,
        "verse": 6,
        "juz": 1,
        "hizb": 1,
        "manzil": 1,
        "ruku": 1,
        "word_number_in_verse": 2,
        "language_code": "en",
        "text": "(to) the path",
        "root_word": "ٱلصِّرَٰطَ",
        "global_word_sequence_number": 19,
        "global_verse_sequence_number": 6
    },
    {
        "chapter": 1,
        "verse": 6,
        "juz": 1,
        "hizb": 1,
        "manzil": 1,
        "ruku": 1,
        "word_number_in_verse": 3,
        "language_code": "en",
        "text": "the straight",
        "root_word": "ٱلۡمُسۡتَقِيمَ",
        "global_word_sequence_number": 20,
        "global_verse_sequence_number": 6
    },
    {
        "chapter": 1,
        "verse": 7,
        "juz": 1,
        "hizb": 1,
        "manzil": 1,
        "ruku": 1,
        "word_number_in_verse": 1,
        "language_code": "en",
        "text": "(The) path",
        "root_word": "صِرَٰطَ",
        "global_word_sequence_number": 21,
        "global_verse_sequence_number": 7
    },
    {
        "chapter": 1,
        "verse": 7,
        "juz": 1,
        "hizb": 1,
        "manzil": 1,
        "ruku": 1,
        "word_number_in_verse": 2,
        "language_code": "en",
        "text": "(of) those",
        "root_word": "ٱلَّذِينَ",
        "global_word_sequence_number": 22,
        "global_verse_sequence_number": 7
    },
    {
        "chapter": 1,
        "verse": 7,
        "juz": 1,
        "hizb": 1,
        "manzil": 1,
        "ruku": 1,
        "word_number_in_verse": 3,
        "language_code": "en",
        "text": "You have bestowed (Your) Favors",
        "root_word": "أَنۡعَمۡتَ",
        "global_word_sequence_number": 23,
        "global_verse_sequence_number": 7
    },
    {
        "chapter": 1,
        "verse": 7,
        "juz": 1,
        "hizb": 1,
        "manzil": 1,
        "ruku": 1,
        "word_number_in_verse": 4,
        "language_code": "en",
        "text": "on them",
        "root_word": "عَلَيۡهِمۡ",
        "global_word_sequence_number": 24,
        "global_verse_sequence_number": 7
    },
    {
        "chapter": 1,
        "verse": 7,
        "juz": 1,
        "hizb": 1,
        "manzil": 1,
        "ruku": 1,
        "word_number_in_verse": 5,
        "language_code": "en",
        "text": "not (of)",
        "root_word": "غَيۡرِ",
        "global_word_sequence_number": 25,
        "global_verse_sequence_number": 7
    },
    {
        "chapter": 1,
        "verse": 7,
        "juz": 1,
        "hizb": 1,
        "manzil": 1,
        "ruku": 1,
        "word_number_in_verse": 6,
        "language_code": "en",
        "text": "those who earned (Your) wrath",
        "root_word": "ٱلۡمَغۡضُوبِ",
        "global_word_sequence_number": 26,
        "global_verse_sequence_number": 7
    },
    {
        "chapter": 1,
        "verse": 7,
        "juz": 1,
        "hizb": 1,
        "manzil": 1,
        "ruku": 1,
        "word_number_in_verse": 7,
        "language_code": "en",
        "text": "on themselves",
        "root_word": "عَلَيۡهِمۡ",
        "global_word_sequence_number": 27,
        "global_verse_sequence_number": 7
    },
    {
        "chapter": 1,
        "verse": 7,
        "juz": 1,
        "hizb": 1,
        "manzil": 1,
        "ruku": 1,
        "word_number_in_verse": 8,
        "language_code": "en",
        "text": "and not",
        "root_word": "وَلَا",
        "global_word_sequence_number": 28,
        "global_verse_sequence_number": 7
    },
    {
        "chapter": 1,
        "verse": 7,
        "juz": 1,
        "hizb": 1,
        "manzil": 1,
        "ruku": 1,
        "word_number_in_verse": 9,
        "language_code": "en",
        "text": "(of) those who go astray",
        "root_word": "ٱلضَّآلِّينَ",
        "global_word_sequence_number": 29,
        "global_verse_sequence_number": 7
    }
]