[
    {
        "chapter": 61,
        "verse": 1,
        "juz": 28,
        "hizb": 220,
        "manzil": 7,
        "ruku": 484,
        "word_number_in_verse": 1,
        "language_code": "en",
        "text": "Glorifies",
        "root_word": "سَبَّحَ",
        "global_word_sequence_number": 71108,
        "global_verse_sequence_number": 5164
    },
    {
        "chapter": 61,
        "verse": 1,
        "juz": 28,
        "hizb": 220,
        "manzil": 7,
        "ruku": 484,
        "word_number_in_verse": 2,
        "language_code": "en",
        "text": "Allah",
        "root_word": "لِلَّهِ",
        "global_word_sequence_number": 71109,
        "global_verse_sequence_number": 5164
    },
    {
        "chapter": 61,
        "verse": 1,
        "juz": 28,
        "hizb": 220,
        "manzil": 7,
        "ruku": 484,
        "word_number_in_verse": 3,
        "language_code": "en",
        "text": "whatever",
        "root_word": "مَا",
        "global_word_sequence_number": 71110,
        "global_verse_sequence_number": 5164
    },
    {
        "chapter": 61,
        "verse": 1,
        "juz": 28,
        "hizb": 220,
        "manzil": 7,
        "ruku": 484,
        "word_number_in_verse": 4,
        "language_code": "en",
        "text": "(is) in",
        "root_word": "فِي",
        "global_word_sequence_number": 71111,
        "global_verse_sequence_number": 5164
    },
    {
        "chapter": 61,
        "verse": 1,
        "juz": 28,
        "hizb": 220,
        "manzil": 7,
        "ruku": 484,
        "word_number_in_verse": 5,
        "language_code": "en",
        "text": "the heavens",
        "root_word": "السَّمَٰوَٰتِ",
        "global_word_sequence_number": 71112,
        "global_verse_sequence_number": 5164
    },
    {
        "chapter": 61,
        "verse": 1,
        "juz": 28,
        "hizb": 220,
        "manzil": 7,
        "ruku": 484,
        "word_number_in_verse": 6,
        "language_code": "en",
        "text": "and whatever",
        "root_word": "وَمَا",
        "global_word_sequence_number": 71113,
        "global_verse_sequence_number": 5164
    },
    {
        "chapter": 61,
        "verse": 1,
        "juz": 28,
        "hizb": 220,
        "manzil": 7,
        "ruku": 484,
        "word_number_in_verse": 7,
        "language_code": "en",
        "text": "(is) in",
        "root_word": "فِي",
        "global_word_sequence_number": 71114,
        "global_verse_sequence_number": 5164
    },
    {
        "chapter": 61,
        "verse": 1,
        "juz": 28,
        "hizb": 220,
        "manzil": 7,
        "ruku": 484,
        "word_number_in_verse": 8,
        "language_code": "en",
        "text": "the earth",
        "root_word": "الۡأَرۡضِۖ",
        "global_word_sequence_number": 71115,
        "global_verse_sequence_number": 5164
    },
    {
        "chapter": 61,
        "verse": 1,
        "juz": 28,
        "hizb": 220,
        "manzil": 7,
        "ruku": 484,
        "word_number_in_verse": 9,
        "language_code": "en",
        "text": "And He",
        "root_word": "وَهُوَ",
        "global_word_sequence_number": 71116,
        "global_verse_sequence_number": 5164
    },
    {
        "chapter": 61,
        "verse": 1,
        "juz": 28,
        "hizb": 220,
        "manzil": 7,
        "ruku": 484,
        "word_number_in_verse": 10,
        "language_code": "en",
        "text": "(is) the All-Mighty",
        "root_word": "الۡعَزِيزُ",
        "global_word_sequence_number": 71117,
        "global_verse_sequence_number": 5164
    },
    {
        "chapter": 61,
        "verse": 1,
        "juz": 28,
        "hizb": 220,
        "manzil": 7,
        "ruku": 484,
        "word_number_in_verse": 11,
        "language_code": "en",
        "text": "the All-Wise",
        "root_word": "الۡحَكِيمُ",
        "global_word_sequence_number": 71118,
        "global_verse_sequence_number": 5164
    },
    {
        "chapter": 61,
        "verse": 2,
        "juz": 28,
        "hizb": 220,
        "manzil": 7,
        "ruku": 484,
        "word_number_in_verse": 1,
        "language_code": "en",
        "text": "O",
        "root_word": "يَٰٓأَيُّهَا",
        "global_word_sequence_number": 71119,
        "global_verse_sequence_number": 5165
    },
    {
        "chapter": 61,
        "verse": 2,
        "juz": 28,
        "hizb": 220,
        "manzil": 7,
        "ruku": 484,
        "word_number_in_verse": 2,
        "language_code": "en",
        "text": "(you) who",
        "root_word": "الَّذِينَ",
        "global_word_sequence_number": 71120,
        "global_verse_sequence_number": 5165
    },
    {
        "chapter": 61,
        "verse": 2,
        "juz": 28,
        "hizb": 220,
        "manzil": 7,
        "ruku": 484,
        "word_number_in_verse": 3,
        "language_code": "en",
        "text": "believe",
        "root_word": "ءَامَنُواْ",
        "global_word_sequence_number": 71121,
        "global_verse_sequence_number": 5165
    },
    {
        "chapter": 61,
        "verse": 2,
        "juz": 28,
        "hizb": 220,
        "manzil": 7,
        "ruku": 484,
        "word_number_in_verse": 4,
        "language_code": "en",
        "text": "Why",
        "root_word": "لِمَ",
        "global_word_sequence_number": 71122,
        "global_verse_sequence_number": 5165
    },
    {
        "chapter": 61,
        "verse": 2,
        "juz": 28,
        "hizb": 220,
        "manzil": 7,
        "ruku": 484,
        "word_number_in_verse": 5,
        "language_code": "en",
        "text": "(do) you say",
        "root_word": "تَقُولُونَ",
        "global_word_sequence_number": 71123,
        "global_verse_sequence_number": 5165
    },
    {
        "chapter": 61,
        "verse": 2,
        "juz": 28,
        "hizb": 220,
        "manzil": 7,
        "ruku": 484,
        "word_number_in_verse": 6,
        "language_code": "en",
        "text": "what",
        "root_word": "مَا",
        "global_word_sequence_number": 71124,
        "global_verse_sequence_number": 5165
    },
    {
        "chapter": 61,
        "verse": 2,
        "juz": 28,
        "hizb": 220,
        "manzil": 7,
        "ruku": 484,
        "word_number_in_verse": 7,
        "language_code": "en",
        "text": "not",
        "root_word": "لَا",
        "global_word_sequence_number": 71125,
        "global_verse_sequence_number": 5165
    },
    {
        "chapter": 61,
        "verse": 2,
        "juz": 28,
        "hizb": 220,
        "manzil": 7,
        "ruku": 484,
        "word_number_in_verse": 8,
        "language_code": "en",
        "text": "you do",
        "root_word": "تَفۡعَلُونَ",
        "global_word_sequence_number": 71126,
        "global_verse_sequence_number": 5165
    },
    {
        "chapter": 61,
        "verse": 3,
        "juz": 28,
        "hizb": 220,
        "manzil": 7,
        "ruku": 484,
        "word_number_in_verse": 1,
        "language_code": "en",
        "text": "Great is",
        "root_word": "كَبُرَ",
        "global_word_sequence_number": 71127,
        "global_verse_sequence_number": 5166
    },
    {
        "chapter": 61,
        "verse": 3,
        "juz": 28,
        "hizb": 220,
        "manzil": 7,
        "ruku": 484,
        "word_number_in_verse": 2,
        "language_code": "en",
        "text": "hatred",
        "root_word": "مَقۡتًا",
        "global_word_sequence_number": 71128,
        "global_verse_sequence_number": 5166
    },
    {
        "chapter": 61,
        "verse": 3,
        "juz": 28,
        "hizb": 220,
        "manzil": 7,
        "ruku": 484,
        "word_number_in_verse": 3,
        "language_code": "en",
        "text": "with",
        "root_word": "عِندَ",
        "global_word_sequence_number": 71129,
        "global_verse_sequence_number": 5166
    },
    {
        "chapter": 61,
        "verse": 3,
        "juz": 28,
        "hizb": 220,
        "manzil": 7,
        "ruku": 484,
        "word_number_in_verse": 4,
        "language_code": "en",
        "text": "Allah",
        "root_word": "اللَّهِ",
        "global_word_sequence_number": 71130,
        "global_verse_sequence_number": 5166
    },
    {
        "chapter": 61,
        "verse": 3,
        "juz": 28,
        "hizb": 220,
        "manzil": 7,
        "ruku": 484,
        "word_number_in_verse": 5,
        "language_code": "en",
        "text": "that",
        "root_word": "أَن",
        "global_word_sequence_number": 71131,
        "global_verse_sequence_number": 5166
    },
    {
        "chapter": 61,
        "verse": 3,
        "juz": 28,
        "hizb": 220,
        "manzil": 7,
        "ruku": 484,
        "word_number_in_verse": 6,
        "language_code": "en",
        "text": "you say",
        "root_word": "تَقُولُواْ",
        "global_word_sequence_number": 71132,
        "global_verse_sequence_number": 5166
    },
    {
        "chapter": 61,
        "verse": 3,
        "juz": 28,
        "hizb": 220,
        "manzil": 7,
        "ruku": 484,
        "word_number_in_verse": 7,
        "language_code": "en",
        "text": "what",
        "root_word": "مَا",
        "global_word_sequence_number": 71133,
        "global_verse_sequence_number": 5166
    },
    {
        "chapter": 61,
        "verse": 3,
        "juz": 28,
        "hizb": 220,
        "manzil": 7,
        "ruku": 484,
        "word_number_in_verse": 8,
        "language_code": "en",
        "text": "not",
        "root_word": "لَا",
        "global_word_sequence_number": 71134,
        "global_verse_sequence_number": 5166
    },
    {
        "chapter": 61,
        "verse": 3,
        "juz": 28,
        "hizb": 220,
        "manzil": 7,
        "ruku": 484,
        "word_number_in_verse": 9,
        "language_code": "en",
        "text": "you do",
        "root_word": "تَفۡعَلُونَ",
        "global_word_sequence_number": 71135,
        "global_verse_sequence_number": 5166
    },
    {
        "chapter": 61,
        "verse": 4,
        "juz": 28,
        "hizb": 220,
        "manzil": 7,
        "ruku": 484,
        "word_number_in_verse": 1,
        "language_code": "en",
        "text": "Indeed",
        "root_word": "إِنَّ",
        "global_word_sequence_number": 71136,
        "global_verse_sequence_number": 5167
    },
    {
        "chapter": 61,
        "verse": 4,
        "juz": 28,
        "hizb": 220,
        "manzil": 7,
        "ruku": 484,
        "word_number_in_verse": 2,
        "language_code": "en",
        "text": "Allah",
        "root_word": "اللَّهَ",
        "global_word_sequence_number": 71137,
        "global_verse_sequence_number": 5167
    },
    {
        "chapter": 61,
        "verse": 4,
        "juz": 28,
        "hizb": 220,
        "manzil": 7,
        "ruku": 484,
        "word_number_in_verse": 3,
        "language_code": "en",
        "text": "loves",
        "root_word": "يُحِبُّ",
        "global_word_sequence_number": 71138,
        "global_verse_sequence_number": 5167
    },
    {
        "chapter": 61,
        "verse": 4,
        "juz": 28,
        "hizb": 220,
        "manzil": 7,
        "ruku": 484,
        "word_number_in_verse": 4,
        "language_code": "en",
        "text": "those who",
        "root_word": "الَّذِينَ",
        "global_word_sequence_number": 71139,
        "global_verse_sequence_number": 5167
    },
    {
        "chapter": 61,
        "verse": 4,
        "juz": 28,
        "hizb": 220,
        "manzil": 7,
        "ruku": 484,
        "word_number_in_verse": 5,
        "language_code": "en",
        "text": "fight",
        "root_word": "يُقَٰتِلُونَ",
        "global_word_sequence_number": 71140,
        "global_verse_sequence_number": 5167
    },
    {
        "chapter": 61,
        "verse": 4,
        "juz": 28,
        "hizb": 220,
        "manzil": 7,
        "ruku": 484,
        "word_number_in_verse": 6,
        "language_code": "en",
        "text": "in",
        "root_word": "فِي",
        "global_word_sequence_number": 71141,
        "global_verse_sequence_number": 5167
    },
    {
        "chapter": 61,
        "verse": 4,
        "juz": 28,
        "hizb": 220,
        "manzil": 7,
        "ruku": 484,
        "word_number_in_verse": 7,
        "language_code": "en",
        "text": "His Way",
        "root_word": "سَبِيلِهِۦ",
        "global_word_sequence_number": 71142,
        "global_verse_sequence_number": 5167
    },
    {
        "chapter": 61,
        "verse": 4,
        "juz": 28,
        "hizb": 220,
        "manzil": 7,
        "ruku": 484,
        "word_number_in_verse": 8,
        "language_code": "en",
        "text": "(in) a row",
        "root_word": "صَفّٗا",
        "global_word_sequence_number": 71143,
        "global_verse_sequence_number": 5167
    },
    {
        "chapter": 61,
        "verse": 4,
        "juz": 28,
        "hizb": 220,
        "manzil": 7,
        "ruku": 484,
        "word_number_in_verse": 9,
        "language_code": "en",
        "text": "as if they",
        "root_word": "كَأَنَّهُم",
        "global_word_sequence_number": 71144,
        "global_verse_sequence_number": 5167
    },
    {
        "chapter": 61,
        "verse": 4,
        "juz": 28,
        "hizb": 220,
        "manzil": 7,
        "ruku": 484,
        "word_number_in_verse": 10,
        "language_code": "en",
        "text": "(were) a structure",
        "root_word": "بُنۡيَٰنٞ",
        "global_word_sequence_number": 71145,
        "global_verse_sequence_number": 5167
    },
    {
        "chapter": 61,
        "verse": 4,
        "juz": 28,
        "hizb": 220,
        "manzil": 7,
        "ruku": 484,
        "word_number_in_verse": 11,
        "language_code": "en",
        "text": "joined firmly",
        "root_word": "مَّرۡصُوصٞ",
        "global_word_sequence_number": 71146,
        "global_verse_sequence_number": 5167
    },
    {
        "chapter": 61,
        "verse": 5,
        "juz": 28,
        "hizb": 220,
        "manzil": 7,
        "ruku": 484,
        "word_number_in_verse": 1,
        "language_code": "en",
        "text": "And when",
        "root_word": "وَإِذۡ",
        "global_word_sequence_number": 71147,
        "global_verse_sequence_number": 5168
    },
    {
        "chapter": 61,
        "verse": 5,
        "juz": 28,
        "hizb": 220,
        "manzil": 7,
        "ruku": 484,
        "word_number_in_verse": 2,
        "language_code": "en",
        "text": "said",
        "root_word": "قَالَ",
        "global_word_sequence_number": 71148,
        "global_verse_sequence_number": 5168
    },
    {
        "chapter": 61,
        "verse": 5,
        "juz": 28,
        "hizb": 220,
        "manzil": 7,
        "ruku": 484,
        "word_number_in_verse": 3,
        "language_code": "en",
        "text": "Musa",
        "root_word": "مُوسَىٰ",
        "global_word_sequence_number": 71149,
        "global_verse_sequence_number": 5168
    },
    {
        "chapter": 61,
        "verse": 5,
        "juz": 28,
        "hizb": 220,
        "manzil": 7,
        "ruku": 484,
        "word_number_in_verse": 4,
        "language_code": "en",
        "text": "to his people",
        "root_word": "لِقَوۡمِهِۦ",
        "global_word_sequence_number": 71150,
        "global_verse_sequence_number": 5168
    },
    {
        "chapter": 61,
        "verse": 5,
        "juz": 28,
        "hizb": 220,
        "manzil": 7,
        "ruku": 484,
        "word_number_in_verse": 5,
        "language_code": "en",
        "text": "O my people",
        "root_word": "يَٰقَوۡمِ",
        "global_word_sequence_number": 71151,
        "global_verse_sequence_number": 5168
    },
    {
        "chapter": 61,
        "verse": 5,
        "juz": 28,
        "hizb": 220,
        "manzil": 7,
        "ruku": 484,
        "word_number_in_verse": 6,
        "language_code": "en",
        "text": "Why",
        "root_word": "لِمَ",
        "global_word_sequence_number": 71152,
        "global_verse_sequence_number": 5168
    },
    {
        "chapter": 61,
        "verse": 5,
        "juz": 28,
        "hizb": 220,
        "manzil": 7,
        "ruku": 484,
        "word_number_in_verse": 7,
        "language_code": "en",
        "text": "do you hurt me",
        "root_word": "تُؤۡذُونَنِي",
        "global_word_sequence_number": 71153,
        "global_verse_sequence_number": 5168
    },
    {
        "chapter": 61,
        "verse": 5,
        "juz": 28,
        "hizb": 220,
        "manzil": 7,
        "ruku": 484,
        "word_number_in_verse": 8,
        "language_code": "en",
        "text": "while certainly",
        "root_word": "وَقَد",
        "global_word_sequence_number": 71154,
        "global_verse_sequence_number": 5168
    },
    {
        "chapter": 61,
        "verse": 5,
        "juz": 28,
        "hizb": 220,
        "manzil": 7,
        "ruku": 484,
        "word_number_in_verse": 9,
        "language_code": "en",
        "text": "you know",
        "root_word": "تَّعۡلَمُونَ",
        "global_word_sequence_number": 71155,
        "global_verse_sequence_number": 5168
    },
    {
        "chapter": 61,
        "verse": 5,
        "juz": 28,
        "hizb": 220,
        "manzil": 7,
        "ruku": 484,
        "word_number_in_verse": 10,
        "language_code": "en",
        "text": "that I am",
        "root_word": "أَنِّي",
        "global_word_sequence_number": 71156,
        "global_verse_sequence_number": 5168
    },
    {
        "chapter": 61,
        "verse": 5,
        "juz": 28,
        "hizb": 220,
        "manzil": 7,
        "ruku": 484,
        "word_number_in_verse": 11,
        "language_code": "en",
        "text": "(the) Messenger",
        "root_word": "رَسُولُ",
        "global_word_sequence_number": 71157,
        "global_verse_sequence_number": 5168
    },
    {
        "chapter": 61,
        "verse": 5,
        "juz": 28,
        "hizb": 220,
        "manzil": 7,
        "ruku": 484,
        "word_number_in_verse": 12,
        "language_code": "en",
        "text": "(of) Allah",
        "root_word": "اللَّهِ",
        "global_word_sequence_number": 71158,
        "global_verse_sequence_number": 5168
    },
    {
        "chapter": 61,
        "verse": 5,
        "juz": 28,
        "hizb": 220,
        "manzil": 7,
        "ruku": 484,
        "word_number_in_verse": 13,
        "language_code": "en",
        "text": "to you",
        "root_word": "إِلَيۡكُمۡۖ",
        "global_word_sequence_number": 71159,
        "global_verse_sequence_number": 5168
    },
    {
        "chapter": 61,
        "verse": 5,
        "juz": 28,
        "hizb": 220,
        "manzil": 7,
        "ruku": 484,
        "word_number_in_verse": 14,
        "language_code": "en",
        "text": "Then when",
        "root_word": "فَلَمَّا",
        "global_word_sequence_number": 71160,
        "global_verse_sequence_number": 5168
    },
    {
        "chapter": 61,
        "verse": 5,
        "juz": 28,
        "hizb": 220,
        "manzil": 7,
        "ruku": 484,
        "word_number_in_verse": 15,
        "language_code": "en",
        "text": "they deviated",
        "root_word": "زَاغُوٓاْ",
        "global_word_sequence_number": 71161,
        "global_verse_sequence_number": 5168
    },
    {
        "chapter": 61,
        "verse": 5,
        "juz": 28,
        "hizb": 220,
        "manzil": 7,
        "ruku": 484,
        "word_number_in_verse": 16,
        "language_code": "en",
        "text": "(was caused to) deviate",
        "root_word": "أَزَاغَ",
        "global_word_sequence_number": 71162,
        "global_verse_sequence_number": 5168
    },
    {
        "chapter": 61,
        "verse": 5,
        "juz": 28,
        "hizb": 220,
        "manzil": 7,
        "ruku": 484,
        "word_number_in_verse": 17,
        "language_code": "en",
        "text": "(by) Allah",
        "root_word": "اللَّهُ",
        "global_word_sequence_number": 71163,
        "global_verse_sequence_number": 5168
    },
    {
        "chapter": 61,
        "verse": 5,
        "juz": 28,
        "hizb": 220,
        "manzil": 7,
        "ruku": 484,
        "word_number_in_verse": 18,
        "language_code": "en",
        "text": "their hearts",
        "root_word": "قُلُوبَهُمۡۚ",
        "global_word_sequence_number": 71164,
        "global_verse_sequence_number": 5168
    },
    {
        "chapter": 61,
        "verse": 5,
        "juz": 28,
        "hizb": 220,
        "manzil": 7,
        "ruku": 484,
        "word_number_in_verse": 19,
        "language_code": "en",
        "text": "And Allah",
        "root_word": "وَاللَّهُ",
        "global_word_sequence_number": 71165,
        "global_verse_sequence_number": 5168
    },
    {
        "chapter": 61,
        "verse": 5,
        "juz": 28,
        "hizb": 220,
        "manzil": 7,
        "ruku": 484,
        "word_number_in_verse": 20,
        "language_code": "en",
        "text": "(does) not",
        "root_word": "لَا",
        "global_word_sequence_number": 71166,
        "global_verse_sequence_number": 5168
    },
    {
        "chapter": 61,
        "verse": 5,
        "juz": 28,
        "hizb": 220,
        "manzil": 7,
        "ruku": 484,
        "word_number_in_verse": 21,
        "language_code": "en",
        "text": "guide",
        "root_word": "يَهۡدِي",
        "global_word_sequence_number": 71167,
        "global_verse_sequence_number": 5168
    },
    {
        "chapter": 61,
        "verse": 5,
        "juz": 28,
        "hizb": 220,
        "manzil": 7,
        "ruku": 484,
        "word_number_in_verse": 22,
        "language_code": "en",
        "text": "the people",
        "root_word": "الۡقَوۡمَ",
        "global_word_sequence_number": 71168,
        "global_verse_sequence_number": 5168
    },
    {
        "chapter": 61,
        "verse": 5,
        "juz": 28,
        "hizb": 220,
        "manzil": 7,
        "ruku": 484,
        "word_number_in_verse": 23,
        "language_code": "en",
        "text": "the defiantly disobedient",
        "root_word": "الۡفَٰسِقِينَ",
        "global_word_sequence_number": 71169,
        "global_verse_sequence_number": 5168
    },
    {
        "chapter": 61,
        "verse": 6,
        "juz": 28,
        "hizb": 220,
        "manzil": 7,
        "ruku": 484,
        "word_number_in_verse": 1,
        "language_code": "en",
        "text": "And when",
        "root_word": "وَإِذۡ",
        "global_word_sequence_number": 71170,
        "global_verse_sequence_number": 5169
    },
    {
        "chapter": 61,
        "verse": 6,
        "juz": 28,
        "hizb": 220,
        "manzil": 7,
        "ruku": 484,
        "word_number_in_verse": 2,
        "language_code": "en",
        "text": "said",
        "root_word": "قَالَ",
        "global_word_sequence_number": 71171,
        "global_verse_sequence_number": 5169
    },
    {
        "chapter": 61,
        "verse": 6,
        "juz": 28,
        "hizb": 220,
        "manzil": 7,
        "ruku": 484,
        "word_number_in_verse": 3,
        "language_code": "en",
        "text": "Isa",
        "root_word": "عِيسَى",
        "global_word_sequence_number": 71172,
        "global_verse_sequence_number": 5169
    },
    {
        "chapter": 61,
        "verse": 6,
        "juz": 28,
        "hizb": 220,
        "manzil": 7,
        "ruku": 484,
        "word_number_in_verse": 4,
        "language_code": "en",
        "text": "son",
        "root_word": "ابۡنُ",
        "global_word_sequence_number": 71173,
        "global_verse_sequence_number": 5169
    },
    {
        "chapter": 61,
        "verse": 6,
        "juz": 28,
        "hizb": 220,
        "manzil": 7,
        "ruku": 484,
        "word_number_in_verse": 5,
        "language_code": "en",
        "text": "(of) Maryam",
        "root_word": "مَرۡيَمَ",
        "global_word_sequence_number": 71174,
        "global_verse_sequence_number": 5169
    },
    {
        "chapter": 61,
        "verse": 6,
        "juz": 28,
        "hizb": 220,
        "manzil": 7,
        "ruku": 484,
        "word_number_in_verse": 6,
        "language_code": "en",
        "text": "O Children",
        "root_word": "يَٰبَنِيٓ",
        "global_word_sequence_number": 71175,
        "global_verse_sequence_number": 5169
    },
    {
        "chapter": 61,
        "verse": 6,
        "juz": 28,
        "hizb": 220,
        "manzil": 7,
        "ruku": 484,
        "word_number_in_verse": 7,
        "language_code": "en",
        "text": "(of) Israel",
        "root_word": "إِسۡرَٰٓءِيلَ",
        "global_word_sequence_number": 71176,
        "global_verse_sequence_number": 5169
    },
    {
        "chapter": 61,
        "verse": 6,
        "juz": 28,
        "hizb": 220,
        "manzil": 7,
        "ruku": 484,
        "word_number_in_verse": 8,
        "language_code": "en",
        "text": "Indeed I am",
        "root_word": "إِنِّي",
        "global_word_sequence_number": 71177,
        "global_verse_sequence_number": 5169
    },
    {
        "chapter": 61,
        "verse": 6,
        "juz": 28,
        "hizb": 220,
        "manzil": 7,
        "ruku": 484,
        "word_number_in_verse": 9,
        "language_code": "en",
        "text": "(the) Messenger",
        "root_word": "رَسُولُ",
        "global_word_sequence_number": 71178,
        "global_verse_sequence_number": 5169
    },
    {
        "chapter": 61,
        "verse": 6,
        "juz": 28,
        "hizb": 220,
        "manzil": 7,
        "ruku": 484,
        "word_number_in_verse": 10,
        "language_code": "en",
        "text": "(of) Allah",
        "root_word": "اللَّهِ",
        "global_word_sequence_number": 71179,
        "global_verse_sequence_number": 5169
    },
    {
        "chapter": 61,
        "verse": 6,
        "juz": 28,
        "hizb": 220,
        "manzil": 7,
        "ruku": 484,
        "word_number_in_verse": 11,
        "language_code": "en",
        "text": "to you",
        "root_word": "إِلَيۡكُم",
        "global_word_sequence_number": 71180,
        "global_verse_sequence_number": 5169
    },
    {
        "chapter": 61,
        "verse": 6,
        "juz": 28,
        "hizb": 220,
        "manzil": 7,
        "ruku": 484,
        "word_number_in_verse": 12,
        "language_code": "en",
        "text": "confirming",
        "root_word": "مُّصَدِّقٗا",
        "global_word_sequence_number": 71181,
        "global_verse_sequence_number": 5169
    },
    {
        "chapter": 61,
        "verse": 6,
        "juz": 28,
        "hizb": 220,
        "manzil": 7,
        "ruku": 484,
        "word_number_in_verse": 13,
        "language_code": "en",
        "text": "that which",
        "root_word": "لِّمَا",
        "global_word_sequence_number": 71182,
        "global_verse_sequence_number": 5169
    },
    {
        "chapter": 61,
        "verse": 6,
        "juz": 28,
        "hizb": 220,
        "manzil": 7,
        "ruku": 484,
        "word_number_in_verse": 14,
        "language_code": "en",
        "text": "(was) between",
        "root_word": "بَيۡنَ",
        "global_word_sequence_number": 71183,
        "global_verse_sequence_number": 5169
    },
    {
        "chapter": 61,
        "verse": 6,
        "juz": 28,
        "hizb": 220,
        "manzil": 7,
        "ruku": 484,
        "word_number_in_verse": 15,
        "language_code": "en",
        "text": "my hands",
        "root_word": "يَدَيَّ",
        "global_word_sequence_number": 71184,
        "global_verse_sequence_number": 5169
    },
    {
        "chapter": 61,
        "verse": 6,
        "juz": 28,
        "hizb": 220,
        "manzil": 7,
        "ruku": 484,
        "word_number_in_verse": 16,
        "language_code": "en",
        "text": "of",
        "root_word": "مِنَ",
        "global_word_sequence_number": 71185,
        "global_verse_sequence_number": 5169
    },
    {
        "chapter": 61,
        "verse": 6,
        "juz": 28,
        "hizb": 220,
        "manzil": 7,
        "ruku": 484,
        "word_number_in_verse": 17,
        "language_code": "en",
        "text": "the Taurat",
        "root_word": "التَّوۡرَىٰةِ",
        "global_word_sequence_number": 71186,
        "global_verse_sequence_number": 5169
    },
    {
        "chapter": 61,
        "verse": 6,
        "juz": 28,
        "hizb": 220,
        "manzil": 7,
        "ruku": 484,
        "word_number_in_verse": 18,
        "language_code": "en",
        "text": "and bringing glad tidings",
        "root_word": "وَمُبَشِّرَۢا",
        "global_word_sequence_number": 71187,
        "global_verse_sequence_number": 5169
    },
    {
        "chapter": 61,
        "verse": 6,
        "juz": 28,
        "hizb": 220,
        "manzil": 7,
        "ruku": 484,
        "word_number_in_verse": 19,
        "language_code": "en",
        "text": "(of) a Messenger",
        "root_word": "بِرَسُولٖ",
        "global_word_sequence_number": 71188,
        "global_verse_sequence_number": 5169
    },
    {
        "chapter": 61,
        "verse": 6,
        "juz": 28,
        "hizb": 220,
        "manzil": 7,
        "ruku": 484,
        "word_number_in_verse": 20,
        "language_code": "en",
        "text": "to come",
        "root_word": "يَأۡتِي",
        "global_word_sequence_number": 71189,
        "global_verse_sequence_number": 5169
    },
    {
        "chapter": 61,
        "verse": 6,
        "juz": 28,
        "hizb": 220,
        "manzil": 7,
        "ruku": 484,
        "word_number_in_verse": 21,
        "language_code": "en",
        "text": "from",
        "root_word": "مِنۢ",
        "global_word_sequence_number": 71190,
        "global_verse_sequence_number": 5169
    },
    {
        "chapter": 61,
        "verse": 6,
        "juz": 28,
        "hizb": 220,
        "manzil": 7,
        "ruku": 484,
        "word_number_in_verse": 22,
        "language_code": "en",
        "text": "after me",
        "root_word": "بَعۡدِي",
        "global_word_sequence_number": 71191,
        "global_verse_sequence_number": 5169
    },
    {
        "chapter": 61,
        "verse": 6,
        "juz": 28,
        "hizb": 220,
        "manzil": 7,
        "ruku": 484,
        "word_number_in_verse": 23,
        "language_code": "en",
        "text": "whose name (will be)",
        "root_word": "اسۡمُهُۥٓ",
        "global_word_sequence_number": 71192,
        "global_verse_sequence_number": 5169
    },
    {
        "chapter": 61,
        "verse": 6,
        "juz": 28,
        "hizb": 220,
        "manzil": 7,
        "ruku": 484,
        "word_number_in_verse": 24,
        "language_code": "en",
        "text": "Ahmad",
        "root_word": "أَحۡمَدُۖ",
        "global_word_sequence_number": 71193,
        "global_verse_sequence_number": 5169
    },
    {
        "chapter": 61,
        "verse": 6,
        "juz": 28,
        "hizb": 220,
        "manzil": 7,
        "ruku": 484,
        "word_number_in_verse": 25,
        "language_code": "en",
        "text": "But when",
        "root_word": "فَلَمَّا",
        "global_word_sequence_number": 71194,
        "global_verse_sequence_number": 5169
    },
    {
        "chapter": 61,
        "verse": 6,
        "juz": 28,
        "hizb": 220,
        "manzil": 7,
        "ruku": 484,
        "word_number_in_verse": 26,
        "language_code": "en",
        "text": "he came to them",
        "root_word": "جَآءَهُم",
        "global_word_sequence_number": 71195,
        "global_verse_sequence_number": 5169
    },
    {
        "chapter": 61,
        "verse": 6,
        "juz": 28,
        "hizb": 220,
        "manzil": 7,
        "ruku": 484,
        "word_number_in_verse": 27,
        "language_code": "en",
        "text": "with clear proofs",
        "root_word": "بِالۡبَيِّنَٰتِ",
        "global_word_sequence_number": 71196,
        "global_verse_sequence_number": 5169
    },
    {
        "chapter": 61,
        "verse": 6,
        "juz": 28,
        "hizb": 220,
        "manzil": 7,
        "ruku": 484,
        "word_number_in_verse": 28,
        "language_code": "en",
        "text": "they said",
        "root_word": "قَالُواْ",
        "global_word_sequence_number": 71197,
        "global_verse_sequence_number": 5169
    },
    {
        "chapter": 61,
        "verse": 6,
        "juz": 28,
        "hizb": 220,
        "manzil": 7,
        "ruku": 484,
        "word_number_in_verse": 29,
        "language_code": "en",
        "text": "This",
        "root_word": "هَٰذَا",
        "global_word_sequence_number": 71198,
        "global_verse_sequence_number": 5169
    },
    {
        "chapter": 61,
        "verse": 6,
        "juz": 28,
        "hizb": 220,
        "manzil": 7,
        "ruku": 484,
        "word_number_in_verse": 30,
        "language_code": "en",
        "text": "(is) a magic",
        "root_word": "سِحۡرٞ",
        "global_word_sequence_number": 71199,
        "global_verse_sequence_number": 5169
    },
    {
        "chapter": 61,
        "verse": 6,
        "juz": 28,
        "hizb": 220,
        "manzil": 7,
        "ruku": 484,
        "word_number_in_verse": 31,
        "language_code": "en",
        "text": "clear",
        "root_word": "مُّبِينٞ",
        "global_word_sequence_number": 71200,
        "global_verse_sequence_number": 5169
    },
    {
        "chapter": 61,
        "verse": 7,
        "juz": 28,
        "hizb": 220,
        "manzil": 7,
        "ruku": 484,
        "word_number_in_verse": 1,
        "language_code": "en",
        "text": "And who",
        "root_word": "وَمَنۡ",
        "global_word_sequence_number": 71201,
        "global_verse_sequence_number": 5170
    },
    {
        "chapter": 61,
        "verse": 7,
        "juz": 28,
        "hizb": 220,
        "manzil": 7,
        "ruku": 484,
        "word_number_in_verse": 2,
        "language_code": "en",
        "text": "(is) more wrong",
        "root_word": "أَظۡلَمُ",
        "global_word_sequence_number": 71202,
        "global_verse_sequence_number": 5170
    },
    {
        "chapter": 61,
        "verse": 7,
        "juz": 28,
        "hizb": 220,
        "manzil": 7,
        "ruku": 484,
        "word_number_in_verse": 3,
        "language_code": "en",
        "text": "than (one) who",
        "root_word": "مِمَّنِ",
        "global_word_sequence_number": 71203,
        "global_verse_sequence_number": 5170
    },
    {
        "chapter": 61,
        "verse": 7,
        "juz": 28,
        "hizb": 220,
        "manzil": 7,
        "ruku": 484,
        "word_number_in_verse": 4,
        "language_code": "en",
        "text": "invents",
        "root_word": "افۡتَرَىٰ",
        "global_word_sequence_number": 71204,
        "global_verse_sequence_number": 5170
    },
    {
        "chapter": 61,
        "verse": 7,
        "juz": 28,
        "hizb": 220,
        "manzil": 7,
        "ruku": 484,
        "word_number_in_verse": 5,
        "language_code": "en",
        "text": "upon",
        "root_word": "عَلَى",
        "global_word_sequence_number": 71205,
        "global_verse_sequence_number": 5170
    },
    {
        "chapter": 61,
        "verse": 7,
        "juz": 28,
        "hizb": 220,
        "manzil": 7,
        "ruku": 484,
        "word_number_in_verse": 6,
        "language_code": "en",
        "text": "Allah",
        "root_word": "اللَّهِ",
        "global_word_sequence_number": 71206,
        "global_verse_sequence_number": 5170
    },
    {
        "chapter": 61,
        "verse": 7,
        "juz": 28,
        "hizb": 220,
        "manzil": 7,
        "ruku": 484,
        "word_number_in_verse": 7,
        "language_code": "en",
        "text": "the lie",
        "root_word": "الۡكَذِبَ",
        "global_word_sequence_number": 71207,
        "global_verse_sequence_number": 5170
    },
    {
        "chapter": 61,
        "verse": 7,
        "juz": 28,
        "hizb": 220,
        "manzil": 7,
        "ruku": 484,
        "word_number_in_verse": 8,
        "language_code": "en",
        "text": "while he",
        "root_word": "وَهُوَ",
        "global_word_sequence_number": 71208,
        "global_verse_sequence_number": 5170
    },
    {
        "chapter": 61,
        "verse": 7,
        "juz": 28,
        "hizb": 220,
        "manzil": 7,
        "ruku": 484,
        "word_number_in_verse": 9,
        "language_code": "en",
        "text": "is invited",
        "root_word": "يُدۡعَىٰٓ",
        "global_word_sequence_number": 71209,
        "global_verse_sequence_number": 5170
    },
    {
        "chapter": 61,
        "verse": 7,
        "juz": 28,
        "hizb": 220,
        "manzil": 7,
        "ruku": 484,
        "word_number_in_verse": 10,
        "language_code": "en",
        "text": "to",
        "root_word": "إِلَى",
        "global_word_sequence_number": 71210,
        "global_verse_sequence_number": 5170
    },
    {
        "chapter": 61,
        "verse": 7,
        "juz": 28,
        "hizb": 220,
        "manzil": 7,
        "ruku": 484,
        "word_number_in_verse": 11,
        "language_code": "en",
        "text": "Islam",
        "root_word": "الۡإِسۡلَٰمِۚ",
        "global_word_sequence_number": 71211,
        "global_verse_sequence_number": 5170
    },
    {
        "chapter": 61,
        "verse": 7,
        "juz": 28,
        "hizb": 220,
        "manzil": 7,
        "ruku": 484,
        "word_number_in_verse": 12,
        "language_code": "en",
        "text": "And Allah",
        "root_word": "وَاللَّهُ",
        "global_word_sequence_number": 71212,
        "global_verse_sequence_number": 5170
    },
    {
        "chapter": 61,
        "verse": 7,
        "juz": 28,
        "hizb": 220,
        "manzil": 7,
        "ruku": 484,
        "word_number_in_verse": 13,
        "language_code": "en",
        "text": "(does) not",
        "root_word": "لَا",
        "global_word_sequence_number": 71213,
        "global_verse_sequence_number": 5170
    },
    {
        "chapter": 61,
        "verse": 7,
        "juz": 28,
        "hizb": 220,
        "manzil": 7,
        "ruku": 484,
        "word_number_in_verse": 14,
        "language_code": "en",
        "text": "guide",
        "root_word": "يَهۡدِي",
        "global_word_sequence_number": 71214,
        "global_verse_sequence_number": 5170
    },
    {
        "chapter": 61,
        "verse": 7,
        "juz": 28,
        "hizb": 220,
        "manzil": 7,
        "ruku": 484,
        "word_number_in_verse": 15,
        "language_code": "en",
        "text": "the people",
        "root_word": "الۡقَوۡمَ",
        "global_word_sequence_number": 71215,
        "global_verse_sequence_number": 5170
    },
    {
        "chapter": 61,
        "verse": 7,
        "juz": 28,
        "hizb": 220,
        "manzil": 7,
        "ruku": 484,
        "word_number_in_verse": 16,
        "language_code": "en",
        "text": "[the] wrongdoers",
        "root_word": "الظَّٰلِمِينَ",
        "global_word_sequence_number": 71216,
        "global_verse_sequence_number": 5170
    },
    {
        "chapter": 61,
        "verse": 8,
        "juz": 28,
        "hizb": 220,
        "manzil": 7,
        "ruku": 484,
        "word_number_in_verse": 1,
        "language_code": "en",
        "text": "They intend",
        "root_word": "يُرِيدُونَ",
        "global_word_sequence_number": 71217,
        "global_verse_sequence_number": 5171
    },
    {
        "chapter": 61,
        "verse": 8,
        "juz": 28,
        "hizb": 220,
        "manzil": 7,
        "ruku": 484,
        "word_number_in_verse": 2,
        "language_code": "en",
        "text": "to put out",
        "root_word": "لِيُطۡفِـُٔواْ",
        "global_word_sequence_number": 71218,
        "global_verse_sequence_number": 5171
    },
    {
        "chapter": 61,
        "verse": 8,
        "juz": 28,
        "hizb": 220,
        "manzil": 7,
        "ruku": 484,
        "word_number_in_verse": 3,
        "language_code": "en",
        "text": "(the) light",
        "root_word": "نُورَ",
        "global_word_sequence_number": 71219,
        "global_verse_sequence_number": 5171
    },
    {
        "chapter": 61,
        "verse": 8,
        "juz": 28,
        "hizb": 220,
        "manzil": 7,
        "ruku": 484,
        "word_number_in_verse": 4,
        "language_code": "en",
        "text": "(of) Allah",
        "root_word": "اللَّهِ",
        "global_word_sequence_number": 71220,
        "global_verse_sequence_number": 5171
    },
    {
        "chapter": 61,
        "verse": 8,
        "juz": 28,
        "hizb": 220,
        "manzil": 7,
        "ruku": 484,
        "word_number_in_verse": 5,
        "language_code": "en",
        "text": "with their mouths",
        "root_word": "بِأَفۡوَٰهِهِمۡ",
        "global_word_sequence_number": 71221,
        "global_verse_sequence_number": 5171
    },
    {
        "chapter": 61,
        "verse": 8,
        "juz": 28,
        "hizb": 220,
        "manzil": 7,
        "ruku": 484,
        "word_number_in_verse": 6,
        "language_code": "en",
        "text": "but Allah",
        "root_word": "وَاللَّهُ",
        "global_word_sequence_number": 71222,
        "global_verse_sequence_number": 5171
    },
    {
        "chapter": 61,
        "verse": 8,
        "juz": 28,
        "hizb": 220,
        "manzil": 7,
        "ruku": 484,
        "word_number_in_verse": 7,
        "language_code": "en",
        "text": "will perfect",
        "root_word": "مُتِمُّ",
        "global_word_sequence_number": 71223,
        "global_verse_sequence_number": 5171
    },
    {
        "chapter": 61,
        "verse": 8,
        "juz": 28,
        "hizb": 220,
        "manzil": 7,
        "ruku": 484,
        "word_number_in_verse": 8,
        "language_code": "en",
        "text": "His Light",
        "root_word": "نُورِهِۦ",
        "global_word_sequence_number": 71224,
        "global_verse_sequence_number": 5171
    },
    {
        "chapter": 61,
        "verse": 8,
        "juz": 28,
        "hizb": 220,
        "manzil": 7,
        "ruku": 484,
        "word_number_in_verse": 9,
        "language_code": "en",
        "text": "although",
        "root_word": "وَلَوۡ",
        "global_word_sequence_number": 71225,
        "global_verse_sequence_number": 5171
    },
    {
        "chapter": 61,
        "verse": 8,
        "juz": 28,
        "hizb": 220,
        "manzil": 7,
        "ruku": 484,
        "word_number_in_verse": 10,
        "language_code": "en",
        "text": "dislike",
        "root_word": "كَرِهَ",
        "global_word_sequence_number": 71226,
        "global_verse_sequence_number": 5171
    },
    {
        "chapter": 61,
        "verse": 8,
        "juz": 28,
        "hizb": 220,
        "manzil": 7,
        "ruku": 484,
        "word_number_in_verse": 11,
        "language_code": "en",
        "text": "the disbelievers",
        "root_word": "الۡكَٰفِرُونَ",
        "global_word_sequence_number": 71227,
        "global_verse_sequence_number": 5171
    },
    {
        "chapter": 61,
        "verse": 9,
        "juz": 28,
        "hizb": 220,
        "manzil": 7,
        "ruku": 484,
        "word_number_in_verse": 1,
        "language_code": "en",
        "text": "He",
        "root_word": "هُوَ",
        "global_word_sequence_number": 71228,
        "global_verse_sequence_number": 5172
    },
    {
        "chapter": 61,
        "verse": 9,
        "juz": 28,
        "hizb": 220,
        "manzil": 7,
        "ruku": 484,
        "word_number_in_verse": 2,
        "language_code": "en",
        "text": "(is) the One Who",
        "root_word": "الَّذِيٓ",
        "global_word_sequence_number": 71229,
        "global_verse_sequence_number": 5172
    },
    {
        "chapter": 61,
        "verse": 9,
        "juz": 28,
        "hizb": 220,
        "manzil": 7,
        "ruku": 484,
        "word_number_in_verse": 3,
        "language_code": "en",
        "text": "sent",
        "root_word": "أَرۡسَلَ",
        "global_word_sequence_number": 71230,
        "global_verse_sequence_number": 5172
    },
    {
        "chapter": 61,
        "verse": 9,
        "juz": 28,
        "hizb": 220,
        "manzil": 7,
        "ruku": 484,
        "word_number_in_verse": 4,
        "language_code": "en",
        "text": "His Messenger",
        "root_word": "رَسُولَهُۥ",
        "global_word_sequence_number": 71231,
        "global_verse_sequence_number": 5172
    },
    {
        "chapter": 61,
        "verse": 9,
        "juz": 28,
        "hizb": 220,
        "manzil": 7,
        "ruku": 484,
        "word_number_in_verse": 5,
        "language_code": "en",
        "text": "with guidance",
        "root_word": "بِالۡهُدَىٰ",
        "global_word_sequence_number": 71232,
        "global_verse_sequence_number": 5172
    },
    {
        "chapter": 61,
        "verse": 9,
        "juz": 28,
        "hizb": 220,
        "manzil": 7,
        "ruku": 484,
        "word_number_in_verse": 6,
        "language_code": "en",
        "text": "and (the) religion",
        "root_word": "وَدِينِ",
        "global_word_sequence_number": 71233,
        "global_verse_sequence_number": 5172
    },
    {
        "chapter": 61,
        "verse": 9,
        "juz": 28,
        "hizb": 220,
        "manzil": 7,
        "ruku": 484,
        "word_number_in_verse": 7,
        "language_code": "en",
        "text": "(of) the truth",
        "root_word": "الۡحَقِّ",
        "global_word_sequence_number": 71234,
        "global_verse_sequence_number": 5172
    },
    {
        "chapter": 61,
        "verse": 9,
        "juz": 28,
        "hizb": 220,
        "manzil": 7,
        "ruku": 484,
        "word_number_in_verse": 8,
        "language_code": "en",
        "text": "to make it prevail",
        "root_word": "لِيُظۡهِرَهُۥ",
        "global_word_sequence_number": 71235,
        "global_verse_sequence_number": 5172
    },
    {
        "chapter": 61,
        "verse": 9,
        "juz": 28,
        "hizb": 220,
        "manzil": 7,
        "ruku": 484,
        "word_number_in_verse": 9,
        "language_code": "en",
        "text": "over",
        "root_word": "عَلَى",
        "global_word_sequence_number": 71236,
        "global_verse_sequence_number": 5172
    },
    {
        "chapter": 61,
        "verse": 9,
        "juz": 28,
        "hizb": 220,
        "manzil": 7,
        "ruku": 484,
        "word_number_in_verse": 10,
        "language_code": "en",
        "text": "the religion",
        "root_word": "الدِّينِ",
        "global_word_sequence_number": 71237,
        "global_verse_sequence_number": 5172
    },
    {
        "chapter": 61,
        "verse": 9,
        "juz": 28,
        "hizb": 220,
        "manzil": 7,
        "ruku": 484,
        "word_number_in_verse": 11,
        "language_code": "en",
        "text": "all of them",
        "root_word": "كُلِّهِۦ",
        "global_word_sequence_number": 71238,
        "global_verse_sequence_number": 5172
    },
    {
        "chapter": 61,
        "verse": 9,
        "juz": 28,
        "hizb": 220,
        "manzil": 7,
        "ruku": 484,
        "word_number_in_verse": 12,
        "language_code": "en",
        "text": "although",
        "root_word": "وَلَوۡ",
        "global_word_sequence_number": 71239,
        "global_verse_sequence_number": 5172
    },
    {
        "chapter": 61,
        "verse": 9,
        "juz": 28,
        "hizb": 220,
        "manzil": 7,
        "ruku": 484,
        "word_number_in_verse": 13,
        "language_code": "en",
        "text": "dislike (it)",
        "root_word": "كَرِهَ",
        "global_word_sequence_number": 71240,
        "global_verse_sequence_number": 5172
    },
    {
        "chapter": 61,
        "verse": 9,
        "juz": 28,
        "hizb": 220,
        "manzil": 7,
        "ruku": 484,
        "word_number_in_verse": 14,
        "language_code": "en",
        "text": "the polytheists",
        "root_word": "الۡمُشۡرِكُونَ",
        "global_word_sequence_number": 71241,
        "global_verse_sequence_number": 5172
    },
    {
        "chapter": 61,
        "verse": 10,
        "juz": 28,
        "hizb": 220,
        "manzil": 7,
        "ruku": 485,
        "word_number_in_verse": 1,
        "language_code": "en",
        "text": "O",
        "root_word": "يَٰٓأَيُّهَا",
        "global_word_sequence_number": 71242,
        "global_verse_sequence_number": 5173
    },
    {
        "chapter": 61,
        "verse": 10,
        "juz": 28,
        "hizb": 220,
        "manzil": 7,
        "ruku": 485,
        "word_number_in_verse": 2,
        "language_code": "en",
        "text": "(you) who",
        "root_word": "الَّذِينَ",
        "global_word_sequence_number": 71243,
        "global_verse_sequence_number": 5173
    },
    {
        "chapter": 61,
        "verse": 10,
        "juz": 28,
        "hizb": 220,
        "manzil": 7,
        "ruku": 485,
        "word_number_in_verse": 3,
        "language_code": "en",
        "text": "believe",
        "root_word": "ءَامَنُواْ",
        "global_word_sequence_number": 71244,
        "global_verse_sequence_number": 5173
    },
    {
        "chapter": 61,
        "verse": 10,
        "juz": 28,
        "hizb": 220,
        "manzil": 7,
        "ruku": 485,
        "word_number_in_verse": 4,
        "language_code": "en",
        "text": "Shall",
        "root_word": "هَلۡ",
        "global_word_sequence_number": 71245,
        "global_verse_sequence_number": 5173
    },
    {
        "chapter": 61,
        "verse": 10,
        "juz": 28,
        "hizb": 220,
        "manzil": 7,
        "ruku": 485,
        "word_number_in_verse": 5,
        "language_code": "en",
        "text": "I guide you",
        "root_word": "أَدُلُّكُمۡ",
        "global_word_sequence_number": 71246,
        "global_verse_sequence_number": 5173
    },
    {
        "chapter": 61,
        "verse": 10,
        "juz": 28,
        "hizb": 220,
        "manzil": 7,
        "ruku": 485,
        "word_number_in_verse": 6,
        "language_code": "en",
        "text": "to",
        "root_word": "عَلَىٰ",
        "global_word_sequence_number": 71247,
        "global_verse_sequence_number": 5173
    },
    {
        "chapter": 61,
        "verse": 10,
        "juz": 28,
        "hizb": 220,
        "manzil": 7,
        "ruku": 485,
        "word_number_in_verse": 7,
        "language_code": "en",
        "text": "a transaction",
        "root_word": "تِجَٰرَةٖ",
        "global_word_sequence_number": 71248,
        "global_verse_sequence_number": 5173
    },
    {
        "chapter": 61,
        "verse": 10,
        "juz": 28,
        "hizb": 220,
        "manzil": 7,
        "ruku": 485,
        "word_number_in_verse": 8,
        "language_code": "en",
        "text": "(that) will save you",
        "root_word": "تُنجِيكُم",
        "global_word_sequence_number": 71249,
        "global_verse_sequence_number": 5173
    },
    {
        "chapter": 61,
        "verse": 10,
        "juz": 28,
        "hizb": 220,
        "manzil": 7,
        "ruku": 485,
        "word_number_in_verse": 9,
        "language_code": "en",
        "text": "from",
        "root_word": "مِّنۡ",
        "global_word_sequence_number": 71250,
        "global_verse_sequence_number": 5173
    },
    {
        "chapter": 61,
        "verse": 10,
        "juz": 28,
        "hizb": 220,
        "manzil": 7,
        "ruku": 485,
        "word_number_in_verse": 10,
        "language_code": "en",
        "text": "a punishment",
        "root_word": "عَذَابٍ",
        "global_word_sequence_number": 71251,
        "global_verse_sequence_number": 5173
    },
    {
        "chapter": 61,
        "verse": 10,
        "juz": 28,
        "hizb": 220,
        "manzil": 7,
        "ruku": 485,
        "word_number_in_verse": 11,
        "language_code": "en",
        "text": "painful",
        "root_word": "أَلِيمٖ",
        "global_word_sequence_number": 71252,
        "global_verse_sequence_number": 5173
    },
    {
        "chapter": 61,
        "verse": 11,
        "juz": 28,
        "hizb": 220,
        "manzil": 7,
        "ruku": 485,
        "word_number_in_verse": 1,
        "language_code": "en",
        "text": "Believe",
        "root_word": "تُؤۡمِنُونَ",
        "global_word_sequence_number": 71253,
        "global_verse_sequence_number": 5174
    },
    {
        "chapter": 61,
        "verse": 11,
        "juz": 28,
        "hizb": 220,
        "manzil": 7,
        "ruku": 485,
        "word_number_in_verse": 2,
        "language_code": "en",
        "text": "in Allah",
        "root_word": "بِاللَّهِ",
        "global_word_sequence_number": 71254,
        "global_verse_sequence_number": 5174
    },
    {
        "chapter": 61,
        "verse": 11,
        "juz": 28,
        "hizb": 220,
        "manzil": 7,
        "ruku": 485,
        "word_number_in_verse": 3,
        "language_code": "en",
        "text": "and His Messenger",
        "root_word": "وَرَسُولِهِۦ",
        "global_word_sequence_number": 71255,
        "global_verse_sequence_number": 5174
    },
    {
        "chapter": 61,
        "verse": 11,
        "juz": 28,
        "hizb": 220,
        "manzil": 7,
        "ruku": 485,
        "word_number_in_verse": 4,
        "language_code": "en",
        "text": "and strive",
        "root_word": "وَتُجَٰهِدُونَ",
        "global_word_sequence_number": 71256,
        "global_verse_sequence_number": 5174
    },
    {
        "chapter": 61,
        "verse": 11,
        "juz": 28,
        "hizb": 220,
        "manzil": 7,
        "ruku": 485,
        "word_number_in_verse": 5,
        "language_code": "en",
        "text": "in",
        "root_word": "فِي",
        "global_word_sequence_number": 71257,
        "global_verse_sequence_number": 5174
    },
    {
        "chapter": 61,
        "verse": 11,
        "juz": 28,
        "hizb": 220,
        "manzil": 7,
        "ruku": 485,
        "word_number_in_verse": 6,
        "language_code": "en",
        "text": "(the) way",
        "root_word": "سَبِيلِ",
        "global_word_sequence_number": 71258,
        "global_verse_sequence_number": 5174
    },
    {
        "chapter": 61,
        "verse": 11,
        "juz": 28,
        "hizb": 220,
        "manzil": 7,
        "ruku": 485,
        "word_number_in_verse": 7,
        "language_code": "en",
        "text": "(of) Allah",
        "root_word": "اللَّهِ",
        "global_word_sequence_number": 71259,
        "global_verse_sequence_number": 5174
    },
    {
        "chapter": 61,
        "verse": 11,
        "juz": 28,
        "hizb": 220,
        "manzil": 7,
        "ruku": 485,
        "word_number_in_verse": 8,
        "language_code": "en",
        "text": "with your wealth",
        "root_word": "بِأَمۡوَٰلِكُمۡ",
        "global_word_sequence_number": 71260,
        "global_verse_sequence_number": 5174
    },
    {
        "chapter": 61,
        "verse": 11,
        "juz": 28,
        "hizb": 220,
        "manzil": 7,
        "ruku": 485,
        "word_number_in_verse": 9,
        "language_code": "en",
        "text": "and your lives",
        "root_word": "وَأَنفُسِكُمۡۚ",
        "global_word_sequence_number": 71261,
        "global_verse_sequence_number": 5174
    },
    {
        "chapter": 61,
        "verse": 11,
        "juz": 28,
        "hizb": 220,
        "manzil": 7,
        "ruku": 485,
        "word_number_in_verse": 10,
        "language_code": "en",
        "text": "That",
        "root_word": "ذَٰلِكُمۡ",
        "global_word_sequence_number": 71262,
        "global_verse_sequence_number": 5174
    },
    {
        "chapter": 61,
        "verse": 11,
        "juz": 28,
        "hizb": 220,
        "manzil": 7,
        "ruku": 485,
        "word_number_in_verse": 11,
        "language_code": "en",
        "text": "(is) better",
        "root_word": "خَيۡرٞ",
        "global_word_sequence_number": 71263,
        "global_verse_sequence_number": 5174
    },
    {
        "chapter": 61,
        "verse": 11,
        "juz": 28,
        "hizb": 220,
        "manzil": 7,
        "ruku": 485,
        "word_number_in_verse": 12,
        "language_code": "en",
        "text": "for you",
        "root_word": "لَّكُمۡ",
        "global_word_sequence_number": 71264,
        "global_verse_sequence_number": 5174
    },
    {
        "chapter": 61,
        "verse": 11,
        "juz": 28,
        "hizb": 220,
        "manzil": 7,
        "ruku": 485,
        "word_number_in_verse": 13,
        "language_code": "en",
        "text": "if",
        "root_word": "إِن",
        "global_word_sequence_number": 71265,
        "global_verse_sequence_number": 5174
    },
    {
        "chapter": 61,
        "verse": 11,
        "juz": 28,
        "hizb": 220,
        "manzil": 7,
        "ruku": 485,
        "word_number_in_verse": 14,
        "language_code": "en",
        "text": "you",
        "root_word": "كُنتُمۡ",
        "global_word_sequence_number": 71266,
        "global_verse_sequence_number": 5174
    },
    {
        "chapter": 61,
        "verse": 11,
        "juz": 28,
        "hizb": 220,
        "manzil": 7,
        "ruku": 485,
        "word_number_in_verse": 15,
        "language_code": "en",
        "text": "know",
        "root_word": "تَعۡلَمُونَ",
        "global_word_sequence_number": 71267,
        "global_verse_sequence_number": 5174
    },
    {
        "chapter": 61,
        "verse": 12,
        "juz": 28,
        "hizb": 220,
        "manzil": 7,
        "ruku": 485,
        "word_number_in_verse": 1,
        "language_code": "en",
        "text": "He will forgive",
        "root_word": "يَغۡفِرۡ",
        "global_word_sequence_number": 71268,
        "global_verse_sequence_number": 5175
    },
    {
        "chapter": 61,
        "verse": 12,
        "juz": 28,
        "hizb": 220,
        "manzil": 7,
        "ruku": 485,
        "word_number_in_verse": 2,
        "language_code": "en",
        "text": "for you",
        "root_word": "لَكُمۡ",
        "global_word_sequence_number": 71269,
        "global_verse_sequence_number": 5175
    },
    {
        "chapter": 61,
        "verse": 12,
        "juz": 28,
        "hizb": 220,
        "manzil": 7,
        "ruku": 485,
        "word_number_in_verse": 3,
        "language_code": "en",
        "text": "your sins",
        "root_word": "ذُنُوبَكُمۡ",
        "global_word_sequence_number": 71270,
        "global_verse_sequence_number": 5175
    },
    {
        "chapter": 61,
        "verse": 12,
        "juz": 28,
        "hizb": 220,
        "manzil": 7,
        "ruku": 485,
        "word_number_in_verse": 4,
        "language_code": "en",
        "text": "and admit you",
        "root_word": "وَيُدۡخِلۡكُمۡ",
        "global_word_sequence_number": 71271,
        "global_verse_sequence_number": 5175
    },
    {
        "chapter": 61,
        "verse": 12,
        "juz": 28,
        "hizb": 220,
        "manzil": 7,
        "ruku": 485,
        "word_number_in_verse": 5,
        "language_code": "en",
        "text": "(in) Gardens",
        "root_word": "جَنَّٰتٖ",
        "global_word_sequence_number": 71272,
        "global_verse_sequence_number": 5175
    },
    {
        "chapter": 61,
        "verse": 12,
        "juz": 28,
        "hizb": 220,
        "manzil": 7,
        "ruku": 485,
        "word_number_in_verse": 6,
        "language_code": "en",
        "text": "flow",
        "root_word": "تَجۡرِي",
        "global_word_sequence_number": 71273,
        "global_verse_sequence_number": 5175
    },
    {
        "chapter": 61,
        "verse": 12,
        "juz": 28,
        "hizb": 220,
        "manzil": 7,
        "ruku": 485,
        "word_number_in_verse": 7,
        "language_code": "en",
        "text": "from",
        "root_word": "مِن",
        "global_word_sequence_number": 71274,
        "global_verse_sequence_number": 5175
    },
    {
        "chapter": 61,
        "verse": 12,
        "juz": 28,
        "hizb": 220,
        "manzil": 7,
        "ruku": 485,
        "word_number_in_verse": 8,
        "language_code": "en",
        "text": "underneath it",
        "root_word": "تَحۡتِهَا",
        "global_word_sequence_number": 71275,
        "global_verse_sequence_number": 5175
    },
    {
        "chapter": 61,
        "verse": 12,
        "juz": 28,
        "hizb": 220,
        "manzil": 7,
        "ruku": 485,
        "word_number_in_verse": 9,
        "language_code": "en",
        "text": "the rivers",
        "root_word": "الۡأَنۡهَٰرُ",
        "global_word_sequence_number": 71276,
        "global_verse_sequence_number": 5175
    },
    {
        "chapter": 61,
        "verse": 12,
        "juz": 28,
        "hizb": 220,
        "manzil": 7,
        "ruku": 485,
        "word_number_in_verse": 10,
        "language_code": "en",
        "text": "and dwellings",
        "root_word": "وَمَسَٰكِنَ",
        "global_word_sequence_number": 71277,
        "global_verse_sequence_number": 5175
    },
    {
        "chapter": 61,
        "verse": 12,
        "juz": 28,
        "hizb": 220,
        "manzil": 7,
        "ruku": 485,
        "word_number_in_verse": 11,
        "language_code": "en",
        "text": "pleasant",
        "root_word": "طَيِّبَةٗ",
        "global_word_sequence_number": 71278,
        "global_verse_sequence_number": 5175
    },
    {
        "chapter": 61,
        "verse": 12,
        "juz": 28,
        "hizb": 220,
        "manzil": 7,
        "ruku": 485,
        "word_number_in_verse": 12,
        "language_code": "en",
        "text": "in",
        "root_word": "فِي",
        "global_word_sequence_number": 71279,
        "global_verse_sequence_number": 5175
    },
    {
        "chapter": 61,
        "verse": 12,
        "juz": 28,
        "hizb": 220,
        "manzil": 7,
        "ruku": 485,
        "word_number_in_verse": 13,
        "language_code": "en",
        "text": "Gardens",
        "root_word": "جَنَّٰتِ",
        "global_word_sequence_number": 71280,
        "global_verse_sequence_number": 5175
    },
    {
        "chapter": 61,
        "verse": 12,
        "juz": 28,
        "hizb": 220,
        "manzil": 7,
        "ruku": 485,
        "word_number_in_verse": 14,
        "language_code": "en",
        "text": "(of) Eternity",
        "root_word": "عَدۡنٖۚ",
        "global_word_sequence_number": 71281,
        "global_verse_sequence_number": 5175
    },
    {
        "chapter": 61,
        "verse": 12,
        "juz": 28,
        "hizb": 220,
        "manzil": 7,
        "ruku": 485,
        "word_number_in_verse": 15,
        "language_code": "en",
        "text": "That",
        "root_word": "ذَٰلِكَ",
        "global_word_sequence_number": 71282,
        "global_verse_sequence_number": 5175
    },
    {
        "chapter": 61,
        "verse": 12,
        "juz": 28,
        "hizb": 220,
        "manzil": 7,
        "ruku": 485,
        "word_number_in_verse": 16,
        "language_code": "en",
        "text": "(is) the success",
        "root_word": "الۡفَوۡزُ",
        "global_word_sequence_number": 71283,
        "global_verse_sequence_number": 5175
    },
    {
        "chapter": 61,
        "verse": 12,
        "juz": 28,
        "hizb": 220,
        "manzil": 7,
        "ruku": 485,
        "word_number_in_verse": 17,
        "language_code": "en",
        "text": "the great",
        "root_word": "الۡعَظِيمُ",
        "global_word_sequence_number": 71284,
        "global_verse_sequence_number": 5175
    },
    {
        "chapter": 61,
        "verse": 13,
        "juz": 28,
        "hizb": 220,
        "manzil": 7,
        "ruku": 485,
        "word_number_in_verse": 1,
        "language_code": "en",
        "text": "And another",
        "root_word": "وَأُخۡرَىٰ",
        "global_word_sequence_number": 71285,
        "global_verse_sequence_number": 5176
    },
    {
        "chapter": 61,
        "verse": 13,
        "juz": 28,
        "hizb": 220,
        "manzil": 7,
        "ruku": 485,
        "word_number_in_verse": 2,
        "language_code": "en",
        "text": "that you love",
        "root_word": "تُحِبُّونَهَاۖ",
        "global_word_sequence_number": 71286,
        "global_verse_sequence_number": 5176
    },
    {
        "chapter": 61,
        "verse": 13,
        "juz": 28,
        "hizb": 220,
        "manzil": 7,
        "ruku": 485,
        "word_number_in_verse": 3,
        "language_code": "en",
        "text": "a help",
        "root_word": "نَصۡرٞ",
        "global_word_sequence_number": 71287,
        "global_verse_sequence_number": 5176
    },
    {
        "chapter": 61,
        "verse": 13,
        "juz": 28,
        "hizb": 220,
        "manzil": 7,
        "ruku": 485,
        "word_number_in_verse": 4,
        "language_code": "en",
        "text": "from",
        "root_word": "مِّنَ",
        "global_word_sequence_number": 71288,
        "global_verse_sequence_number": 5176
    },
    {
        "chapter": 61,
        "verse": 13,
        "juz": 28,
        "hizb": 220,
        "manzil": 7,
        "ruku": 485,
        "word_number_in_verse": 5,
        "language_code": "en",
        "text": "Allah",
        "root_word": "اللَّهِ",
        "global_word_sequence_number": 71289,
        "global_verse_sequence_number": 5176
    },
    {
        "chapter": 61,
        "verse": 13,
        "juz": 28,
        "hizb": 220,
        "manzil": 7,
        "ruku": 485,
        "word_number_in_verse": 6,
        "language_code": "en",
        "text": "and a victory",
        "root_word": "وَفَتۡحٞ",
        "global_word_sequence_number": 71290,
        "global_verse_sequence_number": 5176
    },
    {
        "chapter": 61,
        "verse": 13,
        "juz": 28,
        "hizb": 220,
        "manzil": 7,
        "ruku": 485,
        "word_number_in_verse": 7,
        "language_code": "en",
        "text": "near",
        "root_word": "قَرِيبٞۗ",
        "global_word_sequence_number": 71291,
        "global_verse_sequence_number": 5176
    },
    {
        "chapter": 61,
        "verse": 13,
        "juz": 28,
        "hizb": 220,
        "manzil": 7,
        "ruku": 485,
        "word_number_in_verse": 8,
        "language_code": "en",
        "text": "and give glad tidings",
        "root_word": "وَبَشِّرِ",
        "global_word_sequence_number": 71292,
        "global_verse_sequence_number": 5176
    },
    {
        "chapter": 61,
        "verse": 13,
        "juz": 28,
        "hizb": 220,
        "manzil": 7,
        "ruku": 485,
        "word_number_in_verse": 9,
        "language_code": "en",
        "text": "(to) the believers",
        "root_word": "الۡمُؤۡمِنِينَ",
        "global_word_sequence_number": 71293,
        "global_verse_sequence_number": 5176
    },
    {
        "chapter": 61,
        "verse": 14,
        "juz": 28,
        "hizb": 220,
        "manzil": 7,
        "ruku": 485,
        "word_number_in_verse": 1,
        "language_code": "en",
        "text": "O you",
        "root_word": "يَٰٓأَيُّهَا",
        "global_word_sequence_number": 71294,
        "global_verse_sequence_number": 5177
    },
    {
        "chapter": 61,
        "verse": 14,
        "juz": 28,
        "hizb": 220,
        "manzil": 7,
        "ruku": 485,
        "word_number_in_verse": 2,
        "language_code": "en",
        "text": "who",
        "root_word": "الَّذِينَ",
        "global_word_sequence_number": 71295,
        "global_verse_sequence_number": 5177
    },
    {
        "chapter": 61,
        "verse": 14,
        "juz": 28,
        "hizb": 220,
        "manzil": 7,
        "ruku": 485,
        "word_number_in_verse": 3,
        "language_code": "en",
        "text": "believe",
        "root_word": "ءَامَنُواْ",
        "global_word_sequence_number": 71296,
        "global_verse_sequence_number": 5177
    },
    {
        "chapter": 61,
        "verse": 14,
        "juz": 28,
        "hizb": 220,
        "manzil": 7,
        "ruku": 485,
        "word_number_in_verse": 4,
        "language_code": "en",
        "text": "Be",
        "root_word": "كُونُوٓاْ",
        "global_word_sequence_number": 71297,
        "global_verse_sequence_number": 5177
    },
    {
        "chapter": 61,
        "verse": 14,
        "juz": 28,
        "hizb": 220,
        "manzil": 7,
        "ruku": 485,
        "word_number_in_verse": 5,
        "language_code": "en",
        "text": "helpers",
        "root_word": "أَنصَارَ",
        "global_word_sequence_number": 71298,
        "global_verse_sequence_number": 5177
    },
    {
        "chapter": 61,
        "verse": 14,
        "juz": 28,
        "hizb": 220,
        "manzil": 7,
        "ruku": 485,
        "word_number_in_verse": 6,
        "language_code": "en",
        "text": "(of) Allah",
        "root_word": "اللَّهِ",
        "global_word_sequence_number": 71299,
        "global_verse_sequence_number": 5177
    },
    {
        "chapter": 61,
        "verse": 14,
        "juz": 28,
        "hizb": 220,
        "manzil": 7,
        "ruku": 485,
        "word_number_in_verse": 7,
        "language_code": "en",
        "text": "as",
        "root_word": "كَمَا",
        "global_word_sequence_number": 71300,
        "global_verse_sequence_number": 5177
    },
    {
        "chapter": 61,
        "verse": 14,
        "juz": 28,
        "hizb": 220,
        "manzil": 7,
        "ruku": 485,
        "word_number_in_verse": 8,
        "language_code": "en",
        "text": "said",
        "root_word": "قَالَ",
        "global_word_sequence_number": 71301,
        "global_verse_sequence_number": 5177
    },
    {
        "chapter": 61,
        "verse": 14,
        "juz": 28,
        "hizb": 220,
        "manzil": 7,
        "ruku": 485,
        "word_number_in_verse": 9,
        "language_code": "en",
        "text": "Isa",
        "root_word": "عِيسَى",
        "global_word_sequence_number": 71302,
        "global_verse_sequence_number": 5177
    },
    {
        "chapter": 61,
        "verse": 14,
        "juz": 28,
        "hizb": 220,
        "manzil": 7,
        "ruku": 485,
        "word_number_in_verse": 10,
        "language_code": "en",
        "text": "son",
        "root_word": "ابۡنُ",
        "global_word_sequence_number": 71303,
        "global_verse_sequence_number": 5177
    },
    {
        "chapter": 61,
        "verse": 14,
        "juz": 28,
        "hizb": 220,
        "manzil": 7,
        "ruku": 485,
        "word_number_in_verse": 11,
        "language_code": "en",
        "text": "(of) Maryam",
        "root_word": "مَرۡيَمَ",
        "global_word_sequence_number": 71304,
        "global_verse_sequence_number": 5177
    },
    {
        "chapter": 61,
        "verse": 14,
        "juz": 28,
        "hizb": 220,
        "manzil": 7,
        "ruku": 485,
        "word_number_in_verse": 12,
        "language_code": "en",
        "text": "to the disciples",
        "root_word": "لِلۡحَوَارِيِّـۧنَ",
        "global_word_sequence_number": 71305,
        "global_verse_sequence_number": 5177
    },
    {
        "chapter": 61,
        "verse": 14,
        "juz": 28,
        "hizb": 220,
        "manzil": 7,
        "ruku": 485,
        "word_number_in_verse": 13,
        "language_code": "en",
        "text": "Who",
        "root_word": "مَنۡ",
        "global_word_sequence_number": 71306,
        "global_verse_sequence_number": 5177
    },
    {
        "chapter": 61,
        "verse": 14,
        "juz": 28,
        "hizb": 220,
        "manzil": 7,
        "ruku": 485,
        "word_number_in_verse": 14,
        "language_code": "en",
        "text": "(are) my helpers",
        "root_word": "أَنصَارِيٓ",
        "global_word_sequence_number": 71307,
        "global_verse_sequence_number": 5177
    },
    {
        "chapter": 61,
        "verse": 14,
        "juz": 28,
        "hizb": 220,
        "manzil": 7,
        "ruku": 485,
        "word_number_in_verse": 15,
        "language_code": "en",
        "text": "for",
        "root_word": "إِلَى",
        "global_word_sequence_number": 71308,
        "global_verse_sequence_number": 5177
    },
    {
        "chapter": 61,
        "verse": 14,
        "juz": 28,
        "hizb": 220,
        "manzil": 7,
        "ruku": 485,
        "word_number_in_verse": 16,
        "language_code": "en",
        "text": "Allah",
        "root_word": "اللَّهِۖ",
        "global_word_sequence_number": 71309,
        "global_verse_sequence_number": 5177
    },
    {
        "chapter": 61,
        "verse": 14,
        "juz": 28,
        "hizb": 220,
        "manzil": 7,
        "ruku": 485,
        "word_number_in_verse": 17,
        "language_code": "en",
        "text": "Said",
        "root_word": "قَالَ",
        "global_word_sequence_number": 71310,
        "global_verse_sequence_number": 5177
    },
    {
        "chapter": 61,
        "verse": 14,
        "juz": 28,
        "hizb": 220,
        "manzil": 7,
        "ruku": 485,
        "word_number_in_verse": 18,
        "language_code": "en",
        "text": "the disciples",
        "root_word": "الۡحَوَارِيُّونَ",
        "global_word_sequence_number": 71311,
        "global_verse_sequence_number": 5177
    },
    {
        "chapter": 61,
        "verse": 14,
        "juz": 28,
        "hizb": 220,
        "manzil": 7,
        "ruku": 485,
        "word_number_in_verse": 19,
        "language_code": "en",
        "text": "We",
        "root_word": "نَحۡنُ",
        "global_word_sequence_number": 71312,
        "global_verse_sequence_number": 5177
    },
    {
        "chapter": 61,
        "verse": 14,
        "juz": 28,
        "hizb": 220,
        "manzil": 7,
        "ruku": 485,
        "word_number_in_verse": 20,
        "language_code": "en",
        "text": "(are) the helpers",
        "root_word": "أَنصَارُ",
        "global_word_sequence_number": 71313,
        "global_verse_sequence_number": 5177
    },
    {
        "chapter": 61,
        "verse": 14,
        "juz": 28,
        "hizb": 220,
        "manzil": 7,
        "ruku": 485,
        "word_number_in_verse": 21,
        "language_code": "en",
        "text": "(of) Allah",
        "root_word": "اللَّهِۖ",
        "global_word_sequence_number": 71314,
        "global_verse_sequence_number": 5177
    },
    {
        "chapter": 61,
        "verse": 14,
        "juz": 28,
        "hizb": 220,
        "manzil": 7,
        "ruku": 485,
        "word_number_in_verse": 22,
        "language_code": "en",
        "text": "Then believed",
        "root_word": "فَـَٔامَنَت",
        "global_word_sequence_number": 71315,
        "global_verse_sequence_number": 5177
    },
    {
        "chapter": 61,
        "verse": 14,
        "juz": 28,
        "hizb": 220,
        "manzil": 7,
        "ruku": 485,
        "word_number_in_verse": 23,
        "language_code": "en",
        "text": "a group",
        "root_word": "طَّآئِفَةٞ",
        "global_word_sequence_number": 71316,
        "global_verse_sequence_number": 5177
    },
    {
        "chapter": 61,
        "verse": 14,
        "juz": 28,
        "hizb": 220,
        "manzil": 7,
        "ruku": 485,
        "word_number_in_verse": 24,
        "language_code": "en",
        "text": "of",
        "root_word": "مِّنۢ",
        "global_word_sequence_number": 71317,
        "global_verse_sequence_number": 5177
    },
    {
        "chapter": 61,
        "verse": 14,
        "juz": 28,
        "hizb": 220,
        "manzil": 7,
        "ruku": 485,
        "word_number_in_verse": 25,
        "language_code": "en",
        "text": "Children",
        "root_word": "بَنِيٓ",
        "global_word_sequence_number": 71318,
        "global_verse_sequence_number": 5177
    },
    {
        "chapter": 61,
        "verse": 14,
        "juz": 28,
        "hizb": 220,
        "manzil": 7,
        "ruku": 485,
        "word_number_in_verse": 26,
        "language_code": "en",
        "text": "(of) Israel",
        "root_word": "إِسۡرَٰٓءِيلَ",
        "global_word_sequence_number": 71319,
        "global_verse_sequence_number": 5177
    },
    {
        "chapter": 61,
        "verse": 14,
        "juz": 28,
        "hizb": 220,
        "manzil": 7,
        "ruku": 485,
        "word_number_in_verse": 27,
        "language_code": "en",
        "text": "and disbelieved",
        "root_word": "وَكَفَرَت",
        "global_word_sequence_number": 71320,
        "global_verse_sequence_number": 5177
    },
    {
        "chapter": 61,
        "verse": 14,
        "juz": 28,
        "hizb": 220,
        "manzil": 7,
        "ruku": 485,
        "word_number_in_verse": 28,
        "language_code": "en",
        "text": "a group",
        "root_word": "طَّآئِفَةٞۖ",
        "global_word_sequence_number": 71321,
        "global_verse_sequence_number": 5177
    },
    {
        "chapter": 61,
        "verse": 14,
        "juz": 28,
        "hizb": 220,
        "manzil": 7,
        "ruku": 485,
        "word_number_in_verse": 29,
        "language_code": "en",
        "text": "So We supported",
        "root_word": "فَأَيَّدۡنَا",
        "global_word_sequence_number": 71322,
        "global_verse_sequence_number": 5177
    },
    {
        "chapter": 61,
        "verse": 14,
        "juz": 28,
        "hizb": 220,
        "manzil": 7,
        "ruku": 485,
        "word_number_in_verse": 30,
        "language_code": "en",
        "text": "those who",
        "root_word": "الَّذِينَ",
        "global_word_sequence_number": 71323,
        "global_verse_sequence_number": 5177
    },
    {
        "chapter": 61,
        "verse": 14,
        "juz": 28,
        "hizb": 220,
        "manzil": 7,
        "ruku": 485,
        "word_number_in_verse": 31,
        "language_code": "en",
        "text": "believed",
        "root_word": "ءَامَنُواْ",
        "global_word_sequence_number": 71324,
        "global_verse_sequence_number": 5177
    },
    {
        "chapter": 61,
        "verse": 14,
        "juz": 28,
        "hizb": 220,
        "manzil": 7,
        "ruku": 485,
        "word_number_in_verse": 32,
        "language_code": "en",
        "text": "against",
        "root_word": "عَلَىٰ",
        "global_word_sequence_number": 71325,
        "global_verse_sequence_number": 5177
    },
    {
        "chapter": 61,
        "verse": 14,
        "juz": 28,
        "hizb": 220,
        "manzil": 7,
        "ruku": 485,
        "word_number_in_verse": 33,
        "language_code": "en",
        "text": "their enemy",
        "root_word": "عَدُوِّهِمۡ",
        "global_word_sequence_number": 71326,
        "global_verse_sequence_number": 5177
    },
    {
        "chapter": 61,
        "verse": 14,
        "juz": 28,
        "hizb": 220,
        "manzil": 7,
        "ruku": 485,
        "word_number_in_verse": 34,
        "language_code": "en",
        "text": "and they became",
        "root_word": "فَأَصۡبَحُواْ",
        "global_word_sequence_number": 71327,
        "global_verse_sequence_number": 5177
    },
    {
        "chapter": 61,
        "verse": 14,
        "juz": 28,
        "hizb": 220,
        "manzil": 7,
        "ruku": 485,
        "word_number_in_verse": 35,
        "language_code": "en",
        "text": "dominant",
        "root_word": "ظَٰهِرِينَ",
        "global_word_sequence_number": 71328,
        "global_verse_sequence_number": 5177
    }
]