[
    {
        "chapter": 62,
        "verse": 1,
        "juz": 28,
        "hizb": 221,
        "manzil": 7,
        "ruku": 486,
        "word_number_in_verse": 1,
        "language_code": "en",
        "text": "Glorifies",
        "root_word": "يُسَبِّحُ",
        "global_word_sequence_number": 71329,
        "global_verse_sequence_number": 5178
    },
    {
        "chapter": 62,
        "verse": 1,
        "juz": 28,
        "hizb": 221,
        "manzil": 7,
        "ruku": 486,
        "word_number_in_verse": 2,
        "language_code": "en",
        "text": "Allah",
        "root_word": "لِلَّهِ",
        "global_word_sequence_number": 71330,
        "global_verse_sequence_number": 5178
    },
    {
        "chapter": 62,
        "verse": 1,
        "juz": 28,
        "hizb": 221,
        "manzil": 7,
        "ruku": 486,
        "word_number_in_verse": 3,
        "language_code": "en",
        "text": "whatever",
        "root_word": "مَا",
        "global_word_sequence_number": 71331,
        "global_verse_sequence_number": 5178
    },
    {
        "chapter": 62,
        "verse": 1,
        "juz": 28,
        "hizb": 221,
        "manzil": 7,
        "ruku": 486,
        "word_number_in_verse": 4,
        "language_code": "en",
        "text": "(is) in",
        "root_word": "فِي",
        "global_word_sequence_number": 71332,
        "global_verse_sequence_number": 5178
    },
    {
        "chapter": 62,
        "verse": 1,
        "juz": 28,
        "hizb": 221,
        "manzil": 7,
        "ruku": 486,
        "word_number_in_verse": 5,
        "language_code": "en",
        "text": "the heavens",
        "root_word": "السَّمَٰوَٰتِ",
        "global_word_sequence_number": 71333,
        "global_verse_sequence_number": 5178
    },
    {
        "chapter": 62,
        "verse": 1,
        "juz": 28,
        "hizb": 221,
        "manzil": 7,
        "ruku": 486,
        "word_number_in_verse": 6,
        "language_code": "en",
        "text": "and whatever",
        "root_word": "وَمَا",
        "global_word_sequence_number": 71334,
        "global_verse_sequence_number": 5178
    },
    {
        "chapter": 62,
        "verse": 1,
        "juz": 28,
        "hizb": 221,
        "manzil": 7,
        "ruku": 486,
        "word_number_in_verse": 7,
        "language_code": "en",
        "text": "(is) in",
        "root_word": "فِي",
        "global_word_sequence_number": 71335,
        "global_verse_sequence_number": 5178
    },
    {
        "chapter": 62,
        "verse": 1,
        "juz": 28,
        "hizb": 221,
        "manzil": 7,
        "ruku": 486,
        "word_number_in_verse": 8,
        "language_code": "en",
        "text": "the earth",
        "root_word": "الۡأَرۡضِ",
        "global_word_sequence_number": 71336,
        "global_verse_sequence_number": 5178
    },
    {
        "chapter": 62,
        "verse": 1,
        "juz": 28,
        "hizb": 221,
        "manzil": 7,
        "ruku": 486,
        "word_number_in_verse": 9,
        "language_code": "en",
        "text": "the Sovereign",
        "root_word": "الۡمَلِكِ",
        "global_word_sequence_number": 71337,
        "global_verse_sequence_number": 5178
    },
    {
        "chapter": 62,
        "verse": 1,
        "juz": 28,
        "hizb": 221,
        "manzil": 7,
        "ruku": 486,
        "word_number_in_verse": 10,
        "language_code": "en",
        "text": "the Holy",
        "root_word": "الۡقُدُّوسِ",
        "global_word_sequence_number": 71338,
        "global_verse_sequence_number": 5178
    },
    {
        "chapter": 62,
        "verse": 1,
        "juz": 28,
        "hizb": 221,
        "manzil": 7,
        "ruku": 486,
        "word_number_in_verse": 11,
        "language_code": "en",
        "text": "the All-Mighty",
        "root_word": "الۡعَزِيزِ",
        "global_word_sequence_number": 71339,
        "global_verse_sequence_number": 5178
    },
    {
        "chapter": 62,
        "verse": 1,
        "juz": 28,
        "hizb": 221,
        "manzil": 7,
        "ruku": 486,
        "word_number_in_verse": 12,
        "language_code": "en",
        "text": "the All-Wise",
        "root_word": "الۡحَكِيمِ",
        "global_word_sequence_number": 71340,
        "global_verse_sequence_number": 5178
    },
    {
        "chapter": 62,
        "verse": 2,
        "juz": 28,
        "hizb": 221,
        "manzil": 7,
        "ruku": 486,
        "word_number_in_verse": 1,
        "language_code": "en",
        "text": "He",
        "root_word": "هُوَ",
        "global_word_sequence_number": 71341,
        "global_verse_sequence_number": 5179
    },
    {
        "chapter": 62,
        "verse": 2,
        "juz": 28,
        "hizb": 221,
        "manzil": 7,
        "ruku": 486,
        "word_number_in_verse": 2,
        "language_code": "en",
        "text": "(is) the One Who",
        "root_word": "الَّذِي",
        "global_word_sequence_number": 71342,
        "global_verse_sequence_number": 5179
    },
    {
        "chapter": 62,
        "verse": 2,
        "juz": 28,
        "hizb": 221,
        "manzil": 7,
        "ruku": 486,
        "word_number_in_verse": 3,
        "language_code": "en",
        "text": "sent",
        "root_word": "بَعَثَ",
        "global_word_sequence_number": 71343,
        "global_verse_sequence_number": 5179
    },
    {
        "chapter": 62,
        "verse": 2,
        "juz": 28,
        "hizb": 221,
        "manzil": 7,
        "ruku": 486,
        "word_number_in_verse": 4,
        "language_code": "en",
        "text": "among",
        "root_word": "فِي",
        "global_word_sequence_number": 71344,
        "global_verse_sequence_number": 5179
    },
    {
        "chapter": 62,
        "verse": 2,
        "juz": 28,
        "hizb": 221,
        "manzil": 7,
        "ruku": 486,
        "word_number_in_verse": 5,
        "language_code": "en",
        "text": "the unlettered",
        "root_word": "الۡأُمِّيِّـۧنَ",
        "global_word_sequence_number": 71345,
        "global_verse_sequence_number": 5179
    },
    {
        "chapter": 62,
        "verse": 2,
        "juz": 28,
        "hizb": 221,
        "manzil": 7,
        "ruku": 486,
        "word_number_in_verse": 6,
        "language_code": "en",
        "text": "a Messenger",
        "root_word": "رَسُولٗا",
        "global_word_sequence_number": 71346,
        "global_verse_sequence_number": 5179
    },
    {
        "chapter": 62,
        "verse": 2,
        "juz": 28,
        "hizb": 221,
        "manzil": 7,
        "ruku": 486,
        "word_number_in_verse": 7,
        "language_code": "en",
        "text": "from themselves",
        "root_word": "مِّنۡهُمۡ",
        "global_word_sequence_number": 71347,
        "global_verse_sequence_number": 5179
    },
    {
        "chapter": 62,
        "verse": 2,
        "juz": 28,
        "hizb": 221,
        "manzil": 7,
        "ruku": 486,
        "word_number_in_verse": 8,
        "language_code": "en",
        "text": "reciting",
        "root_word": "يَتۡلُواْ",
        "global_word_sequence_number": 71348,
        "global_verse_sequence_number": 5179
    },
    {
        "chapter": 62,
        "verse": 2,
        "juz": 28,
        "hizb": 221,
        "manzil": 7,
        "ruku": 486,
        "word_number_in_verse": 9,
        "language_code": "en",
        "text": "to them",
        "root_word": "عَلَيۡهِمۡ",
        "global_word_sequence_number": 71349,
        "global_verse_sequence_number": 5179
    },
    {
        "chapter": 62,
        "verse": 2,
        "juz": 28,
        "hizb": 221,
        "manzil": 7,
        "ruku": 486,
        "word_number_in_verse": 10,
        "language_code": "en",
        "text": "His Verses",
        "root_word": "ءَايَٰتِهِۦ",
        "global_word_sequence_number": 71350,
        "global_verse_sequence_number": 5179
    },
    {
        "chapter": 62,
        "verse": 2,
        "juz": 28,
        "hizb": 221,
        "manzil": 7,
        "ruku": 486,
        "word_number_in_verse": 11,
        "language_code": "en",
        "text": "and purifying them",
        "root_word": "وَيُزَكِّيهِمۡ",
        "global_word_sequence_number": 71351,
        "global_verse_sequence_number": 5179
    },
    {
        "chapter": 62,
        "verse": 2,
        "juz": 28,
        "hizb": 221,
        "manzil": 7,
        "ruku": 486,
        "word_number_in_verse": 12,
        "language_code": "en",
        "text": "and teaching them",
        "root_word": "وَيُعَلِّمُهُمُ",
        "global_word_sequence_number": 71352,
        "global_verse_sequence_number": 5179
    },
    {
        "chapter": 62,
        "verse": 2,
        "juz": 28,
        "hizb": 221,
        "manzil": 7,
        "ruku": 486,
        "word_number_in_verse": 13,
        "language_code": "en",
        "text": "the Book",
        "root_word": "الۡكِتَٰبَ",
        "global_word_sequence_number": 71353,
        "global_verse_sequence_number": 5179
    },
    {
        "chapter": 62,
        "verse": 2,
        "juz": 28,
        "hizb": 221,
        "manzil": 7,
        "ruku": 486,
        "word_number_in_verse": 14,
        "language_code": "en",
        "text": "and the wisdom",
        "root_word": "وَالۡحِكۡمَةَ",
        "global_word_sequence_number": 71354,
        "global_verse_sequence_number": 5179
    },
    {
        "chapter": 62,
        "verse": 2,
        "juz": 28,
        "hizb": 221,
        "manzil": 7,
        "ruku": 486,
        "word_number_in_verse": 15,
        "language_code": "en",
        "text": "although",
        "root_word": "وَإِن",
        "global_word_sequence_number": 71355,
        "global_verse_sequence_number": 5179
    },
    {
        "chapter": 62,
        "verse": 2,
        "juz": 28,
        "hizb": 221,
        "manzil": 7,
        "ruku": 486,
        "word_number_in_verse": 16,
        "language_code": "en",
        "text": "they were",
        "root_word": "كَانُواْ",
        "global_word_sequence_number": 71356,
        "global_verse_sequence_number": 5179
    },
    {
        "chapter": 62,
        "verse": 2,
        "juz": 28,
        "hizb": 221,
        "manzil": 7,
        "ruku": 486,
        "word_number_in_verse": 17,
        "language_code": "en",
        "text": "from",
        "root_word": "مِن",
        "global_word_sequence_number": 71357,
        "global_verse_sequence_number": 5179
    },
    {
        "chapter": 62,
        "verse": 2,
        "juz": 28,
        "hizb": 221,
        "manzil": 7,
        "ruku": 486,
        "word_number_in_verse": 18,
        "language_code": "en",
        "text": "before",
        "root_word": "قَبۡلُ",
        "global_word_sequence_number": 71358,
        "global_verse_sequence_number": 5179
    },
    {
        "chapter": 62,
        "verse": 2,
        "juz": 28,
        "hizb": 221,
        "manzil": 7,
        "ruku": 486,
        "word_number_in_verse": 19,
        "language_code": "en",
        "text": "surely in",
        "root_word": "لَفِي",
        "global_word_sequence_number": 71359,
        "global_verse_sequence_number": 5179
    },
    {
        "chapter": 62,
        "verse": 2,
        "juz": 28,
        "hizb": 221,
        "manzil": 7,
        "ruku": 486,
        "word_number_in_verse": 20,
        "language_code": "en",
        "text": "an error",
        "root_word": "ضَلَٰلٖ",
        "global_word_sequence_number": 71360,
        "global_verse_sequence_number": 5179
    },
    {
        "chapter": 62,
        "verse": 2,
        "juz": 28,
        "hizb": 221,
        "manzil": 7,
        "ruku": 486,
        "word_number_in_verse": 21,
        "language_code": "en",
        "text": "clear",
        "root_word": "مُّبِينٖ",
        "global_word_sequence_number": 71361,
        "global_verse_sequence_number": 5179
    },
    {
        "chapter": 62,
        "verse": 3,
        "juz": 28,
        "hizb": 221,
        "manzil": 7,
        "ruku": 486,
        "word_number_in_verse": 1,
        "language_code": "en",
        "text": "And others",
        "root_word": "وَءَاخَرِينَ",
        "global_word_sequence_number": 71362,
        "global_verse_sequence_number": 5180
    },
    {
        "chapter": 62,
        "verse": 3,
        "juz": 28,
        "hizb": 221,
        "manzil": 7,
        "ruku": 486,
        "word_number_in_verse": 2,
        "language_code": "en",
        "text": "among them",
        "root_word": "مِنۡهُمۡ",
        "global_word_sequence_number": 71363,
        "global_verse_sequence_number": 5180
    },
    {
        "chapter": 62,
        "verse": 3,
        "juz": 28,
        "hizb": 221,
        "manzil": 7,
        "ruku": 486,
        "word_number_in_verse": 3,
        "language_code": "en",
        "text": "who have not yet",
        "root_word": "لَمَّا",
        "global_word_sequence_number": 71364,
        "global_verse_sequence_number": 5180
    },
    {
        "chapter": 62,
        "verse": 3,
        "juz": 28,
        "hizb": 221,
        "manzil": 7,
        "ruku": 486,
        "word_number_in_verse": 4,
        "language_code": "en",
        "text": "joined",
        "root_word": "يَلۡحَقُواْ",
        "global_word_sequence_number": 71365,
        "global_verse_sequence_number": 5180
    },
    {
        "chapter": 62,
        "verse": 3,
        "juz": 28,
        "hizb": 221,
        "manzil": 7,
        "ruku": 486,
        "word_number_in_verse": 5,
        "language_code": "en",
        "text": "them",
        "root_word": "بِهِمۡۚ",
        "global_word_sequence_number": 71366,
        "global_verse_sequence_number": 5180
    },
    {
        "chapter": 62,
        "verse": 3,
        "juz": 28,
        "hizb": 221,
        "manzil": 7,
        "ruku": 486,
        "word_number_in_verse": 6,
        "language_code": "en",
        "text": "and He",
        "root_word": "وَهُوَ",
        "global_word_sequence_number": 71367,
        "global_verse_sequence_number": 5180
    },
    {
        "chapter": 62,
        "verse": 3,
        "juz": 28,
        "hizb": 221,
        "manzil": 7,
        "ruku": 486,
        "word_number_in_verse": 7,
        "language_code": "en",
        "text": "(is) the All-Mighty",
        "root_word": "الۡعَزِيزُ",
        "global_word_sequence_number": 71368,
        "global_verse_sequence_number": 5180
    },
    {
        "chapter": 62,
        "verse": 3,
        "juz": 28,
        "hizb": 221,
        "manzil": 7,
        "ruku": 486,
        "word_number_in_verse": 8,
        "language_code": "en",
        "text": "the All-Wise",
        "root_word": "الۡحَكِيمُ",
        "global_word_sequence_number": 71369,
        "global_verse_sequence_number": 5180
    },
    {
        "chapter": 62,
        "verse": 4,
        "juz": 28,
        "hizb": 221,
        "manzil": 7,
        "ruku": 486,
        "word_number_in_verse": 1,
        "language_code": "en",
        "text": "That",
        "root_word": "ذَٰلِكَ",
        "global_word_sequence_number": 71370,
        "global_verse_sequence_number": 5181
    },
    {
        "chapter": 62,
        "verse": 4,
        "juz": 28,
        "hizb": 221,
        "manzil": 7,
        "ruku": 486,
        "word_number_in_verse": 2,
        "language_code": "en",
        "text": "(is the) Bounty",
        "root_word": "فَضۡلُ",
        "global_word_sequence_number": 71371,
        "global_verse_sequence_number": 5181
    },
    {
        "chapter": 62,
        "verse": 4,
        "juz": 28,
        "hizb": 221,
        "manzil": 7,
        "ruku": 486,
        "word_number_in_verse": 3,
        "language_code": "en",
        "text": "(of) Allah",
        "root_word": "اللَّهِ",
        "global_word_sequence_number": 71372,
        "global_verse_sequence_number": 5181
    },
    {
        "chapter": 62,
        "verse": 4,
        "juz": 28,
        "hizb": 221,
        "manzil": 7,
        "ruku": 486,
        "word_number_in_verse": 4,
        "language_code": "en",
        "text": "He gives it",
        "root_word": "يُؤۡتِيهِ",
        "global_word_sequence_number": 71373,
        "global_verse_sequence_number": 5181
    },
    {
        "chapter": 62,
        "verse": 4,
        "juz": 28,
        "hizb": 221,
        "manzil": 7,
        "ruku": 486,
        "word_number_in_verse": 5,
        "language_code": "en",
        "text": "(to) whom",
        "root_word": "مَن",
        "global_word_sequence_number": 71374,
        "global_verse_sequence_number": 5181
    },
    {
        "chapter": 62,
        "verse": 4,
        "juz": 28,
        "hizb": 221,
        "manzil": 7,
        "ruku": 486,
        "word_number_in_verse": 6,
        "language_code": "en",
        "text": "He wills",
        "root_word": "يَشَآءُۚ",
        "global_word_sequence_number": 71375,
        "global_verse_sequence_number": 5181
    },
    {
        "chapter": 62,
        "verse": 4,
        "juz": 28,
        "hizb": 221,
        "manzil": 7,
        "ruku": 486,
        "word_number_in_verse": 7,
        "language_code": "en",
        "text": "And Allah",
        "root_word": "وَاللَّهُ",
        "global_word_sequence_number": 71376,
        "global_verse_sequence_number": 5181
    },
    {
        "chapter": 62,
        "verse": 4,
        "juz": 28,
        "hizb": 221,
        "manzil": 7,
        "ruku": 486,
        "word_number_in_verse": 8,
        "language_code": "en",
        "text": "(is the) Possessor",
        "root_word": "ذُو",
        "global_word_sequence_number": 71377,
        "global_verse_sequence_number": 5181
    },
    {
        "chapter": 62,
        "verse": 4,
        "juz": 28,
        "hizb": 221,
        "manzil": 7,
        "ruku": 486,
        "word_number_in_verse": 9,
        "language_code": "en",
        "text": "(of) Bounty",
        "root_word": "الۡفَضۡلِ",
        "global_word_sequence_number": 71378,
        "global_verse_sequence_number": 5181
    },
    {
        "chapter": 62,
        "verse": 4,
        "juz": 28,
        "hizb": 221,
        "manzil": 7,
        "ruku": 486,
        "word_number_in_verse": 10,
        "language_code": "en",
        "text": "the Great",
        "root_word": "الۡعَظِيمِ",
        "global_word_sequence_number": 71379,
        "global_verse_sequence_number": 5181
    },
    {
        "chapter": 62,
        "verse": 5,
        "juz": 28,
        "hizb": 221,
        "manzil": 7,
        "ruku": 486,
        "word_number_in_verse": 1,
        "language_code": "en",
        "text": "(The) likeness",
        "root_word": "مَثَلُ",
        "global_word_sequence_number": 71380,
        "global_verse_sequence_number": 5182
    },
    {
        "chapter": 62,
        "verse": 5,
        "juz": 28,
        "hizb": 221,
        "manzil": 7,
        "ruku": 486,
        "word_number_in_verse": 2,
        "language_code": "en",
        "text": "(of) those who",
        "root_word": "الَّذِينَ",
        "global_word_sequence_number": 71381,
        "global_verse_sequence_number": 5182
    },
    {
        "chapter": 62,
        "verse": 5,
        "juz": 28,
        "hizb": 221,
        "manzil": 7,
        "ruku": 486,
        "word_number_in_verse": 3,
        "language_code": "en",
        "text": "were entrusted",
        "root_word": "حُمِّلُواْ",
        "global_word_sequence_number": 71382,
        "global_verse_sequence_number": 5182
    },
    {
        "chapter": 62,
        "verse": 5,
        "juz": 28,
        "hizb": 221,
        "manzil": 7,
        "ruku": 486,
        "word_number_in_verse": 4,
        "language_code": "en",
        "text": "(with) the Taurat",
        "root_word": "التَّوۡرَىٰةَ",
        "global_word_sequence_number": 71383,
        "global_verse_sequence_number": 5182
    },
    {
        "chapter": 62,
        "verse": 5,
        "juz": 28,
        "hizb": 221,
        "manzil": 7,
        "ruku": 486,
        "word_number_in_verse": 5,
        "language_code": "en",
        "text": "then",
        "root_word": "ثُمَّ",
        "global_word_sequence_number": 71384,
        "global_verse_sequence_number": 5182
    },
    {
        "chapter": 62,
        "verse": 5,
        "juz": 28,
        "hizb": 221,
        "manzil": 7,
        "ruku": 486,
        "word_number_in_verse": 6,
        "language_code": "en",
        "text": "not",
        "root_word": "لَمۡ",
        "global_word_sequence_number": 71385,
        "global_verse_sequence_number": 5182
    },
    {
        "chapter": 62,
        "verse": 5,
        "juz": 28,
        "hizb": 221,
        "manzil": 7,
        "ruku": 486,
        "word_number_in_verse": 7,
        "language_code": "en",
        "text": "they bore it",
        "root_word": "يَحۡمِلُوهَا",
        "global_word_sequence_number": 71386,
        "global_verse_sequence_number": 5182
    },
    {
        "chapter": 62,
        "verse": 5,
        "juz": 28,
        "hizb": 221,
        "manzil": 7,
        "ruku": 486,
        "word_number_in_verse": 8,
        "language_code": "en",
        "text": "(is) like",
        "root_word": "كَمَثَلِ",
        "global_word_sequence_number": 71387,
        "global_verse_sequence_number": 5182
    },
    {
        "chapter": 62,
        "verse": 5,
        "juz": 28,
        "hizb": 221,
        "manzil": 7,
        "ruku": 486,
        "word_number_in_verse": 9,
        "language_code": "en",
        "text": "the donkey",
        "root_word": "الۡحِمَارِ",
        "global_word_sequence_number": 71388,
        "global_verse_sequence_number": 5182
    },
    {
        "chapter": 62,
        "verse": 5,
        "juz": 28,
        "hizb": 221,
        "manzil": 7,
        "ruku": 486,
        "word_number_in_verse": 10,
        "language_code": "en",
        "text": "who carries",
        "root_word": "يَحۡمِلُ",
        "global_word_sequence_number": 71389,
        "global_verse_sequence_number": 5182
    },
    {
        "chapter": 62,
        "verse": 5,
        "juz": 28,
        "hizb": 221,
        "manzil": 7,
        "ruku": 486,
        "word_number_in_verse": 11,
        "language_code": "en",
        "text": "books",
        "root_word": "أَسۡفَارَۢاۚ",
        "global_word_sequence_number": 71390,
        "global_verse_sequence_number": 5182
    },
    {
        "chapter": 62,
        "verse": 5,
        "juz": 28,
        "hizb": 221,
        "manzil": 7,
        "ruku": 486,
        "word_number_in_verse": 12,
        "language_code": "en",
        "text": "Wretched is",
        "root_word": "بِئۡسَ",
        "global_word_sequence_number": 71391,
        "global_verse_sequence_number": 5182
    },
    {
        "chapter": 62,
        "verse": 5,
        "juz": 28,
        "hizb": 221,
        "manzil": 7,
        "ruku": 486,
        "word_number_in_verse": 13,
        "language_code": "en",
        "text": "(the) example",
        "root_word": "مَثَلُ",
        "global_word_sequence_number": 71392,
        "global_verse_sequence_number": 5182
    },
    {
        "chapter": 62,
        "verse": 5,
        "juz": 28,
        "hizb": 221,
        "manzil": 7,
        "ruku": 486,
        "word_number_in_verse": 14,
        "language_code": "en",
        "text": "(of) the people",
        "root_word": "الۡقَوۡمِ",
        "global_word_sequence_number": 71393,
        "global_verse_sequence_number": 5182
    },
    {
        "chapter": 62,
        "verse": 5,
        "juz": 28,
        "hizb": 221,
        "manzil": 7,
        "ruku": 486,
        "word_number_in_verse": 15,
        "language_code": "en",
        "text": "who",
        "root_word": "الَّذِينَ",
        "global_word_sequence_number": 71394,
        "global_verse_sequence_number": 5182
    },
    {
        "chapter": 62,
        "verse": 5,
        "juz": 28,
        "hizb": 221,
        "manzil": 7,
        "ruku": 486,
        "word_number_in_verse": 16,
        "language_code": "en",
        "text": "deny",
        "root_word": "كَذَّبُواْ",
        "global_word_sequence_number": 71395,
        "global_verse_sequence_number": 5182
    },
    {
        "chapter": 62,
        "verse": 5,
        "juz": 28,
        "hizb": 221,
        "manzil": 7,
        "ruku": 486,
        "word_number_in_verse": 17,
        "language_code": "en",
        "text": "(the) Signs",
        "root_word": "بِـَٔايَٰتِ",
        "global_word_sequence_number": 71396,
        "global_verse_sequence_number": 5182
    },
    {
        "chapter": 62,
        "verse": 5,
        "juz": 28,
        "hizb": 221,
        "manzil": 7,
        "ruku": 486,
        "word_number_in_verse": 18,
        "language_code": "en",
        "text": "(of) Allah",
        "root_word": "اللَّهِۚ",
        "global_word_sequence_number": 71397,
        "global_verse_sequence_number": 5182
    },
    {
        "chapter": 62,
        "verse": 5,
        "juz": 28,
        "hizb": 221,
        "manzil": 7,
        "ruku": 486,
        "word_number_in_verse": 19,
        "language_code": "en",
        "text": "And Allah",
        "root_word": "وَاللَّهُ",
        "global_word_sequence_number": 71398,
        "global_verse_sequence_number": 5182
    },
    {
        "chapter": 62,
        "verse": 5,
        "juz": 28,
        "hizb": 221,
        "manzil": 7,
        "ruku": 486,
        "word_number_in_verse": 20,
        "language_code": "en",
        "text": "(does) not",
        "root_word": "لَا",
        "global_word_sequence_number": 71399,
        "global_verse_sequence_number": 5182
    },
    {
        "chapter": 62,
        "verse": 5,
        "juz": 28,
        "hizb": 221,
        "manzil": 7,
        "ruku": 486,
        "word_number_in_verse": 21,
        "language_code": "en",
        "text": "guide",
        "root_word": "يَهۡدِي",
        "global_word_sequence_number": 71400,
        "global_verse_sequence_number": 5182
    },
    {
        "chapter": 62,
        "verse": 5,
        "juz": 28,
        "hizb": 221,
        "manzil": 7,
        "ruku": 486,
        "word_number_in_verse": 22,
        "language_code": "en",
        "text": "the people",
        "root_word": "الۡقَوۡمَ",
        "global_word_sequence_number": 71401,
        "global_verse_sequence_number": 5182
    },
    {
        "chapter": 62,
        "verse": 5,
        "juz": 28,
        "hizb": 221,
        "manzil": 7,
        "ruku": 486,
        "word_number_in_verse": 23,
        "language_code": "en",
        "text": "the wrongdoers",
        "root_word": "الظَّٰلِمِينَ",
        "global_word_sequence_number": 71402,
        "global_verse_sequence_number": 5182
    },
    {
        "chapter": 62,
        "verse": 6,
        "juz": 28,
        "hizb": 221,
        "manzil": 7,
        "ruku": 486,
        "word_number_in_verse": 1,
        "language_code": "en",
        "text": "Say",
        "root_word": "قُلۡ",
        "global_word_sequence_number": 71403,
        "global_verse_sequence_number": 5183
    },
    {
        "chapter": 62,
        "verse": 6,
        "juz": 28,
        "hizb": 221,
        "manzil": 7,
        "ruku": 486,
        "word_number_in_verse": 2,
        "language_code": "en",
        "text": "O",
        "root_word": "يَٰٓأَيُّهَا",
        "global_word_sequence_number": 71404,
        "global_verse_sequence_number": 5183
    },
    {
        "chapter": 62,
        "verse": 6,
        "juz": 28,
        "hizb": 221,
        "manzil": 7,
        "ruku": 486,
        "word_number_in_verse": 3,
        "language_code": "en",
        "text": "you (who)",
        "root_word": "الَّذِينَ",
        "global_word_sequence_number": 71405,
        "global_verse_sequence_number": 5183
    },
    {
        "chapter": 62,
        "verse": 6,
        "juz": 28,
        "hizb": 221,
        "manzil": 7,
        "ruku": 486,
        "word_number_in_verse": 4,
        "language_code": "en",
        "text": "(are) Jews",
        "root_word": "هَادُوٓاْ",
        "global_word_sequence_number": 71406,
        "global_verse_sequence_number": 5183
    },
    {
        "chapter": 62,
        "verse": 6,
        "juz": 28,
        "hizb": 221,
        "manzil": 7,
        "ruku": 486,
        "word_number_in_verse": 5,
        "language_code": "en",
        "text": "If",
        "root_word": "إِن",
        "global_word_sequence_number": 71407,
        "global_verse_sequence_number": 5183
    },
    {
        "chapter": 62,
        "verse": 6,
        "juz": 28,
        "hizb": 221,
        "manzil": 7,
        "ruku": 486,
        "word_number_in_verse": 6,
        "language_code": "en",
        "text": "you claim",
        "root_word": "زَعَمۡتُمۡ",
        "global_word_sequence_number": 71408,
        "global_verse_sequence_number": 5183
    },
    {
        "chapter": 62,
        "verse": 6,
        "juz": 28,
        "hizb": 221,
        "manzil": 7,
        "ruku": 486,
        "word_number_in_verse": 7,
        "language_code": "en",
        "text": "that you",
        "root_word": "أَنَّكُمۡ",
        "global_word_sequence_number": 71409,
        "global_verse_sequence_number": 5183
    },
    {
        "chapter": 62,
        "verse": 6,
        "juz": 28,
        "hizb": 221,
        "manzil": 7,
        "ruku": 486,
        "word_number_in_verse": 8,
        "language_code": "en",
        "text": "(are) allies",
        "root_word": "أَوۡلِيَآءُ",
        "global_word_sequence_number": 71410,
        "global_verse_sequence_number": 5183
    },
    {
        "chapter": 62,
        "verse": 6,
        "juz": 28,
        "hizb": 221,
        "manzil": 7,
        "ruku": 486,
        "word_number_in_verse": 9,
        "language_code": "en",
        "text": "of Allah",
        "root_word": "لِلَّهِ",
        "global_word_sequence_number": 71411,
        "global_verse_sequence_number": 5183
    },
    {
        "chapter": 62,
        "verse": 6,
        "juz": 28,
        "hizb": 221,
        "manzil": 7,
        "ruku": 486,
        "word_number_in_verse": 10,
        "language_code": "en",
        "text": "from",
        "root_word": "مِن",
        "global_word_sequence_number": 71412,
        "global_verse_sequence_number": 5183
    },
    {
        "chapter": 62,
        "verse": 6,
        "juz": 28,
        "hizb": 221,
        "manzil": 7,
        "ruku": 486,
        "word_number_in_verse": 11,
        "language_code": "en",
        "text": "excluding",
        "root_word": "دُونِ",
        "global_word_sequence_number": 71413,
        "global_verse_sequence_number": 5183
    },
    {
        "chapter": 62,
        "verse": 6,
        "juz": 28,
        "hizb": 221,
        "manzil": 7,
        "ruku": 486,
        "word_number_in_verse": 12,
        "language_code": "en",
        "text": "the people",
        "root_word": "النَّاسِ",
        "global_word_sequence_number": 71414,
        "global_verse_sequence_number": 5183
    },
    {
        "chapter": 62,
        "verse": 6,
        "juz": 28,
        "hizb": 221,
        "manzil": 7,
        "ruku": 486,
        "word_number_in_verse": 13,
        "language_code": "en",
        "text": "then wish",
        "root_word": "فَتَمَنَّوُاْ",
        "global_word_sequence_number": 71415,
        "global_verse_sequence_number": 5183
    },
    {
        "chapter": 62,
        "verse": 6,
        "juz": 28,
        "hizb": 221,
        "manzil": 7,
        "ruku": 486,
        "word_number_in_verse": 14,
        "language_code": "en",
        "text": "(for) the death",
        "root_word": "الۡمَوۡتَ",
        "global_word_sequence_number": 71416,
        "global_verse_sequence_number": 5183
    },
    {
        "chapter": 62,
        "verse": 6,
        "juz": 28,
        "hizb": 221,
        "manzil": 7,
        "ruku": 486,
        "word_number_in_verse": 15,
        "language_code": "en",
        "text": "if",
        "root_word": "إِن",
        "global_word_sequence_number": 71417,
        "global_verse_sequence_number": 5183
    },
    {
        "chapter": 62,
        "verse": 6,
        "juz": 28,
        "hizb": 221,
        "manzil": 7,
        "ruku": 486,
        "word_number_in_verse": 16,
        "language_code": "en",
        "text": "you are",
        "root_word": "كُنتُمۡ",
        "global_word_sequence_number": 71418,
        "global_verse_sequence_number": 5183
    },
    {
        "chapter": 62,
        "verse": 6,
        "juz": 28,
        "hizb": 221,
        "manzil": 7,
        "ruku": 486,
        "word_number_in_verse": 17,
        "language_code": "en",
        "text": "truthful",
        "root_word": "صَٰدِقِينَ",
        "global_word_sequence_number": 71419,
        "global_verse_sequence_number": 5183
    },
    {
        "chapter": 62,
        "verse": 7,
        "juz": 28,
        "hizb": 221,
        "manzil": 7,
        "ruku": 486,
        "word_number_in_verse": 1,
        "language_code": "en",
        "text": "But not",
        "root_word": "وَلَا",
        "global_word_sequence_number": 71420,
        "global_verse_sequence_number": 5184
    },
    {
        "chapter": 62,
        "verse": 7,
        "juz": 28,
        "hizb": 221,
        "manzil": 7,
        "ruku": 486,
        "word_number_in_verse": 2,
        "language_code": "en",
        "text": "they will wish for it",
        "root_word": "يَتَمَنَّوۡنَهُۥٓ",
        "global_word_sequence_number": 71421,
        "global_verse_sequence_number": 5184
    },
    {
        "chapter": 62,
        "verse": 7,
        "juz": 28,
        "hizb": 221,
        "manzil": 7,
        "ruku": 486,
        "word_number_in_verse": 3,
        "language_code": "en",
        "text": "ever",
        "root_word": "أَبَدَۢا",
        "global_word_sequence_number": 71422,
        "global_verse_sequence_number": 5184
    },
    {
        "chapter": 62,
        "verse": 7,
        "juz": 28,
        "hizb": 221,
        "manzil": 7,
        "ruku": 486,
        "word_number_in_verse": 4,
        "language_code": "en",
        "text": "for what",
        "root_word": "بِمَا",
        "global_word_sequence_number": 71423,
        "global_verse_sequence_number": 5184
    },
    {
        "chapter": 62,
        "verse": 7,
        "juz": 28,
        "hizb": 221,
        "manzil": 7,
        "ruku": 486,
        "word_number_in_verse": 5,
        "language_code": "en",
        "text": "(have) sent forth",
        "root_word": "قَدَّمَتۡ",
        "global_word_sequence_number": 71424,
        "global_verse_sequence_number": 5184
    },
    {
        "chapter": 62,
        "verse": 7,
        "juz": 28,
        "hizb": 221,
        "manzil": 7,
        "ruku": 486,
        "word_number_in_verse": 6,
        "language_code": "en",
        "text": "their hands",
        "root_word": "أَيۡدِيهِمۡۚ",
        "global_word_sequence_number": 71425,
        "global_verse_sequence_number": 5184
    },
    {
        "chapter": 62,
        "verse": 7,
        "juz": 28,
        "hizb": 221,
        "manzil": 7,
        "ruku": 486,
        "word_number_in_verse": 7,
        "language_code": "en",
        "text": "And Allah",
        "root_word": "وَاللَّهُ",
        "global_word_sequence_number": 71426,
        "global_verse_sequence_number": 5184
    },
    {
        "chapter": 62,
        "verse": 7,
        "juz": 28,
        "hizb": 221,
        "manzil": 7,
        "ruku": 486,
        "word_number_in_verse": 8,
        "language_code": "en",
        "text": "(is) All-Knowing",
        "root_word": "عَلِيمُۢ",
        "global_word_sequence_number": 71427,
        "global_verse_sequence_number": 5184
    },
    {
        "chapter": 62,
        "verse": 7,
        "juz": 28,
        "hizb": 221,
        "manzil": 7,
        "ruku": 486,
        "word_number_in_verse": 9,
        "language_code": "en",
        "text": "of the wrongdoers",
        "root_word": "بِالظَّٰلِمِينَ",
        "global_word_sequence_number": 71428,
        "global_verse_sequence_number": 5184
    },
    {
        "chapter": 62,
        "verse": 8,
        "juz": 28,
        "hizb": 221,
        "manzil": 7,
        "ruku": 486,
        "word_number_in_verse": 1,
        "language_code": "en",
        "text": "Say",
        "root_word": "قُلۡ",
        "global_word_sequence_number": 71429,
        "global_verse_sequence_number": 5185
    },
    {
        "chapter": 62,
        "verse": 8,
        "juz": 28,
        "hizb": 221,
        "manzil": 7,
        "ruku": 486,
        "word_number_in_verse": 2,
        "language_code": "en",
        "text": "Indeed",
        "root_word": "إِنَّ",
        "global_word_sequence_number": 71430,
        "global_verse_sequence_number": 5185
    },
    {
        "chapter": 62,
        "verse": 8,
        "juz": 28,
        "hizb": 221,
        "manzil": 7,
        "ruku": 486,
        "word_number_in_verse": 3,
        "language_code": "en",
        "text": "the death",
        "root_word": "الۡمَوۡتَ",
        "global_word_sequence_number": 71431,
        "global_verse_sequence_number": 5185
    },
    {
        "chapter": 62,
        "verse": 8,
        "juz": 28,
        "hizb": 221,
        "manzil": 7,
        "ruku": 486,
        "word_number_in_verse": 4,
        "language_code": "en",
        "text": "which",
        "root_word": "الَّذِي",
        "global_word_sequence_number": 71432,
        "global_verse_sequence_number": 5185
    },
    {
        "chapter": 62,
        "verse": 8,
        "juz": 28,
        "hizb": 221,
        "manzil": 7,
        "ruku": 486,
        "word_number_in_verse": 5,
        "language_code": "en",
        "text": "you flee",
        "root_word": "تَفِرُّونَ",
        "global_word_sequence_number": 71433,
        "global_verse_sequence_number": 5185
    },
    {
        "chapter": 62,
        "verse": 8,
        "juz": 28,
        "hizb": 221,
        "manzil": 7,
        "ruku": 486,
        "word_number_in_verse": 6,
        "language_code": "en",
        "text": "from it",
        "root_word": "مِنۡهُ",
        "global_word_sequence_number": 71434,
        "global_verse_sequence_number": 5185
    },
    {
        "chapter": 62,
        "verse": 8,
        "juz": 28,
        "hizb": 221,
        "manzil": 7,
        "ruku": 486,
        "word_number_in_verse": 7,
        "language_code": "en",
        "text": "then surely it",
        "root_word": "فَإِنَّهُۥ",
        "global_word_sequence_number": 71435,
        "global_verse_sequence_number": 5185
    },
    {
        "chapter": 62,
        "verse": 8,
        "juz": 28,
        "hizb": 221,
        "manzil": 7,
        "ruku": 486,
        "word_number_in_verse": 8,
        "language_code": "en",
        "text": "(will) meet you",
        "root_word": "مُلَٰقِيكُمۡۖ",
        "global_word_sequence_number": 71436,
        "global_verse_sequence_number": 5185
    },
    {
        "chapter": 62,
        "verse": 8,
        "juz": 28,
        "hizb": 221,
        "manzil": 7,
        "ruku": 486,
        "word_number_in_verse": 9,
        "language_code": "en",
        "text": "Then",
        "root_word": "ثُمَّ",
        "global_word_sequence_number": 71437,
        "global_verse_sequence_number": 5185
    },
    {
        "chapter": 62,
        "verse": 8,
        "juz": 28,
        "hizb": 221,
        "manzil": 7,
        "ruku": 486,
        "word_number_in_verse": 10,
        "language_code": "en",
        "text": "you will be sent back",
        "root_word": "تُرَدُّونَ",
        "global_word_sequence_number": 71438,
        "global_verse_sequence_number": 5185
    },
    {
        "chapter": 62,
        "verse": 8,
        "juz": 28,
        "hizb": 221,
        "manzil": 7,
        "ruku": 486,
        "word_number_in_verse": 11,
        "language_code": "en",
        "text": "to",
        "root_word": "إِلَىٰ",
        "global_word_sequence_number": 71439,
        "global_verse_sequence_number": 5185
    },
    {
        "chapter": 62,
        "verse": 8,
        "juz": 28,
        "hizb": 221,
        "manzil": 7,
        "ruku": 486,
        "word_number_in_verse": 12,
        "language_code": "en",
        "text": "(the) All-Knower",
        "root_word": "عَٰلِمِ",
        "global_word_sequence_number": 71440,
        "global_verse_sequence_number": 5185
    },
    {
        "chapter": 62,
        "verse": 8,
        "juz": 28,
        "hizb": 221,
        "manzil": 7,
        "ruku": 486,
        "word_number_in_verse": 13,
        "language_code": "en",
        "text": "(of) the unseen",
        "root_word": "الۡغَيۡبِ",
        "global_word_sequence_number": 71441,
        "global_verse_sequence_number": 5185
    },
    {
        "chapter": 62,
        "verse": 8,
        "juz": 28,
        "hizb": 221,
        "manzil": 7,
        "ruku": 486,
        "word_number_in_verse": 14,
        "language_code": "en",
        "text": "and the witnessed",
        "root_word": "وَالشَّهَٰدَةِ",
        "global_word_sequence_number": 71442,
        "global_verse_sequence_number": 5185
    },
    {
        "chapter": 62,
        "verse": 8,
        "juz": 28,
        "hizb": 221,
        "manzil": 7,
        "ruku": 486,
        "word_number_in_verse": 15,
        "language_code": "en",
        "text": "and He will inform you",
        "root_word": "فَيُنَبِّئُكُم",
        "global_word_sequence_number": 71443,
        "global_verse_sequence_number": 5185
    },
    {
        "chapter": 62,
        "verse": 8,
        "juz": 28,
        "hizb": 221,
        "manzil": 7,
        "ruku": 486,
        "word_number_in_verse": 16,
        "language_code": "en",
        "text": "[of] what",
        "root_word": "بِمَا",
        "global_word_sequence_number": 71444,
        "global_verse_sequence_number": 5185
    },
    {
        "chapter": 62,
        "verse": 8,
        "juz": 28,
        "hizb": 221,
        "manzil": 7,
        "ruku": 486,
        "word_number_in_verse": 17,
        "language_code": "en",
        "text": "you used to",
        "root_word": "كُنتُمۡ",
        "global_word_sequence_number": 71445,
        "global_verse_sequence_number": 5185
    },
    {
        "chapter": 62,
        "verse": 8,
        "juz": 28,
        "hizb": 221,
        "manzil": 7,
        "ruku": 486,
        "word_number_in_verse": 18,
        "language_code": "en",
        "text": "do",
        "root_word": "تَعۡمَلُونَ",
        "global_word_sequence_number": 71446,
        "global_verse_sequence_number": 5185
    },
    {
        "chapter": 62,
        "verse": 9,
        "juz": 28,
        "hizb": 221,
        "manzil": 7,
        "ruku": 487,
        "word_number_in_verse": 1,
        "language_code": "en",
        "text": "O",
        "root_word": "يَٰٓأَيُّهَا",
        "global_word_sequence_number": 71447,
        "global_verse_sequence_number": 5186
    },
    {
        "chapter": 62,
        "verse": 9,
        "juz": 28,
        "hizb": 221,
        "manzil": 7,
        "ruku": 487,
        "word_number_in_verse": 2,
        "language_code": "en",
        "text": "(you) who",
        "root_word": "الَّذِينَ",
        "global_word_sequence_number": 71448,
        "global_verse_sequence_number": 5186
    },
    {
        "chapter": 62,
        "verse": 9,
        "juz": 28,
        "hizb": 221,
        "manzil": 7,
        "ruku": 487,
        "word_number_in_verse": 3,
        "language_code": "en",
        "text": "believe",
        "root_word": "ءَامَنُوٓاْ",
        "global_word_sequence_number": 71449,
        "global_verse_sequence_number": 5186
    },
    {
        "chapter": 62,
        "verse": 9,
        "juz": 28,
        "hizb": 221,
        "manzil": 7,
        "ruku": 487,
        "word_number_in_verse": 4,
        "language_code": "en",
        "text": "When",
        "root_word": "إِذَا",
        "global_word_sequence_number": 71450,
        "global_verse_sequence_number": 5186
    },
    {
        "chapter": 62,
        "verse": 9,
        "juz": 28,
        "hizb": 221,
        "manzil": 7,
        "ruku": 487,
        "word_number_in_verse": 5,
        "language_code": "en",
        "text": "(the) call is made",
        "root_word": "نُودِيَ",
        "global_word_sequence_number": 71451,
        "global_verse_sequence_number": 5186
    },
    {
        "chapter": 62,
        "verse": 9,
        "juz": 28,
        "hizb": 221,
        "manzil": 7,
        "ruku": 487,
        "word_number_in_verse": 6,
        "language_code": "en",
        "text": "for (the) prayer",
        "root_word": "لِلصَّلَوٰةِ",
        "global_word_sequence_number": 71452,
        "global_verse_sequence_number": 5186
    },
    {
        "chapter": 62,
        "verse": 9,
        "juz": 28,
        "hizb": 221,
        "manzil": 7,
        "ruku": 487,
        "word_number_in_verse": 7,
        "language_code": "en",
        "text": "on",
        "root_word": "مِن",
        "global_word_sequence_number": 71453,
        "global_verse_sequence_number": 5186
    },
    {
        "chapter": 62,
        "verse": 9,
        "juz": 28,
        "hizb": 221,
        "manzil": 7,
        "ruku": 487,
        "word_number_in_verse": 8,
        "language_code": "en",
        "text": "(the) day",
        "root_word": "يَوۡمِ",
        "global_word_sequence_number": 71454,
        "global_verse_sequence_number": 5186
    },
    {
        "chapter": 62,
        "verse": 9,
        "juz": 28,
        "hizb": 221,
        "manzil": 7,
        "ruku": 487,
        "word_number_in_verse": 9,
        "language_code": "en",
        "text": "(of) Friday",
        "root_word": "الۡجُمُعَةِ",
        "global_word_sequence_number": 71455,
        "global_verse_sequence_number": 5186
    },
    {
        "chapter": 62,
        "verse": 9,
        "juz": 28,
        "hizb": 221,
        "manzil": 7,
        "ruku": 487,
        "word_number_in_verse": 10,
        "language_code": "en",
        "text": "then hasten",
        "root_word": "فَاسۡعَوۡاْ",
        "global_word_sequence_number": 71456,
        "global_verse_sequence_number": 5186
    },
    {
        "chapter": 62,
        "verse": 9,
        "juz": 28,
        "hizb": 221,
        "manzil": 7,
        "ruku": 487,
        "word_number_in_verse": 11,
        "language_code": "en",
        "text": "to",
        "root_word": "إِلَىٰ",
        "global_word_sequence_number": 71457,
        "global_verse_sequence_number": 5186
    },
    {
        "chapter": 62,
        "verse": 9,
        "juz": 28,
        "hizb": 221,
        "manzil": 7,
        "ruku": 487,
        "word_number_in_verse": 12,
        "language_code": "en",
        "text": "(the) remembrance",
        "root_word": "ذِكۡرِ",
        "global_word_sequence_number": 71458,
        "global_verse_sequence_number": 5186
    },
    {
        "chapter": 62,
        "verse": 9,
        "juz": 28,
        "hizb": 221,
        "manzil": 7,
        "ruku": 487,
        "word_number_in_verse": 13,
        "language_code": "en",
        "text": "(of) Allah",
        "root_word": "اللَّهِ",
        "global_word_sequence_number": 71459,
        "global_verse_sequence_number": 5186
    },
    {
        "chapter": 62,
        "verse": 9,
        "juz": 28,
        "hizb": 221,
        "manzil": 7,
        "ruku": 487,
        "word_number_in_verse": 14,
        "language_code": "en",
        "text": "and leave",
        "root_word": "وَذَرُواْ",
        "global_word_sequence_number": 71460,
        "global_verse_sequence_number": 5186
    },
    {
        "chapter": 62,
        "verse": 9,
        "juz": 28,
        "hizb": 221,
        "manzil": 7,
        "ruku": 487,
        "word_number_in_verse": 15,
        "language_code": "en",
        "text": "the business",
        "root_word": "الۡبَيۡعَۚ",
        "global_word_sequence_number": 71461,
        "global_verse_sequence_number": 5186
    },
    {
        "chapter": 62,
        "verse": 9,
        "juz": 28,
        "hizb": 221,
        "manzil": 7,
        "ruku": 487,
        "word_number_in_verse": 16,
        "language_code": "en",
        "text": "That",
        "root_word": "ذَٰلِكُمۡ",
        "global_word_sequence_number": 71462,
        "global_verse_sequence_number": 5186
    },
    {
        "chapter": 62,
        "verse": 9,
        "juz": 28,
        "hizb": 221,
        "manzil": 7,
        "ruku": 487,
        "word_number_in_verse": 17,
        "language_code": "en",
        "text": "(is) better",
        "root_word": "خَيۡرٞ",
        "global_word_sequence_number": 71463,
        "global_verse_sequence_number": 5186
    },
    {
        "chapter": 62,
        "verse": 9,
        "juz": 28,
        "hizb": 221,
        "manzil": 7,
        "ruku": 487,
        "word_number_in_verse": 18,
        "language_code": "en",
        "text": "for you",
        "root_word": "لَّكُمۡ",
        "global_word_sequence_number": 71464,
        "global_verse_sequence_number": 5186
    },
    {
        "chapter": 62,
        "verse": 9,
        "juz": 28,
        "hizb": 221,
        "manzil": 7,
        "ruku": 487,
        "word_number_in_verse": 19,
        "language_code": "en",
        "text": "if",
        "root_word": "إِن",
        "global_word_sequence_number": 71465,
        "global_verse_sequence_number": 5186
    },
    {
        "chapter": 62,
        "verse": 9,
        "juz": 28,
        "hizb": 221,
        "manzil": 7,
        "ruku": 487,
        "word_number_in_verse": 20,
        "language_code": "en",
        "text": "you",
        "root_word": "كُنتُمۡ",
        "global_word_sequence_number": 71466,
        "global_verse_sequence_number": 5186
    },
    {
        "chapter": 62,
        "verse": 9,
        "juz": 28,
        "hizb": 221,
        "manzil": 7,
        "ruku": 487,
        "word_number_in_verse": 21,
        "language_code": "en",
        "text": "know",
        "root_word": "تَعۡلَمُونَ",
        "global_word_sequence_number": 71467,
        "global_verse_sequence_number": 5186
    },
    {
        "chapter": 62,
        "verse": 10,
        "juz": 28,
        "hizb": 221,
        "manzil": 7,
        "ruku": 487,
        "word_number_in_verse": 1,
        "language_code": "en",
        "text": "Then when",
        "root_word": "فَإِذَا",
        "global_word_sequence_number": 71468,
        "global_verse_sequence_number": 5187
    },
    {
        "chapter": 62,
        "verse": 10,
        "juz": 28,
        "hizb": 221,
        "manzil": 7,
        "ruku": 487,
        "word_number_in_verse": 2,
        "language_code": "en",
        "text": "is concluded",
        "root_word": "قُضِيَتِ",
        "global_word_sequence_number": 71469,
        "global_verse_sequence_number": 5187
    },
    {
        "chapter": 62,
        "verse": 10,
        "juz": 28,
        "hizb": 221,
        "manzil": 7,
        "ruku": 487,
        "word_number_in_verse": 3,
        "language_code": "en",
        "text": "the prayer",
        "root_word": "الصَّلَوٰةُ",
        "global_word_sequence_number": 71470,
        "global_verse_sequence_number": 5187
    },
    {
        "chapter": 62,
        "verse": 10,
        "juz": 28,
        "hizb": 221,
        "manzil": 7,
        "ruku": 487,
        "word_number_in_verse": 4,
        "language_code": "en",
        "text": "then disperse",
        "root_word": "فَانتَشِرُواْ",
        "global_word_sequence_number": 71471,
        "global_verse_sequence_number": 5187
    },
    {
        "chapter": 62,
        "verse": 10,
        "juz": 28,
        "hizb": 221,
        "manzil": 7,
        "ruku": 487,
        "word_number_in_verse": 5,
        "language_code": "en",
        "text": "in",
        "root_word": "فِي",
        "global_word_sequence_number": 71472,
        "global_verse_sequence_number": 5187
    },
    {
        "chapter": 62,
        "verse": 10,
        "juz": 28,
        "hizb": 221,
        "manzil": 7,
        "ruku": 487,
        "word_number_in_verse": 6,
        "language_code": "en",
        "text": "the land",
        "root_word": "الۡأَرۡضِ",
        "global_word_sequence_number": 71473,
        "global_verse_sequence_number": 5187
    },
    {
        "chapter": 62,
        "verse": 10,
        "juz": 28,
        "hizb": 221,
        "manzil": 7,
        "ruku": 487,
        "word_number_in_verse": 7,
        "language_code": "en",
        "text": "and seek",
        "root_word": "وَابۡتَغُواْ",
        "global_word_sequence_number": 71474,
        "global_verse_sequence_number": 5187
    },
    {
        "chapter": 62,
        "verse": 10,
        "juz": 28,
        "hizb": 221,
        "manzil": 7,
        "ruku": 487,
        "word_number_in_verse": 8,
        "language_code": "en",
        "text": "from",
        "root_word": "مِن",
        "global_word_sequence_number": 71475,
        "global_verse_sequence_number": 5187
    },
    {
        "chapter": 62,
        "verse": 10,
        "juz": 28,
        "hizb": 221,
        "manzil": 7,
        "ruku": 487,
        "word_number_in_verse": 9,
        "language_code": "en",
        "text": "(the) Bounty",
        "root_word": "فَضۡلِ",
        "global_word_sequence_number": 71476,
        "global_verse_sequence_number": 5187
    },
    {
        "chapter": 62,
        "verse": 10,
        "juz": 28,
        "hizb": 221,
        "manzil": 7,
        "ruku": 487,
        "word_number_in_verse": 10,
        "language_code": "en",
        "text": "(of) Allah",
        "root_word": "اللَّهِ",
        "global_word_sequence_number": 71477,
        "global_verse_sequence_number": 5187
    },
    {
        "chapter": 62,
        "verse": 10,
        "juz": 28,
        "hizb": 221,
        "manzil": 7,
        "ruku": 487,
        "word_number_in_verse": 11,
        "language_code": "en",
        "text": "and remember",
        "root_word": "وَاذۡكُرُواْ",
        "global_word_sequence_number": 71478,
        "global_verse_sequence_number": 5187
    },
    {
        "chapter": 62,
        "verse": 10,
        "juz": 28,
        "hizb": 221,
        "manzil": 7,
        "ruku": 487,
        "word_number_in_verse": 12,
        "language_code": "en",
        "text": "Allah",
        "root_word": "اللَّهَ",
        "global_word_sequence_number": 71479,
        "global_verse_sequence_number": 5187
    },
    {
        "chapter": 62,
        "verse": 10,
        "juz": 28,
        "hizb": 221,
        "manzil": 7,
        "ruku": 487,
        "word_number_in_verse": 13,
        "language_code": "en",
        "text": "much",
        "root_word": "كَثِيرٗا",
        "global_word_sequence_number": 71480,
        "global_verse_sequence_number": 5187
    },
    {
        "chapter": 62,
        "verse": 10,
        "juz": 28,
        "hizb": 221,
        "manzil": 7,
        "ruku": 487,
        "word_number_in_verse": 14,
        "language_code": "en",
        "text": "so that you may",
        "root_word": "لَّعَلَّكُمۡ",
        "global_word_sequence_number": 71481,
        "global_verse_sequence_number": 5187
    },
    {
        "chapter": 62,
        "verse": 10,
        "juz": 28,
        "hizb": 221,
        "manzil": 7,
        "ruku": 487,
        "word_number_in_verse": 15,
        "language_code": "en",
        "text": "succeed",
        "root_word": "تُفۡلِحُونَ",
        "global_word_sequence_number": 71482,
        "global_verse_sequence_number": 5187
    },
    {
        "chapter": 62,
        "verse": 11,
        "juz": 28,
        "hizb": 221,
        "manzil": 7,
        "ruku": 487,
        "word_number_in_verse": 1,
        "language_code": "en",
        "text": "And when",
        "root_word": "وَإِذَا",
        "global_word_sequence_number": 71483,
        "global_verse_sequence_number": 5188
    },
    {
        "chapter": 62,
        "verse": 11,
        "juz": 28,
        "hizb": 221,
        "manzil": 7,
        "ruku": 487,
        "word_number_in_verse": 2,
        "language_code": "en",
        "text": "they saw",
        "root_word": "رَأَوۡاْ",
        "global_word_sequence_number": 71484,
        "global_verse_sequence_number": 5188
    },
    {
        "chapter": 62,
        "verse": 11,
        "juz": 28,
        "hizb": 221,
        "manzil": 7,
        "ruku": 487,
        "word_number_in_verse": 3,
        "language_code": "en",
        "text": "a transaction",
        "root_word": "تِجَٰرَةً",
        "global_word_sequence_number": 71485,
        "global_verse_sequence_number": 5188
    },
    {
        "chapter": 62,
        "verse": 11,
        "juz": 28,
        "hizb": 221,
        "manzil": 7,
        "ruku": 487,
        "word_number_in_verse": 4,
        "language_code": "en",
        "text": "or",
        "root_word": "أَوۡ",
        "global_word_sequence_number": 71486,
        "global_verse_sequence_number": 5188
    },
    {
        "chapter": 62,
        "verse": 11,
        "juz": 28,
        "hizb": 221,
        "manzil": 7,
        "ruku": 487,
        "word_number_in_verse": 5,
        "language_code": "en",
        "text": "a sport",
        "root_word": "لَهۡوًا",
        "global_word_sequence_number": 71487,
        "global_verse_sequence_number": 5188
    },
    {
        "chapter": 62,
        "verse": 11,
        "juz": 28,
        "hizb": 221,
        "manzil": 7,
        "ruku": 487,
        "word_number_in_verse": 6,
        "language_code": "en",
        "text": "they rushed",
        "root_word": "انفَضُّوٓاْ",
        "global_word_sequence_number": 71488,
        "global_verse_sequence_number": 5188
    },
    {
        "chapter": 62,
        "verse": 11,
        "juz": 28,
        "hizb": 221,
        "manzil": 7,
        "ruku": 487,
        "word_number_in_verse": 7,
        "language_code": "en",
        "text": "to it",
        "root_word": "إِلَيۡهَا",
        "global_word_sequence_number": 71489,
        "global_verse_sequence_number": 5188
    },
    {
        "chapter": 62,
        "verse": 11,
        "juz": 28,
        "hizb": 221,
        "manzil": 7,
        "ruku": 487,
        "word_number_in_verse": 8,
        "language_code": "en",
        "text": "and left you",
        "root_word": "وَتَرَكُوكَ",
        "global_word_sequence_number": 71490,
        "global_verse_sequence_number": 5188
    },
    {
        "chapter": 62,
        "verse": 11,
        "juz": 28,
        "hizb": 221,
        "manzil": 7,
        "ruku": 487,
        "word_number_in_verse": 9,
        "language_code": "en",
        "text": "standing",
        "root_word": "قَآئِمٗاۚ",
        "global_word_sequence_number": 71491,
        "global_verse_sequence_number": 5188
    },
    {
        "chapter": 62,
        "verse": 11,
        "juz": 28,
        "hizb": 221,
        "manzil": 7,
        "ruku": 487,
        "word_number_in_verse": 10,
        "language_code": "en",
        "text": "Say",
        "root_word": "قُلۡ",
        "global_word_sequence_number": 71492,
        "global_verse_sequence_number": 5188
    },
    {
        "chapter": 62,
        "verse": 11,
        "juz": 28,
        "hizb": 221,
        "manzil": 7,
        "ruku": 487,
        "word_number_in_verse": 11,
        "language_code": "en",
        "text": "What",
        "root_word": "مَا",
        "global_word_sequence_number": 71493,
        "global_verse_sequence_number": 5188
    },
    {
        "chapter": 62,
        "verse": 11,
        "juz": 28,
        "hizb": 221,
        "manzil": 7,
        "ruku": 487,
        "word_number_in_verse": 12,
        "language_code": "en",
        "text": "(is) with",
        "root_word": "عِندَ",
        "global_word_sequence_number": 71494,
        "global_verse_sequence_number": 5188
    },
    {
        "chapter": 62,
        "verse": 11,
        "juz": 28,
        "hizb": 221,
        "manzil": 7,
        "ruku": 487,
        "word_number_in_verse": 13,
        "language_code": "en",
        "text": "Allah",
        "root_word": "اللَّهِ",
        "global_word_sequence_number": 71495,
        "global_verse_sequence_number": 5188
    },
    {
        "chapter": 62,
        "verse": 11,
        "juz": 28,
        "hizb": 221,
        "manzil": 7,
        "ruku": 487,
        "word_number_in_verse": 14,
        "language_code": "en",
        "text": "(is) better",
        "root_word": "خَيۡرٞ",
        "global_word_sequence_number": 71496,
        "global_verse_sequence_number": 5188
    },
    {
        "chapter": 62,
        "verse": 11,
        "juz": 28,
        "hizb": 221,
        "manzil": 7,
        "ruku": 487,
        "word_number_in_verse": 15,
        "language_code": "en",
        "text": "than",
        "root_word": "مِّنَ",
        "global_word_sequence_number": 71497,
        "global_verse_sequence_number": 5188
    },
    {
        "chapter": 62,
        "verse": 11,
        "juz": 28,
        "hizb": 221,
        "manzil": 7,
        "ruku": 487,
        "word_number_in_verse": 16,
        "language_code": "en",
        "text": "the sport",
        "root_word": "اللَّهۡوِ",
        "global_word_sequence_number": 71498,
        "global_verse_sequence_number": 5188
    },
    {
        "chapter": 62,
        "verse": 11,
        "juz": 28,
        "hizb": 221,
        "manzil": 7,
        "ruku": 487,
        "word_number_in_verse": 17,
        "language_code": "en",
        "text": "and from",
        "root_word": "وَمِنَ",
        "global_word_sequence_number": 71499,
        "global_verse_sequence_number": 5188
    },
    {
        "chapter": 62,
        "verse": 11,
        "juz": 28,
        "hizb": 221,
        "manzil": 7,
        "ruku": 487,
        "word_number_in_verse": 18,
        "language_code": "en",
        "text": "(any) transaction",
        "root_word": "التِّجَٰرَةِۚ",
        "global_word_sequence_number": 71500,
        "global_verse_sequence_number": 5188
    },
    {
        "chapter": 62,
        "verse": 11,
        "juz": 28,
        "hizb": 221,
        "manzil": 7,
        "ruku": 487,
        "word_number_in_verse": 19,
        "language_code": "en",
        "text": "And Allah",
        "root_word": "وَاللَّهُ",
        "global_word_sequence_number": 71501,
        "global_verse_sequence_number": 5188
    },
    {
        "chapter": 62,
        "verse": 11,
        "juz": 28,
        "hizb": 221,
        "manzil": 7,
        "ruku": 487,
        "word_number_in_verse": 20,
        "language_code": "en",
        "text": "(is the) Best",
        "root_word": "خَيۡرُ",
        "global_word_sequence_number": 71502,
        "global_verse_sequence_number": 5188
    },
    {
        "chapter": 62,
        "verse": 11,
        "juz": 28,
        "hizb": 221,
        "manzil": 7,
        "ruku": 487,
        "word_number_in_verse": 21,
        "language_code": "en",
        "text": "(of) the Providers",
        "root_word": "الرَّٰزِقِينَ",
        "global_word_sequence_number": 71503,
        "global_verse_sequence_number": 5188
    }
]