[
    {
        "chapter": 63,
        "verse": 1,
        "juz": 28,
        "hizb": 221,
        "manzil": 7,
        "ruku": 488,
        "word_number_in_verse": 1,
        "language_code": "en",
        "text": "When",
        "root_word": "إِذَا",
        "global_word_sequence_number": 71504,
        "global_verse_sequence_number": 5189
    },
    {
        "chapter": 63,
        "verse": 1,
        "juz": 28,
        "hizb": 221,
        "manzil": 7,
        "ruku": 488,
        "word_number_in_verse": 2,
        "language_code": "en",
        "text": "come to you",
        "root_word": "جَآءَكَ",
        "global_word_sequence_number": 71505,
        "global_verse_sequence_number": 5189
    },
    {
        "chapter": 63,
        "verse": 1,
        "juz": 28,
        "hizb": 221,
        "manzil": 7,
        "ruku": 488,
        "word_number_in_verse": 3,
        "language_code": "en",
        "text": "the hypocrites",
        "root_word": "الۡمُنَٰفِقُونَ",
        "global_word_sequence_number": 71506,
        "global_verse_sequence_number": 5189
    },
    {
        "chapter": 63,
        "verse": 1,
        "juz": 28,
        "hizb": 221,
        "manzil": 7,
        "ruku": 488,
        "word_number_in_verse": 4,
        "language_code": "en",
        "text": "they say",
        "root_word": "قَالُواْ",
        "global_word_sequence_number": 71507,
        "global_verse_sequence_number": 5189
    },
    {
        "chapter": 63,
        "verse": 1,
        "juz": 28,
        "hizb": 221,
        "manzil": 7,
        "ruku": 488,
        "word_number_in_verse": 5,
        "language_code": "en",
        "text": "We testify",
        "root_word": "نَشۡهَدُ",
        "global_word_sequence_number": 71508,
        "global_verse_sequence_number": 5189
    },
    {
        "chapter": 63,
        "verse": 1,
        "juz": 28,
        "hizb": 221,
        "manzil": 7,
        "ruku": 488,
        "word_number_in_verse": 6,
        "language_code": "en",
        "text": "that you",
        "root_word": "إِنَّكَ",
        "global_word_sequence_number": 71509,
        "global_verse_sequence_number": 5189
    },
    {
        "chapter": 63,
        "verse": 1,
        "juz": 28,
        "hizb": 221,
        "manzil": 7,
        "ruku": 488,
        "word_number_in_verse": 7,
        "language_code": "en",
        "text": "(are) surely (the) Messenger",
        "root_word": "لَرَسُولُ",
        "global_word_sequence_number": 71510,
        "global_verse_sequence_number": 5189
    },
    {
        "chapter": 63,
        "verse": 1,
        "juz": 28,
        "hizb": 221,
        "manzil": 7,
        "ruku": 488,
        "word_number_in_verse": 8,
        "language_code": "en",
        "text": "(of) Allah",
        "root_word": "اللَّهِۗ",
        "global_word_sequence_number": 71511,
        "global_verse_sequence_number": 5189
    },
    {
        "chapter": 63,
        "verse": 1,
        "juz": 28,
        "hizb": 221,
        "manzil": 7,
        "ruku": 488,
        "word_number_in_verse": 9,
        "language_code": "en",
        "text": "And Allah",
        "root_word": "وَاللَّهُ",
        "global_word_sequence_number": 71512,
        "global_verse_sequence_number": 5189
    },
    {
        "chapter": 63,
        "verse": 1,
        "juz": 28,
        "hizb": 221,
        "manzil": 7,
        "ruku": 488,
        "word_number_in_verse": 10,
        "language_code": "en",
        "text": "knows",
        "root_word": "يَعۡلَمُ",
        "global_word_sequence_number": 71513,
        "global_verse_sequence_number": 5189
    },
    {
        "chapter": 63,
        "verse": 1,
        "juz": 28,
        "hizb": 221,
        "manzil": 7,
        "ruku": 488,
        "word_number_in_verse": 11,
        "language_code": "en",
        "text": "that you",
        "root_word": "إِنَّكَ",
        "global_word_sequence_number": 71514,
        "global_verse_sequence_number": 5189
    },
    {
        "chapter": 63,
        "verse": 1,
        "juz": 28,
        "hizb": 221,
        "manzil": 7,
        "ruku": 488,
        "word_number_in_verse": 12,
        "language_code": "en",
        "text": "(are) surely His Messenger",
        "root_word": "لَرَسُولُهُۥ",
        "global_word_sequence_number": 71515,
        "global_verse_sequence_number": 5189
    },
    {
        "chapter": 63,
        "verse": 1,
        "juz": 28,
        "hizb": 221,
        "manzil": 7,
        "ruku": 488,
        "word_number_in_verse": 13,
        "language_code": "en",
        "text": "and Allah",
        "root_word": "وَاللَّهُ",
        "global_word_sequence_number": 71516,
        "global_verse_sequence_number": 5189
    },
    {
        "chapter": 63,
        "verse": 1,
        "juz": 28,
        "hizb": 221,
        "manzil": 7,
        "ruku": 488,
        "word_number_in_verse": 14,
        "language_code": "en",
        "text": "testifies",
        "root_word": "يَشۡهَدُ",
        "global_word_sequence_number": 71517,
        "global_verse_sequence_number": 5189
    },
    {
        "chapter": 63,
        "verse": 1,
        "juz": 28,
        "hizb": 221,
        "manzil": 7,
        "ruku": 488,
        "word_number_in_verse": 15,
        "language_code": "en",
        "text": "that",
        "root_word": "إِنَّ",
        "global_word_sequence_number": 71518,
        "global_verse_sequence_number": 5189
    },
    {
        "chapter": 63,
        "verse": 1,
        "juz": 28,
        "hizb": 221,
        "manzil": 7,
        "ruku": 488,
        "word_number_in_verse": 16,
        "language_code": "en",
        "text": "the hypocrites",
        "root_word": "الۡمُنَٰفِقِينَ",
        "global_word_sequence_number": 71519,
        "global_verse_sequence_number": 5189
    },
    {
        "chapter": 63,
        "verse": 1,
        "juz": 28,
        "hizb": 221,
        "manzil": 7,
        "ruku": 488,
        "word_number_in_verse": 17,
        "language_code": "en",
        "text": "(are) surely liars",
        "root_word": "لَكَٰذِبُونَ",
        "global_word_sequence_number": 71520,
        "global_verse_sequence_number": 5189
    },
    {
        "chapter": 63,
        "verse": 2,
        "juz": 28,
        "hizb": 221,
        "manzil": 7,
        "ruku": 488,
        "word_number_in_verse": 1,
        "language_code": "en",
        "text": "They take",
        "root_word": "اتَّخَذُوٓاْ",
        "global_word_sequence_number": 71521,
        "global_verse_sequence_number": 5190
    },
    {
        "chapter": 63,
        "verse": 2,
        "juz": 28,
        "hizb": 221,
        "manzil": 7,
        "ruku": 488,
        "word_number_in_verse": 2,
        "language_code": "en",
        "text": "their oaths",
        "root_word": "أَيۡمَٰنَهُمۡ",
        "global_word_sequence_number": 71522,
        "global_verse_sequence_number": 5190
    },
    {
        "chapter": 63,
        "verse": 2,
        "juz": 28,
        "hizb": 221,
        "manzil": 7,
        "ruku": 488,
        "word_number_in_verse": 3,
        "language_code": "en",
        "text": "(as) a cover",
        "root_word": "جُنَّةٗ",
        "global_word_sequence_number": 71523,
        "global_verse_sequence_number": 5190
    },
    {
        "chapter": 63,
        "verse": 2,
        "juz": 28,
        "hizb": 221,
        "manzil": 7,
        "ruku": 488,
        "word_number_in_verse": 4,
        "language_code": "en",
        "text": "so they turn away",
        "root_word": "فَصَدُّواْ",
        "global_word_sequence_number": 71524,
        "global_verse_sequence_number": 5190
    },
    {
        "chapter": 63,
        "verse": 2,
        "juz": 28,
        "hizb": 221,
        "manzil": 7,
        "ruku": 488,
        "word_number_in_verse": 5,
        "language_code": "en",
        "text": "from",
        "root_word": "عَن",
        "global_word_sequence_number": 71525,
        "global_verse_sequence_number": 5190
    },
    {
        "chapter": 63,
        "verse": 2,
        "juz": 28,
        "hizb": 221,
        "manzil": 7,
        "ruku": 488,
        "word_number_in_verse": 6,
        "language_code": "en",
        "text": "(the) Way",
        "root_word": "سَبِيلِ",
        "global_word_sequence_number": 71526,
        "global_verse_sequence_number": 5190
    },
    {
        "chapter": 63,
        "verse": 2,
        "juz": 28,
        "hizb": 221,
        "manzil": 7,
        "ruku": 488,
        "word_number_in_verse": 7,
        "language_code": "en",
        "text": "(of) Allah",
        "root_word": "اللَّهِۚ",
        "global_word_sequence_number": 71527,
        "global_verse_sequence_number": 5190
    },
    {
        "chapter": 63,
        "verse": 2,
        "juz": 28,
        "hizb": 221,
        "manzil": 7,
        "ruku": 488,
        "word_number_in_verse": 8,
        "language_code": "en",
        "text": "Indeed [they]",
        "root_word": "إِنَّهُمۡ",
        "global_word_sequence_number": 71528,
        "global_verse_sequence_number": 5190
    },
    {
        "chapter": 63,
        "verse": 2,
        "juz": 28,
        "hizb": 221,
        "manzil": 7,
        "ruku": 488,
        "word_number_in_verse": 9,
        "language_code": "en",
        "text": "evil is",
        "root_word": "سَآءَ",
        "global_word_sequence_number": 71529,
        "global_verse_sequence_number": 5190
    },
    {
        "chapter": 63,
        "verse": 2,
        "juz": 28,
        "hizb": 221,
        "manzil": 7,
        "ruku": 488,
        "word_number_in_verse": 10,
        "language_code": "en",
        "text": "what",
        "root_word": "مَا",
        "global_word_sequence_number": 71530,
        "global_verse_sequence_number": 5190
    },
    {
        "chapter": 63,
        "verse": 2,
        "juz": 28,
        "hizb": 221,
        "manzil": 7,
        "ruku": 488,
        "word_number_in_verse": 11,
        "language_code": "en",
        "text": "they used to",
        "root_word": "كَانُواْ",
        "global_word_sequence_number": 71531,
        "global_verse_sequence_number": 5190
    },
    {
        "chapter": 63,
        "verse": 2,
        "juz": 28,
        "hizb": 221,
        "manzil": 7,
        "ruku": 488,
        "word_number_in_verse": 12,
        "language_code": "en",
        "text": "do",
        "root_word": "يَعۡمَلُونَ",
        "global_word_sequence_number": 71532,
        "global_verse_sequence_number": 5190
    },
    {
        "chapter": 63,
        "verse": 3,
        "juz": 28,
        "hizb": 221,
        "manzil": 7,
        "ruku": 488,
        "word_number_in_verse": 1,
        "language_code": "en",
        "text": "That",
        "root_word": "ذَٰلِكَ",
        "global_word_sequence_number": 71533,
        "global_verse_sequence_number": 5191
    },
    {
        "chapter": 63,
        "verse": 3,
        "juz": 28,
        "hizb": 221,
        "manzil": 7,
        "ruku": 488,
        "word_number_in_verse": 2,
        "language_code": "en",
        "text": "(is) because",
        "root_word": "بِأَنَّهُمۡ",
        "global_word_sequence_number": 71534,
        "global_verse_sequence_number": 5191
    },
    {
        "chapter": 63,
        "verse": 3,
        "juz": 28,
        "hizb": 221,
        "manzil": 7,
        "ruku": 488,
        "word_number_in_verse": 3,
        "language_code": "en",
        "text": "they believed",
        "root_word": "ءَامَنُواْ",
        "global_word_sequence_number": 71535,
        "global_verse_sequence_number": 5191
    },
    {
        "chapter": 63,
        "verse": 3,
        "juz": 28,
        "hizb": 221,
        "manzil": 7,
        "ruku": 488,
        "word_number_in_verse": 4,
        "language_code": "en",
        "text": "then",
        "root_word": "ثُمَّ",
        "global_word_sequence_number": 71536,
        "global_verse_sequence_number": 5191
    },
    {
        "chapter": 63,
        "verse": 3,
        "juz": 28,
        "hizb": 221,
        "manzil": 7,
        "ruku": 488,
        "word_number_in_verse": 5,
        "language_code": "en",
        "text": "they disbelieved",
        "root_word": "كَفَرُواْ",
        "global_word_sequence_number": 71537,
        "global_verse_sequence_number": 5191
    },
    {
        "chapter": 63,
        "verse": 3,
        "juz": 28,
        "hizb": 221,
        "manzil": 7,
        "ruku": 488,
        "word_number_in_verse": 6,
        "language_code": "en",
        "text": "so were sealed",
        "root_word": "فَطُبِعَ",
        "global_word_sequence_number": 71538,
        "global_verse_sequence_number": 5191
    },
    {
        "chapter": 63,
        "verse": 3,
        "juz": 28,
        "hizb": 221,
        "manzil": 7,
        "ruku": 488,
        "word_number_in_verse": 7,
        "language_code": "en",
        "text": "[upon]",
        "root_word": "عَلَىٰ",
        "global_word_sequence_number": 71539,
        "global_verse_sequence_number": 5191
    },
    {
        "chapter": 63,
        "verse": 3,
        "juz": 28,
        "hizb": 221,
        "manzil": 7,
        "ruku": 488,
        "word_number_in_verse": 8,
        "language_code": "en",
        "text": "their hearts",
        "root_word": "قُلُوبِهِمۡ",
        "global_word_sequence_number": 71540,
        "global_verse_sequence_number": 5191
    },
    {
        "chapter": 63,
        "verse": 3,
        "juz": 28,
        "hizb": 221,
        "manzil": 7,
        "ruku": 488,
        "word_number_in_verse": 9,
        "language_code": "en",
        "text": "so they",
        "root_word": "فَهُمۡ",
        "global_word_sequence_number": 71541,
        "global_verse_sequence_number": 5191
    },
    {
        "chapter": 63,
        "verse": 3,
        "juz": 28,
        "hizb": 221,
        "manzil": 7,
        "ruku": 488,
        "word_number_in_verse": 10,
        "language_code": "en",
        "text": "(do) not",
        "root_word": "لَا",
        "global_word_sequence_number": 71542,
        "global_verse_sequence_number": 5191
    },
    {
        "chapter": 63,
        "verse": 3,
        "juz": 28,
        "hizb": 221,
        "manzil": 7,
        "ruku": 488,
        "word_number_in_verse": 11,
        "language_code": "en",
        "text": "understand",
        "root_word": "يَفۡقَهُونَ",
        "global_word_sequence_number": 71543,
        "global_verse_sequence_number": 5191
    },
    {
        "chapter": 63,
        "verse": 4,
        "juz": 28,
        "hizb": 222,
        "manzil": 7,
        "ruku": 488,
        "word_number_in_verse": 1,
        "language_code": "en",
        "text": "And when",
        "root_word": "۞وَإِذَا",
        "global_word_sequence_number": 71544,
        "global_verse_sequence_number": 5192
    },
    {
        "chapter": 63,
        "verse": 4,
        "juz": 28,
        "hizb": 222,
        "manzil": 7,
        "ruku": 488,
        "word_number_in_verse": 2,
        "language_code": "en",
        "text": "you see them",
        "root_word": "رَأَيۡتَهُمۡ",
        "global_word_sequence_number": 71545,
        "global_verse_sequence_number": 5192
    },
    {
        "chapter": 63,
        "verse": 4,
        "juz": 28,
        "hizb": 222,
        "manzil": 7,
        "ruku": 488,
        "word_number_in_verse": 3,
        "language_code": "en",
        "text": "pleases you",
        "root_word": "تُعۡجِبُكَ",
        "global_word_sequence_number": 71546,
        "global_verse_sequence_number": 5192
    },
    {
        "chapter": 63,
        "verse": 4,
        "juz": 28,
        "hizb": 222,
        "manzil": 7,
        "ruku": 488,
        "word_number_in_verse": 4,
        "language_code": "en",
        "text": "their bodies",
        "root_word": "أَجۡسَامُهُمۡۖ",
        "global_word_sequence_number": 71547,
        "global_verse_sequence_number": 5192
    },
    {
        "chapter": 63,
        "verse": 4,
        "juz": 28,
        "hizb": 222,
        "manzil": 7,
        "ruku": 488,
        "word_number_in_verse": 5,
        "language_code": "en",
        "text": "and if",
        "root_word": "وَإِن",
        "global_word_sequence_number": 71548,
        "global_verse_sequence_number": 5192
    },
    {
        "chapter": 63,
        "verse": 4,
        "juz": 28,
        "hizb": 222,
        "manzil": 7,
        "ruku": 488,
        "word_number_in_verse": 6,
        "language_code": "en",
        "text": "they speak",
        "root_word": "يَقُولُواْ",
        "global_word_sequence_number": 71549,
        "global_verse_sequence_number": 5192
    },
    {
        "chapter": 63,
        "verse": 4,
        "juz": 28,
        "hizb": 222,
        "manzil": 7,
        "ruku": 488,
        "word_number_in_verse": 7,
        "language_code": "en",
        "text": "you listen",
        "root_word": "تَسۡمَعۡ",
        "global_word_sequence_number": 71550,
        "global_verse_sequence_number": 5192
    },
    {
        "chapter": 63,
        "verse": 4,
        "juz": 28,
        "hizb": 222,
        "manzil": 7,
        "ruku": 488,
        "word_number_in_verse": 8,
        "language_code": "en",
        "text": "to their speech",
        "root_word": "لِقَوۡلِهِمۡۖ",
        "global_word_sequence_number": 71551,
        "global_verse_sequence_number": 5192
    },
    {
        "chapter": 63,
        "verse": 4,
        "juz": 28,
        "hizb": 222,
        "manzil": 7,
        "ruku": 488,
        "word_number_in_verse": 9,
        "language_code": "en",
        "text": "as if they (were)",
        "root_word": "كَأَنَّهُمۡ",
        "global_word_sequence_number": 71552,
        "global_verse_sequence_number": 5192
    },
    {
        "chapter": 63,
        "verse": 4,
        "juz": 28,
        "hizb": 222,
        "manzil": 7,
        "ruku": 488,
        "word_number_in_verse": 10,
        "language_code": "en",
        "text": "pieces of wood",
        "root_word": "خُشُبٞ",
        "global_word_sequence_number": 71553,
        "global_verse_sequence_number": 5192
    },
    {
        "chapter": 63,
        "verse": 4,
        "juz": 28,
        "hizb": 222,
        "manzil": 7,
        "ruku": 488,
        "word_number_in_verse": 11,
        "language_code": "en",
        "text": "propped up",
        "root_word": "مُّسَنَّدَةٞۖ",
        "global_word_sequence_number": 71554,
        "global_verse_sequence_number": 5192
    },
    {
        "chapter": 63,
        "verse": 4,
        "juz": 28,
        "hizb": 222,
        "manzil": 7,
        "ruku": 488,
        "word_number_in_verse": 12,
        "language_code": "en",
        "text": "They think",
        "root_word": "يَحۡسَبُونَ",
        "global_word_sequence_number": 71555,
        "global_verse_sequence_number": 5192
    },
    {
        "chapter": 63,
        "verse": 4,
        "juz": 28,
        "hizb": 222,
        "manzil": 7,
        "ruku": 488,
        "word_number_in_verse": 13,
        "language_code": "en",
        "text": "every",
        "root_word": "كُلَّ",
        "global_word_sequence_number": 71556,
        "global_verse_sequence_number": 5192
    },
    {
        "chapter": 63,
        "verse": 4,
        "juz": 28,
        "hizb": 222,
        "manzil": 7,
        "ruku": 488,
        "word_number_in_verse": 14,
        "language_code": "en",
        "text": "shout",
        "root_word": "صَيۡحَةٍ",
        "global_word_sequence_number": 71557,
        "global_verse_sequence_number": 5192
    },
    {
        "chapter": 63,
        "verse": 4,
        "juz": 28,
        "hizb": 222,
        "manzil": 7,
        "ruku": 488,
        "word_number_in_verse": 15,
        "language_code": "en",
        "text": "(is) against them",
        "root_word": "عَلَيۡهِمۡۚ",
        "global_word_sequence_number": 71558,
        "global_verse_sequence_number": 5192
    },
    {
        "chapter": 63,
        "verse": 4,
        "juz": 28,
        "hizb": 222,
        "manzil": 7,
        "ruku": 488,
        "word_number_in_verse": 16,
        "language_code": "en",
        "text": "They",
        "root_word": "هُمُ",
        "global_word_sequence_number": 71559,
        "global_verse_sequence_number": 5192
    },
    {
        "chapter": 63,
        "verse": 4,
        "juz": 28,
        "hizb": 222,
        "manzil": 7,
        "ruku": 488,
        "word_number_in_verse": 17,
        "language_code": "en",
        "text": "(are) the enemy",
        "root_word": "الۡعَدُوُّ",
        "global_word_sequence_number": 71560,
        "global_verse_sequence_number": 5192
    },
    {
        "chapter": 63,
        "verse": 4,
        "juz": 28,
        "hizb": 222,
        "manzil": 7,
        "ruku": 488,
        "word_number_in_verse": 18,
        "language_code": "en",
        "text": "so beware of them",
        "root_word": "فَاحۡذَرۡهُمۡۚ",
        "global_word_sequence_number": 71561,
        "global_verse_sequence_number": 5192
    },
    {
        "chapter": 63,
        "verse": 4,
        "juz": 28,
        "hizb": 222,
        "manzil": 7,
        "ruku": 488,
        "word_number_in_verse": 19,
        "language_code": "en",
        "text": "May destroy them",
        "root_word": "قَٰتَلَهُمُ",
        "global_word_sequence_number": 71562,
        "global_verse_sequence_number": 5192
    },
    {
        "chapter": 63,
        "verse": 4,
        "juz": 28,
        "hizb": 222,
        "manzil": 7,
        "ruku": 488,
        "word_number_in_verse": 20,
        "language_code": "en",
        "text": "Allah",
        "root_word": "اللَّهُۖ",
        "global_word_sequence_number": 71563,
        "global_verse_sequence_number": 5192
    },
    {
        "chapter": 63,
        "verse": 4,
        "juz": 28,
        "hizb": 222,
        "manzil": 7,
        "ruku": 488,
        "word_number_in_verse": 21,
        "language_code": "en",
        "text": "How",
        "root_word": "أَنَّىٰ",
        "global_word_sequence_number": 71564,
        "global_verse_sequence_number": 5192
    },
    {
        "chapter": 63,
        "verse": 4,
        "juz": 28,
        "hizb": 222,
        "manzil": 7,
        "ruku": 488,
        "word_number_in_verse": 22,
        "language_code": "en",
        "text": "are they deluded",
        "root_word": "يُؤۡفَكُونَ",
        "global_word_sequence_number": 71565,
        "global_verse_sequence_number": 5192
    },
    {
        "chapter": 63,
        "verse": 5,
        "juz": 28,
        "hizb": 222,
        "manzil": 7,
        "ruku": 488,
        "word_number_in_verse": 1,
        "language_code": "en",
        "text": "And when",
        "root_word": "وَإِذَا",
        "global_word_sequence_number": 71566,
        "global_verse_sequence_number": 5193
    },
    {
        "chapter": 63,
        "verse": 5,
        "juz": 28,
        "hizb": 222,
        "manzil": 7,
        "ruku": 488,
        "word_number_in_verse": 2,
        "language_code": "en",
        "text": "it is said",
        "root_word": "قِيلَ",
        "global_word_sequence_number": 71567,
        "global_verse_sequence_number": 5193
    },
    {
        "chapter": 63,
        "verse": 5,
        "juz": 28,
        "hizb": 222,
        "manzil": 7,
        "ruku": 488,
        "word_number_in_verse": 3,
        "language_code": "en",
        "text": "to them",
        "root_word": "لَهُمۡ",
        "global_word_sequence_number": 71568,
        "global_verse_sequence_number": 5193
    },
    {
        "chapter": 63,
        "verse": 5,
        "juz": 28,
        "hizb": 222,
        "manzil": 7,
        "ruku": 488,
        "word_number_in_verse": 4,
        "language_code": "en",
        "text": "Come",
        "root_word": "تَعَالَوۡاْ",
        "global_word_sequence_number": 71569,
        "global_verse_sequence_number": 5193
    },
    {
        "chapter": 63,
        "verse": 5,
        "juz": 28,
        "hizb": 222,
        "manzil": 7,
        "ruku": 488,
        "word_number_in_verse": 5,
        "language_code": "en",
        "text": "will ask forgiveness",
        "root_word": "يَسۡتَغۡفِرۡ",
        "global_word_sequence_number": 71570,
        "global_verse_sequence_number": 5193
    },
    {
        "chapter": 63,
        "verse": 5,
        "juz": 28,
        "hizb": 222,
        "manzil": 7,
        "ruku": 488,
        "word_number_in_verse": 6,
        "language_code": "en",
        "text": "for you",
        "root_word": "لَكُمۡ",
        "global_word_sequence_number": 71571,
        "global_verse_sequence_number": 5193
    },
    {
        "chapter": 63,
        "verse": 5,
        "juz": 28,
        "hizb": 222,
        "manzil": 7,
        "ruku": 488,
        "word_number_in_verse": 7,
        "language_code": "en",
        "text": "(the) Messenger",
        "root_word": "رَسُولُ",
        "global_word_sequence_number": 71572,
        "global_verse_sequence_number": 5193
    },
    {
        "chapter": 63,
        "verse": 5,
        "juz": 28,
        "hizb": 222,
        "manzil": 7,
        "ruku": 488,
        "word_number_in_verse": 8,
        "language_code": "en",
        "text": "(of) Allah",
        "root_word": "اللَّهِ",
        "global_word_sequence_number": 71573,
        "global_verse_sequence_number": 5193
    },
    {
        "chapter": 63,
        "verse": 5,
        "juz": 28,
        "hizb": 222,
        "manzil": 7,
        "ruku": 488,
        "word_number_in_verse": 9,
        "language_code": "en",
        "text": "They turn aside",
        "root_word": "لَوَّوۡاْ",
        "global_word_sequence_number": 71574,
        "global_verse_sequence_number": 5193
    },
    {
        "chapter": 63,
        "verse": 5,
        "juz": 28,
        "hizb": 222,
        "manzil": 7,
        "ruku": 488,
        "word_number_in_verse": 10,
        "language_code": "en",
        "text": "their heads",
        "root_word": "رُءُوسَهُمۡ",
        "global_word_sequence_number": 71575,
        "global_verse_sequence_number": 5193
    },
    {
        "chapter": 63,
        "verse": 5,
        "juz": 28,
        "hizb": 222,
        "manzil": 7,
        "ruku": 488,
        "word_number_in_verse": 11,
        "language_code": "en",
        "text": "and you see them",
        "root_word": "وَرَأَيۡتَهُمۡ",
        "global_word_sequence_number": 71576,
        "global_verse_sequence_number": 5193
    },
    {
        "chapter": 63,
        "verse": 5,
        "juz": 28,
        "hizb": 222,
        "manzil": 7,
        "ruku": 488,
        "word_number_in_verse": 12,
        "language_code": "en",
        "text": "turning away",
        "root_word": "يَصُدُّونَ",
        "global_word_sequence_number": 71577,
        "global_verse_sequence_number": 5193
    },
    {
        "chapter": 63,
        "verse": 5,
        "juz": 28,
        "hizb": 222,
        "manzil": 7,
        "ruku": 488,
        "word_number_in_verse": 13,
        "language_code": "en",
        "text": "while they",
        "root_word": "وَهُم",
        "global_word_sequence_number": 71578,
        "global_verse_sequence_number": 5193
    },
    {
        "chapter": 63,
        "verse": 5,
        "juz": 28,
        "hizb": 222,
        "manzil": 7,
        "ruku": 488,
        "word_number_in_verse": 14,
        "language_code": "en",
        "text": "(are) arrogant",
        "root_word": "مُّسۡتَكۡبِرُونَ",
        "global_word_sequence_number": 71579,
        "global_verse_sequence_number": 5193
    },
    {
        "chapter": 63,
        "verse": 6,
        "juz": 28,
        "hizb": 222,
        "manzil": 7,
        "ruku": 488,
        "word_number_in_verse": 1,
        "language_code": "en",
        "text": "(It) is same",
        "root_word": "سَوَآءٌ",
        "global_word_sequence_number": 71580,
        "global_verse_sequence_number": 5194
    },
    {
        "chapter": 63,
        "verse": 6,
        "juz": 28,
        "hizb": 222,
        "manzil": 7,
        "ruku": 488,
        "word_number_in_verse": 2,
        "language_code": "en",
        "text": "for them",
        "root_word": "عَلَيۡهِمۡ",
        "global_word_sequence_number": 71581,
        "global_verse_sequence_number": 5194
    },
    {
        "chapter": 63,
        "verse": 6,
        "juz": 28,
        "hizb": 222,
        "manzil": 7,
        "ruku": 488,
        "word_number_in_verse": 3,
        "language_code": "en",
        "text": "whether you ask forgiveness",
        "root_word": "أَسۡتَغۡفَرۡتَ",
        "global_word_sequence_number": 71582,
        "global_verse_sequence_number": 5194
    },
    {
        "chapter": 63,
        "verse": 6,
        "juz": 28,
        "hizb": 222,
        "manzil": 7,
        "ruku": 488,
        "word_number_in_verse": 4,
        "language_code": "en",
        "text": "for them",
        "root_word": "لَهُمۡ",
        "global_word_sequence_number": 71583,
        "global_verse_sequence_number": 5194
    },
    {
        "chapter": 63,
        "verse": 6,
        "juz": 28,
        "hizb": 222,
        "manzil": 7,
        "ruku": 488,
        "word_number_in_verse": 5,
        "language_code": "en",
        "text": "or",
        "root_word": "أَمۡ",
        "global_word_sequence_number": 71584,
        "global_verse_sequence_number": 5194
    },
    {
        "chapter": 63,
        "verse": 6,
        "juz": 28,
        "hizb": 222,
        "manzil": 7,
        "ruku": 488,
        "word_number_in_verse": 6,
        "language_code": "en",
        "text": "(do) not",
        "root_word": "لَمۡ",
        "global_word_sequence_number": 71585,
        "global_verse_sequence_number": 5194
    },
    {
        "chapter": 63,
        "verse": 6,
        "juz": 28,
        "hizb": 222,
        "manzil": 7,
        "ruku": 488,
        "word_number_in_verse": 7,
        "language_code": "en",
        "text": "ask forgiveness",
        "root_word": "تَسۡتَغۡفِرۡ",
        "global_word_sequence_number": 71586,
        "global_verse_sequence_number": 5194
    },
    {
        "chapter": 63,
        "verse": 6,
        "juz": 28,
        "hizb": 222,
        "manzil": 7,
        "ruku": 488,
        "word_number_in_verse": 8,
        "language_code": "en",
        "text": "for them",
        "root_word": "لَهُمۡ",
        "global_word_sequence_number": 71587,
        "global_verse_sequence_number": 5194
    },
    {
        "chapter": 63,
        "verse": 6,
        "juz": 28,
        "hizb": 222,
        "manzil": 7,
        "ruku": 488,
        "word_number_in_verse": 9,
        "language_code": "en",
        "text": "Never",
        "root_word": "لَن",
        "global_word_sequence_number": 71588,
        "global_verse_sequence_number": 5194
    },
    {
        "chapter": 63,
        "verse": 6,
        "juz": 28,
        "hizb": 222,
        "manzil": 7,
        "ruku": 488,
        "word_number_in_verse": 10,
        "language_code": "en",
        "text": "will forgive",
        "root_word": "يَغۡفِرَ",
        "global_word_sequence_number": 71589,
        "global_verse_sequence_number": 5194
    },
    {
        "chapter": 63,
        "verse": 6,
        "juz": 28,
        "hizb": 222,
        "manzil": 7,
        "ruku": 488,
        "word_number_in_verse": 11,
        "language_code": "en",
        "text": "Allah",
        "root_word": "اللَّهُ",
        "global_word_sequence_number": 71590,
        "global_verse_sequence_number": 5194
    },
    {
        "chapter": 63,
        "verse": 6,
        "juz": 28,
        "hizb": 222,
        "manzil": 7,
        "ruku": 488,
        "word_number_in_verse": 12,
        "language_code": "en",
        "text": "[to] them",
        "root_word": "لَهُمۡۚ",
        "global_word_sequence_number": 71591,
        "global_verse_sequence_number": 5194
    },
    {
        "chapter": 63,
        "verse": 6,
        "juz": 28,
        "hizb": 222,
        "manzil": 7,
        "ruku": 488,
        "word_number_in_verse": 13,
        "language_code": "en",
        "text": "Indeed",
        "root_word": "إِنَّ",
        "global_word_sequence_number": 71592,
        "global_verse_sequence_number": 5194
    },
    {
        "chapter": 63,
        "verse": 6,
        "juz": 28,
        "hizb": 222,
        "manzil": 7,
        "ruku": 488,
        "word_number_in_verse": 14,
        "language_code": "en",
        "text": "Allah",
        "root_word": "اللَّهَ",
        "global_word_sequence_number": 71593,
        "global_verse_sequence_number": 5194
    },
    {
        "chapter": 63,
        "verse": 6,
        "juz": 28,
        "hizb": 222,
        "manzil": 7,
        "ruku": 488,
        "word_number_in_verse": 15,
        "language_code": "en",
        "text": "(does) not",
        "root_word": "لَا",
        "global_word_sequence_number": 71594,
        "global_verse_sequence_number": 5194
    },
    {
        "chapter": 63,
        "verse": 6,
        "juz": 28,
        "hizb": 222,
        "manzil": 7,
        "ruku": 488,
        "word_number_in_verse": 16,
        "language_code": "en",
        "text": "guide",
        "root_word": "يَهۡدِي",
        "global_word_sequence_number": 71595,
        "global_verse_sequence_number": 5194
    },
    {
        "chapter": 63,
        "verse": 6,
        "juz": 28,
        "hizb": 222,
        "manzil": 7,
        "ruku": 488,
        "word_number_in_verse": 17,
        "language_code": "en",
        "text": "the people",
        "root_word": "الۡقَوۡمَ",
        "global_word_sequence_number": 71596,
        "global_verse_sequence_number": 5194
    },
    {
        "chapter": 63,
        "verse": 6,
        "juz": 28,
        "hizb": 222,
        "manzil": 7,
        "ruku": 488,
        "word_number_in_verse": 18,
        "language_code": "en",
        "text": "the defiantly disobedient",
        "root_word": "الۡفَٰسِقِينَ",
        "global_word_sequence_number": 71597,
        "global_verse_sequence_number": 5194
    },
    {
        "chapter": 63,
        "verse": 7,
        "juz": 28,
        "hizb": 222,
        "manzil": 7,
        "ruku": 488,
        "word_number_in_verse": 1,
        "language_code": "en",
        "text": "They",
        "root_word": "هُمُ",
        "global_word_sequence_number": 71598,
        "global_verse_sequence_number": 5195
    },
    {
        "chapter": 63,
        "verse": 7,
        "juz": 28,
        "hizb": 222,
        "manzil": 7,
        "ruku": 488,
        "word_number_in_verse": 2,
        "language_code": "en",
        "text": "(are) those who",
        "root_word": "الَّذِينَ",
        "global_word_sequence_number": 71599,
        "global_verse_sequence_number": 5195
    },
    {
        "chapter": 63,
        "verse": 7,
        "juz": 28,
        "hizb": 222,
        "manzil": 7,
        "ruku": 488,
        "word_number_in_verse": 3,
        "language_code": "en",
        "text": "say",
        "root_word": "يَقُولُونَ",
        "global_word_sequence_number": 71600,
        "global_verse_sequence_number": 5195
    },
    {
        "chapter": 63,
        "verse": 7,
        "juz": 28,
        "hizb": 222,
        "manzil": 7,
        "ruku": 488,
        "word_number_in_verse": 4,
        "language_code": "en",
        "text": "(Do) not",
        "root_word": "لَا",
        "global_word_sequence_number": 71601,
        "global_verse_sequence_number": 5195
    },
    {
        "chapter": 63,
        "verse": 7,
        "juz": 28,
        "hizb": 222,
        "manzil": 7,
        "ruku": 488,
        "word_number_in_verse": 5,
        "language_code": "en",
        "text": "spend",
        "root_word": "تُنفِقُواْ",
        "global_word_sequence_number": 71602,
        "global_verse_sequence_number": 5195
    },
    {
        "chapter": 63,
        "verse": 7,
        "juz": 28,
        "hizb": 222,
        "manzil": 7,
        "ruku": 488,
        "word_number_in_verse": 6,
        "language_code": "en",
        "text": "on",
        "root_word": "عَلَىٰ",
        "global_word_sequence_number": 71603,
        "global_verse_sequence_number": 5195
    },
    {
        "chapter": 63,
        "verse": 7,
        "juz": 28,
        "hizb": 222,
        "manzil": 7,
        "ruku": 488,
        "word_number_in_verse": 7,
        "language_code": "en",
        "text": "(those) who",
        "root_word": "مَنۡ",
        "global_word_sequence_number": 71604,
        "global_verse_sequence_number": 5195
    },
    {
        "chapter": 63,
        "verse": 7,
        "juz": 28,
        "hizb": 222,
        "manzil": 7,
        "ruku": 488,
        "word_number_in_verse": 8,
        "language_code": "en",
        "text": "(are) with",
        "root_word": "عِندَ",
        "global_word_sequence_number": 71605,
        "global_verse_sequence_number": 5195
    },
    {
        "chapter": 63,
        "verse": 7,
        "juz": 28,
        "hizb": 222,
        "manzil": 7,
        "ruku": 488,
        "word_number_in_verse": 9,
        "language_code": "en",
        "text": "(the) Messenger",
        "root_word": "رَسُولِ",
        "global_word_sequence_number": 71606,
        "global_verse_sequence_number": 5195
    },
    {
        "chapter": 63,
        "verse": 7,
        "juz": 28,
        "hizb": 222,
        "manzil": 7,
        "ruku": 488,
        "word_number_in_verse": 10,
        "language_code": "en",
        "text": "(of) Allah",
        "root_word": "اللَّهِ",
        "global_word_sequence_number": 71607,
        "global_verse_sequence_number": 5195
    },
    {
        "chapter": 63,
        "verse": 7,
        "juz": 28,
        "hizb": 222,
        "manzil": 7,
        "ruku": 488,
        "word_number_in_verse": 11,
        "language_code": "en",
        "text": "until",
        "root_word": "حَتَّىٰ",
        "global_word_sequence_number": 71608,
        "global_verse_sequence_number": 5195
    },
    {
        "chapter": 63,
        "verse": 7,
        "juz": 28,
        "hizb": 222,
        "manzil": 7,
        "ruku": 488,
        "word_number_in_verse": 12,
        "language_code": "en",
        "text": "they disband",
        "root_word": "يَنفَضُّواْۗ",
        "global_word_sequence_number": 71609,
        "global_verse_sequence_number": 5195
    },
    {
        "chapter": 63,
        "verse": 7,
        "juz": 28,
        "hizb": 222,
        "manzil": 7,
        "ruku": 488,
        "word_number_in_verse": 13,
        "language_code": "en",
        "text": "And for Allah",
        "root_word": "وَلِلَّهِ",
        "global_word_sequence_number": 71610,
        "global_verse_sequence_number": 5195
    },
    {
        "chapter": 63,
        "verse": 7,
        "juz": 28,
        "hizb": 222,
        "manzil": 7,
        "ruku": 488,
        "word_number_in_verse": 14,
        "language_code": "en",
        "text": "(are the) treasures",
        "root_word": "خَزَآئِنُ",
        "global_word_sequence_number": 71611,
        "global_verse_sequence_number": 5195
    },
    {
        "chapter": 63,
        "verse": 7,
        "juz": 28,
        "hizb": 222,
        "manzil": 7,
        "ruku": 488,
        "word_number_in_verse": 15,
        "language_code": "en",
        "text": "(of) the heavens",
        "root_word": "السَّمَٰوَٰتِ",
        "global_word_sequence_number": 71612,
        "global_verse_sequence_number": 5195
    },
    {
        "chapter": 63,
        "verse": 7,
        "juz": 28,
        "hizb": 222,
        "manzil": 7,
        "ruku": 488,
        "word_number_in_verse": 16,
        "language_code": "en",
        "text": "and the earth",
        "root_word": "وَالۡأَرۡضِ",
        "global_word_sequence_number": 71613,
        "global_verse_sequence_number": 5195
    },
    {
        "chapter": 63,
        "verse": 7,
        "juz": 28,
        "hizb": 222,
        "manzil": 7,
        "ruku": 488,
        "word_number_in_verse": 17,
        "language_code": "en",
        "text": "but",
        "root_word": "وَلَٰكِنَّ",
        "global_word_sequence_number": 71614,
        "global_verse_sequence_number": 5195
    },
    {
        "chapter": 63,
        "verse": 7,
        "juz": 28,
        "hizb": 222,
        "manzil": 7,
        "ruku": 488,
        "word_number_in_verse": 18,
        "language_code": "en",
        "text": "the hypocrites",
        "root_word": "الۡمُنَٰفِقِينَ",
        "global_word_sequence_number": 71615,
        "global_verse_sequence_number": 5195
    },
    {
        "chapter": 63,
        "verse": 7,
        "juz": 28,
        "hizb": 222,
        "manzil": 7,
        "ruku": 488,
        "word_number_in_verse": 19,
        "language_code": "en",
        "text": "(do) not",
        "root_word": "لَا",
        "global_word_sequence_number": 71616,
        "global_verse_sequence_number": 5195
    },
    {
        "chapter": 63,
        "verse": 7,
        "juz": 28,
        "hizb": 222,
        "manzil": 7,
        "ruku": 488,
        "word_number_in_verse": 20,
        "language_code": "en",
        "text": "understand",
        "root_word": "يَفۡقَهُونَ",
        "global_word_sequence_number": 71617,
        "global_verse_sequence_number": 5195
    },
    {
        "chapter": 63,
        "verse": 8,
        "juz": 28,
        "hizb": 222,
        "manzil": 7,
        "ruku": 488,
        "word_number_in_verse": 1,
        "language_code": "en",
        "text": "They say",
        "root_word": "يَقُولُونَ",
        "global_word_sequence_number": 71618,
        "global_verse_sequence_number": 5196
    },
    {
        "chapter": 63,
        "verse": 8,
        "juz": 28,
        "hizb": 222,
        "manzil": 7,
        "ruku": 488,
        "word_number_in_verse": 2,
        "language_code": "en",
        "text": "If",
        "root_word": "لَئِن",
        "global_word_sequence_number": 71619,
        "global_verse_sequence_number": 5196
    },
    {
        "chapter": 63,
        "verse": 8,
        "juz": 28,
        "hizb": 222,
        "manzil": 7,
        "ruku": 488,
        "word_number_in_verse": 3,
        "language_code": "en",
        "text": "we return",
        "root_word": "رَّجَعۡنَآ",
        "global_word_sequence_number": 71620,
        "global_verse_sequence_number": 5196
    },
    {
        "chapter": 63,
        "verse": 8,
        "juz": 28,
        "hizb": 222,
        "manzil": 7,
        "ruku": 488,
        "word_number_in_verse": 4,
        "language_code": "en",
        "text": "to",
        "root_word": "إِلَى",
        "global_word_sequence_number": 71621,
        "global_verse_sequence_number": 5196
    },
    {
        "chapter": 63,
        "verse": 8,
        "juz": 28,
        "hizb": 222,
        "manzil": 7,
        "ruku": 488,
        "word_number_in_verse": 5,
        "language_code": "en",
        "text": "Al-Madinah",
        "root_word": "الۡمَدِينَةِ",
        "global_word_sequence_number": 71622,
        "global_verse_sequence_number": 5196
    },
    {
        "chapter": 63,
        "verse": 8,
        "juz": 28,
        "hizb": 222,
        "manzil": 7,
        "ruku": 488,
        "word_number_in_verse": 6,
        "language_code": "en",
        "text": "surely will expel",
        "root_word": "لَيُخۡرِجَنَّ",
        "global_word_sequence_number": 71623,
        "global_verse_sequence_number": 5196
    },
    {
        "chapter": 63,
        "verse": 8,
        "juz": 28,
        "hizb": 222,
        "manzil": 7,
        "ruku": 488,
        "word_number_in_verse": 7,
        "language_code": "en",
        "text": "the more honorable",
        "root_word": "الۡأَعَزُّ",
        "global_word_sequence_number": 71624,
        "global_verse_sequence_number": 5196
    },
    {
        "chapter": 63,
        "verse": 8,
        "juz": 28,
        "hizb": 222,
        "manzil": 7,
        "ruku": 488,
        "word_number_in_verse": 8,
        "language_code": "en",
        "text": "from it",
        "root_word": "مِنۡهَا",
        "global_word_sequence_number": 71625,
        "global_verse_sequence_number": 5196
    },
    {
        "chapter": 63,
        "verse": 8,
        "juz": 28,
        "hizb": 222,
        "manzil": 7,
        "ruku": 488,
        "word_number_in_verse": 9,
        "language_code": "en",
        "text": "the more humble",
        "root_word": "الۡأَذَلَّۚ",
        "global_word_sequence_number": 71626,
        "global_verse_sequence_number": 5196
    },
    {
        "chapter": 63,
        "verse": 8,
        "juz": 28,
        "hizb": 222,
        "manzil": 7,
        "ruku": 488,
        "word_number_in_verse": 10,
        "language_code": "en",
        "text": "But for Allah",
        "root_word": "وَلِلَّهِ",
        "global_word_sequence_number": 71627,
        "global_verse_sequence_number": 5196
    },
    {
        "chapter": 63,
        "verse": 8,
        "juz": 28,
        "hizb": 222,
        "manzil": 7,
        "ruku": 488,
        "word_number_in_verse": 11,
        "language_code": "en",
        "text": "(is) the honor",
        "root_word": "الۡعِزَّةُ",
        "global_word_sequence_number": 71628,
        "global_verse_sequence_number": 5196
    },
    {
        "chapter": 63,
        "verse": 8,
        "juz": 28,
        "hizb": 222,
        "manzil": 7,
        "ruku": 488,
        "word_number_in_verse": 12,
        "language_code": "en",
        "text": "and for His Messenger",
        "root_word": "وَلِرَسُولِهِۦ",
        "global_word_sequence_number": 71629,
        "global_verse_sequence_number": 5196
    },
    {
        "chapter": 63,
        "verse": 8,
        "juz": 28,
        "hizb": 222,
        "manzil": 7,
        "ruku": 488,
        "word_number_in_verse": 13,
        "language_code": "en",
        "text": "and for the believers",
        "root_word": "وَلِلۡمُؤۡمِنِينَ",
        "global_word_sequence_number": 71630,
        "global_verse_sequence_number": 5196
    },
    {
        "chapter": 63,
        "verse": 8,
        "juz": 28,
        "hizb": 222,
        "manzil": 7,
        "ruku": 488,
        "word_number_in_verse": 14,
        "language_code": "en",
        "text": "but",
        "root_word": "وَلَٰكِنَّ",
        "global_word_sequence_number": 71631,
        "global_verse_sequence_number": 5196
    },
    {
        "chapter": 63,
        "verse": 8,
        "juz": 28,
        "hizb": 222,
        "manzil": 7,
        "ruku": 488,
        "word_number_in_verse": 15,
        "language_code": "en",
        "text": "the hypocrites",
        "root_word": "الۡمُنَٰفِقِينَ",
        "global_word_sequence_number": 71632,
        "global_verse_sequence_number": 5196
    },
    {
        "chapter": 63,
        "verse": 8,
        "juz": 28,
        "hizb": 222,
        "manzil": 7,
        "ruku": 488,
        "word_number_in_verse": 16,
        "language_code": "en",
        "text": "(do) not",
        "root_word": "لَا",
        "global_word_sequence_number": 71633,
        "global_verse_sequence_number": 5196
    },
    {
        "chapter": 63,
        "verse": 8,
        "juz": 28,
        "hizb": 222,
        "manzil": 7,
        "ruku": 488,
        "word_number_in_verse": 17,
        "language_code": "en",
        "text": "know",
        "root_word": "يَعۡلَمُونَ",
        "global_word_sequence_number": 71634,
        "global_verse_sequence_number": 5196
    },
    {
        "chapter": 63,
        "verse": 9,
        "juz": 28,
        "hizb": 222,
        "manzil": 7,
        "ruku": 489,
        "word_number_in_verse": 1,
        "language_code": "en",
        "text": "O",
        "root_word": "يَٰٓأَيُّهَا",
        "global_word_sequence_number": 71635,
        "global_verse_sequence_number": 5197
    },
    {
        "chapter": 63,
        "verse": 9,
        "juz": 28,
        "hizb": 222,
        "manzil": 7,
        "ruku": 489,
        "word_number_in_verse": 2,
        "language_code": "en",
        "text": "you (who)",
        "root_word": "الَّذِينَ",
        "global_word_sequence_number": 71636,
        "global_verse_sequence_number": 5197
    },
    {
        "chapter": 63,
        "verse": 9,
        "juz": 28,
        "hizb": 222,
        "manzil": 7,
        "ruku": 489,
        "word_number_in_verse": 3,
        "language_code": "en",
        "text": "believe",
        "root_word": "ءَامَنُواْ",
        "global_word_sequence_number": 71637,
        "global_verse_sequence_number": 5197
    },
    {
        "chapter": 63,
        "verse": 9,
        "juz": 28,
        "hizb": 222,
        "manzil": 7,
        "ruku": 489,
        "word_number_in_verse": 4,
        "language_code": "en",
        "text": "(Let) not",
        "root_word": "لَا",
        "global_word_sequence_number": 71638,
        "global_verse_sequence_number": 5197
    },
    {
        "chapter": 63,
        "verse": 9,
        "juz": 28,
        "hizb": 222,
        "manzil": 7,
        "ruku": 489,
        "word_number_in_verse": 5,
        "language_code": "en",
        "text": "divert you",
        "root_word": "تُلۡهِكُمۡ",
        "global_word_sequence_number": 71639,
        "global_verse_sequence_number": 5197
    },
    {
        "chapter": 63,
        "verse": 9,
        "juz": 28,
        "hizb": 222,
        "manzil": 7,
        "ruku": 489,
        "word_number_in_verse": 6,
        "language_code": "en",
        "text": "your wealth",
        "root_word": "أَمۡوَٰلُكُمۡ",
        "global_word_sequence_number": 71640,
        "global_verse_sequence_number": 5197
    },
    {
        "chapter": 63,
        "verse": 9,
        "juz": 28,
        "hizb": 222,
        "manzil": 7,
        "ruku": 489,
        "word_number_in_verse": 7,
        "language_code": "en",
        "text": "and not",
        "root_word": "وَلَآ",
        "global_word_sequence_number": 71641,
        "global_verse_sequence_number": 5197
    },
    {
        "chapter": 63,
        "verse": 9,
        "juz": 28,
        "hizb": 222,
        "manzil": 7,
        "ruku": 489,
        "word_number_in_verse": 8,
        "language_code": "en",
        "text": "your children",
        "root_word": "أَوۡلَٰدُكُمۡ",
        "global_word_sequence_number": 71642,
        "global_verse_sequence_number": 5197
    },
    {
        "chapter": 63,
        "verse": 9,
        "juz": 28,
        "hizb": 222,
        "manzil": 7,
        "ruku": 489,
        "word_number_in_verse": 9,
        "language_code": "en",
        "text": "from",
        "root_word": "عَن",
        "global_word_sequence_number": 71643,
        "global_verse_sequence_number": 5197
    },
    {
        "chapter": 63,
        "verse": 9,
        "juz": 28,
        "hizb": 222,
        "manzil": 7,
        "ruku": 489,
        "word_number_in_verse": 10,
        "language_code": "en",
        "text": "(the) remembrance",
        "root_word": "ذِكۡرِ",
        "global_word_sequence_number": 71644,
        "global_verse_sequence_number": 5197
    },
    {
        "chapter": 63,
        "verse": 9,
        "juz": 28,
        "hizb": 222,
        "manzil": 7,
        "ruku": 489,
        "word_number_in_verse": 11,
        "language_code": "en",
        "text": "(of) Allah",
        "root_word": "اللَّهِۚ",
        "global_word_sequence_number": 71645,
        "global_verse_sequence_number": 5197
    },
    {
        "chapter": 63,
        "verse": 9,
        "juz": 28,
        "hizb": 222,
        "manzil": 7,
        "ruku": 489,
        "word_number_in_verse": 12,
        "language_code": "en",
        "text": "And whoever",
        "root_word": "وَمَن",
        "global_word_sequence_number": 71646,
        "global_verse_sequence_number": 5197
    },
    {
        "chapter": 63,
        "verse": 9,
        "juz": 28,
        "hizb": 222,
        "manzil": 7,
        "ruku": 489,
        "word_number_in_verse": 13,
        "language_code": "en",
        "text": "does",
        "root_word": "يَفۡعَلۡ",
        "global_word_sequence_number": 71647,
        "global_verse_sequence_number": 5197
    },
    {
        "chapter": 63,
        "verse": 9,
        "juz": 28,
        "hizb": 222,
        "manzil": 7,
        "ruku": 489,
        "word_number_in_verse": 14,
        "language_code": "en",
        "text": "that",
        "root_word": "ذَٰلِكَ",
        "global_word_sequence_number": 71648,
        "global_verse_sequence_number": 5197
    },
    {
        "chapter": 63,
        "verse": 9,
        "juz": 28,
        "hizb": 222,
        "manzil": 7,
        "ruku": 489,
        "word_number_in_verse": 15,
        "language_code": "en",
        "text": "then those",
        "root_word": "فَأُوْلَٰٓئِكَ",
        "global_word_sequence_number": 71649,
        "global_verse_sequence_number": 5197
    },
    {
        "chapter": 63,
        "verse": 9,
        "juz": 28,
        "hizb": 222,
        "manzil": 7,
        "ruku": 489,
        "word_number_in_verse": 16,
        "language_code": "en",
        "text": "[they]",
        "root_word": "هُمُ",
        "global_word_sequence_number": 71650,
        "global_verse_sequence_number": 5197
    },
    {
        "chapter": 63,
        "verse": 9,
        "juz": 28,
        "hizb": 222,
        "manzil": 7,
        "ruku": 489,
        "word_number_in_verse": 17,
        "language_code": "en",
        "text": "(are) the losers",
        "root_word": "الۡخَٰسِرُونَ",
        "global_word_sequence_number": 71651,
        "global_verse_sequence_number": 5197
    },
    {
        "chapter": 63,
        "verse": 10,
        "juz": 28,
        "hizb": 222,
        "manzil": 7,
        "ruku": 489,
        "word_number_in_verse": 1,
        "language_code": "en",
        "text": "And spend",
        "root_word": "وَأَنفِقُواْ",
        "global_word_sequence_number": 71652,
        "global_verse_sequence_number": 5198
    },
    {
        "chapter": 63,
        "verse": 10,
        "juz": 28,
        "hizb": 222,
        "manzil": 7,
        "ruku": 489,
        "word_number_in_verse": 2,
        "language_code": "en",
        "text": "from",
        "root_word": "مِن",
        "global_word_sequence_number": 71653,
        "global_verse_sequence_number": 5198
    },
    {
        "chapter": 63,
        "verse": 10,
        "juz": 28,
        "hizb": 222,
        "manzil": 7,
        "ruku": 489,
        "word_number_in_verse": 3,
        "language_code": "en",
        "text": "what",
        "root_word": "مَّا",
        "global_word_sequence_number": 71654,
        "global_verse_sequence_number": 5198
    },
    {
        "chapter": 63,
        "verse": 10,
        "juz": 28,
        "hizb": 222,
        "manzil": 7,
        "ruku": 489,
        "word_number_in_verse": 4,
        "language_code": "en",
        "text": "We have provided you",
        "root_word": "رَزَقۡنَٰكُم",
        "global_word_sequence_number": 71655,
        "global_verse_sequence_number": 5198
    },
    {
        "chapter": 63,
        "verse": 10,
        "juz": 28,
        "hizb": 222,
        "manzil": 7,
        "ruku": 489,
        "word_number_in_verse": 5,
        "language_code": "en",
        "text": "from",
        "root_word": "مِّن",
        "global_word_sequence_number": 71656,
        "global_verse_sequence_number": 5198
    },
    {
        "chapter": 63,
        "verse": 10,
        "juz": 28,
        "hizb": 222,
        "manzil": 7,
        "ruku": 489,
        "word_number_in_verse": 6,
        "language_code": "en",
        "text": "before",
        "root_word": "قَبۡلِ",
        "global_word_sequence_number": 71657,
        "global_verse_sequence_number": 5198
    },
    {
        "chapter": 63,
        "verse": 10,
        "juz": 28,
        "hizb": 222,
        "manzil": 7,
        "ruku": 489,
        "word_number_in_verse": 7,
        "language_code": "en",
        "text": "[that]",
        "root_word": "أَن",
        "global_word_sequence_number": 71658,
        "global_verse_sequence_number": 5198
    },
    {
        "chapter": 63,
        "verse": 10,
        "juz": 28,
        "hizb": 222,
        "manzil": 7,
        "ruku": 489,
        "word_number_in_verse": 8,
        "language_code": "en",
        "text": "comes",
        "root_word": "يَأۡتِيَ",
        "global_word_sequence_number": 71659,
        "global_verse_sequence_number": 5198
    },
    {
        "chapter": 63,
        "verse": 10,
        "juz": 28,
        "hizb": 222,
        "manzil": 7,
        "ruku": 489,
        "word_number_in_verse": 9,
        "language_code": "en",
        "text": "(to) one of you",
        "root_word": "أَحَدَكُمُ",
        "global_word_sequence_number": 71660,
        "global_verse_sequence_number": 5198
    },
    {
        "chapter": 63,
        "verse": 10,
        "juz": 28,
        "hizb": 222,
        "manzil": 7,
        "ruku": 489,
        "word_number_in_verse": 10,
        "language_code": "en",
        "text": "the death",
        "root_word": "الۡمَوۡتُ",
        "global_word_sequence_number": 71661,
        "global_verse_sequence_number": 5198
    },
    {
        "chapter": 63,
        "verse": 10,
        "juz": 28,
        "hizb": 222,
        "manzil": 7,
        "ruku": 489,
        "word_number_in_verse": 11,
        "language_code": "en",
        "text": "and he says",
        "root_word": "فَيَقُولَ",
        "global_word_sequence_number": 71662,
        "global_verse_sequence_number": 5198
    },
    {
        "chapter": 63,
        "verse": 10,
        "juz": 28,
        "hizb": 222,
        "manzil": 7,
        "ruku": 489,
        "word_number_in_verse": 12,
        "language_code": "en",
        "text": "My Lord",
        "root_word": "رَبِّ",
        "global_word_sequence_number": 71663,
        "global_verse_sequence_number": 5198
    },
    {
        "chapter": 63,
        "verse": 10,
        "juz": 28,
        "hizb": 222,
        "manzil": 7,
        "ruku": 489,
        "word_number_in_verse": 13,
        "language_code": "en",
        "text": "Why not",
        "root_word": "لَوۡلَآ",
        "global_word_sequence_number": 71664,
        "global_verse_sequence_number": 5198
    },
    {
        "chapter": 63,
        "verse": 10,
        "juz": 28,
        "hizb": 222,
        "manzil": 7,
        "ruku": 489,
        "word_number_in_verse": 14,
        "language_code": "en",
        "text": "You delay me",
        "root_word": "أَخَّرۡتَنِيٓ",
        "global_word_sequence_number": 71665,
        "global_verse_sequence_number": 5198
    },
    {
        "chapter": 63,
        "verse": 10,
        "juz": 28,
        "hizb": 222,
        "manzil": 7,
        "ruku": 489,
        "word_number_in_verse": 15,
        "language_code": "en",
        "text": "for",
        "root_word": "إِلَىٰٓ",
        "global_word_sequence_number": 71666,
        "global_verse_sequence_number": 5198
    },
    {
        "chapter": 63,
        "verse": 10,
        "juz": 28,
        "hizb": 222,
        "manzil": 7,
        "ruku": 489,
        "word_number_in_verse": 16,
        "language_code": "en",
        "text": "a term",
        "root_word": "أَجَلٖ",
        "global_word_sequence_number": 71667,
        "global_verse_sequence_number": 5198
    },
    {
        "chapter": 63,
        "verse": 10,
        "juz": 28,
        "hizb": 222,
        "manzil": 7,
        "ruku": 489,
        "word_number_in_verse": 17,
        "language_code": "en",
        "text": "near",
        "root_word": "قَرِيبٖ",
        "global_word_sequence_number": 71668,
        "global_verse_sequence_number": 5198
    },
    {
        "chapter": 63,
        "verse": 10,
        "juz": 28,
        "hizb": 222,
        "manzil": 7,
        "ruku": 489,
        "word_number_in_verse": 18,
        "language_code": "en",
        "text": "so I would give charity",
        "root_word": "فَأَصَّدَّقَ",
        "global_word_sequence_number": 71669,
        "global_verse_sequence_number": 5198
    },
    {
        "chapter": 63,
        "verse": 10,
        "juz": 28,
        "hizb": 222,
        "manzil": 7,
        "ruku": 489,
        "word_number_in_verse": 19,
        "language_code": "en",
        "text": "and be",
        "root_word": "وَأَكُن",
        "global_word_sequence_number": 71670,
        "global_verse_sequence_number": 5198
    },
    {
        "chapter": 63,
        "verse": 10,
        "juz": 28,
        "hizb": 222,
        "manzil": 7,
        "ruku": 489,
        "word_number_in_verse": 20,
        "language_code": "en",
        "text": "among",
        "root_word": "مِّنَ",
        "global_word_sequence_number": 71671,
        "global_verse_sequence_number": 5198
    },
    {
        "chapter": 63,
        "verse": 10,
        "juz": 28,
        "hizb": 222,
        "manzil": 7,
        "ruku": 489,
        "word_number_in_verse": 21,
        "language_code": "en",
        "text": "the righteous",
        "root_word": "الصَّٰلِحِينَ",
        "global_word_sequence_number": 71672,
        "global_verse_sequence_number": 5198
    },
    {
        "chapter": 63,
        "verse": 11,
        "juz": 28,
        "hizb": 222,
        "manzil": 7,
        "ruku": 489,
        "word_number_in_verse": 1,
        "language_code": "en",
        "text": "But never",
        "root_word": "وَلَن",
        "global_word_sequence_number": 71673,
        "global_verse_sequence_number": 5199
    },
    {
        "chapter": 63,
        "verse": 11,
        "juz": 28,
        "hizb": 222,
        "manzil": 7,
        "ruku": 489,
        "word_number_in_verse": 2,
        "language_code": "en",
        "text": "will (be) delayed",
        "root_word": "يُؤَخِّرَ",
        "global_word_sequence_number": 71674,
        "global_verse_sequence_number": 5199
    },
    {
        "chapter": 63,
        "verse": 11,
        "juz": 28,
        "hizb": 222,
        "manzil": 7,
        "ruku": 489,
        "word_number_in_verse": 3,
        "language_code": "en",
        "text": "(by) Allah",
        "root_word": "اللَّهُ",
        "global_word_sequence_number": 71675,
        "global_verse_sequence_number": 5199
    },
    {
        "chapter": 63,
        "verse": 11,
        "juz": 28,
        "hizb": 222,
        "manzil": 7,
        "ruku": 489,
        "word_number_in_verse": 4,
        "language_code": "en",
        "text": "a soul",
        "root_word": "نَفۡسًا",
        "global_word_sequence_number": 71676,
        "global_verse_sequence_number": 5199
    },
    {
        "chapter": 63,
        "verse": 11,
        "juz": 28,
        "hizb": 222,
        "manzil": 7,
        "ruku": 489,
        "word_number_in_verse": 5,
        "language_code": "en",
        "text": "when",
        "root_word": "إِذَا",
        "global_word_sequence_number": 71677,
        "global_verse_sequence_number": 5199
    },
    {
        "chapter": 63,
        "verse": 11,
        "juz": 28,
        "hizb": 222,
        "manzil": 7,
        "ruku": 489,
        "word_number_in_verse": 6,
        "language_code": "en",
        "text": "has come",
        "root_word": "جَآءَ",
        "global_word_sequence_number": 71678,
        "global_verse_sequence_number": 5199
    },
    {
        "chapter": 63,
        "verse": 11,
        "juz": 28,
        "hizb": 222,
        "manzil": 7,
        "ruku": 489,
        "word_number_in_verse": 7,
        "language_code": "en",
        "text": "its term",
        "root_word": "أَجَلُهَاۚ",
        "global_word_sequence_number": 71679,
        "global_verse_sequence_number": 5199
    },
    {
        "chapter": 63,
        "verse": 11,
        "juz": 28,
        "hizb": 222,
        "manzil": 7,
        "ruku": 489,
        "word_number_in_verse": 8,
        "language_code": "en",
        "text": "And Allah",
        "root_word": "وَاللَّهُ",
        "global_word_sequence_number": 71680,
        "global_verse_sequence_number": 5199
    },
    {
        "chapter": 63,
        "verse": 11,
        "juz": 28,
        "hizb": 222,
        "manzil": 7,
        "ruku": 489,
        "word_number_in_verse": 9,
        "language_code": "en",
        "text": "(is) All-Aware",
        "root_word": "خَبِيرُۢ",
        "global_word_sequence_number": 71681,
        "global_verse_sequence_number": 5199
    },
    {
        "chapter": 63,
        "verse": 11,
        "juz": 28,
        "hizb": 222,
        "manzil": 7,
        "ruku": 489,
        "word_number_in_verse": 10,
        "language_code": "en",
        "text": "of what",
        "root_word": "بِمَا",
        "global_word_sequence_number": 71682,
        "global_verse_sequence_number": 5199
    },
    {
        "chapter": 63,
        "verse": 11,
        "juz": 28,
        "hizb": 222,
        "manzil": 7,
        "ruku": 489,
        "word_number_in_verse": 11,
        "language_code": "en",
        "text": "you do",
        "root_word": "تَعۡمَلُونَ",
        "global_word_sequence_number": 71683,
        "global_verse_sequence_number": 5199
    }
]