[
    {
        "chapter": 64,
        "verse": 1,
        "juz": 28,
        "hizb": 222,
        "manzil": 7,
        "ruku": 490,
        "word_number_in_verse": 1,
        "language_code": "en",
        "text": "Glorifies",
        "root_word": "يُسَبِّحُ",
        "global_word_sequence_number": 71684,
        "global_verse_sequence_number": 5200
    },
    {
        "chapter": 64,
        "verse": 1,
        "juz": 28,
        "hizb": 222,
        "manzil": 7,
        "ruku": 490,
        "word_number_in_verse": 2,
        "language_code": "en",
        "text": "[to] Allah",
        "root_word": "لِلَّهِ",
        "global_word_sequence_number": 71685,
        "global_verse_sequence_number": 5200
    },
    {
        "chapter": 64,
        "verse": 1,
        "juz": 28,
        "hizb": 222,
        "manzil": 7,
        "ruku": 490,
        "word_number_in_verse": 3,
        "language_code": "en",
        "text": "whatever",
        "root_word": "مَا",
        "global_word_sequence_number": 71686,
        "global_verse_sequence_number": 5200
    },
    {
        "chapter": 64,
        "verse": 1,
        "juz": 28,
        "hizb": 222,
        "manzil": 7,
        "ruku": 490,
        "word_number_in_verse": 4,
        "language_code": "en",
        "text": "(is) in",
        "root_word": "فِي",
        "global_word_sequence_number": 71687,
        "global_verse_sequence_number": 5200
    },
    {
        "chapter": 64,
        "verse": 1,
        "juz": 28,
        "hizb": 222,
        "manzil": 7,
        "ruku": 490,
        "word_number_in_verse": 5,
        "language_code": "en",
        "text": "the heavens",
        "root_word": "السَّمَٰوَٰتِ",
        "global_word_sequence_number": 71688,
        "global_verse_sequence_number": 5200
    },
    {
        "chapter": 64,
        "verse": 1,
        "juz": 28,
        "hizb": 222,
        "manzil": 7,
        "ruku": 490,
        "word_number_in_verse": 6,
        "language_code": "en",
        "text": "and whatever",
        "root_word": "وَمَا",
        "global_word_sequence_number": 71689,
        "global_verse_sequence_number": 5200
    },
    {
        "chapter": 64,
        "verse": 1,
        "juz": 28,
        "hizb": 222,
        "manzil": 7,
        "ruku": 490,
        "word_number_in_verse": 7,
        "language_code": "en",
        "text": "(is) in",
        "root_word": "فِي",
        "global_word_sequence_number": 71690,
        "global_verse_sequence_number": 5200
    },
    {
        "chapter": 64,
        "verse": 1,
        "juz": 28,
        "hizb": 222,
        "manzil": 7,
        "ruku": 490,
        "word_number_in_verse": 8,
        "language_code": "en",
        "text": "the earth",
        "root_word": "الۡأَرۡضِۖ",
        "global_word_sequence_number": 71691,
        "global_verse_sequence_number": 5200
    },
    {
        "chapter": 64,
        "verse": 1,
        "juz": 28,
        "hizb": 222,
        "manzil": 7,
        "ruku": 490,
        "word_number_in_verse": 9,
        "language_code": "en",
        "text": "For Him",
        "root_word": "لَهُ",
        "global_word_sequence_number": 71692,
        "global_verse_sequence_number": 5200
    },
    {
        "chapter": 64,
        "verse": 1,
        "juz": 28,
        "hizb": 222,
        "manzil": 7,
        "ruku": 490,
        "word_number_in_verse": 10,
        "language_code": "en",
        "text": "(is the) dominion",
        "root_word": "الۡمُلۡكُ",
        "global_word_sequence_number": 71693,
        "global_verse_sequence_number": 5200
    },
    {
        "chapter": 64,
        "verse": 1,
        "juz": 28,
        "hizb": 222,
        "manzil": 7,
        "ruku": 490,
        "word_number_in_verse": 11,
        "language_code": "en",
        "text": "and for Him",
        "root_word": "وَلَهُ",
        "global_word_sequence_number": 71694,
        "global_verse_sequence_number": 5200
    },
    {
        "chapter": 64,
        "verse": 1,
        "juz": 28,
        "hizb": 222,
        "manzil": 7,
        "ruku": 490,
        "word_number_in_verse": 12,
        "language_code": "en",
        "text": "(is) the praise",
        "root_word": "الۡحَمۡدُۖ",
        "global_word_sequence_number": 71695,
        "global_verse_sequence_number": 5200
    },
    {
        "chapter": 64,
        "verse": 1,
        "juz": 28,
        "hizb": 222,
        "manzil": 7,
        "ruku": 490,
        "word_number_in_verse": 13,
        "language_code": "en",
        "text": "And He",
        "root_word": "وَهُوَ",
        "global_word_sequence_number": 71696,
        "global_verse_sequence_number": 5200
    },
    {
        "chapter": 64,
        "verse": 1,
        "juz": 28,
        "hizb": 222,
        "manzil": 7,
        "ruku": 490,
        "word_number_in_verse": 14,
        "language_code": "en",
        "text": "(is) on",
        "root_word": "عَلَىٰ",
        "global_word_sequence_number": 71697,
        "global_verse_sequence_number": 5200
    },
    {
        "chapter": 64,
        "verse": 1,
        "juz": 28,
        "hizb": 222,
        "manzil": 7,
        "ruku": 490,
        "word_number_in_verse": 15,
        "language_code": "en",
        "text": "every",
        "root_word": "كُلِّ",
        "global_word_sequence_number": 71698,
        "global_verse_sequence_number": 5200
    },
    {
        "chapter": 64,
        "verse": 1,
        "juz": 28,
        "hizb": 222,
        "manzil": 7,
        "ruku": 490,
        "word_number_in_verse": 16,
        "language_code": "en",
        "text": "thing",
        "root_word": "شَيۡءٖ",
        "global_word_sequence_number": 71699,
        "global_verse_sequence_number": 5200
    },
    {
        "chapter": 64,
        "verse": 1,
        "juz": 28,
        "hizb": 222,
        "manzil": 7,
        "ruku": 490,
        "word_number_in_verse": 17,
        "language_code": "en",
        "text": "All-Powerful",
        "root_word": "قَدِيرٌ",
        "global_word_sequence_number": 71700,
        "global_verse_sequence_number": 5200
    },
    {
        "chapter": 64,
        "verse": 2,
        "juz": 28,
        "hizb": 222,
        "manzil": 7,
        "ruku": 490,
        "word_number_in_verse": 1,
        "language_code": "en",
        "text": "He",
        "root_word": "هُوَ",
        "global_word_sequence_number": 71701,
        "global_verse_sequence_number": 5201
    },
    {
        "chapter": 64,
        "verse": 2,
        "juz": 28,
        "hizb": 222,
        "manzil": 7,
        "ruku": 490,
        "word_number_in_verse": 2,
        "language_code": "en",
        "text": "(is) the One Who",
        "root_word": "الَّذِي",
        "global_word_sequence_number": 71702,
        "global_verse_sequence_number": 5201
    },
    {
        "chapter": 64,
        "verse": 2,
        "juz": 28,
        "hizb": 222,
        "manzil": 7,
        "ruku": 490,
        "word_number_in_verse": 3,
        "language_code": "en",
        "text": "created you",
        "root_word": "خَلَقَكُمۡ",
        "global_word_sequence_number": 71703,
        "global_verse_sequence_number": 5201
    },
    {
        "chapter": 64,
        "verse": 2,
        "juz": 28,
        "hizb": 222,
        "manzil": 7,
        "ruku": 490,
        "word_number_in_verse": 4,
        "language_code": "en",
        "text": "and among you",
        "root_word": "فَمِنكُمۡ",
        "global_word_sequence_number": 71704,
        "global_verse_sequence_number": 5201
    },
    {
        "chapter": 64,
        "verse": 2,
        "juz": 28,
        "hizb": 222,
        "manzil": 7,
        "ruku": 490,
        "word_number_in_verse": 5,
        "language_code": "en",
        "text": "(is) a disbeliever",
        "root_word": "كَافِرٞ",
        "global_word_sequence_number": 71705,
        "global_verse_sequence_number": 5201
    },
    {
        "chapter": 64,
        "verse": 2,
        "juz": 28,
        "hizb": 222,
        "manzil": 7,
        "ruku": 490,
        "word_number_in_verse": 6,
        "language_code": "en",
        "text": "and among you",
        "root_word": "وَمِنكُم",
        "global_word_sequence_number": 71706,
        "global_verse_sequence_number": 5201
    },
    {
        "chapter": 64,
        "verse": 2,
        "juz": 28,
        "hizb": 222,
        "manzil": 7,
        "ruku": 490,
        "word_number_in_verse": 7,
        "language_code": "en",
        "text": "(is) a believer",
        "root_word": "مُّؤۡمِنٞۚ",
        "global_word_sequence_number": 71707,
        "global_verse_sequence_number": 5201
    },
    {
        "chapter": 64,
        "verse": 2,
        "juz": 28,
        "hizb": 222,
        "manzil": 7,
        "ruku": 490,
        "word_number_in_verse": 8,
        "language_code": "en",
        "text": "And Allah",
        "root_word": "وَاللَّهُ",
        "global_word_sequence_number": 71708,
        "global_verse_sequence_number": 5201
    },
    {
        "chapter": 64,
        "verse": 2,
        "juz": 28,
        "hizb": 222,
        "manzil": 7,
        "ruku": 490,
        "word_number_in_verse": 9,
        "language_code": "en",
        "text": "of what",
        "root_word": "بِمَا",
        "global_word_sequence_number": 71709,
        "global_verse_sequence_number": 5201
    },
    {
        "chapter": 64,
        "verse": 2,
        "juz": 28,
        "hizb": 222,
        "manzil": 7,
        "ruku": 490,
        "word_number_in_verse": 10,
        "language_code": "en",
        "text": "you do",
        "root_word": "تَعۡمَلُونَ",
        "global_word_sequence_number": 71710,
        "global_verse_sequence_number": 5201
    },
    {
        "chapter": 64,
        "verse": 2,
        "juz": 28,
        "hizb": 222,
        "manzil": 7,
        "ruku": 490,
        "word_number_in_verse": 11,
        "language_code": "en",
        "text": "(is) All-Seer",
        "root_word": "بَصِيرٌ",
        "global_word_sequence_number": 71711,
        "global_verse_sequence_number": 5201
    },
    {
        "chapter": 64,
        "verse": 3,
        "juz": 28,
        "hizb": 222,
        "manzil": 7,
        "ruku": 490,
        "word_number_in_verse": 1,
        "language_code": "en",
        "text": "He created",
        "root_word": "خَلَقَ",
        "global_word_sequence_number": 71712,
        "global_verse_sequence_number": 5202
    },
    {
        "chapter": 64,
        "verse": 3,
        "juz": 28,
        "hizb": 222,
        "manzil": 7,
        "ruku": 490,
        "word_number_in_verse": 2,
        "language_code": "en",
        "text": "the heavens",
        "root_word": "السَّمَٰوَٰتِ",
        "global_word_sequence_number": 71713,
        "global_verse_sequence_number": 5202
    },
    {
        "chapter": 64,
        "verse": 3,
        "juz": 28,
        "hizb": 222,
        "manzil": 7,
        "ruku": 490,
        "word_number_in_verse": 3,
        "language_code": "en",
        "text": "and the earth",
        "root_word": "وَالۡأَرۡضَ",
        "global_word_sequence_number": 71714,
        "global_verse_sequence_number": 5202
    },
    {
        "chapter": 64,
        "verse": 3,
        "juz": 28,
        "hizb": 222,
        "manzil": 7,
        "ruku": 490,
        "word_number_in_verse": 4,
        "language_code": "en",
        "text": "with truth",
        "root_word": "بِالۡحَقِّ",
        "global_word_sequence_number": 71715,
        "global_verse_sequence_number": 5202
    },
    {
        "chapter": 64,
        "verse": 3,
        "juz": 28,
        "hizb": 222,
        "manzil": 7,
        "ruku": 490,
        "word_number_in_verse": 5,
        "language_code": "en",
        "text": "and He formed you",
        "root_word": "وَصَوَّرَكُمۡ",
        "global_word_sequence_number": 71716,
        "global_verse_sequence_number": 5202
    },
    {
        "chapter": 64,
        "verse": 3,
        "juz": 28,
        "hizb": 222,
        "manzil": 7,
        "ruku": 490,
        "word_number_in_verse": 6,
        "language_code": "en",
        "text": "and made good",
        "root_word": "فَأَحۡسَنَ",
        "global_word_sequence_number": 71717,
        "global_verse_sequence_number": 5202
    },
    {
        "chapter": 64,
        "verse": 3,
        "juz": 28,
        "hizb": 222,
        "manzil": 7,
        "ruku": 490,
        "word_number_in_verse": 7,
        "language_code": "en",
        "text": "your forms",
        "root_word": "صُوَرَكُمۡۖ",
        "global_word_sequence_number": 71718,
        "global_verse_sequence_number": 5202
    },
    {
        "chapter": 64,
        "verse": 3,
        "juz": 28,
        "hizb": 222,
        "manzil": 7,
        "ruku": 490,
        "word_number_in_verse": 8,
        "language_code": "en",
        "text": "and to Him",
        "root_word": "وَإِلَيۡهِ",
        "global_word_sequence_number": 71719,
        "global_verse_sequence_number": 5202
    },
    {
        "chapter": 64,
        "verse": 3,
        "juz": 28,
        "hizb": 222,
        "manzil": 7,
        "ruku": 490,
        "word_number_in_verse": 9,
        "language_code": "en",
        "text": "(is) the final return",
        "root_word": "الۡمَصِيرُ",
        "global_word_sequence_number": 71720,
        "global_verse_sequence_number": 5202
    },
    {
        "chapter": 64,
        "verse": 4,
        "juz": 28,
        "hizb": 222,
        "manzil": 7,
        "ruku": 490,
        "word_number_in_verse": 1,
        "language_code": "en",
        "text": "He knows",
        "root_word": "يَعۡلَمُ",
        "global_word_sequence_number": 71721,
        "global_verse_sequence_number": 5203
    },
    {
        "chapter": 64,
        "verse": 4,
        "juz": 28,
        "hizb": 222,
        "manzil": 7,
        "ruku": 490,
        "word_number_in_verse": 2,
        "language_code": "en",
        "text": "what",
        "root_word": "مَا",
        "global_word_sequence_number": 71722,
        "global_verse_sequence_number": 5203
    },
    {
        "chapter": 64,
        "verse": 4,
        "juz": 28,
        "hizb": 222,
        "manzil": 7,
        "ruku": 490,
        "word_number_in_verse": 3,
        "language_code": "en",
        "text": "(is) in",
        "root_word": "فِي",
        "global_word_sequence_number": 71723,
        "global_verse_sequence_number": 5203
    },
    {
        "chapter": 64,
        "verse": 4,
        "juz": 28,
        "hizb": 222,
        "manzil": 7,
        "ruku": 490,
        "word_number_in_verse": 4,
        "language_code": "en",
        "text": "the heavens",
        "root_word": "السَّمَٰوَٰتِ",
        "global_word_sequence_number": 71724,
        "global_verse_sequence_number": 5203
    },
    {
        "chapter": 64,
        "verse": 4,
        "juz": 28,
        "hizb": 222,
        "manzil": 7,
        "ruku": 490,
        "word_number_in_verse": 5,
        "language_code": "en",
        "text": "and the earth",
        "root_word": "وَالۡأَرۡضِ",
        "global_word_sequence_number": 71725,
        "global_verse_sequence_number": 5203
    },
    {
        "chapter": 64,
        "verse": 4,
        "juz": 28,
        "hizb": 222,
        "manzil": 7,
        "ruku": 490,
        "word_number_in_verse": 6,
        "language_code": "en",
        "text": "and He knows",
        "root_word": "وَيَعۡلَمُ",
        "global_word_sequence_number": 71726,
        "global_verse_sequence_number": 5203
    },
    {
        "chapter": 64,
        "verse": 4,
        "juz": 28,
        "hizb": 222,
        "manzil": 7,
        "ruku": 490,
        "word_number_in_verse": 7,
        "language_code": "en",
        "text": "what",
        "root_word": "مَا",
        "global_word_sequence_number": 71727,
        "global_verse_sequence_number": 5203
    },
    {
        "chapter": 64,
        "verse": 4,
        "juz": 28,
        "hizb": 222,
        "manzil": 7,
        "ruku": 490,
        "word_number_in_verse": 8,
        "language_code": "en",
        "text": "you conceal",
        "root_word": "تُسِرُّونَ",
        "global_word_sequence_number": 71728,
        "global_verse_sequence_number": 5203
    },
    {
        "chapter": 64,
        "verse": 4,
        "juz": 28,
        "hizb": 222,
        "manzil": 7,
        "ruku": 490,
        "word_number_in_verse": 9,
        "language_code": "en",
        "text": "and what",
        "root_word": "وَمَا",
        "global_word_sequence_number": 71729,
        "global_verse_sequence_number": 5203
    },
    {
        "chapter": 64,
        "verse": 4,
        "juz": 28,
        "hizb": 222,
        "manzil": 7,
        "ruku": 490,
        "word_number_in_verse": 10,
        "language_code": "en",
        "text": "you declare",
        "root_word": "تُعۡلِنُونَۚ",
        "global_word_sequence_number": 71730,
        "global_verse_sequence_number": 5203
    },
    {
        "chapter": 64,
        "verse": 4,
        "juz": 28,
        "hizb": 222,
        "manzil": 7,
        "ruku": 490,
        "word_number_in_verse": 11,
        "language_code": "en",
        "text": "And Allah",
        "root_word": "وَاللَّهُ",
        "global_word_sequence_number": 71731,
        "global_verse_sequence_number": 5203
    },
    {
        "chapter": 64,
        "verse": 4,
        "juz": 28,
        "hizb": 222,
        "manzil": 7,
        "ruku": 490,
        "word_number_in_verse": 12,
        "language_code": "en",
        "text": "(is) All-Knowing",
        "root_word": "عَلِيمُۢ",
        "global_word_sequence_number": 71732,
        "global_verse_sequence_number": 5203
    },
    {
        "chapter": 64,
        "verse": 4,
        "juz": 28,
        "hizb": 222,
        "manzil": 7,
        "ruku": 490,
        "word_number_in_verse": 13,
        "language_code": "en",
        "text": "of what",
        "root_word": "بِذَاتِ",
        "global_word_sequence_number": 71733,
        "global_verse_sequence_number": 5203
    },
    {
        "chapter": 64,
        "verse": 4,
        "juz": 28,
        "hizb": 222,
        "manzil": 7,
        "ruku": 490,
        "word_number_in_verse": 14,
        "language_code": "en",
        "text": "(is in) the breasts",
        "root_word": "الصُّدُورِ",
        "global_word_sequence_number": 71734,
        "global_verse_sequence_number": 5203
    },
    {
        "chapter": 64,
        "verse": 5,
        "juz": 28,
        "hizb": 222,
        "manzil": 7,
        "ruku": 490,
        "word_number_in_verse": 1,
        "language_code": "en",
        "text": "Has not",
        "root_word": "أَلَمۡ",
        "global_word_sequence_number": 71735,
        "global_verse_sequence_number": 5204
    },
    {
        "chapter": 64,
        "verse": 5,
        "juz": 28,
        "hizb": 222,
        "manzil": 7,
        "ruku": 490,
        "word_number_in_verse": 2,
        "language_code": "en",
        "text": "come to you",
        "root_word": "يَأۡتِكُمۡ",
        "global_word_sequence_number": 71736,
        "global_verse_sequence_number": 5204
    },
    {
        "chapter": 64,
        "verse": 5,
        "juz": 28,
        "hizb": 222,
        "manzil": 7,
        "ruku": 490,
        "word_number_in_verse": 3,
        "language_code": "en",
        "text": "(the) news",
        "root_word": "نَبَؤُاْ",
        "global_word_sequence_number": 71737,
        "global_verse_sequence_number": 5204
    },
    {
        "chapter": 64,
        "verse": 5,
        "juz": 28,
        "hizb": 222,
        "manzil": 7,
        "ruku": 490,
        "word_number_in_verse": 4,
        "language_code": "en",
        "text": "(of) those who",
        "root_word": "الَّذِينَ",
        "global_word_sequence_number": 71738,
        "global_verse_sequence_number": 5204
    },
    {
        "chapter": 64,
        "verse": 5,
        "juz": 28,
        "hizb": 222,
        "manzil": 7,
        "ruku": 490,
        "word_number_in_verse": 5,
        "language_code": "en",
        "text": "disbelieved",
        "root_word": "كَفَرُواْ",
        "global_word_sequence_number": 71739,
        "global_verse_sequence_number": 5204
    },
    {
        "chapter": 64,
        "verse": 5,
        "juz": 28,
        "hizb": 222,
        "manzil": 7,
        "ruku": 490,
        "word_number_in_verse": 6,
        "language_code": "en",
        "text": "from",
        "root_word": "مِن",
        "global_word_sequence_number": 71740,
        "global_verse_sequence_number": 5204
    },
    {
        "chapter": 64,
        "verse": 5,
        "juz": 28,
        "hizb": 222,
        "manzil": 7,
        "ruku": 490,
        "word_number_in_verse": 7,
        "language_code": "en",
        "text": "before",
        "root_word": "قَبۡلُ",
        "global_word_sequence_number": 71741,
        "global_verse_sequence_number": 5204
    },
    {
        "chapter": 64,
        "verse": 5,
        "juz": 28,
        "hizb": 222,
        "manzil": 7,
        "ruku": 490,
        "word_number_in_verse": 8,
        "language_code": "en",
        "text": "So they tasted",
        "root_word": "فَذَاقُواْ",
        "global_word_sequence_number": 71742,
        "global_verse_sequence_number": 5204
    },
    {
        "chapter": 64,
        "verse": 5,
        "juz": 28,
        "hizb": 222,
        "manzil": 7,
        "ruku": 490,
        "word_number_in_verse": 9,
        "language_code": "en",
        "text": "(the bad) consequence",
        "root_word": "وَبَالَ",
        "global_word_sequence_number": 71743,
        "global_verse_sequence_number": 5204
    },
    {
        "chapter": 64,
        "verse": 5,
        "juz": 28,
        "hizb": 222,
        "manzil": 7,
        "ruku": 490,
        "word_number_in_verse": 10,
        "language_code": "en",
        "text": "(of) their affair",
        "root_word": "أَمۡرِهِمۡ",
        "global_word_sequence_number": 71744,
        "global_verse_sequence_number": 5204
    },
    {
        "chapter": 64,
        "verse": 5,
        "juz": 28,
        "hizb": 222,
        "manzil": 7,
        "ruku": 490,
        "word_number_in_verse": 11,
        "language_code": "en",
        "text": "and for them",
        "root_word": "وَلَهُمۡ",
        "global_word_sequence_number": 71745,
        "global_verse_sequence_number": 5204
    },
    {
        "chapter": 64,
        "verse": 5,
        "juz": 28,
        "hizb": 222,
        "manzil": 7,
        "ruku": 490,
        "word_number_in_verse": 12,
        "language_code": "en",
        "text": "(is) a punishment",
        "root_word": "عَذَابٌ",
        "global_word_sequence_number": 71746,
        "global_verse_sequence_number": 5204
    },
    {
        "chapter": 64,
        "verse": 5,
        "juz": 28,
        "hizb": 222,
        "manzil": 7,
        "ruku": 490,
        "word_number_in_verse": 13,
        "language_code": "en",
        "text": "painful",
        "root_word": "أَلِيمٞ",
        "global_word_sequence_number": 71747,
        "global_verse_sequence_number": 5204
    },
    {
        "chapter": 64,
        "verse": 6,
        "juz": 28,
        "hizb": 222,
        "manzil": 7,
        "ruku": 490,
        "word_number_in_verse": 1,
        "language_code": "en",
        "text": "That",
        "root_word": "ذَٰلِكَ",
        "global_word_sequence_number": 71748,
        "global_verse_sequence_number": 5205
    },
    {
        "chapter": 64,
        "verse": 6,
        "juz": 28,
        "hizb": 222,
        "manzil": 7,
        "ruku": 490,
        "word_number_in_verse": 2,
        "language_code": "en",
        "text": "(is) because",
        "root_word": "بِأَنَّهُۥ",
        "global_word_sequence_number": 71749,
        "global_verse_sequence_number": 5205
    },
    {
        "chapter": 64,
        "verse": 6,
        "juz": 28,
        "hizb": 222,
        "manzil": 7,
        "ruku": 490,
        "word_number_in_verse": 3,
        "language_code": "en",
        "text": "had",
        "root_word": "كَانَت",
        "global_word_sequence_number": 71750,
        "global_verse_sequence_number": 5205
    },
    {
        "chapter": 64,
        "verse": 6,
        "juz": 28,
        "hizb": 222,
        "manzil": 7,
        "ruku": 490,
        "word_number_in_verse": 4,
        "language_code": "en",
        "text": "come to them",
        "root_word": "تَّأۡتِيهِمۡ",
        "global_word_sequence_number": 71751,
        "global_verse_sequence_number": 5205
    },
    {
        "chapter": 64,
        "verse": 6,
        "juz": 28,
        "hizb": 222,
        "manzil": 7,
        "ruku": 490,
        "word_number_in_verse": 5,
        "language_code": "en",
        "text": "their Messengers",
        "root_word": "رُسُلُهُم",
        "global_word_sequence_number": 71752,
        "global_verse_sequence_number": 5205
    },
    {
        "chapter": 64,
        "verse": 6,
        "juz": 28,
        "hizb": 222,
        "manzil": 7,
        "ruku": 490,
        "word_number_in_verse": 6,
        "language_code": "en",
        "text": "with clear proofs",
        "root_word": "بِالۡبَيِّنَٰتِ",
        "global_word_sequence_number": 71753,
        "global_verse_sequence_number": 5205
    },
    {
        "chapter": 64,
        "verse": 6,
        "juz": 28,
        "hizb": 222,
        "manzil": 7,
        "ruku": 490,
        "word_number_in_verse": 7,
        "language_code": "en",
        "text": "but they said",
        "root_word": "فَقَالُوٓاْ",
        "global_word_sequence_number": 71754,
        "global_verse_sequence_number": 5205
    },
    {
        "chapter": 64,
        "verse": 6,
        "juz": 28,
        "hizb": 222,
        "manzil": 7,
        "ruku": 490,
        "word_number_in_verse": 8,
        "language_code": "en",
        "text": "Shall human beings",
        "root_word": "أَبَشَرٞ",
        "global_word_sequence_number": 71755,
        "global_verse_sequence_number": 5205
    },
    {
        "chapter": 64,
        "verse": 6,
        "juz": 28,
        "hizb": 222,
        "manzil": 7,
        "ruku": 490,
        "word_number_in_verse": 9,
        "language_code": "en",
        "text": "guide us",
        "root_word": "يَهۡدُونَنَا",
        "global_word_sequence_number": 71756,
        "global_verse_sequence_number": 5205
    },
    {
        "chapter": 64,
        "verse": 6,
        "juz": 28,
        "hizb": 222,
        "manzil": 7,
        "ruku": 490,
        "word_number_in_verse": 10,
        "language_code": "en",
        "text": "So they disbelieved",
        "root_word": "فَكَفَرُواْ",
        "global_word_sequence_number": 71757,
        "global_verse_sequence_number": 5205
    },
    {
        "chapter": 64,
        "verse": 6,
        "juz": 28,
        "hizb": 222,
        "manzil": 7,
        "ruku": 490,
        "word_number_in_verse": 11,
        "language_code": "en",
        "text": "and turned away",
        "root_word": "وَتَوَلَّواْۖ",
        "global_word_sequence_number": 71758,
        "global_verse_sequence_number": 5205
    },
    {
        "chapter": 64,
        "verse": 6,
        "juz": 28,
        "hizb": 222,
        "manzil": 7,
        "ruku": 490,
        "word_number_in_verse": 12,
        "language_code": "en",
        "text": "And can do without them",
        "root_word": "وَّاسۡتَغۡنَى",
        "global_word_sequence_number": 71759,
        "global_verse_sequence_number": 5205
    },
    {
        "chapter": 64,
        "verse": 6,
        "juz": 28,
        "hizb": 222,
        "manzil": 7,
        "ruku": 490,
        "word_number_in_verse": 13,
        "language_code": "en",
        "text": "Allah",
        "root_word": "اللَّهُۚ",
        "global_word_sequence_number": 71760,
        "global_verse_sequence_number": 5205
    },
    {
        "chapter": 64,
        "verse": 6,
        "juz": 28,
        "hizb": 222,
        "manzil": 7,
        "ruku": 490,
        "word_number_in_verse": 14,
        "language_code": "en",
        "text": "And Allah",
        "root_word": "وَاللَّهُ",
        "global_word_sequence_number": 71761,
        "global_verse_sequence_number": 5205
    },
    {
        "chapter": 64,
        "verse": 6,
        "juz": 28,
        "hizb": 222,
        "manzil": 7,
        "ruku": 490,
        "word_number_in_verse": 15,
        "language_code": "en",
        "text": "(is) Self-sufficient",
        "root_word": "غَنِيٌّ",
        "global_word_sequence_number": 71762,
        "global_verse_sequence_number": 5205
    },
    {
        "chapter": 64,
        "verse": 6,
        "juz": 28,
        "hizb": 222,
        "manzil": 7,
        "ruku": 490,
        "word_number_in_verse": 16,
        "language_code": "en",
        "text": "Praiseworthy",
        "root_word": "حَمِيدٞ",
        "global_word_sequence_number": 71763,
        "global_verse_sequence_number": 5205
    },
    {
        "chapter": 64,
        "verse": 7,
        "juz": 28,
        "hizb": 222,
        "manzil": 7,
        "ruku": 490,
        "word_number_in_verse": 1,
        "language_code": "en",
        "text": "Claim",
        "root_word": "زَعَمَ",
        "global_word_sequence_number": 71764,
        "global_verse_sequence_number": 5206
    },
    {
        "chapter": 64,
        "verse": 7,
        "juz": 28,
        "hizb": 222,
        "manzil": 7,
        "ruku": 490,
        "word_number_in_verse": 2,
        "language_code": "en",
        "text": "those who",
        "root_word": "الَّذِينَ",
        "global_word_sequence_number": 71765,
        "global_verse_sequence_number": 5206
    },
    {
        "chapter": 64,
        "verse": 7,
        "juz": 28,
        "hizb": 222,
        "manzil": 7,
        "ruku": 490,
        "word_number_in_verse": 3,
        "language_code": "en",
        "text": "disbelieve",
        "root_word": "كَفَرُوٓاْ",
        "global_word_sequence_number": 71766,
        "global_verse_sequence_number": 5206
    },
    {
        "chapter": 64,
        "verse": 7,
        "juz": 28,
        "hizb": 222,
        "manzil": 7,
        "ruku": 490,
        "word_number_in_verse": 4,
        "language_code": "en",
        "text": "that",
        "root_word": "أَن",
        "global_word_sequence_number": 71767,
        "global_verse_sequence_number": 5206
    },
    {
        "chapter": 64,
        "verse": 7,
        "juz": 28,
        "hizb": 222,
        "manzil": 7,
        "ruku": 490,
        "word_number_in_verse": 5,
        "language_code": "en",
        "text": "never",
        "root_word": "لَّن",
        "global_word_sequence_number": 71768,
        "global_verse_sequence_number": 5206
    },
    {
        "chapter": 64,
        "verse": 7,
        "juz": 28,
        "hizb": 222,
        "manzil": 7,
        "ruku": 490,
        "word_number_in_verse": 6,
        "language_code": "en",
        "text": "will they be raised",
        "root_word": "يُبۡعَثُواْۚ",
        "global_word_sequence_number": 71769,
        "global_verse_sequence_number": 5206
    },
    {
        "chapter": 64,
        "verse": 7,
        "juz": 28,
        "hizb": 222,
        "manzil": 7,
        "ruku": 490,
        "word_number_in_verse": 7,
        "language_code": "en",
        "text": "Say",
        "root_word": "قُلۡ",
        "global_word_sequence_number": 71770,
        "global_verse_sequence_number": 5206
    },
    {
        "chapter": 64,
        "verse": 7,
        "juz": 28,
        "hizb": 222,
        "manzil": 7,
        "ruku": 490,
        "word_number_in_verse": 8,
        "language_code": "en",
        "text": "Yes",
        "root_word": "بَلَىٰ",
        "global_word_sequence_number": 71771,
        "global_verse_sequence_number": 5206
    },
    {
        "chapter": 64,
        "verse": 7,
        "juz": 28,
        "hizb": 222,
        "manzil": 7,
        "ruku": 490,
        "word_number_in_verse": 9,
        "language_code": "en",
        "text": "by my Lord",
        "root_word": "وَرَبِّي",
        "global_word_sequence_number": 71772,
        "global_verse_sequence_number": 5206
    },
    {
        "chapter": 64,
        "verse": 7,
        "juz": 28,
        "hizb": 222,
        "manzil": 7,
        "ruku": 490,
        "word_number_in_verse": 10,
        "language_code": "en",
        "text": "surely you will be raised",
        "root_word": "لَتُبۡعَثُنَّ",
        "global_word_sequence_number": 71773,
        "global_verse_sequence_number": 5206
    },
    {
        "chapter": 64,
        "verse": 7,
        "juz": 28,
        "hizb": 222,
        "manzil": 7,
        "ruku": 490,
        "word_number_in_verse": 11,
        "language_code": "en",
        "text": "then",
        "root_word": "ثُمَّ",
        "global_word_sequence_number": 71774,
        "global_verse_sequence_number": 5206
    },
    {
        "chapter": 64,
        "verse": 7,
        "juz": 28,
        "hizb": 222,
        "manzil": 7,
        "ruku": 490,
        "word_number_in_verse": 12,
        "language_code": "en",
        "text": "surely you will be informed",
        "root_word": "لَتُنَبَّؤُنَّ",
        "global_word_sequence_number": 71775,
        "global_verse_sequence_number": 5206
    },
    {
        "chapter": 64,
        "verse": 7,
        "juz": 28,
        "hizb": 222,
        "manzil": 7,
        "ruku": 490,
        "word_number_in_verse": 13,
        "language_code": "en",
        "text": "of what",
        "root_word": "بِمَا",
        "global_word_sequence_number": 71776,
        "global_verse_sequence_number": 5206
    },
    {
        "chapter": 64,
        "verse": 7,
        "juz": 28,
        "hizb": 222,
        "manzil": 7,
        "ruku": 490,
        "word_number_in_verse": 14,
        "language_code": "en",
        "text": "you did",
        "root_word": "عَمِلۡتُمۡۚ",
        "global_word_sequence_number": 71777,
        "global_verse_sequence_number": 5206
    },
    {
        "chapter": 64,
        "verse": 7,
        "juz": 28,
        "hizb": 222,
        "manzil": 7,
        "ruku": 490,
        "word_number_in_verse": 15,
        "language_code": "en",
        "text": "And that",
        "root_word": "وَذَٰلِكَ",
        "global_word_sequence_number": 71778,
        "global_verse_sequence_number": 5206
    },
    {
        "chapter": 64,
        "verse": 7,
        "juz": 28,
        "hizb": 222,
        "manzil": 7,
        "ruku": 490,
        "word_number_in_verse": 16,
        "language_code": "en",
        "text": "for",
        "root_word": "عَلَى",
        "global_word_sequence_number": 71779,
        "global_verse_sequence_number": 5206
    },
    {
        "chapter": 64,
        "verse": 7,
        "juz": 28,
        "hizb": 222,
        "manzil": 7,
        "ruku": 490,
        "word_number_in_verse": 17,
        "language_code": "en",
        "text": "Allah",
        "root_word": "اللَّهِ",
        "global_word_sequence_number": 71780,
        "global_verse_sequence_number": 5206
    },
    {
        "chapter": 64,
        "verse": 7,
        "juz": 28,
        "hizb": 222,
        "manzil": 7,
        "ruku": 490,
        "word_number_in_verse": 18,
        "language_code": "en",
        "text": "(is) easy",
        "root_word": "يَسِيرٞ",
        "global_word_sequence_number": 71781,
        "global_verse_sequence_number": 5206
    },
    {
        "chapter": 64,
        "verse": 8,
        "juz": 28,
        "hizb": 222,
        "manzil": 7,
        "ruku": 490,
        "word_number_in_verse": 1,
        "language_code": "en",
        "text": "So believe",
        "root_word": "فَـَٔامِنُواْ",
        "global_word_sequence_number": 71782,
        "global_verse_sequence_number": 5207
    },
    {
        "chapter": 64,
        "verse": 8,
        "juz": 28,
        "hizb": 222,
        "manzil": 7,
        "ruku": 490,
        "word_number_in_verse": 2,
        "language_code": "en",
        "text": "in Allah",
        "root_word": "بِاللَّهِ",
        "global_word_sequence_number": 71783,
        "global_verse_sequence_number": 5207
    },
    {
        "chapter": 64,
        "verse": 8,
        "juz": 28,
        "hizb": 222,
        "manzil": 7,
        "ruku": 490,
        "word_number_in_verse": 3,
        "language_code": "en",
        "text": "and His Messenger",
        "root_word": "وَرَسُولِهِۦ",
        "global_word_sequence_number": 71784,
        "global_verse_sequence_number": 5207
    },
    {
        "chapter": 64,
        "verse": 8,
        "juz": 28,
        "hizb": 222,
        "manzil": 7,
        "ruku": 490,
        "word_number_in_verse": 4,
        "language_code": "en",
        "text": "and the Light",
        "root_word": "وَالنُّورِ",
        "global_word_sequence_number": 71785,
        "global_verse_sequence_number": 5207
    },
    {
        "chapter": 64,
        "verse": 8,
        "juz": 28,
        "hizb": 222,
        "manzil": 7,
        "ruku": 490,
        "word_number_in_verse": 5,
        "language_code": "en",
        "text": "which",
        "root_word": "الَّذِيٓ",
        "global_word_sequence_number": 71786,
        "global_verse_sequence_number": 5207
    },
    {
        "chapter": 64,
        "verse": 8,
        "juz": 28,
        "hizb": 222,
        "manzil": 7,
        "ruku": 490,
        "word_number_in_verse": 6,
        "language_code": "en",
        "text": "We have sent down",
        "root_word": "أَنزَلۡنَاۚ",
        "global_word_sequence_number": 71787,
        "global_verse_sequence_number": 5207
    },
    {
        "chapter": 64,
        "verse": 8,
        "juz": 28,
        "hizb": 222,
        "manzil": 7,
        "ruku": 490,
        "word_number_in_verse": 7,
        "language_code": "en",
        "text": "And Allah",
        "root_word": "وَاللَّهُ",
        "global_word_sequence_number": 71788,
        "global_verse_sequence_number": 5207
    },
    {
        "chapter": 64,
        "verse": 8,
        "juz": 28,
        "hizb": 222,
        "manzil": 7,
        "ruku": 490,
        "word_number_in_verse": 8,
        "language_code": "en",
        "text": "of what",
        "root_word": "بِمَا",
        "global_word_sequence_number": 71789,
        "global_verse_sequence_number": 5207
    },
    {
        "chapter": 64,
        "verse": 8,
        "juz": 28,
        "hizb": 222,
        "manzil": 7,
        "ruku": 490,
        "word_number_in_verse": 9,
        "language_code": "en",
        "text": "you do",
        "root_word": "تَعۡمَلُونَ",
        "global_word_sequence_number": 71790,
        "global_verse_sequence_number": 5207
    },
    {
        "chapter": 64,
        "verse": 8,
        "juz": 28,
        "hizb": 222,
        "manzil": 7,
        "ruku": 490,
        "word_number_in_verse": 10,
        "language_code": "en",
        "text": "(is) All-Aware",
        "root_word": "خَبِيرٞ",
        "global_word_sequence_number": 71791,
        "global_verse_sequence_number": 5207
    },
    {
        "chapter": 64,
        "verse": 9,
        "juz": 28,
        "hizb": 222,
        "manzil": 7,
        "ruku": 490,
        "word_number_in_verse": 1,
        "language_code": "en",
        "text": "(The) Day",
        "root_word": "يَوۡمَ",
        "global_word_sequence_number": 71792,
        "global_verse_sequence_number": 5208
    },
    {
        "chapter": 64,
        "verse": 9,
        "juz": 28,
        "hizb": 222,
        "manzil": 7,
        "ruku": 490,
        "word_number_in_verse": 2,
        "language_code": "en",
        "text": "He will assemble you",
        "root_word": "يَجۡمَعُكُمۡ",
        "global_word_sequence_number": 71793,
        "global_verse_sequence_number": 5208
    },
    {
        "chapter": 64,
        "verse": 9,
        "juz": 28,
        "hizb": 222,
        "manzil": 7,
        "ruku": 490,
        "word_number_in_verse": 3,
        "language_code": "en",
        "text": "for (the) Day",
        "root_word": "لِيَوۡمِ",
        "global_word_sequence_number": 71794,
        "global_verse_sequence_number": 5208
    },
    {
        "chapter": 64,
        "verse": 9,
        "juz": 28,
        "hizb": 222,
        "manzil": 7,
        "ruku": 490,
        "word_number_in_verse": 4,
        "language_code": "en",
        "text": "(of) the Assembly",
        "root_word": "الۡجَمۡعِۖ",
        "global_word_sequence_number": 71795,
        "global_verse_sequence_number": 5208
    },
    {
        "chapter": 64,
        "verse": 9,
        "juz": 28,
        "hizb": 222,
        "manzil": 7,
        "ruku": 490,
        "word_number_in_verse": 5,
        "language_code": "en",
        "text": "that",
        "root_word": "ذَٰلِكَ",
        "global_word_sequence_number": 71796,
        "global_verse_sequence_number": 5208
    },
    {
        "chapter": 64,
        "verse": 9,
        "juz": 28,
        "hizb": 222,
        "manzil": 7,
        "ruku": 490,
        "word_number_in_verse": 6,
        "language_code": "en",
        "text": "(will be the) Day",
        "root_word": "يَوۡمُ",
        "global_word_sequence_number": 71797,
        "global_verse_sequence_number": 5208
    },
    {
        "chapter": 64,
        "verse": 9,
        "juz": 28,
        "hizb": 222,
        "manzil": 7,
        "ruku": 490,
        "word_number_in_verse": 7,
        "language_code": "en",
        "text": "(of) mutual loss and gain",
        "root_word": "التَّغَابُنِۗ",
        "global_word_sequence_number": 71798,
        "global_verse_sequence_number": 5208
    },
    {
        "chapter": 64,
        "verse": 9,
        "juz": 28,
        "hizb": 222,
        "manzil": 7,
        "ruku": 490,
        "word_number_in_verse": 8,
        "language_code": "en",
        "text": "And whoever",
        "root_word": "وَمَن",
        "global_word_sequence_number": 71799,
        "global_verse_sequence_number": 5208
    },
    {
        "chapter": 64,
        "verse": 9,
        "juz": 28,
        "hizb": 222,
        "manzil": 7,
        "ruku": 490,
        "word_number_in_verse": 9,
        "language_code": "en",
        "text": "believes",
        "root_word": "يُؤۡمِنۢ",
        "global_word_sequence_number": 71800,
        "global_verse_sequence_number": 5208
    },
    {
        "chapter": 64,
        "verse": 9,
        "juz": 28,
        "hizb": 222,
        "manzil": 7,
        "ruku": 490,
        "word_number_in_verse": 10,
        "language_code": "en",
        "text": "in Allah",
        "root_word": "بِاللَّهِ",
        "global_word_sequence_number": 71801,
        "global_verse_sequence_number": 5208
    },
    {
        "chapter": 64,
        "verse": 9,
        "juz": 28,
        "hizb": 222,
        "manzil": 7,
        "ruku": 490,
        "word_number_in_verse": 11,
        "language_code": "en",
        "text": "and does",
        "root_word": "وَيَعۡمَلۡ",
        "global_word_sequence_number": 71802,
        "global_verse_sequence_number": 5208
    },
    {
        "chapter": 64,
        "verse": 9,
        "juz": 28,
        "hizb": 222,
        "manzil": 7,
        "ruku": 490,
        "word_number_in_verse": 12,
        "language_code": "en",
        "text": "righteous deeds",
        "root_word": "صَٰلِحٗا",
        "global_word_sequence_number": 71803,
        "global_verse_sequence_number": 5208
    },
    {
        "chapter": 64,
        "verse": 9,
        "juz": 28,
        "hizb": 222,
        "manzil": 7,
        "ruku": 490,
        "word_number_in_verse": 13,
        "language_code": "en",
        "text": "He will remove",
        "root_word": "يُكَفِّرۡ",
        "global_word_sequence_number": 71804,
        "global_verse_sequence_number": 5208
    },
    {
        "chapter": 64,
        "verse": 9,
        "juz": 28,
        "hizb": 222,
        "manzil": 7,
        "ruku": 490,
        "word_number_in_verse": 14,
        "language_code": "en",
        "text": "from him",
        "root_word": "عَنۡهُ",
        "global_word_sequence_number": 71805,
        "global_verse_sequence_number": 5208
    },
    {
        "chapter": 64,
        "verse": 9,
        "juz": 28,
        "hizb": 222,
        "manzil": 7,
        "ruku": 490,
        "word_number_in_verse": 15,
        "language_code": "en",
        "text": "his evil deeds",
        "root_word": "سَيِّـَٔاتِهِۦ",
        "global_word_sequence_number": 71806,
        "global_verse_sequence_number": 5208
    },
    {
        "chapter": 64,
        "verse": 9,
        "juz": 28,
        "hizb": 222,
        "manzil": 7,
        "ruku": 490,
        "word_number_in_verse": 16,
        "language_code": "en",
        "text": "and He will admit him",
        "root_word": "وَيُدۡخِلۡهُ",
        "global_word_sequence_number": 71807,
        "global_verse_sequence_number": 5208
    },
    {
        "chapter": 64,
        "verse": 9,
        "juz": 28,
        "hizb": 222,
        "manzil": 7,
        "ruku": 490,
        "word_number_in_verse": 17,
        "language_code": "en",
        "text": "(to) Gardens",
        "root_word": "جَنَّٰتٖ",
        "global_word_sequence_number": 71808,
        "global_verse_sequence_number": 5208
    },
    {
        "chapter": 64,
        "verse": 9,
        "juz": 28,
        "hizb": 222,
        "manzil": 7,
        "ruku": 490,
        "word_number_in_verse": 18,
        "language_code": "en",
        "text": "flow",
        "root_word": "تَجۡرِي",
        "global_word_sequence_number": 71809,
        "global_verse_sequence_number": 5208
    },
    {
        "chapter": 64,
        "verse": 9,
        "juz": 28,
        "hizb": 222,
        "manzil": 7,
        "ruku": 490,
        "word_number_in_verse": 19,
        "language_code": "en",
        "text": "from",
        "root_word": "مِن",
        "global_word_sequence_number": 71810,
        "global_verse_sequence_number": 5208
    },
    {
        "chapter": 64,
        "verse": 9,
        "juz": 28,
        "hizb": 222,
        "manzil": 7,
        "ruku": 490,
        "word_number_in_verse": 20,
        "language_code": "en",
        "text": "underneath it",
        "root_word": "تَحۡتِهَا",
        "global_word_sequence_number": 71811,
        "global_verse_sequence_number": 5208
    },
    {
        "chapter": 64,
        "verse": 9,
        "juz": 28,
        "hizb": 222,
        "manzil": 7,
        "ruku": 490,
        "word_number_in_verse": 21,
        "language_code": "en",
        "text": "the rivers",
        "root_word": "الۡأَنۡهَٰرُ",
        "global_word_sequence_number": 71812,
        "global_verse_sequence_number": 5208
    },
    {
        "chapter": 64,
        "verse": 9,
        "juz": 28,
        "hizb": 222,
        "manzil": 7,
        "ruku": 490,
        "word_number_in_verse": 22,
        "language_code": "en",
        "text": "abiding",
        "root_word": "خَٰلِدِينَ",
        "global_word_sequence_number": 71813,
        "global_verse_sequence_number": 5208
    },
    {
        "chapter": 64,
        "verse": 9,
        "juz": 28,
        "hizb": 222,
        "manzil": 7,
        "ruku": 490,
        "word_number_in_verse": 23,
        "language_code": "en",
        "text": "therein",
        "root_word": "فِيهَآ",
        "global_word_sequence_number": 71814,
        "global_verse_sequence_number": 5208
    },
    {
        "chapter": 64,
        "verse": 9,
        "juz": 28,
        "hizb": 222,
        "manzil": 7,
        "ruku": 490,
        "word_number_in_verse": 24,
        "language_code": "en",
        "text": "forever",
        "root_word": "أَبَدٗاۚ",
        "global_word_sequence_number": 71815,
        "global_verse_sequence_number": 5208
    },
    {
        "chapter": 64,
        "verse": 9,
        "juz": 28,
        "hizb": 222,
        "manzil": 7,
        "ruku": 490,
        "word_number_in_verse": 25,
        "language_code": "en",
        "text": "That",
        "root_word": "ذَٰلِكَ",
        "global_word_sequence_number": 71816,
        "global_verse_sequence_number": 5208
    },
    {
        "chapter": 64,
        "verse": 9,
        "juz": 28,
        "hizb": 222,
        "manzil": 7,
        "ruku": 490,
        "word_number_in_verse": 26,
        "language_code": "en",
        "text": "(is) the success",
        "root_word": "الۡفَوۡزُ",
        "global_word_sequence_number": 71817,
        "global_verse_sequence_number": 5208
    },
    {
        "chapter": 64,
        "verse": 9,
        "juz": 28,
        "hizb": 222,
        "manzil": 7,
        "ruku": 490,
        "word_number_in_verse": 27,
        "language_code": "en",
        "text": "the great",
        "root_word": "الۡعَظِيمُ",
        "global_word_sequence_number": 71818,
        "global_verse_sequence_number": 5208
    },
    {
        "chapter": 64,
        "verse": 10,
        "juz": 28,
        "hizb": 222,
        "manzil": 7,
        "ruku": 490,
        "word_number_in_verse": 1,
        "language_code": "en",
        "text": "But those who",
        "root_word": "وَالَّذِينَ",
        "global_word_sequence_number": 71819,
        "global_verse_sequence_number": 5209
    },
    {
        "chapter": 64,
        "verse": 10,
        "juz": 28,
        "hizb": 222,
        "manzil": 7,
        "ruku": 490,
        "word_number_in_verse": 2,
        "language_code": "en",
        "text": "disbelieved",
        "root_word": "كَفَرُواْ",
        "global_word_sequence_number": 71820,
        "global_verse_sequence_number": 5209
    },
    {
        "chapter": 64,
        "verse": 10,
        "juz": 28,
        "hizb": 222,
        "manzil": 7,
        "ruku": 490,
        "word_number_in_verse": 3,
        "language_code": "en",
        "text": "and denied",
        "root_word": "وَكَذَّبُواْ",
        "global_word_sequence_number": 71821,
        "global_verse_sequence_number": 5209
    },
    {
        "chapter": 64,
        "verse": 10,
        "juz": 28,
        "hizb": 222,
        "manzil": 7,
        "ruku": 490,
        "word_number_in_verse": 4,
        "language_code": "en",
        "text": "[in] Our Verses",
        "root_word": "بِـَٔايَٰتِنَآ",
        "global_word_sequence_number": 71822,
        "global_verse_sequence_number": 5209
    },
    {
        "chapter": 64,
        "verse": 10,
        "juz": 28,
        "hizb": 222,
        "manzil": 7,
        "ruku": 490,
        "word_number_in_verse": 5,
        "language_code": "en",
        "text": "those",
        "root_word": "أُوْلَٰٓئِكَ",
        "global_word_sequence_number": 71823,
        "global_verse_sequence_number": 5209
    },
    {
        "chapter": 64,
        "verse": 10,
        "juz": 28,
        "hizb": 222,
        "manzil": 7,
        "ruku": 490,
        "word_number_in_verse": 6,
        "language_code": "en",
        "text": "(are the) companions",
        "root_word": "أَصۡحَٰبُ",
        "global_word_sequence_number": 71824,
        "global_verse_sequence_number": 5209
    },
    {
        "chapter": 64,
        "verse": 10,
        "juz": 28,
        "hizb": 222,
        "manzil": 7,
        "ruku": 490,
        "word_number_in_verse": 7,
        "language_code": "en",
        "text": "(of) the Fire",
        "root_word": "النَّارِ",
        "global_word_sequence_number": 71825,
        "global_verse_sequence_number": 5209
    },
    {
        "chapter": 64,
        "verse": 10,
        "juz": 28,
        "hizb": 222,
        "manzil": 7,
        "ruku": 490,
        "word_number_in_verse": 8,
        "language_code": "en",
        "text": "abiding forever",
        "root_word": "خَٰلِدِينَ",
        "global_word_sequence_number": 71826,
        "global_verse_sequence_number": 5209
    },
    {
        "chapter": 64,
        "verse": 10,
        "juz": 28,
        "hizb": 222,
        "manzil": 7,
        "ruku": 490,
        "word_number_in_verse": 9,
        "language_code": "en",
        "text": "therein",
        "root_word": "فِيهَاۖ",
        "global_word_sequence_number": 71827,
        "global_verse_sequence_number": 5209
    },
    {
        "chapter": 64,
        "verse": 10,
        "juz": 28,
        "hizb": 222,
        "manzil": 7,
        "ruku": 490,
        "word_number_in_verse": 10,
        "language_code": "en",
        "text": "And wretched is",
        "root_word": "وَبِئۡسَ",
        "global_word_sequence_number": 71828,
        "global_verse_sequence_number": 5209
    },
    {
        "chapter": 64,
        "verse": 10,
        "juz": 28,
        "hizb": 222,
        "manzil": 7,
        "ruku": 490,
        "word_number_in_verse": 11,
        "language_code": "en",
        "text": "the destination",
        "root_word": "الۡمَصِيرُ",
        "global_word_sequence_number": 71829,
        "global_verse_sequence_number": 5209
    },
    {
        "chapter": 64,
        "verse": 11,
        "juz": 28,
        "hizb": 222,
        "manzil": 7,
        "ruku": 491,
        "word_number_in_verse": 1,
        "language_code": "en",
        "text": "Not",
        "root_word": "مَآ",
        "global_word_sequence_number": 71830,
        "global_verse_sequence_number": 5210
    },
    {
        "chapter": 64,
        "verse": 11,
        "juz": 28,
        "hizb": 222,
        "manzil": 7,
        "ruku": 491,
        "word_number_in_verse": 2,
        "language_code": "en",
        "text": "strikes",
        "root_word": "أَصَابَ",
        "global_word_sequence_number": 71831,
        "global_verse_sequence_number": 5210
    },
    {
        "chapter": 64,
        "verse": 11,
        "juz": 28,
        "hizb": 222,
        "manzil": 7,
        "ruku": 491,
        "word_number_in_verse": 3,
        "language_code": "en",
        "text": "any",
        "root_word": "مِن",
        "global_word_sequence_number": 71832,
        "global_verse_sequence_number": 5210
    },
    {
        "chapter": 64,
        "verse": 11,
        "juz": 28,
        "hizb": 222,
        "manzil": 7,
        "ruku": 491,
        "word_number_in_verse": 4,
        "language_code": "en",
        "text": "disaster",
        "root_word": "مُّصِيبَةٍ",
        "global_word_sequence_number": 71833,
        "global_verse_sequence_number": 5210
    },
    {
        "chapter": 64,
        "verse": 11,
        "juz": 28,
        "hizb": 222,
        "manzil": 7,
        "ruku": 491,
        "word_number_in_verse": 5,
        "language_code": "en",
        "text": "except",
        "root_word": "إِلَّا",
        "global_word_sequence_number": 71834,
        "global_verse_sequence_number": 5210
    },
    {
        "chapter": 64,
        "verse": 11,
        "juz": 28,
        "hizb": 222,
        "manzil": 7,
        "ruku": 491,
        "word_number_in_verse": 6,
        "language_code": "en",
        "text": "by (the) permission",
        "root_word": "بِإِذۡنِ",
        "global_word_sequence_number": 71835,
        "global_verse_sequence_number": 5210
    },
    {
        "chapter": 64,
        "verse": 11,
        "juz": 28,
        "hizb": 222,
        "manzil": 7,
        "ruku": 491,
        "word_number_in_verse": 7,
        "language_code": "en",
        "text": "(of) Allah",
        "root_word": "اللَّهِۗ",
        "global_word_sequence_number": 71836,
        "global_verse_sequence_number": 5210
    },
    {
        "chapter": 64,
        "verse": 11,
        "juz": 28,
        "hizb": 222,
        "manzil": 7,
        "ruku": 491,
        "word_number_in_verse": 8,
        "language_code": "en",
        "text": "And whoever",
        "root_word": "وَمَن",
        "global_word_sequence_number": 71837,
        "global_verse_sequence_number": 5210
    },
    {
        "chapter": 64,
        "verse": 11,
        "juz": 28,
        "hizb": 222,
        "manzil": 7,
        "ruku": 491,
        "word_number_in_verse": 9,
        "language_code": "en",
        "text": "believes",
        "root_word": "يُؤۡمِنۢ",
        "global_word_sequence_number": 71838,
        "global_verse_sequence_number": 5210
    },
    {
        "chapter": 64,
        "verse": 11,
        "juz": 28,
        "hizb": 222,
        "manzil": 7,
        "ruku": 491,
        "word_number_in_verse": 10,
        "language_code": "en",
        "text": "in Allah",
        "root_word": "بِاللَّهِ",
        "global_word_sequence_number": 71839,
        "global_verse_sequence_number": 5210
    },
    {
        "chapter": 64,
        "verse": 11,
        "juz": 28,
        "hizb": 222,
        "manzil": 7,
        "ruku": 491,
        "word_number_in_verse": 11,
        "language_code": "en",
        "text": "He guides",
        "root_word": "يَهۡدِ",
        "global_word_sequence_number": 71840,
        "global_verse_sequence_number": 5210
    },
    {
        "chapter": 64,
        "verse": 11,
        "juz": 28,
        "hizb": 222,
        "manzil": 7,
        "ruku": 491,
        "word_number_in_verse": 12,
        "language_code": "en",
        "text": "his heart",
        "root_word": "قَلۡبَهُۥۚ",
        "global_word_sequence_number": 71841,
        "global_verse_sequence_number": 5210
    },
    {
        "chapter": 64,
        "verse": 11,
        "juz": 28,
        "hizb": 222,
        "manzil": 7,
        "ruku": 491,
        "word_number_in_verse": 13,
        "language_code": "en",
        "text": "And Allah",
        "root_word": "وَاللَّهُ",
        "global_word_sequence_number": 71842,
        "global_verse_sequence_number": 5210
    },
    {
        "chapter": 64,
        "verse": 11,
        "juz": 28,
        "hizb": 222,
        "manzil": 7,
        "ruku": 491,
        "word_number_in_verse": 14,
        "language_code": "en",
        "text": "of every",
        "root_word": "بِكُلِّ",
        "global_word_sequence_number": 71843,
        "global_verse_sequence_number": 5210
    },
    {
        "chapter": 64,
        "verse": 11,
        "juz": 28,
        "hizb": 222,
        "manzil": 7,
        "ruku": 491,
        "word_number_in_verse": 15,
        "language_code": "en",
        "text": "thing",
        "root_word": "شَيۡءٍ",
        "global_word_sequence_number": 71844,
        "global_verse_sequence_number": 5210
    },
    {
        "chapter": 64,
        "verse": 11,
        "juz": 28,
        "hizb": 222,
        "manzil": 7,
        "ruku": 491,
        "word_number_in_verse": 16,
        "language_code": "en",
        "text": "(is) All-Knowing",
        "root_word": "عَلِيمٞ",
        "global_word_sequence_number": 71845,
        "global_verse_sequence_number": 5210
    },
    {
        "chapter": 64,
        "verse": 12,
        "juz": 28,
        "hizb": 222,
        "manzil": 7,
        "ruku": 491,
        "word_number_in_verse": 1,
        "language_code": "en",
        "text": "So obey",
        "root_word": "وَأَطِيعُواْ",
        "global_word_sequence_number": 71846,
        "global_verse_sequence_number": 5211
    },
    {
        "chapter": 64,
        "verse": 12,
        "juz": 28,
        "hizb": 222,
        "manzil": 7,
        "ruku": 491,
        "word_number_in_verse": 2,
        "language_code": "en",
        "text": "Allah",
        "root_word": "اللَّهَ",
        "global_word_sequence_number": 71847,
        "global_verse_sequence_number": 5211
    },
    {
        "chapter": 64,
        "verse": 12,
        "juz": 28,
        "hizb": 222,
        "manzil": 7,
        "ruku": 491,
        "word_number_in_verse": 3,
        "language_code": "en",
        "text": "and obey",
        "root_word": "وَأَطِيعُواْ",
        "global_word_sequence_number": 71848,
        "global_verse_sequence_number": 5211
    },
    {
        "chapter": 64,
        "verse": 12,
        "juz": 28,
        "hizb": 222,
        "manzil": 7,
        "ruku": 491,
        "word_number_in_verse": 4,
        "language_code": "en",
        "text": "the Messenger",
        "root_word": "الرَّسُولَۚ",
        "global_word_sequence_number": 71849,
        "global_verse_sequence_number": 5211
    },
    {
        "chapter": 64,
        "verse": 12,
        "juz": 28,
        "hizb": 222,
        "manzil": 7,
        "ruku": 491,
        "word_number_in_verse": 5,
        "language_code": "en",
        "text": "but if",
        "root_word": "فَإِن",
        "global_word_sequence_number": 71850,
        "global_verse_sequence_number": 5211
    },
    {
        "chapter": 64,
        "verse": 12,
        "juz": 28,
        "hizb": 222,
        "manzil": 7,
        "ruku": 491,
        "word_number_in_verse": 6,
        "language_code": "en",
        "text": "you turn away",
        "root_word": "تَوَلَّيۡتُمۡ",
        "global_word_sequence_number": 71851,
        "global_verse_sequence_number": 5211
    },
    {
        "chapter": 64,
        "verse": 12,
        "juz": 28,
        "hizb": 222,
        "manzil": 7,
        "ruku": 491,
        "word_number_in_verse": 7,
        "language_code": "en",
        "text": "then only",
        "root_word": "فَإِنَّمَا",
        "global_word_sequence_number": 71852,
        "global_verse_sequence_number": 5211
    },
    {
        "chapter": 64,
        "verse": 12,
        "juz": 28,
        "hizb": 222,
        "manzil": 7,
        "ruku": 491,
        "word_number_in_verse": 8,
        "language_code": "en",
        "text": "upon",
        "root_word": "عَلَىٰ",
        "global_word_sequence_number": 71853,
        "global_verse_sequence_number": 5211
    },
    {
        "chapter": 64,
        "verse": 12,
        "juz": 28,
        "hizb": 222,
        "manzil": 7,
        "ruku": 491,
        "word_number_in_verse": 9,
        "language_code": "en",
        "text": "Our Messenger",
        "root_word": "رَسُولِنَا",
        "global_word_sequence_number": 71854,
        "global_verse_sequence_number": 5211
    },
    {
        "chapter": 64,
        "verse": 12,
        "juz": 28,
        "hizb": 222,
        "manzil": 7,
        "ruku": 491,
        "word_number_in_verse": 10,
        "language_code": "en",
        "text": "(is) the conveyance",
        "root_word": "الۡبَلَٰغُ",
        "global_word_sequence_number": 71855,
        "global_verse_sequence_number": 5211
    },
    {
        "chapter": 64,
        "verse": 12,
        "juz": 28,
        "hizb": 222,
        "manzil": 7,
        "ruku": 491,
        "word_number_in_verse": 11,
        "language_code": "en",
        "text": "clear",
        "root_word": "الۡمُبِينُ",
        "global_word_sequence_number": 71856,
        "global_verse_sequence_number": 5211
    },
    {
        "chapter": 64,
        "verse": 13,
        "juz": 28,
        "hizb": 222,
        "manzil": 7,
        "ruku": 491,
        "word_number_in_verse": 1,
        "language_code": "en",
        "text": "Allah",
        "root_word": "اللَّهُ",
        "global_word_sequence_number": 71857,
        "global_verse_sequence_number": 5212
    },
    {
        "chapter": 64,
        "verse": 13,
        "juz": 28,
        "hizb": 222,
        "manzil": 7,
        "ruku": 491,
        "word_number_in_verse": 2,
        "language_code": "en",
        "text": "(there is) no",
        "root_word": "لَآ",
        "global_word_sequence_number": 71858,
        "global_verse_sequence_number": 5212
    },
    {
        "chapter": 64,
        "verse": 13,
        "juz": 28,
        "hizb": 222,
        "manzil": 7,
        "ruku": 491,
        "word_number_in_verse": 3,
        "language_code": "en",
        "text": "god",
        "root_word": "إِلَٰهَ",
        "global_word_sequence_number": 71859,
        "global_verse_sequence_number": 5212
    },
    {
        "chapter": 64,
        "verse": 13,
        "juz": 28,
        "hizb": 222,
        "manzil": 7,
        "ruku": 491,
        "word_number_in_verse": 4,
        "language_code": "en",
        "text": "except",
        "root_word": "إِلَّا",
        "global_word_sequence_number": 71860,
        "global_verse_sequence_number": 5212
    },
    {
        "chapter": 64,
        "verse": 13,
        "juz": 28,
        "hizb": 222,
        "manzil": 7,
        "ruku": 491,
        "word_number_in_verse": 5,
        "language_code": "en",
        "text": "Him",
        "root_word": "هُوَۚ",
        "global_word_sequence_number": 71861,
        "global_verse_sequence_number": 5212
    },
    {
        "chapter": 64,
        "verse": 13,
        "juz": 28,
        "hizb": 222,
        "manzil": 7,
        "ruku": 491,
        "word_number_in_verse": 6,
        "language_code": "en",
        "text": "And upon",
        "root_word": "وَعَلَى",
        "global_word_sequence_number": 71862,
        "global_verse_sequence_number": 5212
    },
    {
        "chapter": 64,
        "verse": 13,
        "juz": 28,
        "hizb": 222,
        "manzil": 7,
        "ruku": 491,
        "word_number_in_verse": 7,
        "language_code": "en",
        "text": "Allah",
        "root_word": "اللَّهِ",
        "global_word_sequence_number": 71863,
        "global_verse_sequence_number": 5212
    },
    {
        "chapter": 64,
        "verse": 13,
        "juz": 28,
        "hizb": 222,
        "manzil": 7,
        "ruku": 491,
        "word_number_in_verse": 8,
        "language_code": "en",
        "text": "let put (their) trust",
        "root_word": "فَلۡيَتَوَكَّلِ",
        "global_word_sequence_number": 71864,
        "global_verse_sequence_number": 5212
    },
    {
        "chapter": 64,
        "verse": 13,
        "juz": 28,
        "hizb": 222,
        "manzil": 7,
        "ruku": 491,
        "word_number_in_verse": 9,
        "language_code": "en",
        "text": "the believers",
        "root_word": "الۡمُؤۡمِنُونَ",
        "global_word_sequence_number": 71865,
        "global_verse_sequence_number": 5212
    },
    {
        "chapter": 64,
        "verse": 14,
        "juz": 28,
        "hizb": 222,
        "manzil": 7,
        "ruku": 491,
        "word_number_in_verse": 1,
        "language_code": "en",
        "text": "O",
        "root_word": "يَٰٓأَيُّهَا",
        "global_word_sequence_number": 71866,
        "global_verse_sequence_number": 5213
    },
    {
        "chapter": 64,
        "verse": 14,
        "juz": 28,
        "hizb": 222,
        "manzil": 7,
        "ruku": 491,
        "word_number_in_verse": 2,
        "language_code": "en",
        "text": "(you) who",
        "root_word": "الَّذِينَ",
        "global_word_sequence_number": 71867,
        "global_verse_sequence_number": 5213
    },
    {
        "chapter": 64,
        "verse": 14,
        "juz": 28,
        "hizb": 222,
        "manzil": 7,
        "ruku": 491,
        "word_number_in_verse": 3,
        "language_code": "en",
        "text": "believe",
        "root_word": "ءَامَنُوٓاْ",
        "global_word_sequence_number": 71868,
        "global_verse_sequence_number": 5213
    },
    {
        "chapter": 64,
        "verse": 14,
        "juz": 28,
        "hizb": 222,
        "manzil": 7,
        "ruku": 491,
        "word_number_in_verse": 4,
        "language_code": "en",
        "text": "Indeed",
        "root_word": "إِنَّ",
        "global_word_sequence_number": 71869,
        "global_verse_sequence_number": 5213
    },
    {
        "chapter": 64,
        "verse": 14,
        "juz": 28,
        "hizb": 222,
        "manzil": 7,
        "ruku": 491,
        "word_number_in_verse": 5,
        "language_code": "en",
        "text": "from",
        "root_word": "مِنۡ",
        "global_word_sequence_number": 71870,
        "global_verse_sequence_number": 5213
    },
    {
        "chapter": 64,
        "verse": 14,
        "juz": 28,
        "hizb": 222,
        "manzil": 7,
        "ruku": 491,
        "word_number_in_verse": 6,
        "language_code": "en",
        "text": "your spouses",
        "root_word": "أَزۡوَٰجِكُمۡ",
        "global_word_sequence_number": 71871,
        "global_verse_sequence_number": 5213
    },
    {
        "chapter": 64,
        "verse": 14,
        "juz": 28,
        "hizb": 222,
        "manzil": 7,
        "ruku": 491,
        "word_number_in_verse": 7,
        "language_code": "en",
        "text": "and your children",
        "root_word": "وَأَوۡلَٰدِكُمۡ",
        "global_word_sequence_number": 71872,
        "global_verse_sequence_number": 5213
    },
    {
        "chapter": 64,
        "verse": 14,
        "juz": 28,
        "hizb": 222,
        "manzil": 7,
        "ruku": 491,
        "word_number_in_verse": 8,
        "language_code": "en",
        "text": "(are) enemies",
        "root_word": "عَدُوّٗا",
        "global_word_sequence_number": 71873,
        "global_verse_sequence_number": 5213
    },
    {
        "chapter": 64,
        "verse": 14,
        "juz": 28,
        "hizb": 222,
        "manzil": 7,
        "ruku": 491,
        "word_number_in_verse": 9,
        "language_code": "en",
        "text": "to you",
        "root_word": "لَّكُمۡ",
        "global_word_sequence_number": 71874,
        "global_verse_sequence_number": 5213
    },
    {
        "chapter": 64,
        "verse": 14,
        "juz": 28,
        "hizb": 222,
        "manzil": 7,
        "ruku": 491,
        "word_number_in_verse": 10,
        "language_code": "en",
        "text": "so beware of them",
        "root_word": "فَاحۡذَرُوهُمۡۚ",
        "global_word_sequence_number": 71875,
        "global_verse_sequence_number": 5213
    },
    {
        "chapter": 64,
        "verse": 14,
        "juz": 28,
        "hizb": 222,
        "manzil": 7,
        "ruku": 491,
        "word_number_in_verse": 11,
        "language_code": "en",
        "text": "But if",
        "root_word": "وَإِن",
        "global_word_sequence_number": 71876,
        "global_verse_sequence_number": 5213
    },
    {
        "chapter": 64,
        "verse": 14,
        "juz": 28,
        "hizb": 222,
        "manzil": 7,
        "ruku": 491,
        "word_number_in_verse": 12,
        "language_code": "en",
        "text": "you pardon",
        "root_word": "تَعۡفُواْ",
        "global_word_sequence_number": 71877,
        "global_verse_sequence_number": 5213
    },
    {
        "chapter": 64,
        "verse": 14,
        "juz": 28,
        "hizb": 222,
        "manzil": 7,
        "ruku": 491,
        "word_number_in_verse": 13,
        "language_code": "en",
        "text": "and overlook",
        "root_word": "وَتَصۡفَحُواْ",
        "global_word_sequence_number": 71878,
        "global_verse_sequence_number": 5213
    },
    {
        "chapter": 64,
        "verse": 14,
        "juz": 28,
        "hizb": 222,
        "manzil": 7,
        "ruku": 491,
        "word_number_in_verse": 14,
        "language_code": "en",
        "text": "and forgive",
        "root_word": "وَتَغۡفِرُواْ",
        "global_word_sequence_number": 71879,
        "global_verse_sequence_number": 5213
    },
    {
        "chapter": 64,
        "verse": 14,
        "juz": 28,
        "hizb": 222,
        "manzil": 7,
        "ruku": 491,
        "word_number_in_verse": 15,
        "language_code": "en",
        "text": "then indeed",
        "root_word": "فَإِنَّ",
        "global_word_sequence_number": 71880,
        "global_verse_sequence_number": 5213
    },
    {
        "chapter": 64,
        "verse": 14,
        "juz": 28,
        "hizb": 222,
        "manzil": 7,
        "ruku": 491,
        "word_number_in_verse": 16,
        "language_code": "en",
        "text": "Allah",
        "root_word": "اللَّهَ",
        "global_word_sequence_number": 71881,
        "global_verse_sequence_number": 5213
    },
    {
        "chapter": 64,
        "verse": 14,
        "juz": 28,
        "hizb": 222,
        "manzil": 7,
        "ruku": 491,
        "word_number_in_verse": 17,
        "language_code": "en",
        "text": "(is) Oft-Forgiving",
        "root_word": "غَفُورٞ",
        "global_word_sequence_number": 71882,
        "global_verse_sequence_number": 5213
    },
    {
        "chapter": 64,
        "verse": 14,
        "juz": 28,
        "hizb": 222,
        "manzil": 7,
        "ruku": 491,
        "word_number_in_verse": 18,
        "language_code": "en",
        "text": "Most Merciful",
        "root_word": "رَّحِيمٌ",
        "global_word_sequence_number": 71883,
        "global_verse_sequence_number": 5213
    },
    {
        "chapter": 64,
        "verse": 15,
        "juz": 28,
        "hizb": 222,
        "manzil": 7,
        "ruku": 491,
        "word_number_in_verse": 1,
        "language_code": "en",
        "text": "Only",
        "root_word": "إِنَّمَآ",
        "global_word_sequence_number": 71884,
        "global_verse_sequence_number": 5214
    },
    {
        "chapter": 64,
        "verse": 15,
        "juz": 28,
        "hizb": 222,
        "manzil": 7,
        "ruku": 491,
        "word_number_in_verse": 2,
        "language_code": "en",
        "text": "your wealth",
        "root_word": "أَمۡوَٰلُكُمۡ",
        "global_word_sequence_number": 71885,
        "global_verse_sequence_number": 5214
    },
    {
        "chapter": 64,
        "verse": 15,
        "juz": 28,
        "hizb": 222,
        "manzil": 7,
        "ruku": 491,
        "word_number_in_verse": 3,
        "language_code": "en",
        "text": "and your children",
        "root_word": "وَأَوۡلَٰدُكُمۡ",
        "global_word_sequence_number": 71886,
        "global_verse_sequence_number": 5214
    },
    {
        "chapter": 64,
        "verse": 15,
        "juz": 28,
        "hizb": 222,
        "manzil": 7,
        "ruku": 491,
        "word_number_in_verse": 4,
        "language_code": "en",
        "text": "(are) a trial",
        "root_word": "فِتۡنَةٞۚ",
        "global_word_sequence_number": 71887,
        "global_verse_sequence_number": 5214
    },
    {
        "chapter": 64,
        "verse": 15,
        "juz": 28,
        "hizb": 222,
        "manzil": 7,
        "ruku": 491,
        "word_number_in_verse": 5,
        "language_code": "en",
        "text": "and Allah",
        "root_word": "وَاللَّهُ",
        "global_word_sequence_number": 71888,
        "global_verse_sequence_number": 5214
    },
    {
        "chapter": 64,
        "verse": 15,
        "juz": 28,
        "hizb": 222,
        "manzil": 7,
        "ruku": 491,
        "word_number_in_verse": 6,
        "language_code": "en",
        "text": "with Him",
        "root_word": "عِندَهُۥٓ",
        "global_word_sequence_number": 71889,
        "global_verse_sequence_number": 5214
    },
    {
        "chapter": 64,
        "verse": 15,
        "juz": 28,
        "hizb": 222,
        "manzil": 7,
        "ruku": 491,
        "word_number_in_verse": 7,
        "language_code": "en",
        "text": "(is) a reward",
        "root_word": "أَجۡرٌ",
        "global_word_sequence_number": 71890,
        "global_verse_sequence_number": 5214
    },
    {
        "chapter": 64,
        "verse": 15,
        "juz": 28,
        "hizb": 222,
        "manzil": 7,
        "ruku": 491,
        "word_number_in_verse": 8,
        "language_code": "en",
        "text": "great",
        "root_word": "عَظِيمٞ",
        "global_word_sequence_number": 71891,
        "global_verse_sequence_number": 5214
    },
    {
        "chapter": 64,
        "verse": 16,
        "juz": 28,
        "hizb": 222,
        "manzil": 7,
        "ruku": 491,
        "word_number_in_verse": 1,
        "language_code": "en",
        "text": "So fear",
        "root_word": "فَاتَّقُواْ",
        "global_word_sequence_number": 71892,
        "global_verse_sequence_number": 5215
    },
    {
        "chapter": 64,
        "verse": 16,
        "juz": 28,
        "hizb": 222,
        "manzil": 7,
        "ruku": 491,
        "word_number_in_verse": 2,
        "language_code": "en",
        "text": "Allah",
        "root_word": "اللَّهَ",
        "global_word_sequence_number": 71893,
        "global_verse_sequence_number": 5215
    },
    {
        "chapter": 64,
        "verse": 16,
        "juz": 28,
        "hizb": 222,
        "manzil": 7,
        "ruku": 491,
        "word_number_in_verse": 3,
        "language_code": "en",
        "text": "what",
        "root_word": "مَا",
        "global_word_sequence_number": 71894,
        "global_verse_sequence_number": 5215
    },
    {
        "chapter": 64,
        "verse": 16,
        "juz": 28,
        "hizb": 222,
        "manzil": 7,
        "ruku": 491,
        "word_number_in_verse": 4,
        "language_code": "en",
        "text": "you are able",
        "root_word": "اسۡتَطَعۡتُمۡ",
        "global_word_sequence_number": 71895,
        "global_verse_sequence_number": 5215
    },
    {
        "chapter": 64,
        "verse": 16,
        "juz": 28,
        "hizb": 222,
        "manzil": 7,
        "ruku": 491,
        "word_number_in_verse": 5,
        "language_code": "en",
        "text": "and listen",
        "root_word": "وَاسۡمَعُواْ",
        "global_word_sequence_number": 71896,
        "global_verse_sequence_number": 5215
    },
    {
        "chapter": 64,
        "verse": 16,
        "juz": 28,
        "hizb": 222,
        "manzil": 7,
        "ruku": 491,
        "word_number_in_verse": 6,
        "language_code": "en",
        "text": "and obey",
        "root_word": "وَأَطِيعُواْ",
        "global_word_sequence_number": 71897,
        "global_verse_sequence_number": 5215
    },
    {
        "chapter": 64,
        "verse": 16,
        "juz": 28,
        "hizb": 222,
        "manzil": 7,
        "ruku": 491,
        "word_number_in_verse": 7,
        "language_code": "en",
        "text": "and spend",
        "root_word": "وَأَنفِقُواْ",
        "global_word_sequence_number": 71898,
        "global_verse_sequence_number": 5215
    },
    {
        "chapter": 64,
        "verse": 16,
        "juz": 28,
        "hizb": 222,
        "manzil": 7,
        "ruku": 491,
        "word_number_in_verse": 8,
        "language_code": "en",
        "text": "(it is) better",
        "root_word": "خَيۡرٗا",
        "global_word_sequence_number": 71899,
        "global_verse_sequence_number": 5215
    },
    {
        "chapter": 64,
        "verse": 16,
        "juz": 28,
        "hizb": 222,
        "manzil": 7,
        "ruku": 491,
        "word_number_in_verse": 9,
        "language_code": "en",
        "text": "for yourselves",
        "root_word": "لِّأَنفُسِكُمۡۗ",
        "global_word_sequence_number": 71900,
        "global_verse_sequence_number": 5215
    },
    {
        "chapter": 64,
        "verse": 16,
        "juz": 28,
        "hizb": 222,
        "manzil": 7,
        "ruku": 491,
        "word_number_in_verse": 10,
        "language_code": "en",
        "text": "And whoever",
        "root_word": "وَمَن",
        "global_word_sequence_number": 71901,
        "global_verse_sequence_number": 5215
    },
    {
        "chapter": 64,
        "verse": 16,
        "juz": 28,
        "hizb": 222,
        "manzil": 7,
        "ruku": 491,
        "word_number_in_verse": 11,
        "language_code": "en",
        "text": "is saved",
        "root_word": "يُوقَ",
        "global_word_sequence_number": 71902,
        "global_verse_sequence_number": 5215
    },
    {
        "chapter": 64,
        "verse": 16,
        "juz": 28,
        "hizb": 222,
        "manzil": 7,
        "ruku": 491,
        "word_number_in_verse": 12,
        "language_code": "en",
        "text": "(from the) greediness",
        "root_word": "شُحَّ",
        "global_word_sequence_number": 71903,
        "global_verse_sequence_number": 5215
    },
    {
        "chapter": 64,
        "verse": 16,
        "juz": 28,
        "hizb": 222,
        "manzil": 7,
        "ruku": 491,
        "word_number_in_verse": 13,
        "language_code": "en",
        "text": "(of) his soul",
        "root_word": "نَفۡسِهِۦ",
        "global_word_sequence_number": 71904,
        "global_verse_sequence_number": 5215
    },
    {
        "chapter": 64,
        "verse": 16,
        "juz": 28,
        "hizb": 222,
        "manzil": 7,
        "ruku": 491,
        "word_number_in_verse": 14,
        "language_code": "en",
        "text": "then those",
        "root_word": "فَأُوْلَٰٓئِكَ",
        "global_word_sequence_number": 71905,
        "global_verse_sequence_number": 5215
    },
    {
        "chapter": 64,
        "verse": 16,
        "juz": 28,
        "hizb": 222,
        "manzil": 7,
        "ruku": 491,
        "word_number_in_verse": 15,
        "language_code": "en",
        "text": "[they]",
        "root_word": "هُمُ",
        "global_word_sequence_number": 71906,
        "global_verse_sequence_number": 5215
    },
    {
        "chapter": 64,
        "verse": 16,
        "juz": 28,
        "hizb": 222,
        "manzil": 7,
        "ruku": 491,
        "word_number_in_verse": 16,
        "language_code": "en",
        "text": "(are) the successful ones",
        "root_word": "الۡمُفۡلِحُونَ",
        "global_word_sequence_number": 71907,
        "global_verse_sequence_number": 5215
    },
    {
        "chapter": 64,
        "verse": 17,
        "juz": 28,
        "hizb": 222,
        "manzil": 7,
        "ruku": 491,
        "word_number_in_verse": 1,
        "language_code": "en",
        "text": "If",
        "root_word": "إِن",
        "global_word_sequence_number": 71908,
        "global_verse_sequence_number": 5216
    },
    {
        "chapter": 64,
        "verse": 17,
        "juz": 28,
        "hizb": 222,
        "manzil": 7,
        "ruku": 491,
        "word_number_in_verse": 2,
        "language_code": "en",
        "text": "you loan",
        "root_word": "تُقۡرِضُواْ",
        "global_word_sequence_number": 71909,
        "global_verse_sequence_number": 5216
    },
    {
        "chapter": 64,
        "verse": 17,
        "juz": 28,
        "hizb": 222,
        "manzil": 7,
        "ruku": 491,
        "word_number_in_verse": 3,
        "language_code": "en",
        "text": "(to) Allah",
        "root_word": "اللَّهَ",
        "global_word_sequence_number": 71910,
        "global_verse_sequence_number": 5216
    },
    {
        "chapter": 64,
        "verse": 17,
        "juz": 28,
        "hizb": 222,
        "manzil": 7,
        "ruku": 491,
        "word_number_in_verse": 4,
        "language_code": "en",
        "text": "a loan",
        "root_word": "قَرۡضًا",
        "global_word_sequence_number": 71911,
        "global_verse_sequence_number": 5216
    },
    {
        "chapter": 64,
        "verse": 17,
        "juz": 28,
        "hizb": 222,
        "manzil": 7,
        "ruku": 491,
        "word_number_in_verse": 5,
        "language_code": "en",
        "text": "goodly",
        "root_word": "حَسَنٗا",
        "global_word_sequence_number": 71912,
        "global_verse_sequence_number": 5216
    },
    {
        "chapter": 64,
        "verse": 17,
        "juz": 28,
        "hizb": 222,
        "manzil": 7,
        "ruku": 491,
        "word_number_in_verse": 6,
        "language_code": "en",
        "text": "He will multiply it",
        "root_word": "يُضَٰعِفۡهُ",
        "global_word_sequence_number": 71913,
        "global_verse_sequence_number": 5216
    },
    {
        "chapter": 64,
        "verse": 17,
        "juz": 28,
        "hizb": 222,
        "manzil": 7,
        "ruku": 491,
        "word_number_in_verse": 7,
        "language_code": "en",
        "text": "for you",
        "root_word": "لَكُمۡ",
        "global_word_sequence_number": 71914,
        "global_verse_sequence_number": 5216
    },
    {
        "chapter": 64,
        "verse": 17,
        "juz": 28,
        "hizb": 222,
        "manzil": 7,
        "ruku": 491,
        "word_number_in_verse": 8,
        "language_code": "en",
        "text": "and will forgive",
        "root_word": "وَيَغۡفِرۡ",
        "global_word_sequence_number": 71915,
        "global_verse_sequence_number": 5216
    },
    {
        "chapter": 64,
        "verse": 17,
        "juz": 28,
        "hizb": 222,
        "manzil": 7,
        "ruku": 491,
        "word_number_in_verse": 9,
        "language_code": "en",
        "text": "you",
        "root_word": "لَكُمۡۚ",
        "global_word_sequence_number": 71916,
        "global_verse_sequence_number": 5216
    },
    {
        "chapter": 64,
        "verse": 17,
        "juz": 28,
        "hizb": 222,
        "manzil": 7,
        "ruku": 491,
        "word_number_in_verse": 10,
        "language_code": "en",
        "text": "And Allah",
        "root_word": "وَاللَّهُ",
        "global_word_sequence_number": 71917,
        "global_verse_sequence_number": 5216
    },
    {
        "chapter": 64,
        "verse": 17,
        "juz": 28,
        "hizb": 222,
        "manzil": 7,
        "ruku": 491,
        "word_number_in_verse": 11,
        "language_code": "en",
        "text": "(is) Most Appreciative",
        "root_word": "شَكُورٌ",
        "global_word_sequence_number": 71918,
        "global_verse_sequence_number": 5216
    },
    {
        "chapter": 64,
        "verse": 17,
        "juz": 28,
        "hizb": 222,
        "manzil": 7,
        "ruku": 491,
        "word_number_in_verse": 12,
        "language_code": "en",
        "text": "Most Forbearing",
        "root_word": "حَلِيمٌ",
        "global_word_sequence_number": 71919,
        "global_verse_sequence_number": 5216
    },
    {
        "chapter": 64,
        "verse": 18,
        "juz": 28,
        "hizb": 222,
        "manzil": 7,
        "ruku": 491,
        "word_number_in_verse": 1,
        "language_code": "en",
        "text": "(The) Knower",
        "root_word": "عَٰلِمُ",
        "global_word_sequence_number": 71920,
        "global_verse_sequence_number": 5217
    },
    {
        "chapter": 64,
        "verse": 18,
        "juz": 28,
        "hizb": 222,
        "manzil": 7,
        "ruku": 491,
        "word_number_in_verse": 2,
        "language_code": "en",
        "text": "(of) the unseen",
        "root_word": "الۡغَيۡبِ",
        "global_word_sequence_number": 71921,
        "global_verse_sequence_number": 5217
    },
    {
        "chapter": 64,
        "verse": 18,
        "juz": 28,
        "hizb": 222,
        "manzil": 7,
        "ruku": 491,
        "word_number_in_verse": 3,
        "language_code": "en",
        "text": "and the witnessed",
        "root_word": "وَالشَّهَٰدَةِ",
        "global_word_sequence_number": 71922,
        "global_verse_sequence_number": 5217
    },
    {
        "chapter": 64,
        "verse": 18,
        "juz": 28,
        "hizb": 222,
        "manzil": 7,
        "ruku": 491,
        "word_number_in_verse": 4,
        "language_code": "en",
        "text": "the All-Mighty",
        "root_word": "الۡعَزِيزُ",
        "global_word_sequence_number": 71923,
        "global_verse_sequence_number": 5217
    },
    {
        "chapter": 64,
        "verse": 18,
        "juz": 28,
        "hizb": 222,
        "manzil": 7,
        "ruku": 491,
        "word_number_in_verse": 5,
        "language_code": "en",
        "text": "the All-Wise",
        "root_word": "الۡحَكِيمُ",
        "global_word_sequence_number": 71924,
        "global_verse_sequence_number": 5217
    }
]