[
    {
        "chapter": 66,
        "verse": 1,
        "juz": 28,
        "hizb": 224,
        "manzil": 7,
        "ruku": 494,
        "word_number_in_verse": 1,
        "language_code": "en",
        "text": "O",
        "root_word": "يَٰٓأَيُّهَا",
        "global_word_sequence_number": 72212,
        "global_verse_sequence_number": 5230
    },
    {
        "chapter": 66,
        "verse": 1,
        "juz": 28,
        "hizb": 224,
        "manzil": 7,
        "ruku": 494,
        "word_number_in_verse": 2,
        "language_code": "en",
        "text": "Prophet",
        "root_word": "النَّبِيُّ",
        "global_word_sequence_number": 72213,
        "global_verse_sequence_number": 5230
    },
    {
        "chapter": 66,
        "verse": 1,
        "juz": 28,
        "hizb": 224,
        "manzil": 7,
        "ruku": 494,
        "word_number_in_verse": 3,
        "language_code": "en",
        "text": "Why (do)",
        "root_word": "لِمَ",
        "global_word_sequence_number": 72214,
        "global_verse_sequence_number": 5230
    },
    {
        "chapter": 66,
        "verse": 1,
        "juz": 28,
        "hizb": 224,
        "manzil": 7,
        "ruku": 494,
        "word_number_in_verse": 4,
        "language_code": "en",
        "text": "you prohibit",
        "root_word": "تُحَرِّمُ",
        "global_word_sequence_number": 72215,
        "global_verse_sequence_number": 5230
    },
    {
        "chapter": 66,
        "verse": 1,
        "juz": 28,
        "hizb": 224,
        "manzil": 7,
        "ruku": 494,
        "word_number_in_verse": 5,
        "language_code": "en",
        "text": "what",
        "root_word": "مَآ",
        "global_word_sequence_number": 72216,
        "global_verse_sequence_number": 5230
    },
    {
        "chapter": 66,
        "verse": 1,
        "juz": 28,
        "hizb": 224,
        "manzil": 7,
        "ruku": 494,
        "word_number_in_verse": 6,
        "language_code": "en",
        "text": "has made lawful",
        "root_word": "أَحَلَّ",
        "global_word_sequence_number": 72217,
        "global_verse_sequence_number": 5230
    },
    {
        "chapter": 66,
        "verse": 1,
        "juz": 28,
        "hizb": 224,
        "manzil": 7,
        "ruku": 494,
        "word_number_in_verse": 7,
        "language_code": "en",
        "text": "Allah",
        "root_word": "اللَّهُ",
        "global_word_sequence_number": 72218,
        "global_verse_sequence_number": 5230
    },
    {
        "chapter": 66,
        "verse": 1,
        "juz": 28,
        "hizb": 224,
        "manzil": 7,
        "ruku": 494,
        "word_number_in_verse": 8,
        "language_code": "en",
        "text": "for you",
        "root_word": "لَكَۖ",
        "global_word_sequence_number": 72219,
        "global_verse_sequence_number": 5230
    },
    {
        "chapter": 66,
        "verse": 1,
        "juz": 28,
        "hizb": 224,
        "manzil": 7,
        "ruku": 494,
        "word_number_in_verse": 9,
        "language_code": "en",
        "text": "seeking",
        "root_word": "تَبۡتَغِي",
        "global_word_sequence_number": 72220,
        "global_verse_sequence_number": 5230
    },
    {
        "chapter": 66,
        "verse": 1,
        "juz": 28,
        "hizb": 224,
        "manzil": 7,
        "ruku": 494,
        "word_number_in_verse": 10,
        "language_code": "en",
        "text": "(to) please",
        "root_word": "مَرۡضَاتَ",
        "global_word_sequence_number": 72221,
        "global_verse_sequence_number": 5230
    },
    {
        "chapter": 66,
        "verse": 1,
        "juz": 28,
        "hizb": 224,
        "manzil": 7,
        "ruku": 494,
        "word_number_in_verse": 11,
        "language_code": "en",
        "text": "your wives",
        "root_word": "أَزۡوَٰجِكَۚ",
        "global_word_sequence_number": 72222,
        "global_verse_sequence_number": 5230
    },
    {
        "chapter": 66,
        "verse": 1,
        "juz": 28,
        "hizb": 224,
        "manzil": 7,
        "ruku": 494,
        "word_number_in_verse": 12,
        "language_code": "en",
        "text": "And Allah",
        "root_word": "وَاللَّهُ",
        "global_word_sequence_number": 72223,
        "global_verse_sequence_number": 5230
    },
    {
        "chapter": 66,
        "verse": 1,
        "juz": 28,
        "hizb": 224,
        "manzil": 7,
        "ruku": 494,
        "word_number_in_verse": 13,
        "language_code": "en",
        "text": "(is) Oft-Forgiving",
        "root_word": "غَفُورٞ",
        "global_word_sequence_number": 72224,
        "global_verse_sequence_number": 5230
    },
    {
        "chapter": 66,
        "verse": 1,
        "juz": 28,
        "hizb": 224,
        "manzil": 7,
        "ruku": 494,
        "word_number_in_verse": 14,
        "language_code": "en",
        "text": "Most Merciful",
        "root_word": "رَّحِيمٞ",
        "global_word_sequence_number": 72225,
        "global_verse_sequence_number": 5230
    },
    {
        "chapter": 66,
        "verse": 2,
        "juz": 28,
        "hizb": 224,
        "manzil": 7,
        "ruku": 494,
        "word_number_in_verse": 1,
        "language_code": "en",
        "text": "Indeed",
        "root_word": "قَدۡ",
        "global_word_sequence_number": 72226,
        "global_verse_sequence_number": 5231
    },
    {
        "chapter": 66,
        "verse": 2,
        "juz": 28,
        "hizb": 224,
        "manzil": 7,
        "ruku": 494,
        "word_number_in_verse": 2,
        "language_code": "en",
        "text": "has ordained",
        "root_word": "فَرَضَ",
        "global_word_sequence_number": 72227,
        "global_verse_sequence_number": 5231
    },
    {
        "chapter": 66,
        "verse": 2,
        "juz": 28,
        "hizb": 224,
        "manzil": 7,
        "ruku": 494,
        "word_number_in_verse": 3,
        "language_code": "en",
        "text": "Allah",
        "root_word": "اللَّهُ",
        "global_word_sequence_number": 72228,
        "global_verse_sequence_number": 5231
    },
    {
        "chapter": 66,
        "verse": 2,
        "juz": 28,
        "hizb": 224,
        "manzil": 7,
        "ruku": 494,
        "word_number_in_verse": 4,
        "language_code": "en",
        "text": "for you",
        "root_word": "لَكُمۡ",
        "global_word_sequence_number": 72229,
        "global_verse_sequence_number": 5231
    },
    {
        "chapter": 66,
        "verse": 2,
        "juz": 28,
        "hizb": 224,
        "manzil": 7,
        "ruku": 494,
        "word_number_in_verse": 5,
        "language_code": "en",
        "text": "(the) dissolution",
        "root_word": "تَحِلَّةَ",
        "global_word_sequence_number": 72230,
        "global_verse_sequence_number": 5231
    },
    {
        "chapter": 66,
        "verse": 2,
        "juz": 28,
        "hizb": 224,
        "manzil": 7,
        "ruku": 494,
        "word_number_in_verse": 6,
        "language_code": "en",
        "text": "(of) your oaths",
        "root_word": "أَيۡمَٰنِكُمۡۚ",
        "global_word_sequence_number": 72231,
        "global_verse_sequence_number": 5231
    },
    {
        "chapter": 66,
        "verse": 2,
        "juz": 28,
        "hizb": 224,
        "manzil": 7,
        "ruku": 494,
        "word_number_in_verse": 7,
        "language_code": "en",
        "text": "And Allah",
        "root_word": "وَاللَّهُ",
        "global_word_sequence_number": 72232,
        "global_verse_sequence_number": 5231
    },
    {
        "chapter": 66,
        "verse": 2,
        "juz": 28,
        "hizb": 224,
        "manzil": 7,
        "ruku": 494,
        "word_number_in_verse": 8,
        "language_code": "en",
        "text": "(is) your Protector",
        "root_word": "مَوۡلَىٰكُمۡۖ",
        "global_word_sequence_number": 72233,
        "global_verse_sequence_number": 5231
    },
    {
        "chapter": 66,
        "verse": 2,
        "juz": 28,
        "hizb": 224,
        "manzil": 7,
        "ruku": 494,
        "word_number_in_verse": 9,
        "language_code": "en",
        "text": "and He",
        "root_word": "وَهُوَ",
        "global_word_sequence_number": 72234,
        "global_verse_sequence_number": 5231
    },
    {
        "chapter": 66,
        "verse": 2,
        "juz": 28,
        "hizb": 224,
        "manzil": 7,
        "ruku": 494,
        "word_number_in_verse": 10,
        "language_code": "en",
        "text": "(is) the All-Knower",
        "root_word": "الۡعَلِيمُ",
        "global_word_sequence_number": 72235,
        "global_verse_sequence_number": 5231
    },
    {
        "chapter": 66,
        "verse": 2,
        "juz": 28,
        "hizb": 224,
        "manzil": 7,
        "ruku": 494,
        "word_number_in_verse": 11,
        "language_code": "en",
        "text": "the All-Wise",
        "root_word": "الۡحَكِيمُ",
        "global_word_sequence_number": 72236,
        "global_verse_sequence_number": 5231
    },
    {
        "chapter": 66,
        "verse": 3,
        "juz": 28,
        "hizb": 224,
        "manzil": 7,
        "ruku": 494,
        "word_number_in_verse": 1,
        "language_code": "en",
        "text": "And when",
        "root_word": "وَإِذۡ",
        "global_word_sequence_number": 72237,
        "global_verse_sequence_number": 5232
    },
    {
        "chapter": 66,
        "verse": 3,
        "juz": 28,
        "hizb": 224,
        "manzil": 7,
        "ruku": 494,
        "word_number_in_verse": 2,
        "language_code": "en",
        "text": "confided",
        "root_word": "أَسَرَّ",
        "global_word_sequence_number": 72238,
        "global_verse_sequence_number": 5232
    },
    {
        "chapter": 66,
        "verse": 3,
        "juz": 28,
        "hizb": 224,
        "manzil": 7,
        "ruku": 494,
        "word_number_in_verse": 3,
        "language_code": "en",
        "text": "the Prophet",
        "root_word": "النَّبِيُّ",
        "global_word_sequence_number": 72239,
        "global_verse_sequence_number": 5232
    },
    {
        "chapter": 66,
        "verse": 3,
        "juz": 28,
        "hizb": 224,
        "manzil": 7,
        "ruku": 494,
        "word_number_in_verse": 4,
        "language_code": "en",
        "text": "to",
        "root_word": "إِلَىٰ",
        "global_word_sequence_number": 72240,
        "global_verse_sequence_number": 5232
    },
    {
        "chapter": 66,
        "verse": 3,
        "juz": 28,
        "hizb": 224,
        "manzil": 7,
        "ruku": 494,
        "word_number_in_verse": 5,
        "language_code": "en",
        "text": "one",
        "root_word": "بَعۡضِ",
        "global_word_sequence_number": 72241,
        "global_verse_sequence_number": 5232
    },
    {
        "chapter": 66,
        "verse": 3,
        "juz": 28,
        "hizb": 224,
        "manzil": 7,
        "ruku": 494,
        "word_number_in_verse": 6,
        "language_code": "en",
        "text": "(of) his wives",
        "root_word": "أَزۡوَٰجِهِۦ",
        "global_word_sequence_number": 72242,
        "global_verse_sequence_number": 5232
    },
    {
        "chapter": 66,
        "verse": 3,
        "juz": 28,
        "hizb": 224,
        "manzil": 7,
        "ruku": 494,
        "word_number_in_verse": 7,
        "language_code": "en",
        "text": "a statement",
        "root_word": "حَدِيثٗا",
        "global_word_sequence_number": 72243,
        "global_verse_sequence_number": 5232
    },
    {
        "chapter": 66,
        "verse": 3,
        "juz": 28,
        "hizb": 224,
        "manzil": 7,
        "ruku": 494,
        "word_number_in_verse": 8,
        "language_code": "en",
        "text": "and when",
        "root_word": "فَلَمَّا",
        "global_word_sequence_number": 72244,
        "global_verse_sequence_number": 5232
    },
    {
        "chapter": 66,
        "verse": 3,
        "juz": 28,
        "hizb": 224,
        "manzil": 7,
        "ruku": 494,
        "word_number_in_verse": 9,
        "language_code": "en",
        "text": "she informed",
        "root_word": "نَبَّأَتۡ",
        "global_word_sequence_number": 72245,
        "global_verse_sequence_number": 5232
    },
    {
        "chapter": 66,
        "verse": 3,
        "juz": 28,
        "hizb": 224,
        "manzil": 7,
        "ruku": 494,
        "word_number_in_verse": 10,
        "language_code": "en",
        "text": "about it",
        "root_word": "بِهِۦ",
        "global_word_sequence_number": 72246,
        "global_verse_sequence_number": 5232
    },
    {
        "chapter": 66,
        "verse": 3,
        "juz": 28,
        "hizb": 224,
        "manzil": 7,
        "ruku": 494,
        "word_number_in_verse": 11,
        "language_code": "en",
        "text": "and made it apparent",
        "root_word": "وَأَظۡهَرَهُ",
        "global_word_sequence_number": 72247,
        "global_verse_sequence_number": 5232
    },
    {
        "chapter": 66,
        "verse": 3,
        "juz": 28,
        "hizb": 224,
        "manzil": 7,
        "ruku": 494,
        "word_number_in_verse": 12,
        "language_code": "en",
        "text": "Allah",
        "root_word": "اللَّهُ",
        "global_word_sequence_number": 72248,
        "global_verse_sequence_number": 5232
    },
    {
        "chapter": 66,
        "verse": 3,
        "juz": 28,
        "hizb": 224,
        "manzil": 7,
        "ruku": 494,
        "word_number_in_verse": 13,
        "language_code": "en",
        "text": "to him",
        "root_word": "عَلَيۡهِ",
        "global_word_sequence_number": 72249,
        "global_verse_sequence_number": 5232
    },
    {
        "chapter": 66,
        "verse": 3,
        "juz": 28,
        "hizb": 224,
        "manzil": 7,
        "ruku": 494,
        "word_number_in_verse": 14,
        "language_code": "en",
        "text": "he made known",
        "root_word": "عَرَّفَ",
        "global_word_sequence_number": 72250,
        "global_verse_sequence_number": 5232
    },
    {
        "chapter": 66,
        "verse": 3,
        "juz": 28,
        "hizb": 224,
        "manzil": 7,
        "ruku": 494,
        "word_number_in_verse": 15,
        "language_code": "en",
        "text": "a part of it",
        "root_word": "بَعۡضَهُۥ",
        "global_word_sequence_number": 72251,
        "global_verse_sequence_number": 5232
    },
    {
        "chapter": 66,
        "verse": 3,
        "juz": 28,
        "hizb": 224,
        "manzil": 7,
        "ruku": 494,
        "word_number_in_verse": 16,
        "language_code": "en",
        "text": "and avoided",
        "root_word": "وَأَعۡرَضَ",
        "global_word_sequence_number": 72252,
        "global_verse_sequence_number": 5232
    },
    {
        "chapter": 66,
        "verse": 3,
        "juz": 28,
        "hizb": 224,
        "manzil": 7,
        "ruku": 494,
        "word_number_in_verse": 17,
        "language_code": "en",
        "text": "[of]",
        "root_word": "عَنۢ",
        "global_word_sequence_number": 72253,
        "global_verse_sequence_number": 5232
    },
    {
        "chapter": 66,
        "verse": 3,
        "juz": 28,
        "hizb": 224,
        "manzil": 7,
        "ruku": 494,
        "word_number_in_verse": 18,
        "language_code": "en",
        "text": "a part",
        "root_word": "بَعۡضٖۖ",
        "global_word_sequence_number": 72254,
        "global_verse_sequence_number": 5232
    },
    {
        "chapter": 66,
        "verse": 3,
        "juz": 28,
        "hizb": 224,
        "manzil": 7,
        "ruku": 494,
        "word_number_in_verse": 19,
        "language_code": "en",
        "text": "Then when",
        "root_word": "فَلَمَّا",
        "global_word_sequence_number": 72255,
        "global_verse_sequence_number": 5232
    },
    {
        "chapter": 66,
        "verse": 3,
        "juz": 28,
        "hizb": 224,
        "manzil": 7,
        "ruku": 494,
        "word_number_in_verse": 20,
        "language_code": "en",
        "text": "he informed her",
        "root_word": "نَبَّأَهَا",
        "global_word_sequence_number": 72256,
        "global_verse_sequence_number": 5232
    },
    {
        "chapter": 66,
        "verse": 3,
        "juz": 28,
        "hizb": 224,
        "manzil": 7,
        "ruku": 494,
        "word_number_in_verse": 21,
        "language_code": "en",
        "text": "about it",
        "root_word": "بِهِۦ",
        "global_word_sequence_number": 72257,
        "global_verse_sequence_number": 5232
    },
    {
        "chapter": 66,
        "verse": 3,
        "juz": 28,
        "hizb": 224,
        "manzil": 7,
        "ruku": 494,
        "word_number_in_verse": 22,
        "language_code": "en",
        "text": "she said",
        "root_word": "قَالَتۡ",
        "global_word_sequence_number": 72258,
        "global_verse_sequence_number": 5232
    },
    {
        "chapter": 66,
        "verse": 3,
        "juz": 28,
        "hizb": 224,
        "manzil": 7,
        "ruku": 494,
        "word_number_in_verse": 23,
        "language_code": "en",
        "text": "Who",
        "root_word": "مَنۡ",
        "global_word_sequence_number": 72259,
        "global_verse_sequence_number": 5232
    },
    {
        "chapter": 66,
        "verse": 3,
        "juz": 28,
        "hizb": 224,
        "manzil": 7,
        "ruku": 494,
        "word_number_in_verse": 24,
        "language_code": "en",
        "text": "informed you",
        "root_word": "أَنۢبَأَكَ",
        "global_word_sequence_number": 72260,
        "global_verse_sequence_number": 5232
    },
    {
        "chapter": 66,
        "verse": 3,
        "juz": 28,
        "hizb": 224,
        "manzil": 7,
        "ruku": 494,
        "word_number_in_verse": 25,
        "language_code": "en",
        "text": "this",
        "root_word": "هَٰذَاۖ",
        "global_word_sequence_number": 72261,
        "global_verse_sequence_number": 5232
    },
    {
        "chapter": 66,
        "verse": 3,
        "juz": 28,
        "hizb": 224,
        "manzil": 7,
        "ruku": 494,
        "word_number_in_verse": 26,
        "language_code": "en",
        "text": "He said",
        "root_word": "قَالَ",
        "global_word_sequence_number": 72262,
        "global_verse_sequence_number": 5232
    },
    {
        "chapter": 66,
        "verse": 3,
        "juz": 28,
        "hizb": 224,
        "manzil": 7,
        "ruku": 494,
        "word_number_in_verse": 27,
        "language_code": "en",
        "text": "Has informed me",
        "root_word": "نَبَّأَنِيَ",
        "global_word_sequence_number": 72263,
        "global_verse_sequence_number": 5232
    },
    {
        "chapter": 66,
        "verse": 3,
        "juz": 28,
        "hizb": 224,
        "manzil": 7,
        "ruku": 494,
        "word_number_in_verse": 28,
        "language_code": "en",
        "text": "the All-Knower",
        "root_word": "الۡعَلِيمُ",
        "global_word_sequence_number": 72264,
        "global_verse_sequence_number": 5232
    },
    {
        "chapter": 66,
        "verse": 3,
        "juz": 28,
        "hizb": 224,
        "manzil": 7,
        "ruku": 494,
        "word_number_in_verse": 29,
        "language_code": "en",
        "text": "the All-Aware",
        "root_word": "الۡخَبِيرُ",
        "global_word_sequence_number": 72265,
        "global_verse_sequence_number": 5232
    },
    {
        "chapter": 66,
        "verse": 4,
        "juz": 28,
        "hizb": 224,
        "manzil": 7,
        "ruku": 494,
        "word_number_in_verse": 1,
        "language_code": "en",
        "text": "If",
        "root_word": "إِن",
        "global_word_sequence_number": 72266,
        "global_verse_sequence_number": 5233
    },
    {
        "chapter": 66,
        "verse": 4,
        "juz": 28,
        "hizb": 224,
        "manzil": 7,
        "ruku": 494,
        "word_number_in_verse": 2,
        "language_code": "en",
        "text": "you both turn",
        "root_word": "تَتُوبَآ",
        "global_word_sequence_number": 72267,
        "global_verse_sequence_number": 5233
    },
    {
        "chapter": 66,
        "verse": 4,
        "juz": 28,
        "hizb": 224,
        "manzil": 7,
        "ruku": 494,
        "word_number_in_verse": 3,
        "language_code": "en",
        "text": "to",
        "root_word": "إِلَى",
        "global_word_sequence_number": 72268,
        "global_verse_sequence_number": 5233
    },
    {
        "chapter": 66,
        "verse": 4,
        "juz": 28,
        "hizb": 224,
        "manzil": 7,
        "ruku": 494,
        "word_number_in_verse": 4,
        "language_code": "en",
        "text": "Allah",
        "root_word": "اللَّهِ",
        "global_word_sequence_number": 72269,
        "global_verse_sequence_number": 5233
    },
    {
        "chapter": 66,
        "verse": 4,
        "juz": 28,
        "hizb": 224,
        "manzil": 7,
        "ruku": 494,
        "word_number_in_verse": 5,
        "language_code": "en",
        "text": "so indeed",
        "root_word": "فَقَدۡ",
        "global_word_sequence_number": 72270,
        "global_verse_sequence_number": 5233
    },
    {
        "chapter": 66,
        "verse": 4,
        "juz": 28,
        "hizb": 224,
        "manzil": 7,
        "ruku": 494,
        "word_number_in_verse": 6,
        "language_code": "en",
        "text": "(are) inclined",
        "root_word": "صَغَتۡ",
        "global_word_sequence_number": 72271,
        "global_verse_sequence_number": 5233
    },
    {
        "chapter": 66,
        "verse": 4,
        "juz": 28,
        "hizb": 224,
        "manzil": 7,
        "ruku": 494,
        "word_number_in_verse": 7,
        "language_code": "en",
        "text": "your hearts",
        "root_word": "قُلُوبُكُمَاۖ",
        "global_word_sequence_number": 72272,
        "global_verse_sequence_number": 5233
    },
    {
        "chapter": 66,
        "verse": 4,
        "juz": 28,
        "hizb": 224,
        "manzil": 7,
        "ruku": 494,
        "word_number_in_verse": 8,
        "language_code": "en",
        "text": "but if",
        "root_word": "وَإِن",
        "global_word_sequence_number": 72273,
        "global_verse_sequence_number": 5233
    },
    {
        "chapter": 66,
        "verse": 4,
        "juz": 28,
        "hizb": 224,
        "manzil": 7,
        "ruku": 494,
        "word_number_in_verse": 9,
        "language_code": "en",
        "text": "you backup each other",
        "root_word": "تَظَٰهَرَا",
        "global_word_sequence_number": 72274,
        "global_verse_sequence_number": 5233
    },
    {
        "chapter": 66,
        "verse": 4,
        "juz": 28,
        "hizb": 224,
        "manzil": 7,
        "ruku": 494,
        "word_number_in_verse": 10,
        "language_code": "en",
        "text": "against him",
        "root_word": "عَلَيۡهِ",
        "global_word_sequence_number": 72275,
        "global_verse_sequence_number": 5233
    },
    {
        "chapter": 66,
        "verse": 4,
        "juz": 28,
        "hizb": 224,
        "manzil": 7,
        "ruku": 494,
        "word_number_in_verse": 11,
        "language_code": "en",
        "text": "then indeed",
        "root_word": "فَإِنَّ",
        "global_word_sequence_number": 72276,
        "global_verse_sequence_number": 5233
    },
    {
        "chapter": 66,
        "verse": 4,
        "juz": 28,
        "hizb": 224,
        "manzil": 7,
        "ruku": 494,
        "word_number_in_verse": 12,
        "language_code": "en",
        "text": "Allah",
        "root_word": "اللَّهَ",
        "global_word_sequence_number": 72277,
        "global_verse_sequence_number": 5233
    },
    {
        "chapter": 66,
        "verse": 4,
        "juz": 28,
        "hizb": 224,
        "manzil": 7,
        "ruku": 494,
        "word_number_in_verse": 13,
        "language_code": "en",
        "text": "He",
        "root_word": "هُوَ",
        "global_word_sequence_number": 72278,
        "global_verse_sequence_number": 5233
    },
    {
        "chapter": 66,
        "verse": 4,
        "juz": 28,
        "hizb": 224,
        "manzil": 7,
        "ruku": 494,
        "word_number_in_verse": 14,
        "language_code": "en",
        "text": "(is) his Protector",
        "root_word": "مَوۡلَىٰهُ",
        "global_word_sequence_number": 72279,
        "global_verse_sequence_number": 5233
    },
    {
        "chapter": 66,
        "verse": 4,
        "juz": 28,
        "hizb": 224,
        "manzil": 7,
        "ruku": 494,
        "word_number_in_verse": 15,
        "language_code": "en",
        "text": "and Jibreel",
        "root_word": "وَجِبۡرِيلُ",
        "global_word_sequence_number": 72280,
        "global_verse_sequence_number": 5233
    },
    {
        "chapter": 66,
        "verse": 4,
        "juz": 28,
        "hizb": 224,
        "manzil": 7,
        "ruku": 494,
        "word_number_in_verse": 16,
        "language_code": "en",
        "text": "and (the) righteous",
        "root_word": "وَصَٰلِحُ",
        "global_word_sequence_number": 72281,
        "global_verse_sequence_number": 5233
    },
    {
        "chapter": 66,
        "verse": 4,
        "juz": 28,
        "hizb": 224,
        "manzil": 7,
        "ruku": 494,
        "word_number_in_verse": 17,
        "language_code": "en",
        "text": "believers",
        "root_word": "الۡمُؤۡمِنِينَۖ",
        "global_word_sequence_number": 72282,
        "global_verse_sequence_number": 5233
    },
    {
        "chapter": 66,
        "verse": 4,
        "juz": 28,
        "hizb": 224,
        "manzil": 7,
        "ruku": 494,
        "word_number_in_verse": 18,
        "language_code": "en",
        "text": "and the Angels",
        "root_word": "وَالۡمَلَٰٓئِكَةُ",
        "global_word_sequence_number": 72283,
        "global_verse_sequence_number": 5233
    },
    {
        "chapter": 66,
        "verse": 4,
        "juz": 28,
        "hizb": 224,
        "manzil": 7,
        "ruku": 494,
        "word_number_in_verse": 19,
        "language_code": "en",
        "text": "after",
        "root_word": "بَعۡدَ",
        "global_word_sequence_number": 72284,
        "global_verse_sequence_number": 5233
    },
    {
        "chapter": 66,
        "verse": 4,
        "juz": 28,
        "hizb": 224,
        "manzil": 7,
        "ruku": 494,
        "word_number_in_verse": 20,
        "language_code": "en",
        "text": "that",
        "root_word": "ذَٰلِكَ",
        "global_word_sequence_number": 72285,
        "global_verse_sequence_number": 5233
    },
    {
        "chapter": 66,
        "verse": 4,
        "juz": 28,
        "hizb": 224,
        "manzil": 7,
        "ruku": 494,
        "word_number_in_verse": 21,
        "language_code": "en",
        "text": "(are his) assistants",
        "root_word": "ظَهِيرٌ",
        "global_word_sequence_number": 72286,
        "global_verse_sequence_number": 5233
    },
    {
        "chapter": 66,
        "verse": 5,
        "juz": 28,
        "hizb": 224,
        "manzil": 7,
        "ruku": 494,
        "word_number_in_verse": 1,
        "language_code": "en",
        "text": "Perhaps",
        "root_word": "عَسَىٰ",
        "global_word_sequence_number": 72287,
        "global_verse_sequence_number": 5234
    },
    {
        "chapter": 66,
        "verse": 5,
        "juz": 28,
        "hizb": 224,
        "manzil": 7,
        "ruku": 494,
        "word_number_in_verse": 2,
        "language_code": "en",
        "text": "his Lord",
        "root_word": "رَبُّهُۥٓ",
        "global_word_sequence_number": 72288,
        "global_verse_sequence_number": 5234
    },
    {
        "chapter": 66,
        "verse": 5,
        "juz": 28,
        "hizb": 224,
        "manzil": 7,
        "ruku": 494,
        "word_number_in_verse": 3,
        "language_code": "en",
        "text": "if",
        "root_word": "إِن",
        "global_word_sequence_number": 72289,
        "global_verse_sequence_number": 5234
    },
    {
        "chapter": 66,
        "verse": 5,
        "juz": 28,
        "hizb": 224,
        "manzil": 7,
        "ruku": 494,
        "word_number_in_verse": 4,
        "language_code": "en",
        "text": "he divorced you",
        "root_word": "طَلَّقَكُنَّ",
        "global_word_sequence_number": 72290,
        "global_verse_sequence_number": 5234
    },
    {
        "chapter": 66,
        "verse": 5,
        "juz": 28,
        "hizb": 224,
        "manzil": 7,
        "ruku": 494,
        "word_number_in_verse": 5,
        "language_code": "en",
        "text": "[that]",
        "root_word": "أَن",
        "global_word_sequence_number": 72291,
        "global_verse_sequence_number": 5234
    },
    {
        "chapter": 66,
        "verse": 5,
        "juz": 28,
        "hizb": 224,
        "manzil": 7,
        "ruku": 494,
        "word_number_in_verse": 6,
        "language_code": "en",
        "text": "He will substitute for him",
        "root_word": "يُبۡدِلَهُۥٓ",
        "global_word_sequence_number": 72292,
        "global_verse_sequence_number": 5234
    },
    {
        "chapter": 66,
        "verse": 5,
        "juz": 28,
        "hizb": 224,
        "manzil": 7,
        "ruku": 494,
        "word_number_in_verse": 7,
        "language_code": "en",
        "text": "wives",
        "root_word": "أَزۡوَٰجًا",
        "global_word_sequence_number": 72293,
        "global_verse_sequence_number": 5234
    },
    {
        "chapter": 66,
        "verse": 5,
        "juz": 28,
        "hizb": 224,
        "manzil": 7,
        "ruku": 494,
        "word_number_in_verse": 8,
        "language_code": "en",
        "text": "better",
        "root_word": "خَيۡرٗا",
        "global_word_sequence_number": 72294,
        "global_verse_sequence_number": 5234
    },
    {
        "chapter": 66,
        "verse": 5,
        "juz": 28,
        "hizb": 224,
        "manzil": 7,
        "ruku": 494,
        "word_number_in_verse": 9,
        "language_code": "en",
        "text": "than you",
        "root_word": "مِّنكُنَّ",
        "global_word_sequence_number": 72295,
        "global_verse_sequence_number": 5234
    },
    {
        "chapter": 66,
        "verse": 5,
        "juz": 28,
        "hizb": 224,
        "manzil": 7,
        "ruku": 494,
        "word_number_in_verse": 10,
        "language_code": "en",
        "text": "submissive",
        "root_word": "مُسۡلِمَٰتٖ",
        "global_word_sequence_number": 72296,
        "global_verse_sequence_number": 5234
    },
    {
        "chapter": 66,
        "verse": 5,
        "juz": 28,
        "hizb": 224,
        "manzil": 7,
        "ruku": 494,
        "word_number_in_verse": 11,
        "language_code": "en",
        "text": "faithful",
        "root_word": "مُّؤۡمِنَٰتٖ",
        "global_word_sequence_number": 72297,
        "global_verse_sequence_number": 5234
    },
    {
        "chapter": 66,
        "verse": 5,
        "juz": 28,
        "hizb": 224,
        "manzil": 7,
        "ruku": 494,
        "word_number_in_verse": 12,
        "language_code": "en",
        "text": "obedient",
        "root_word": "قَٰنِتَٰتٖ",
        "global_word_sequence_number": 72298,
        "global_verse_sequence_number": 5234
    },
    {
        "chapter": 66,
        "verse": 5,
        "juz": 28,
        "hizb": 224,
        "manzil": 7,
        "ruku": 494,
        "word_number_in_verse": 13,
        "language_code": "en",
        "text": "repentant",
        "root_word": "تَٰٓئِبَٰتٍ",
        "global_word_sequence_number": 72299,
        "global_verse_sequence_number": 5234
    },
    {
        "chapter": 66,
        "verse": 5,
        "juz": 28,
        "hizb": 224,
        "manzil": 7,
        "ruku": 494,
        "word_number_in_verse": 14,
        "language_code": "en",
        "text": "who worship",
        "root_word": "عَٰبِدَٰتٖ",
        "global_word_sequence_number": 72300,
        "global_verse_sequence_number": 5234
    },
    {
        "chapter": 66,
        "verse": 5,
        "juz": 28,
        "hizb": 224,
        "manzil": 7,
        "ruku": 494,
        "word_number_in_verse": 15,
        "language_code": "en",
        "text": "who fast",
        "root_word": "سَٰٓئِحَٰتٖ",
        "global_word_sequence_number": 72301,
        "global_verse_sequence_number": 5234
    },
    {
        "chapter": 66,
        "verse": 5,
        "juz": 28,
        "hizb": 224,
        "manzil": 7,
        "ruku": 494,
        "word_number_in_verse": 16,
        "language_code": "en",
        "text": "previously married",
        "root_word": "ثَيِّبَٰتٖ",
        "global_word_sequence_number": 72302,
        "global_verse_sequence_number": 5234
    },
    {
        "chapter": 66,
        "verse": 5,
        "juz": 28,
        "hizb": 224,
        "manzil": 7,
        "ruku": 494,
        "word_number_in_verse": 17,
        "language_code": "en",
        "text": "and virgins",
        "root_word": "وَأَبۡكَارٗا",
        "global_word_sequence_number": 72303,
        "global_verse_sequence_number": 5234
    },
    {
        "chapter": 66,
        "verse": 6,
        "juz": 28,
        "hizb": 224,
        "manzil": 7,
        "ruku": 494,
        "word_number_in_verse": 1,
        "language_code": "en",
        "text": "O",
        "root_word": "يَٰٓأَيُّهَا",
        "global_word_sequence_number": 72304,
        "global_verse_sequence_number": 5235
    },
    {
        "chapter": 66,
        "verse": 6,
        "juz": 28,
        "hizb": 224,
        "manzil": 7,
        "ruku": 494,
        "word_number_in_verse": 2,
        "language_code": "en",
        "text": "(you) who",
        "root_word": "الَّذِينَ",
        "global_word_sequence_number": 72305,
        "global_verse_sequence_number": 5235
    },
    {
        "chapter": 66,
        "verse": 6,
        "juz": 28,
        "hizb": 224,
        "manzil": 7,
        "ruku": 494,
        "word_number_in_verse": 3,
        "language_code": "en",
        "text": "believe",
        "root_word": "ءَامَنُواْ",
        "global_word_sequence_number": 72306,
        "global_verse_sequence_number": 5235
    },
    {
        "chapter": 66,
        "verse": 6,
        "juz": 28,
        "hizb": 224,
        "manzil": 7,
        "ruku": 494,
        "word_number_in_verse": 4,
        "language_code": "en",
        "text": "Protect",
        "root_word": "قُوٓاْ",
        "global_word_sequence_number": 72307,
        "global_verse_sequence_number": 5235
    },
    {
        "chapter": 66,
        "verse": 6,
        "juz": 28,
        "hizb": 224,
        "manzil": 7,
        "ruku": 494,
        "word_number_in_verse": 5,
        "language_code": "en",
        "text": "yourselves",
        "root_word": "أَنفُسَكُمۡ",
        "global_word_sequence_number": 72308,
        "global_verse_sequence_number": 5235
    },
    {
        "chapter": 66,
        "verse": 6,
        "juz": 28,
        "hizb": 224,
        "manzil": 7,
        "ruku": 494,
        "word_number_in_verse": 6,
        "language_code": "en",
        "text": "and your families",
        "root_word": "وَأَهۡلِيكُمۡ",
        "global_word_sequence_number": 72309,
        "global_verse_sequence_number": 5235
    },
    {
        "chapter": 66,
        "verse": 6,
        "juz": 28,
        "hizb": 224,
        "manzil": 7,
        "ruku": 494,
        "word_number_in_verse": 7,
        "language_code": "en",
        "text": "(from) a Fire",
        "root_word": "نَارٗا",
        "global_word_sequence_number": 72310,
        "global_verse_sequence_number": 5235
    },
    {
        "chapter": 66,
        "verse": 6,
        "juz": 28,
        "hizb": 224,
        "manzil": 7,
        "ruku": 494,
        "word_number_in_verse": 8,
        "language_code": "en",
        "text": "whose fuel",
        "root_word": "وَقُودُهَا",
        "global_word_sequence_number": 72311,
        "global_verse_sequence_number": 5235
    },
    {
        "chapter": 66,
        "verse": 6,
        "juz": 28,
        "hizb": 224,
        "manzil": 7,
        "ruku": 494,
        "word_number_in_verse": 9,
        "language_code": "en",
        "text": "(is) people",
        "root_word": "النَّاسُ",
        "global_word_sequence_number": 72312,
        "global_verse_sequence_number": 5235
    },
    {
        "chapter": 66,
        "verse": 6,
        "juz": 28,
        "hizb": 224,
        "manzil": 7,
        "ruku": 494,
        "word_number_in_verse": 10,
        "language_code": "en",
        "text": "and stones",
        "root_word": "وَالۡحِجَارَةُ",
        "global_word_sequence_number": 72313,
        "global_verse_sequence_number": 5235
    },
    {
        "chapter": 66,
        "verse": 6,
        "juz": 28,
        "hizb": 224,
        "manzil": 7,
        "ruku": 494,
        "word_number_in_verse": 11,
        "language_code": "en",
        "text": "over it",
        "root_word": "عَلَيۡهَا",
        "global_word_sequence_number": 72314,
        "global_verse_sequence_number": 5235
    },
    {
        "chapter": 66,
        "verse": 6,
        "juz": 28,
        "hizb": 224,
        "manzil": 7,
        "ruku": 494,
        "word_number_in_verse": 12,
        "language_code": "en",
        "text": "(are) Angels",
        "root_word": "مَلَٰٓئِكَةٌ",
        "global_word_sequence_number": 72315,
        "global_verse_sequence_number": 5235
    },
    {
        "chapter": 66,
        "verse": 6,
        "juz": 28,
        "hizb": 224,
        "manzil": 7,
        "ruku": 494,
        "word_number_in_verse": 13,
        "language_code": "en",
        "text": "stern",
        "root_word": "غِلَاظٞ",
        "global_word_sequence_number": 72316,
        "global_verse_sequence_number": 5235
    },
    {
        "chapter": 66,
        "verse": 6,
        "juz": 28,
        "hizb": 224,
        "manzil": 7,
        "ruku": 494,
        "word_number_in_verse": 14,
        "language_code": "en",
        "text": "severe",
        "root_word": "شِدَادٞ",
        "global_word_sequence_number": 72317,
        "global_verse_sequence_number": 5235
    },
    {
        "chapter": 66,
        "verse": 6,
        "juz": 28,
        "hizb": 224,
        "manzil": 7,
        "ruku": 494,
        "word_number_in_verse": 15,
        "language_code": "en",
        "text": "not",
        "root_word": "لَّا",
        "global_word_sequence_number": 72318,
        "global_verse_sequence_number": 5235
    },
    {
        "chapter": 66,
        "verse": 6,
        "juz": 28,
        "hizb": 224,
        "manzil": 7,
        "ruku": 494,
        "word_number_in_verse": 16,
        "language_code": "en",
        "text": "they disobey",
        "root_word": "يَعۡصُونَ",
        "global_word_sequence_number": 72319,
        "global_verse_sequence_number": 5235
    },
    {
        "chapter": 66,
        "verse": 6,
        "juz": 28,
        "hizb": 224,
        "manzil": 7,
        "ruku": 494,
        "word_number_in_verse": 17,
        "language_code": "en",
        "text": "Allah",
        "root_word": "اللَّهَ",
        "global_word_sequence_number": 72320,
        "global_verse_sequence_number": 5235
    },
    {
        "chapter": 66,
        "verse": 6,
        "juz": 28,
        "hizb": 224,
        "manzil": 7,
        "ruku": 494,
        "word_number_in_verse": 18,
        "language_code": "en",
        "text": "(in) what",
        "root_word": "مَآ",
        "global_word_sequence_number": 72321,
        "global_verse_sequence_number": 5235
    },
    {
        "chapter": 66,
        "verse": 6,
        "juz": 28,
        "hizb": 224,
        "manzil": 7,
        "ruku": 494,
        "word_number_in_verse": 19,
        "language_code": "en",
        "text": "He Commands them",
        "root_word": "أَمَرَهُمۡ",
        "global_word_sequence_number": 72322,
        "global_verse_sequence_number": 5235
    },
    {
        "chapter": 66,
        "verse": 6,
        "juz": 28,
        "hizb": 224,
        "manzil": 7,
        "ruku": 494,
        "word_number_in_verse": 20,
        "language_code": "en",
        "text": "but they do",
        "root_word": "وَيَفۡعَلُونَ",
        "global_word_sequence_number": 72323,
        "global_verse_sequence_number": 5235
    },
    {
        "chapter": 66,
        "verse": 6,
        "juz": 28,
        "hizb": 224,
        "manzil": 7,
        "ruku": 494,
        "word_number_in_verse": 21,
        "language_code": "en",
        "text": "what",
        "root_word": "مَا",
        "global_word_sequence_number": 72324,
        "global_verse_sequence_number": 5235
    },
    {
        "chapter": 66,
        "verse": 6,
        "juz": 28,
        "hizb": 224,
        "manzil": 7,
        "ruku": 494,
        "word_number_in_verse": 22,
        "language_code": "en",
        "text": "they are commanded",
        "root_word": "يُؤۡمَرُونَ",
        "global_word_sequence_number": 72325,
        "global_verse_sequence_number": 5235
    },
    {
        "chapter": 66,
        "verse": 7,
        "juz": 28,
        "hizb": 224,
        "manzil": 7,
        "ruku": 494,
        "word_number_in_verse": 1,
        "language_code": "en",
        "text": "O",
        "root_word": "يَٰٓأَيُّهَا",
        "global_word_sequence_number": 72326,
        "global_verse_sequence_number": 5236
    },
    {
        "chapter": 66,
        "verse": 7,
        "juz": 28,
        "hizb": 224,
        "manzil": 7,
        "ruku": 494,
        "word_number_in_verse": 2,
        "language_code": "en",
        "text": "(you) who",
        "root_word": "الَّذِينَ",
        "global_word_sequence_number": 72327,
        "global_verse_sequence_number": 5236
    },
    {
        "chapter": 66,
        "verse": 7,
        "juz": 28,
        "hizb": 224,
        "manzil": 7,
        "ruku": 494,
        "word_number_in_verse": 3,
        "language_code": "en",
        "text": "disbelieve",
        "root_word": "كَفَرُواْ",
        "global_word_sequence_number": 72328,
        "global_verse_sequence_number": 5236
    },
    {
        "chapter": 66,
        "verse": 7,
        "juz": 28,
        "hizb": 224,
        "manzil": 7,
        "ruku": 494,
        "word_number_in_verse": 4,
        "language_code": "en",
        "text": "(Do) not",
        "root_word": "لَا",
        "global_word_sequence_number": 72329,
        "global_verse_sequence_number": 5236
    },
    {
        "chapter": 66,
        "verse": 7,
        "juz": 28,
        "hizb": 224,
        "manzil": 7,
        "ruku": 494,
        "word_number_in_verse": 5,
        "language_code": "en",
        "text": "make excuses",
        "root_word": "تَعۡتَذِرُواْ",
        "global_word_sequence_number": 72330,
        "global_verse_sequence_number": 5236
    },
    {
        "chapter": 66,
        "verse": 7,
        "juz": 28,
        "hizb": 224,
        "manzil": 7,
        "ruku": 494,
        "word_number_in_verse": 6,
        "language_code": "en",
        "text": "today",
        "root_word": "الۡيَوۡمَۖ",
        "global_word_sequence_number": 72331,
        "global_verse_sequence_number": 5236
    },
    {
        "chapter": 66,
        "verse": 7,
        "juz": 28,
        "hizb": 224,
        "manzil": 7,
        "ruku": 494,
        "word_number_in_verse": 7,
        "language_code": "en",
        "text": "Only",
        "root_word": "إِنَّمَا",
        "global_word_sequence_number": 72332,
        "global_verse_sequence_number": 5236
    },
    {
        "chapter": 66,
        "verse": 7,
        "juz": 28,
        "hizb": 224,
        "manzil": 7,
        "ruku": 494,
        "word_number_in_verse": 8,
        "language_code": "en",
        "text": "you will be recompensed",
        "root_word": "تُجۡزَوۡنَ",
        "global_word_sequence_number": 72333,
        "global_verse_sequence_number": 5236
    },
    {
        "chapter": 66,
        "verse": 7,
        "juz": 28,
        "hizb": 224,
        "manzil": 7,
        "ruku": 494,
        "word_number_in_verse": 9,
        "language_code": "en",
        "text": "(for) what",
        "root_word": "مَا",
        "global_word_sequence_number": 72334,
        "global_verse_sequence_number": 5236
    },
    {
        "chapter": 66,
        "verse": 7,
        "juz": 28,
        "hizb": 224,
        "manzil": 7,
        "ruku": 494,
        "word_number_in_verse": 10,
        "language_code": "en",
        "text": "you used to",
        "root_word": "كُنتُمۡ",
        "global_word_sequence_number": 72335,
        "global_verse_sequence_number": 5236
    },
    {
        "chapter": 66,
        "verse": 7,
        "juz": 28,
        "hizb": 224,
        "manzil": 7,
        "ruku": 494,
        "word_number_in_verse": 11,
        "language_code": "en",
        "text": "do",
        "root_word": "تَعۡمَلُونَ",
        "global_word_sequence_number": 72336,
        "global_verse_sequence_number": 5236
    },
    {
        "chapter": 66,
        "verse": 8,
        "juz": 28,
        "hizb": 224,
        "manzil": 7,
        "ruku": 495,
        "word_number_in_verse": 1,
        "language_code": "en",
        "text": "O",
        "root_word": "يَٰٓأَيُّهَا",
        "global_word_sequence_number": 72337,
        "global_verse_sequence_number": 5237
    },
    {
        "chapter": 66,
        "verse": 8,
        "juz": 28,
        "hizb": 224,
        "manzil": 7,
        "ruku": 495,
        "word_number_in_verse": 2,
        "language_code": "en",
        "text": "(you) who believe",
        "root_word": "الَّذِينَ",
        "global_word_sequence_number": 72338,
        "global_verse_sequence_number": 5237
    },
    {
        "chapter": 66,
        "verse": 8,
        "juz": 28,
        "hizb": 224,
        "manzil": 7,
        "ruku": 495,
        "word_number_in_verse": 3,
        "language_code": "en",
        "text": "believe",
        "root_word": "ءَامَنُواْ",
        "global_word_sequence_number": 72339,
        "global_verse_sequence_number": 5237
    },
    {
        "chapter": 66,
        "verse": 8,
        "juz": 28,
        "hizb": 224,
        "manzil": 7,
        "ruku": 495,
        "word_number_in_verse": 4,
        "language_code": "en",
        "text": "Turn",
        "root_word": "تُوبُوٓاْ",
        "global_word_sequence_number": 72340,
        "global_verse_sequence_number": 5237
    },
    {
        "chapter": 66,
        "verse": 8,
        "juz": 28,
        "hizb": 224,
        "manzil": 7,
        "ruku": 495,
        "word_number_in_verse": 5,
        "language_code": "en",
        "text": "to",
        "root_word": "إِلَى",
        "global_word_sequence_number": 72341,
        "global_verse_sequence_number": 5237
    },
    {
        "chapter": 66,
        "verse": 8,
        "juz": 28,
        "hizb": 224,
        "manzil": 7,
        "ruku": 495,
        "word_number_in_verse": 6,
        "language_code": "en",
        "text": "Allah",
        "root_word": "اللَّهِ",
        "global_word_sequence_number": 72342,
        "global_verse_sequence_number": 5237
    },
    {
        "chapter": 66,
        "verse": 8,
        "juz": 28,
        "hizb": 224,
        "manzil": 7,
        "ruku": 495,
        "word_number_in_verse": 7,
        "language_code": "en",
        "text": "(in) repentance",
        "root_word": "تَوۡبَةٗ",
        "global_word_sequence_number": 72343,
        "global_verse_sequence_number": 5237
    },
    {
        "chapter": 66,
        "verse": 8,
        "juz": 28,
        "hizb": 224,
        "manzil": 7,
        "ruku": 495,
        "word_number_in_verse": 8,
        "language_code": "en",
        "text": "sincere",
        "root_word": "نَّصُوحًا",
        "global_word_sequence_number": 72344,
        "global_verse_sequence_number": 5237
    },
    {
        "chapter": 66,
        "verse": 8,
        "juz": 28,
        "hizb": 224,
        "manzil": 7,
        "ruku": 495,
        "word_number_in_verse": 9,
        "language_code": "en",
        "text": "Perhaps",
        "root_word": "عَسَىٰ",
        "global_word_sequence_number": 72345,
        "global_verse_sequence_number": 5237
    },
    {
        "chapter": 66,
        "verse": 8,
        "juz": 28,
        "hizb": 224,
        "manzil": 7,
        "ruku": 495,
        "word_number_in_verse": 10,
        "language_code": "en",
        "text": "your Lord",
        "root_word": "رَبُّكُمۡ",
        "global_word_sequence_number": 72346,
        "global_verse_sequence_number": 5237
    },
    {
        "chapter": 66,
        "verse": 8,
        "juz": 28,
        "hizb": 224,
        "manzil": 7,
        "ruku": 495,
        "word_number_in_verse": 11,
        "language_code": "en",
        "text": "will",
        "root_word": "أَن",
        "global_word_sequence_number": 72347,
        "global_verse_sequence_number": 5237
    },
    {
        "chapter": 66,
        "verse": 8,
        "juz": 28,
        "hizb": 224,
        "manzil": 7,
        "ruku": 495,
        "word_number_in_verse": 12,
        "language_code": "en",
        "text": "remove",
        "root_word": "يُكَفِّرَ",
        "global_word_sequence_number": 72348,
        "global_verse_sequence_number": 5237
    },
    {
        "chapter": 66,
        "verse": 8,
        "juz": 28,
        "hizb": 224,
        "manzil": 7,
        "ruku": 495,
        "word_number_in_verse": 13,
        "language_code": "en",
        "text": "from you",
        "root_word": "عَنكُمۡ",
        "global_word_sequence_number": 72349,
        "global_verse_sequence_number": 5237
    },
    {
        "chapter": 66,
        "verse": 8,
        "juz": 28,
        "hizb": 224,
        "manzil": 7,
        "ruku": 495,
        "word_number_in_verse": 14,
        "language_code": "en",
        "text": "your evil deeds",
        "root_word": "سَيِّـَٔاتِكُمۡ",
        "global_word_sequence_number": 72350,
        "global_verse_sequence_number": 5237
    },
    {
        "chapter": 66,
        "verse": 8,
        "juz": 28,
        "hizb": 224,
        "manzil": 7,
        "ruku": 495,
        "word_number_in_verse": 15,
        "language_code": "en",
        "text": "and admit you",
        "root_word": "وَيُدۡخِلَكُمۡ",
        "global_word_sequence_number": 72351,
        "global_verse_sequence_number": 5237
    },
    {
        "chapter": 66,
        "verse": 8,
        "juz": 28,
        "hizb": 224,
        "manzil": 7,
        "ruku": 495,
        "word_number_in_verse": 16,
        "language_code": "en",
        "text": "(into) Gardens",
        "root_word": "جَنَّٰتٖ",
        "global_word_sequence_number": 72352,
        "global_verse_sequence_number": 5237
    },
    {
        "chapter": 66,
        "verse": 8,
        "juz": 28,
        "hizb": 224,
        "manzil": 7,
        "ruku": 495,
        "word_number_in_verse": 17,
        "language_code": "en",
        "text": "flow",
        "root_word": "تَجۡرِي",
        "global_word_sequence_number": 72353,
        "global_verse_sequence_number": 5237
    },
    {
        "chapter": 66,
        "verse": 8,
        "juz": 28,
        "hizb": 224,
        "manzil": 7,
        "ruku": 495,
        "word_number_in_verse": 18,
        "language_code": "en",
        "text": "from",
        "root_word": "مِن",
        "global_word_sequence_number": 72354,
        "global_verse_sequence_number": 5237
    },
    {
        "chapter": 66,
        "verse": 8,
        "juz": 28,
        "hizb": 224,
        "manzil": 7,
        "ruku": 495,
        "word_number_in_verse": 19,
        "language_code": "en",
        "text": "underneath it",
        "root_word": "تَحۡتِهَا",
        "global_word_sequence_number": 72355,
        "global_verse_sequence_number": 5237
    },
    {
        "chapter": 66,
        "verse": 8,
        "juz": 28,
        "hizb": 224,
        "manzil": 7,
        "ruku": 495,
        "word_number_in_verse": 20,
        "language_code": "en",
        "text": "the rivers",
        "root_word": "الۡأَنۡهَٰرُ",
        "global_word_sequence_number": 72356,
        "global_verse_sequence_number": 5237
    },
    {
        "chapter": 66,
        "verse": 8,
        "juz": 28,
        "hizb": 224,
        "manzil": 7,
        "ruku": 495,
        "word_number_in_verse": 21,
        "language_code": "en",
        "text": "(on the) Day",
        "root_word": "يَوۡمَ",
        "global_word_sequence_number": 72357,
        "global_verse_sequence_number": 5237
    },
    {
        "chapter": 66,
        "verse": 8,
        "juz": 28,
        "hizb": 224,
        "manzil": 7,
        "ruku": 495,
        "word_number_in_verse": 22,
        "language_code": "en",
        "text": "not",
        "root_word": "لَا",
        "global_word_sequence_number": 72358,
        "global_verse_sequence_number": 5237
    },
    {
        "chapter": 66,
        "verse": 8,
        "juz": 28,
        "hizb": 224,
        "manzil": 7,
        "ruku": 495,
        "word_number_in_verse": 23,
        "language_code": "en",
        "text": "will be disgraced",
        "root_word": "يُخۡزِي",
        "global_word_sequence_number": 72359,
        "global_verse_sequence_number": 5237
    },
    {
        "chapter": 66,
        "verse": 8,
        "juz": 28,
        "hizb": 224,
        "manzil": 7,
        "ruku": 495,
        "word_number_in_verse": 24,
        "language_code": "en",
        "text": "(by) Allah",
        "root_word": "اللَّهُ",
        "global_word_sequence_number": 72360,
        "global_verse_sequence_number": 5237
    },
    {
        "chapter": 66,
        "verse": 8,
        "juz": 28,
        "hizb": 224,
        "manzil": 7,
        "ruku": 495,
        "word_number_in_verse": 25,
        "language_code": "en",
        "text": "the Prophet",
        "root_word": "النَّبِيَّ",
        "global_word_sequence_number": 72361,
        "global_verse_sequence_number": 5237
    },
    {
        "chapter": 66,
        "verse": 8,
        "juz": 28,
        "hizb": 224,
        "manzil": 7,
        "ruku": 495,
        "word_number_in_verse": 26,
        "language_code": "en",
        "text": "and those who",
        "root_word": "وَالَّذِينَ",
        "global_word_sequence_number": 72362,
        "global_verse_sequence_number": 5237
    },
    {
        "chapter": 66,
        "verse": 8,
        "juz": 28,
        "hizb": 224,
        "manzil": 7,
        "ruku": 495,
        "word_number_in_verse": 27,
        "language_code": "en",
        "text": "believed",
        "root_word": "ءَامَنُواْ",
        "global_word_sequence_number": 72363,
        "global_verse_sequence_number": 5237
    },
    {
        "chapter": 66,
        "verse": 8,
        "juz": 28,
        "hizb": 224,
        "manzil": 7,
        "ruku": 495,
        "word_number_in_verse": 28,
        "language_code": "en",
        "text": "with him",
        "root_word": "مَعَهُۥۖ",
        "global_word_sequence_number": 72364,
        "global_verse_sequence_number": 5237
    },
    {
        "chapter": 66,
        "verse": 8,
        "juz": 28,
        "hizb": 224,
        "manzil": 7,
        "ruku": 495,
        "word_number_in_verse": 29,
        "language_code": "en",
        "text": "Their light",
        "root_word": "نُورُهُمۡ",
        "global_word_sequence_number": 72365,
        "global_verse_sequence_number": 5237
    },
    {
        "chapter": 66,
        "verse": 8,
        "juz": 28,
        "hizb": 224,
        "manzil": 7,
        "ruku": 495,
        "word_number_in_verse": 30,
        "language_code": "en",
        "text": "will run",
        "root_word": "يَسۡعَىٰ",
        "global_word_sequence_number": 72366,
        "global_verse_sequence_number": 5237
    },
    {
        "chapter": 66,
        "verse": 8,
        "juz": 28,
        "hizb": 224,
        "manzil": 7,
        "ruku": 495,
        "word_number_in_verse": 31,
        "language_code": "en",
        "text": "before",
        "root_word": "بَيۡنَ",
        "global_word_sequence_number": 72367,
        "global_verse_sequence_number": 5237
    },
    {
        "chapter": 66,
        "verse": 8,
        "juz": 28,
        "hizb": 224,
        "manzil": 7,
        "ruku": 495,
        "word_number_in_verse": 32,
        "language_code": "en",
        "text": "their hands",
        "root_word": "أَيۡدِيهِمۡ",
        "global_word_sequence_number": 72368,
        "global_verse_sequence_number": 5237
    },
    {
        "chapter": 66,
        "verse": 8,
        "juz": 28,
        "hizb": 224,
        "manzil": 7,
        "ruku": 495,
        "word_number_in_verse": 33,
        "language_code": "en",
        "text": "and on their right",
        "root_word": "وَبِأَيۡمَٰنِهِمۡ",
        "global_word_sequence_number": 72369,
        "global_verse_sequence_number": 5237
    },
    {
        "chapter": 66,
        "verse": 8,
        "juz": 28,
        "hizb": 224,
        "manzil": 7,
        "ruku": 495,
        "word_number_in_verse": 34,
        "language_code": "en",
        "text": "they will say",
        "root_word": "يَقُولُونَ",
        "global_word_sequence_number": 72370,
        "global_verse_sequence_number": 5237
    },
    {
        "chapter": 66,
        "verse": 8,
        "juz": 28,
        "hizb": 224,
        "manzil": 7,
        "ruku": 495,
        "word_number_in_verse": 35,
        "language_code": "en",
        "text": "Our Lord",
        "root_word": "رَبَّنَآ",
        "global_word_sequence_number": 72371,
        "global_verse_sequence_number": 5237
    },
    {
        "chapter": 66,
        "verse": 8,
        "juz": 28,
        "hizb": 224,
        "manzil": 7,
        "ruku": 495,
        "word_number_in_verse": 36,
        "language_code": "en",
        "text": "Perfect",
        "root_word": "أَتۡمِمۡ",
        "global_word_sequence_number": 72372,
        "global_verse_sequence_number": 5237
    },
    {
        "chapter": 66,
        "verse": 8,
        "juz": 28,
        "hizb": 224,
        "manzil": 7,
        "ruku": 495,
        "word_number_in_verse": 37,
        "language_code": "en",
        "text": "for us",
        "root_word": "لَنَا",
        "global_word_sequence_number": 72373,
        "global_verse_sequence_number": 5237
    },
    {
        "chapter": 66,
        "verse": 8,
        "juz": 28,
        "hizb": 224,
        "manzil": 7,
        "ruku": 495,
        "word_number_in_verse": 38,
        "language_code": "en",
        "text": "our light",
        "root_word": "نُورَنَا",
        "global_word_sequence_number": 72374,
        "global_verse_sequence_number": 5237
    },
    {
        "chapter": 66,
        "verse": 8,
        "juz": 28,
        "hizb": 224,
        "manzil": 7,
        "ruku": 495,
        "word_number_in_verse": 39,
        "language_code": "en",
        "text": "and grant forgiveness",
        "root_word": "وَاغۡفِرۡ",
        "global_word_sequence_number": 72375,
        "global_verse_sequence_number": 5237
    },
    {
        "chapter": 66,
        "verse": 8,
        "juz": 28,
        "hizb": 224,
        "manzil": 7,
        "ruku": 495,
        "word_number_in_verse": 40,
        "language_code": "en",
        "text": "to us",
        "root_word": "لَنَآۖ",
        "global_word_sequence_number": 72376,
        "global_verse_sequence_number": 5237
    },
    {
        "chapter": 66,
        "verse": 8,
        "juz": 28,
        "hizb": 224,
        "manzil": 7,
        "ruku": 495,
        "word_number_in_verse": 41,
        "language_code": "en",
        "text": "Indeed You",
        "root_word": "إِنَّكَ",
        "global_word_sequence_number": 72377,
        "global_verse_sequence_number": 5237
    },
    {
        "chapter": 66,
        "verse": 8,
        "juz": 28,
        "hizb": 224,
        "manzil": 7,
        "ruku": 495,
        "word_number_in_verse": 42,
        "language_code": "en",
        "text": "(are) over",
        "root_word": "عَلَىٰ",
        "global_word_sequence_number": 72378,
        "global_verse_sequence_number": 5237
    },
    {
        "chapter": 66,
        "verse": 8,
        "juz": 28,
        "hizb": 224,
        "manzil": 7,
        "ruku": 495,
        "word_number_in_verse": 43,
        "language_code": "en",
        "text": "every",
        "root_word": "كُلِّ",
        "global_word_sequence_number": 72379,
        "global_verse_sequence_number": 5237
    },
    {
        "chapter": 66,
        "verse": 8,
        "juz": 28,
        "hizb": 224,
        "manzil": 7,
        "ruku": 495,
        "word_number_in_verse": 44,
        "language_code": "en",
        "text": "thing",
        "root_word": "شَيۡءٖ",
        "global_word_sequence_number": 72380,
        "global_verse_sequence_number": 5237
    },
    {
        "chapter": 66,
        "verse": 8,
        "juz": 28,
        "hizb": 224,
        "manzil": 7,
        "ruku": 495,
        "word_number_in_verse": 45,
        "language_code": "en",
        "text": "All-Powerful",
        "root_word": "قَدِيرٞ",
        "global_word_sequence_number": 72381,
        "global_verse_sequence_number": 5237
    },
    {
        "chapter": 66,
        "verse": 9,
        "juz": 28,
        "hizb": 224,
        "manzil": 7,
        "ruku": 495,
        "word_number_in_verse": 1,
        "language_code": "en",
        "text": "O",
        "root_word": "يَٰٓأَيُّهَا",
        "global_word_sequence_number": 72382,
        "global_verse_sequence_number": 5238
    },
    {
        "chapter": 66,
        "verse": 9,
        "juz": 28,
        "hizb": 224,
        "manzil": 7,
        "ruku": 495,
        "word_number_in_verse": 2,
        "language_code": "en",
        "text": "Prophet",
        "root_word": "النَّبِيُّ",
        "global_word_sequence_number": 72383,
        "global_verse_sequence_number": 5238
    },
    {
        "chapter": 66,
        "verse": 9,
        "juz": 28,
        "hizb": 224,
        "manzil": 7,
        "ruku": 495,
        "word_number_in_verse": 3,
        "language_code": "en",
        "text": "Strive",
        "root_word": "جَٰهِدِ",
        "global_word_sequence_number": 72384,
        "global_verse_sequence_number": 5238
    },
    {
        "chapter": 66,
        "verse": 9,
        "juz": 28,
        "hizb": 224,
        "manzil": 7,
        "ruku": 495,
        "word_number_in_verse": 4,
        "language_code": "en",
        "text": "(against) the disbelievers",
        "root_word": "الۡكُفَّارَ",
        "global_word_sequence_number": 72385,
        "global_verse_sequence_number": 5238
    },
    {
        "chapter": 66,
        "verse": 9,
        "juz": 28,
        "hizb": 224,
        "manzil": 7,
        "ruku": 495,
        "word_number_in_verse": 5,
        "language_code": "en",
        "text": "and the hypocrites",
        "root_word": "وَالۡمُنَٰفِقِينَ",
        "global_word_sequence_number": 72386,
        "global_verse_sequence_number": 5238
    },
    {
        "chapter": 66,
        "verse": 9,
        "juz": 28,
        "hizb": 224,
        "manzil": 7,
        "ruku": 495,
        "word_number_in_verse": 6,
        "language_code": "en",
        "text": "and be stern",
        "root_word": "وَاغۡلُظۡ",
        "global_word_sequence_number": 72387,
        "global_verse_sequence_number": 5238
    },
    {
        "chapter": 66,
        "verse": 9,
        "juz": 28,
        "hizb": 224,
        "manzil": 7,
        "ruku": 495,
        "word_number_in_verse": 7,
        "language_code": "en",
        "text": "with them",
        "root_word": "عَلَيۡهِمۡۚ",
        "global_word_sequence_number": 72388,
        "global_verse_sequence_number": 5238
    },
    {
        "chapter": 66,
        "verse": 9,
        "juz": 28,
        "hizb": 224,
        "manzil": 7,
        "ruku": 495,
        "word_number_in_verse": 8,
        "language_code": "en",
        "text": "And their abode",
        "root_word": "وَمَأۡوَىٰهُمۡ",
        "global_word_sequence_number": 72389,
        "global_verse_sequence_number": 5238
    },
    {
        "chapter": 66,
        "verse": 9,
        "juz": 28,
        "hizb": 224,
        "manzil": 7,
        "ruku": 495,
        "word_number_in_verse": 9,
        "language_code": "en",
        "text": "(is) Hell",
        "root_word": "جَهَنَّمُۖ",
        "global_word_sequence_number": 72390,
        "global_verse_sequence_number": 5238
    },
    {
        "chapter": 66,
        "verse": 9,
        "juz": 28,
        "hizb": 224,
        "manzil": 7,
        "ruku": 495,
        "word_number_in_verse": 10,
        "language_code": "en",
        "text": "and wretched is",
        "root_word": "وَبِئۡسَ",
        "global_word_sequence_number": 72391,
        "global_verse_sequence_number": 5238
    },
    {
        "chapter": 66,
        "verse": 9,
        "juz": 28,
        "hizb": 224,
        "manzil": 7,
        "ruku": 495,
        "word_number_in_verse": 11,
        "language_code": "en",
        "text": "the destination",
        "root_word": "الۡمَصِيرُ",
        "global_word_sequence_number": 72392,
        "global_verse_sequence_number": 5238
    },
    {
        "chapter": 66,
        "verse": 10,
        "juz": 28,
        "hizb": 224,
        "manzil": 7,
        "ruku": 495,
        "word_number_in_verse": 1,
        "language_code": "en",
        "text": "Presents",
        "root_word": "ضَرَبَ",
        "global_word_sequence_number": 72393,
        "global_verse_sequence_number": 5239
    },
    {
        "chapter": 66,
        "verse": 10,
        "juz": 28,
        "hizb": 224,
        "manzil": 7,
        "ruku": 495,
        "word_number_in_verse": 2,
        "language_code": "en",
        "text": "Allah",
        "root_word": "اللَّهُ",
        "global_word_sequence_number": 72394,
        "global_verse_sequence_number": 5239
    },
    {
        "chapter": 66,
        "verse": 10,
        "juz": 28,
        "hizb": 224,
        "manzil": 7,
        "ruku": 495,
        "word_number_in_verse": 3,
        "language_code": "en",
        "text": "an example",
        "root_word": "مَثَلٗا",
        "global_word_sequence_number": 72395,
        "global_verse_sequence_number": 5239
    },
    {
        "chapter": 66,
        "verse": 10,
        "juz": 28,
        "hizb": 224,
        "manzil": 7,
        "ruku": 495,
        "word_number_in_verse": 4,
        "language_code": "en",
        "text": "for those who",
        "root_word": "لِّلَّذِينَ",
        "global_word_sequence_number": 72396,
        "global_verse_sequence_number": 5239
    },
    {
        "chapter": 66,
        "verse": 10,
        "juz": 28,
        "hizb": 224,
        "manzil": 7,
        "ruku": 495,
        "word_number_in_verse": 5,
        "language_code": "en",
        "text": "disbelieved",
        "root_word": "كَفَرُواْ",
        "global_word_sequence_number": 72397,
        "global_verse_sequence_number": 5239
    },
    {
        "chapter": 66,
        "verse": 10,
        "juz": 28,
        "hizb": 224,
        "manzil": 7,
        "ruku": 495,
        "word_number_in_verse": 6,
        "language_code": "en",
        "text": "(the) wife",
        "root_word": "امۡرَأَتَ",
        "global_word_sequence_number": 72398,
        "global_verse_sequence_number": 5239
    },
    {
        "chapter": 66,
        "verse": 10,
        "juz": 28,
        "hizb": 224,
        "manzil": 7,
        "ruku": 495,
        "word_number_in_verse": 7,
        "language_code": "en",
        "text": "(of) Nuh",
        "root_word": "نُوحٖ",
        "global_word_sequence_number": 72399,
        "global_verse_sequence_number": 5239
    },
    {
        "chapter": 66,
        "verse": 10,
        "juz": 28,
        "hizb": 224,
        "manzil": 7,
        "ruku": 495,
        "word_number_in_verse": 8,
        "language_code": "en",
        "text": "(and the) wife",
        "root_word": "وَامۡرَأَتَ",
        "global_word_sequence_number": 72400,
        "global_verse_sequence_number": 5239
    },
    {
        "chapter": 66,
        "verse": 10,
        "juz": 28,
        "hizb": 224,
        "manzil": 7,
        "ruku": 495,
        "word_number_in_verse": 9,
        "language_code": "en",
        "text": "(of) Lut",
        "root_word": "لُوطٖۖ",
        "global_word_sequence_number": 72401,
        "global_verse_sequence_number": 5239
    },
    {
        "chapter": 66,
        "verse": 10,
        "juz": 28,
        "hizb": 224,
        "manzil": 7,
        "ruku": 495,
        "word_number_in_verse": 10,
        "language_code": "en",
        "text": "They were",
        "root_word": "كَانَتَا",
        "global_word_sequence_number": 72402,
        "global_verse_sequence_number": 5239
    },
    {
        "chapter": 66,
        "verse": 10,
        "juz": 28,
        "hizb": 224,
        "manzil": 7,
        "ruku": 495,
        "word_number_in_verse": 11,
        "language_code": "en",
        "text": "under",
        "root_word": "تَحۡتَ",
        "global_word_sequence_number": 72403,
        "global_verse_sequence_number": 5239
    },
    {
        "chapter": 66,
        "verse": 10,
        "juz": 28,
        "hizb": 224,
        "manzil": 7,
        "ruku": 495,
        "word_number_in_verse": 12,
        "language_code": "en",
        "text": "two [slaves]",
        "root_word": "عَبۡدَيۡنِ",
        "global_word_sequence_number": 72404,
        "global_verse_sequence_number": 5239
    },
    {
        "chapter": 66,
        "verse": 10,
        "juz": 28,
        "hizb": 224,
        "manzil": 7,
        "ruku": 495,
        "word_number_in_verse": 13,
        "language_code": "en",
        "text": "of",
        "root_word": "مِنۡ",
        "global_word_sequence_number": 72405,
        "global_verse_sequence_number": 5239
    },
    {
        "chapter": 66,
        "verse": 10,
        "juz": 28,
        "hizb": 224,
        "manzil": 7,
        "ruku": 495,
        "word_number_in_verse": 14,
        "language_code": "en",
        "text": "Our slaves",
        "root_word": "عِبَادِنَا",
        "global_word_sequence_number": 72406,
        "global_verse_sequence_number": 5239
    },
    {
        "chapter": 66,
        "verse": 10,
        "juz": 28,
        "hizb": 224,
        "manzil": 7,
        "ruku": 495,
        "word_number_in_verse": 15,
        "language_code": "en",
        "text": "righteous",
        "root_word": "صَٰلِحَيۡنِ",
        "global_word_sequence_number": 72407,
        "global_verse_sequence_number": 5239
    },
    {
        "chapter": 66,
        "verse": 10,
        "juz": 28,
        "hizb": 224,
        "manzil": 7,
        "ruku": 495,
        "word_number_in_verse": 16,
        "language_code": "en",
        "text": "but they both betrayed them",
        "root_word": "فَخَانَتَاهُمَا",
        "global_word_sequence_number": 72408,
        "global_verse_sequence_number": 5239
    },
    {
        "chapter": 66,
        "verse": 10,
        "juz": 28,
        "hizb": 224,
        "manzil": 7,
        "ruku": 495,
        "word_number_in_verse": 17,
        "language_code": "en",
        "text": "so not",
        "root_word": "فَلَمۡ",
        "global_word_sequence_number": 72409,
        "global_verse_sequence_number": 5239
    },
    {
        "chapter": 66,
        "verse": 10,
        "juz": 28,
        "hizb": 224,
        "manzil": 7,
        "ruku": 495,
        "word_number_in_verse": 18,
        "language_code": "en",
        "text": "they availed",
        "root_word": "يُغۡنِيَا",
        "global_word_sequence_number": 72410,
        "global_verse_sequence_number": 5239
    },
    {
        "chapter": 66,
        "verse": 10,
        "juz": 28,
        "hizb": 224,
        "manzil": 7,
        "ruku": 495,
        "word_number_in_verse": 19,
        "language_code": "en",
        "text": "both of them",
        "root_word": "عَنۡهُمَا",
        "global_word_sequence_number": 72411,
        "global_verse_sequence_number": 5239
    },
    {
        "chapter": 66,
        "verse": 10,
        "juz": 28,
        "hizb": 224,
        "manzil": 7,
        "ruku": 495,
        "word_number_in_verse": 20,
        "language_code": "en",
        "text": "from",
        "root_word": "مِنَ",
        "global_word_sequence_number": 72412,
        "global_verse_sequence_number": 5239
    },
    {
        "chapter": 66,
        "verse": 10,
        "juz": 28,
        "hizb": 224,
        "manzil": 7,
        "ruku": 495,
        "word_number_in_verse": 21,
        "language_code": "en",
        "text": "Allah",
        "root_word": "اللَّهِ",
        "global_word_sequence_number": 72413,
        "global_verse_sequence_number": 5239
    },
    {
        "chapter": 66,
        "verse": 10,
        "juz": 28,
        "hizb": 224,
        "manzil": 7,
        "ruku": 495,
        "word_number_in_verse": 22,
        "language_code": "en",
        "text": "(in) anything",
        "root_word": "شَيۡـٔٗا",
        "global_word_sequence_number": 72414,
        "global_verse_sequence_number": 5239
    },
    {
        "chapter": 66,
        "verse": 10,
        "juz": 28,
        "hizb": 224,
        "manzil": 7,
        "ruku": 495,
        "word_number_in_verse": 23,
        "language_code": "en",
        "text": "and it was said",
        "root_word": "وَقِيلَ",
        "global_word_sequence_number": 72415,
        "global_verse_sequence_number": 5239
    },
    {
        "chapter": 66,
        "verse": 10,
        "juz": 28,
        "hizb": 224,
        "manzil": 7,
        "ruku": 495,
        "word_number_in_verse": 24,
        "language_code": "en",
        "text": "Enter",
        "root_word": "ادۡخُلَا",
        "global_word_sequence_number": 72416,
        "global_verse_sequence_number": 5239
    },
    {
        "chapter": 66,
        "verse": 10,
        "juz": 28,
        "hizb": 224,
        "manzil": 7,
        "ruku": 495,
        "word_number_in_verse": 25,
        "language_code": "en",
        "text": "the Fire",
        "root_word": "النَّارَ",
        "global_word_sequence_number": 72417,
        "global_verse_sequence_number": 5239
    },
    {
        "chapter": 66,
        "verse": 10,
        "juz": 28,
        "hizb": 224,
        "manzil": 7,
        "ruku": 495,
        "word_number_in_verse": 26,
        "language_code": "en",
        "text": "with",
        "root_word": "مَعَ",
        "global_word_sequence_number": 72418,
        "global_verse_sequence_number": 5239
    },
    {
        "chapter": 66,
        "verse": 10,
        "juz": 28,
        "hizb": 224,
        "manzil": 7,
        "ruku": 495,
        "word_number_in_verse": 27,
        "language_code": "en",
        "text": "those who enter",
        "root_word": "الدَّٰخِلِينَ",
        "global_word_sequence_number": 72419,
        "global_verse_sequence_number": 5239
    },
    {
        "chapter": 66,
        "verse": 11,
        "juz": 28,
        "hizb": 224,
        "manzil": 7,
        "ruku": 495,
        "word_number_in_verse": 1,
        "language_code": "en",
        "text": "And presents",
        "root_word": "وَضَرَبَ",
        "global_word_sequence_number": 72420,
        "global_verse_sequence_number": 5240
    },
    {
        "chapter": 66,
        "verse": 11,
        "juz": 28,
        "hizb": 224,
        "manzil": 7,
        "ruku": 495,
        "word_number_in_verse": 2,
        "language_code": "en",
        "text": "Allah",
        "root_word": "اللَّهُ",
        "global_word_sequence_number": 72421,
        "global_verse_sequence_number": 5240
    },
    {
        "chapter": 66,
        "verse": 11,
        "juz": 28,
        "hizb": 224,
        "manzil": 7,
        "ruku": 495,
        "word_number_in_verse": 3,
        "language_code": "en",
        "text": "an example",
        "root_word": "مَثَلٗا",
        "global_word_sequence_number": 72422,
        "global_verse_sequence_number": 5240
    },
    {
        "chapter": 66,
        "verse": 11,
        "juz": 28,
        "hizb": 224,
        "manzil": 7,
        "ruku": 495,
        "word_number_in_verse": 4,
        "language_code": "en",
        "text": "for those who",
        "root_word": "لِّلَّذِينَ",
        "global_word_sequence_number": 72423,
        "global_verse_sequence_number": 5240
    },
    {
        "chapter": 66,
        "verse": 11,
        "juz": 28,
        "hizb": 224,
        "manzil": 7,
        "ruku": 495,
        "word_number_in_verse": 5,
        "language_code": "en",
        "text": "believed",
        "root_word": "ءَامَنُواْ",
        "global_word_sequence_number": 72424,
        "global_verse_sequence_number": 5240
    },
    {
        "chapter": 66,
        "verse": 11,
        "juz": 28,
        "hizb": 224,
        "manzil": 7,
        "ruku": 495,
        "word_number_in_verse": 6,
        "language_code": "en",
        "text": "(the) wife",
        "root_word": "امۡرَأَتَ",
        "global_word_sequence_number": 72425,
        "global_verse_sequence_number": 5240
    },
    {
        "chapter": 66,
        "verse": 11,
        "juz": 28,
        "hizb": 224,
        "manzil": 7,
        "ruku": 495,
        "word_number_in_verse": 7,
        "language_code": "en",
        "text": "(of) Firaun",
        "root_word": "فِرۡعَوۡنَ",
        "global_word_sequence_number": 72426,
        "global_verse_sequence_number": 5240
    },
    {
        "chapter": 66,
        "verse": 11,
        "juz": 28,
        "hizb": 224,
        "manzil": 7,
        "ruku": 495,
        "word_number_in_verse": 8,
        "language_code": "en",
        "text": "when",
        "root_word": "إِذۡ",
        "global_word_sequence_number": 72427,
        "global_verse_sequence_number": 5240
    },
    {
        "chapter": 66,
        "verse": 11,
        "juz": 28,
        "hizb": 224,
        "manzil": 7,
        "ruku": 495,
        "word_number_in_verse": 9,
        "language_code": "en",
        "text": "she said",
        "root_word": "قَالَتۡ",
        "global_word_sequence_number": 72428,
        "global_verse_sequence_number": 5240
    },
    {
        "chapter": 66,
        "verse": 11,
        "juz": 28,
        "hizb": 224,
        "manzil": 7,
        "ruku": 495,
        "word_number_in_verse": 10,
        "language_code": "en",
        "text": "My Lord",
        "root_word": "رَبِّ",
        "global_word_sequence_number": 72429,
        "global_verse_sequence_number": 5240
    },
    {
        "chapter": 66,
        "verse": 11,
        "juz": 28,
        "hizb": 224,
        "manzil": 7,
        "ruku": 495,
        "word_number_in_verse": 11,
        "language_code": "en",
        "text": "Build",
        "root_word": "ابۡنِ",
        "global_word_sequence_number": 72430,
        "global_verse_sequence_number": 5240
    },
    {
        "chapter": 66,
        "verse": 11,
        "juz": 28,
        "hizb": 224,
        "manzil": 7,
        "ruku": 495,
        "word_number_in_verse": 12,
        "language_code": "en",
        "text": "for me",
        "root_word": "لِي",
        "global_word_sequence_number": 72431,
        "global_verse_sequence_number": 5240
    },
    {
        "chapter": 66,
        "verse": 11,
        "juz": 28,
        "hizb": 224,
        "manzil": 7,
        "ruku": 495,
        "word_number_in_verse": 13,
        "language_code": "en",
        "text": "near You",
        "root_word": "عِندَكَ",
        "global_word_sequence_number": 72432,
        "global_verse_sequence_number": 5240
    },
    {
        "chapter": 66,
        "verse": 11,
        "juz": 28,
        "hizb": 224,
        "manzil": 7,
        "ruku": 495,
        "word_number_in_verse": 14,
        "language_code": "en",
        "text": "a house",
        "root_word": "بَيۡتٗا",
        "global_word_sequence_number": 72433,
        "global_verse_sequence_number": 5240
    },
    {
        "chapter": 66,
        "verse": 11,
        "juz": 28,
        "hizb": 224,
        "manzil": 7,
        "ruku": 495,
        "word_number_in_verse": 15,
        "language_code": "en",
        "text": "in",
        "root_word": "فِي",
        "global_word_sequence_number": 72434,
        "global_verse_sequence_number": 5240
    },
    {
        "chapter": 66,
        "verse": 11,
        "juz": 28,
        "hizb": 224,
        "manzil": 7,
        "ruku": 495,
        "word_number_in_verse": 16,
        "language_code": "en",
        "text": "Paradise",
        "root_word": "الۡجَنَّةِ",
        "global_word_sequence_number": 72435,
        "global_verse_sequence_number": 5240
    },
    {
        "chapter": 66,
        "verse": 11,
        "juz": 28,
        "hizb": 224,
        "manzil": 7,
        "ruku": 495,
        "word_number_in_verse": 17,
        "language_code": "en",
        "text": "and save me",
        "root_word": "وَنَجِّنِي",
        "global_word_sequence_number": 72436,
        "global_verse_sequence_number": 5240
    },
    {
        "chapter": 66,
        "verse": 11,
        "juz": 28,
        "hizb": 224,
        "manzil": 7,
        "ruku": 495,
        "word_number_in_verse": 18,
        "language_code": "en",
        "text": "from",
        "root_word": "مِن",
        "global_word_sequence_number": 72437,
        "global_verse_sequence_number": 5240
    },
    {
        "chapter": 66,
        "verse": 11,
        "juz": 28,
        "hizb": 224,
        "manzil": 7,
        "ruku": 495,
        "word_number_in_verse": 19,
        "language_code": "en",
        "text": "Firaun",
        "root_word": "فِرۡعَوۡنَ",
        "global_word_sequence_number": 72438,
        "global_verse_sequence_number": 5240
    },
    {
        "chapter": 66,
        "verse": 11,
        "juz": 28,
        "hizb": 224,
        "manzil": 7,
        "ruku": 495,
        "word_number_in_verse": 20,
        "language_code": "en",
        "text": "and his deeds",
        "root_word": "وَعَمَلِهِۦ",
        "global_word_sequence_number": 72439,
        "global_verse_sequence_number": 5240
    },
    {
        "chapter": 66,
        "verse": 11,
        "juz": 28,
        "hizb": 224,
        "manzil": 7,
        "ruku": 495,
        "word_number_in_verse": 21,
        "language_code": "en",
        "text": "and save me",
        "root_word": "وَنَجِّنِي",
        "global_word_sequence_number": 72440,
        "global_verse_sequence_number": 5240
    },
    {
        "chapter": 66,
        "verse": 11,
        "juz": 28,
        "hizb": 224,
        "manzil": 7,
        "ruku": 495,
        "word_number_in_verse": 22,
        "language_code": "en",
        "text": "from",
        "root_word": "مِنَ",
        "global_word_sequence_number": 72441,
        "global_verse_sequence_number": 5240
    },
    {
        "chapter": 66,
        "verse": 11,
        "juz": 28,
        "hizb": 224,
        "manzil": 7,
        "ruku": 495,
        "word_number_in_verse": 23,
        "language_code": "en",
        "text": "the people",
        "root_word": "الۡقَوۡمِ",
        "global_word_sequence_number": 72442,
        "global_verse_sequence_number": 5240
    },
    {
        "chapter": 66,
        "verse": 11,
        "juz": 28,
        "hizb": 224,
        "manzil": 7,
        "ruku": 495,
        "word_number_in_verse": 24,
        "language_code": "en",
        "text": "the wrongdoers",
        "root_word": "الظَّٰلِمِينَ",
        "global_word_sequence_number": 72443,
        "global_verse_sequence_number": 5240
    },
    {
        "chapter": 66,
        "verse": 12,
        "juz": 28,
        "hizb": 224,
        "manzil": 7,
        "ruku": 495,
        "word_number_in_verse": 1,
        "language_code": "en",
        "text": "And Maryam",
        "root_word": "وَمَرۡيَمَ",
        "global_word_sequence_number": 72444,
        "global_verse_sequence_number": 5241
    },
    {
        "chapter": 66,
        "verse": 12,
        "juz": 28,
        "hizb": 224,
        "manzil": 7,
        "ruku": 495,
        "word_number_in_verse": 2,
        "language_code": "en",
        "text": "(the) daughter",
        "root_word": "ابۡنَتَ",
        "global_word_sequence_number": 72445,
        "global_verse_sequence_number": 5241
    },
    {
        "chapter": 66,
        "verse": 12,
        "juz": 28,
        "hizb": 224,
        "manzil": 7,
        "ruku": 495,
        "word_number_in_verse": 3,
        "language_code": "en",
        "text": "(of) Imran",
        "root_word": "عِمۡرَٰنَ",
        "global_word_sequence_number": 72446,
        "global_verse_sequence_number": 5241
    },
    {
        "chapter": 66,
        "verse": 12,
        "juz": 28,
        "hizb": 224,
        "manzil": 7,
        "ruku": 495,
        "word_number_in_verse": 4,
        "language_code": "en",
        "text": "who",
        "root_word": "الَّتِيٓ",
        "global_word_sequence_number": 72447,
        "global_verse_sequence_number": 5241
    },
    {
        "chapter": 66,
        "verse": 12,
        "juz": 28,
        "hizb": 224,
        "manzil": 7,
        "ruku": 495,
        "word_number_in_verse": 5,
        "language_code": "en",
        "text": "guarded",
        "root_word": "أَحۡصَنَتۡ",
        "global_word_sequence_number": 72448,
        "global_verse_sequence_number": 5241
    },
    {
        "chapter": 66,
        "verse": 12,
        "juz": 28,
        "hizb": 224,
        "manzil": 7,
        "ruku": 495,
        "word_number_in_verse": 6,
        "language_code": "en",
        "text": "her chastity",
        "root_word": "فَرۡجَهَا",
        "global_word_sequence_number": 72449,
        "global_verse_sequence_number": 5241
    },
    {
        "chapter": 66,
        "verse": 12,
        "juz": 28,
        "hizb": 224,
        "manzil": 7,
        "ruku": 495,
        "word_number_in_verse": 7,
        "language_code": "en",
        "text": "so We breathed",
        "root_word": "فَنَفَخۡنَا",
        "global_word_sequence_number": 72450,
        "global_verse_sequence_number": 5241
    },
    {
        "chapter": 66,
        "verse": 12,
        "juz": 28,
        "hizb": 224,
        "manzil": 7,
        "ruku": 495,
        "word_number_in_verse": 8,
        "language_code": "en",
        "text": "into it",
        "root_word": "فِيهِ",
        "global_word_sequence_number": 72451,
        "global_verse_sequence_number": 5241
    },
    {
        "chapter": 66,
        "verse": 12,
        "juz": 28,
        "hizb": 224,
        "manzil": 7,
        "ruku": 495,
        "word_number_in_verse": 9,
        "language_code": "en",
        "text": "of",
        "root_word": "مِن",
        "global_word_sequence_number": 72452,
        "global_verse_sequence_number": 5241
    },
    {
        "chapter": 66,
        "verse": 12,
        "juz": 28,
        "hizb": 224,
        "manzil": 7,
        "ruku": 495,
        "word_number_in_verse": 10,
        "language_code": "en",
        "text": "Our Spirit",
        "root_word": "رُّوحِنَا",
        "global_word_sequence_number": 72453,
        "global_verse_sequence_number": 5241
    },
    {
        "chapter": 66,
        "verse": 12,
        "juz": 28,
        "hizb": 224,
        "manzil": 7,
        "ruku": 495,
        "word_number_in_verse": 11,
        "language_code": "en",
        "text": "And she believed",
        "root_word": "وَصَدَّقَتۡ",
        "global_word_sequence_number": 72454,
        "global_verse_sequence_number": 5241
    },
    {
        "chapter": 66,
        "verse": 12,
        "juz": 28,
        "hizb": 224,
        "manzil": 7,
        "ruku": 495,
        "word_number_in_verse": 12,
        "language_code": "en",
        "text": "(in the) Words",
        "root_word": "بِكَلِمَٰتِ",
        "global_word_sequence_number": 72455,
        "global_verse_sequence_number": 5241
    },
    {
        "chapter": 66,
        "verse": 12,
        "juz": 28,
        "hizb": 224,
        "manzil": 7,
        "ruku": 495,
        "word_number_in_verse": 13,
        "language_code": "en",
        "text": "(of) her Lord",
        "root_word": "رَبِّهَا",
        "global_word_sequence_number": 72456,
        "global_verse_sequence_number": 5241
    },
    {
        "chapter": 66,
        "verse": 12,
        "juz": 28,
        "hizb": 224,
        "manzil": 7,
        "ruku": 495,
        "word_number_in_verse": 14,
        "language_code": "en",
        "text": "and His Books",
        "root_word": "وَكُتُبِهِۦ",
        "global_word_sequence_number": 72457,
        "global_verse_sequence_number": 5241
    },
    {
        "chapter": 66,
        "verse": 12,
        "juz": 28,
        "hizb": 224,
        "manzil": 7,
        "ruku": 495,
        "word_number_in_verse": 15,
        "language_code": "en",
        "text": "and she was",
        "root_word": "وَكَانَتۡ",
        "global_word_sequence_number": 72458,
        "global_verse_sequence_number": 5241
    },
    {
        "chapter": 66,
        "verse": 12,
        "juz": 28,
        "hizb": 224,
        "manzil": 7,
        "ruku": 495,
        "word_number_in_verse": 16,
        "language_code": "en",
        "text": "of",
        "root_word": "مِنَ",
        "global_word_sequence_number": 72459,
        "global_verse_sequence_number": 5241
    },
    {
        "chapter": 66,
        "verse": 12,
        "juz": 28,
        "hizb": 224,
        "manzil": 7,
        "ruku": 495,
        "word_number_in_verse": 17,
        "language_code": "en",
        "text": "the devoutly obedient",
        "root_word": "الۡقَٰنِتِينَ",
        "global_word_sequence_number": 72460,
        "global_verse_sequence_number": 5241
    }
]