[
    {
        "chapter": 69,
        "verse": 1,
        "juz": 29,
        "hizb": 227,
        "manzil": 7,
        "ruku": 500,
        "word_number_in_verse": 1,
        "language_code": "en",
        "text": "The Inevitable Reality",
        "root_word": "الۡحَآقَّةُ",
        "global_word_sequence_number": 73094,
        "global_verse_sequence_number": 5324
    },
    {
        "chapter": 69,
        "verse": 2,
        "juz": 29,
        "hizb": 227,
        "manzil": 7,
        "ruku": 500,
        "word_number_in_verse": 1,
        "language_code": "en",
        "text": "What",
        "root_word": "مَا",
        "global_word_sequence_number": 73095,
        "global_verse_sequence_number": 5325
    },
    {
        "chapter": 69,
        "verse": 2,
        "juz": 29,
        "hizb": 227,
        "manzil": 7,
        "ruku": 500,
        "word_number_in_verse": 2,
        "language_code": "en",
        "text": "(is) the Inevitable Reality",
        "root_word": "الۡحَآقَّةُ",
        "global_word_sequence_number": 73096,
        "global_verse_sequence_number": 5325
    },
    {
        "chapter": 69,
        "verse": 3,
        "juz": 29,
        "hizb": 227,
        "manzil": 7,
        "ruku": 500,
        "word_number_in_verse": 1,
        "language_code": "en",
        "text": "And what",
        "root_word": "وَمَآ",
        "global_word_sequence_number": 73097,
        "global_verse_sequence_number": 5326
    },
    {
        "chapter": 69,
        "verse": 3,
        "juz": 29,
        "hizb": 227,
        "manzil": 7,
        "ruku": 500,
        "word_number_in_verse": 2,
        "language_code": "en",
        "text": "will make you know",
        "root_word": "أَدۡرَىٰكَ",
        "global_word_sequence_number": 73098,
        "global_verse_sequence_number": 5326
    },
    {
        "chapter": 69,
        "verse": 3,
        "juz": 29,
        "hizb": 227,
        "manzil": 7,
        "ruku": 500,
        "word_number_in_verse": 3,
        "language_code": "en",
        "text": "what",
        "root_word": "مَا",
        "global_word_sequence_number": 73099,
        "global_verse_sequence_number": 5326
    },
    {
        "chapter": 69,
        "verse": 3,
        "juz": 29,
        "hizb": 227,
        "manzil": 7,
        "ruku": 500,
        "word_number_in_verse": 4,
        "language_code": "en",
        "text": "(is) the Inevitable Reality",
        "root_word": "الۡحَآقَّةُ",
        "global_word_sequence_number": 73100,
        "global_verse_sequence_number": 5326
    },
    {
        "chapter": 69,
        "verse": 4,
        "juz": 29,
        "hizb": 227,
        "manzil": 7,
        "ruku": 500,
        "word_number_in_verse": 1,
        "language_code": "en",
        "text": "Denied",
        "root_word": "كَذَّبَتۡ",
        "global_word_sequence_number": 73101,
        "global_verse_sequence_number": 5327
    },
    {
        "chapter": 69,
        "verse": 4,
        "juz": 29,
        "hizb": 227,
        "manzil": 7,
        "ruku": 500,
        "word_number_in_verse": 2,
        "language_code": "en",
        "text": "Thamud",
        "root_word": "ثَمُودُ",
        "global_word_sequence_number": 73102,
        "global_verse_sequence_number": 5327
    },
    {
        "chapter": 69,
        "verse": 4,
        "juz": 29,
        "hizb": 227,
        "manzil": 7,
        "ruku": 500,
        "word_number_in_verse": 3,
        "language_code": "en",
        "text": "and Aad",
        "root_word": "وَعَادُۢ",
        "global_word_sequence_number": 73103,
        "global_verse_sequence_number": 5327
    },
    {
        "chapter": 69,
        "verse": 4,
        "juz": 29,
        "hizb": 227,
        "manzil": 7,
        "ruku": 500,
        "word_number_in_verse": 4,
        "language_code": "en",
        "text": "the Striking Calamity",
        "root_word": "بِالۡقَارِعَةِ",
        "global_word_sequence_number": 73104,
        "global_verse_sequence_number": 5327
    },
    {
        "chapter": 69,
        "verse": 5,
        "juz": 29,
        "hizb": 227,
        "manzil": 7,
        "ruku": 500,
        "word_number_in_verse": 1,
        "language_code": "en",
        "text": "So as for",
        "root_word": "فَأَمَّا",
        "global_word_sequence_number": 73105,
        "global_verse_sequence_number": 5328
    },
    {
        "chapter": 69,
        "verse": 5,
        "juz": 29,
        "hizb": 227,
        "manzil": 7,
        "ruku": 500,
        "word_number_in_verse": 2,
        "language_code": "en",
        "text": "Thamud",
        "root_word": "ثَمُودُ",
        "global_word_sequence_number": 73106,
        "global_verse_sequence_number": 5328
    },
    {
        "chapter": 69,
        "verse": 5,
        "juz": 29,
        "hizb": 227,
        "manzil": 7,
        "ruku": 500,
        "word_number_in_verse": 3,
        "language_code": "en",
        "text": "they were destroyed",
        "root_word": "فَأُهۡلِكُواْ",
        "global_word_sequence_number": 73107,
        "global_verse_sequence_number": 5328
    },
    {
        "chapter": 69,
        "verse": 5,
        "juz": 29,
        "hizb": 227,
        "manzil": 7,
        "ruku": 500,
        "word_number_in_verse": 4,
        "language_code": "en",
        "text": "by the overpowering (blast)",
        "root_word": "بِالطَّاغِيَةِ",
        "global_word_sequence_number": 73108,
        "global_verse_sequence_number": 5328
    },
    {
        "chapter": 69,
        "verse": 6,
        "juz": 29,
        "hizb": 227,
        "manzil": 7,
        "ruku": 500,
        "word_number_in_verse": 1,
        "language_code": "en",
        "text": "And as for",
        "root_word": "وَأَمَّا",
        "global_word_sequence_number": 73109,
        "global_verse_sequence_number": 5329
    },
    {
        "chapter": 69,
        "verse": 6,
        "juz": 29,
        "hizb": 227,
        "manzil": 7,
        "ruku": 500,
        "word_number_in_verse": 2,
        "language_code": "en",
        "text": "Aad",
        "root_word": "عَادٞ",
        "global_word_sequence_number": 73110,
        "global_verse_sequence_number": 5329
    },
    {
        "chapter": 69,
        "verse": 6,
        "juz": 29,
        "hizb": 227,
        "manzil": 7,
        "ruku": 500,
        "word_number_in_verse": 3,
        "language_code": "en",
        "text": "they were destroyed",
        "root_word": "فَأُهۡلِكُواْ",
        "global_word_sequence_number": 73111,
        "global_verse_sequence_number": 5329
    },
    {
        "chapter": 69,
        "verse": 6,
        "juz": 29,
        "hizb": 227,
        "manzil": 7,
        "ruku": 500,
        "word_number_in_verse": 4,
        "language_code": "en",
        "text": "by a wind",
        "root_word": "بِرِيحٖ",
        "global_word_sequence_number": 73112,
        "global_verse_sequence_number": 5329
    },
    {
        "chapter": 69,
        "verse": 6,
        "juz": 29,
        "hizb": 227,
        "manzil": 7,
        "ruku": 500,
        "word_number_in_verse": 5,
        "language_code": "en",
        "text": "screaming",
        "root_word": "صَرۡصَرٍ",
        "global_word_sequence_number": 73113,
        "global_verse_sequence_number": 5329
    },
    {
        "chapter": 69,
        "verse": 6,
        "juz": 29,
        "hizb": 227,
        "manzil": 7,
        "ruku": 500,
        "word_number_in_verse": 6,
        "language_code": "en",
        "text": "violent",
        "root_word": "عَاتِيَةٖ",
        "global_word_sequence_number": 73114,
        "global_verse_sequence_number": 5329
    },
    {
        "chapter": 69,
        "verse": 7,
        "juz": 29,
        "hizb": 227,
        "manzil": 7,
        "ruku": 500,
        "word_number_in_verse": 1,
        "language_code": "en",
        "text": "Which He imposed",
        "root_word": "سَخَّرَهَا",
        "global_word_sequence_number": 73115,
        "global_verse_sequence_number": 5330
    },
    {
        "chapter": 69,
        "verse": 7,
        "juz": 29,
        "hizb": 227,
        "manzil": 7,
        "ruku": 500,
        "word_number_in_verse": 2,
        "language_code": "en",
        "text": "upon them",
        "root_word": "عَلَيۡهِمۡ",
        "global_word_sequence_number": 73116,
        "global_verse_sequence_number": 5330
    },
    {
        "chapter": 69,
        "verse": 7,
        "juz": 29,
        "hizb": 227,
        "manzil": 7,
        "ruku": 500,
        "word_number_in_verse": 3,
        "language_code": "en",
        "text": "(for) seven",
        "root_word": "سَبۡعَ",
        "global_word_sequence_number": 73117,
        "global_verse_sequence_number": 5330
    },
    {
        "chapter": 69,
        "verse": 7,
        "juz": 29,
        "hizb": 227,
        "manzil": 7,
        "ruku": 500,
        "word_number_in_verse": 4,
        "language_code": "en",
        "text": "nights",
        "root_word": "لَيَالٖ",
        "global_word_sequence_number": 73118,
        "global_verse_sequence_number": 5330
    },
    {
        "chapter": 69,
        "verse": 7,
        "juz": 29,
        "hizb": 227,
        "manzil": 7,
        "ruku": 500,
        "word_number_in_verse": 5,
        "language_code": "en",
        "text": "and eight",
        "root_word": "وَثَمَٰنِيَةَ",
        "global_word_sequence_number": 73119,
        "global_verse_sequence_number": 5330
    },
    {
        "chapter": 69,
        "verse": 7,
        "juz": 29,
        "hizb": 227,
        "manzil": 7,
        "ruku": 500,
        "word_number_in_verse": 6,
        "language_code": "en",
        "text": "days",
        "root_word": "أَيَّامٍ",
        "global_word_sequence_number": 73120,
        "global_verse_sequence_number": 5330
    },
    {
        "chapter": 69,
        "verse": 7,
        "juz": 29,
        "hizb": 227,
        "manzil": 7,
        "ruku": 500,
        "word_number_in_verse": 7,
        "language_code": "en",
        "text": "(in) succession",
        "root_word": "حُسُومٗاۖ",
        "global_word_sequence_number": 73121,
        "global_verse_sequence_number": 5330
    },
    {
        "chapter": 69,
        "verse": 7,
        "juz": 29,
        "hizb": 227,
        "manzil": 7,
        "ruku": 500,
        "word_number_in_verse": 8,
        "language_code": "en",
        "text": "so you would see",
        "root_word": "فَتَرَى",
        "global_word_sequence_number": 73122,
        "global_verse_sequence_number": 5330
    },
    {
        "chapter": 69,
        "verse": 7,
        "juz": 29,
        "hizb": 227,
        "manzil": 7,
        "ruku": 500,
        "word_number_in_verse": 9,
        "language_code": "en",
        "text": "the people",
        "root_word": "الۡقَوۡمَ",
        "global_word_sequence_number": 73123,
        "global_verse_sequence_number": 5330
    },
    {
        "chapter": 69,
        "verse": 7,
        "juz": 29,
        "hizb": 227,
        "manzil": 7,
        "ruku": 500,
        "word_number_in_verse": 10,
        "language_code": "en",
        "text": "therein",
        "root_word": "فِيهَا",
        "global_word_sequence_number": 73124,
        "global_verse_sequence_number": 5330
    },
    {
        "chapter": 69,
        "verse": 7,
        "juz": 29,
        "hizb": 227,
        "manzil": 7,
        "ruku": 500,
        "word_number_in_verse": 11,
        "language_code": "en",
        "text": "fallen",
        "root_word": "صَرۡعَىٰ",
        "global_word_sequence_number": 73125,
        "global_verse_sequence_number": 5330
    },
    {
        "chapter": 69,
        "verse": 7,
        "juz": 29,
        "hizb": 227,
        "manzil": 7,
        "ruku": 500,
        "word_number_in_verse": 12,
        "language_code": "en",
        "text": "as if they were",
        "root_word": "كَأَنَّهُمۡ",
        "global_word_sequence_number": 73126,
        "global_verse_sequence_number": 5330
    },
    {
        "chapter": 69,
        "verse": 7,
        "juz": 29,
        "hizb": 227,
        "manzil": 7,
        "ruku": 500,
        "word_number_in_verse": 13,
        "language_code": "en",
        "text": "trunks",
        "root_word": "أَعۡجَازُ",
        "global_word_sequence_number": 73127,
        "global_verse_sequence_number": 5330
    },
    {
        "chapter": 69,
        "verse": 7,
        "juz": 29,
        "hizb": 227,
        "manzil": 7,
        "ruku": 500,
        "word_number_in_verse": 14,
        "language_code": "en",
        "text": "(of) date-palms",
        "root_word": "نَخۡلٍ",
        "global_word_sequence_number": 73128,
        "global_verse_sequence_number": 5330
    },
    {
        "chapter": 69,
        "verse": 7,
        "juz": 29,
        "hizb": 227,
        "manzil": 7,
        "ruku": 500,
        "word_number_in_verse": 15,
        "language_code": "en",
        "text": "hollow",
        "root_word": "خَاوِيَةٖ",
        "global_word_sequence_number": 73129,
        "global_verse_sequence_number": 5330
    },
    {
        "chapter": 69,
        "verse": 8,
        "juz": 29,
        "hizb": 227,
        "manzil": 7,
        "ruku": 500,
        "word_number_in_verse": 1,
        "language_code": "en",
        "text": "Then do",
        "root_word": "فَهَلۡ",
        "global_word_sequence_number": 73130,
        "global_verse_sequence_number": 5331
    },
    {
        "chapter": 69,
        "verse": 8,
        "juz": 29,
        "hizb": 227,
        "manzil": 7,
        "ruku": 500,
        "word_number_in_verse": 2,
        "language_code": "en",
        "text": "you see",
        "root_word": "تَرَىٰ",
        "global_word_sequence_number": 73131,
        "global_verse_sequence_number": 5331
    },
    {
        "chapter": 69,
        "verse": 8,
        "juz": 29,
        "hizb": 227,
        "manzil": 7,
        "ruku": 500,
        "word_number_in_verse": 3,
        "language_code": "en",
        "text": "of them",
        "root_word": "لَهُم",
        "global_word_sequence_number": 73132,
        "global_verse_sequence_number": 5331
    },
    {
        "chapter": 69,
        "verse": 8,
        "juz": 29,
        "hizb": 227,
        "manzil": 7,
        "ruku": 500,
        "word_number_in_verse": 4,
        "language_code": "en",
        "text": "any",
        "root_word": "مِّنۢ",
        "global_word_sequence_number": 73133,
        "global_verse_sequence_number": 5331
    },
    {
        "chapter": 69,
        "verse": 8,
        "juz": 29,
        "hizb": 227,
        "manzil": 7,
        "ruku": 500,
        "word_number_in_verse": 5,
        "language_code": "en",
        "text": "remains",
        "root_word": "بَاقِيَةٖ",
        "global_word_sequence_number": 73134,
        "global_verse_sequence_number": 5331
    },
    {
        "chapter": 69,
        "verse": 9,
        "juz": 29,
        "hizb": 227,
        "manzil": 7,
        "ruku": 500,
        "word_number_in_verse": 1,
        "language_code": "en",
        "text": "And came",
        "root_word": "وَجَآءَ",
        "global_word_sequence_number": 73135,
        "global_verse_sequence_number": 5332
    },
    {
        "chapter": 69,
        "verse": 9,
        "juz": 29,
        "hizb": 227,
        "manzil": 7,
        "ruku": 500,
        "word_number_in_verse": 2,
        "language_code": "en",
        "text": "Firaun",
        "root_word": "فِرۡعَوۡنُ",
        "global_word_sequence_number": 73136,
        "global_verse_sequence_number": 5332
    },
    {
        "chapter": 69,
        "verse": 9,
        "juz": 29,
        "hizb": 227,
        "manzil": 7,
        "ruku": 500,
        "word_number_in_verse": 3,
        "language_code": "en",
        "text": "and (those)",
        "root_word": "وَمَن",
        "global_word_sequence_number": 73137,
        "global_verse_sequence_number": 5332
    },
    {
        "chapter": 69,
        "verse": 9,
        "juz": 29,
        "hizb": 227,
        "manzil": 7,
        "ruku": 500,
        "word_number_in_verse": 4,
        "language_code": "en",
        "text": "before him",
        "root_word": "قَبۡلَهُۥ",
        "global_word_sequence_number": 73138,
        "global_verse_sequence_number": 5332
    },
    {
        "chapter": 69,
        "verse": 9,
        "juz": 29,
        "hizb": 227,
        "manzil": 7,
        "ruku": 500,
        "word_number_in_verse": 5,
        "language_code": "en",
        "text": "and the overturned cities",
        "root_word": "وَالۡمُؤۡتَفِكَٰتُ",
        "global_word_sequence_number": 73139,
        "global_verse_sequence_number": 5332
    },
    {
        "chapter": 69,
        "verse": 9,
        "juz": 29,
        "hizb": 227,
        "manzil": 7,
        "ruku": 500,
        "word_number_in_verse": 6,
        "language_code": "en",
        "text": "with sin",
        "root_word": "بِالۡخَاطِئَةِ",
        "global_word_sequence_number": 73140,
        "global_verse_sequence_number": 5332
    },
    {
        "chapter": 69,
        "verse": 10,
        "juz": 29,
        "hizb": 227,
        "manzil": 7,
        "ruku": 500,
        "word_number_in_verse": 1,
        "language_code": "en",
        "text": "And they disobeyed",
        "root_word": "فَعَصَوۡاْ",
        "global_word_sequence_number": 73141,
        "global_verse_sequence_number": 5333
    },
    {
        "chapter": 69,
        "verse": 10,
        "juz": 29,
        "hizb": 227,
        "manzil": 7,
        "ruku": 500,
        "word_number_in_verse": 2,
        "language_code": "en",
        "text": "(the) Messenger",
        "root_word": "رَسُولَ",
        "global_word_sequence_number": 73142,
        "global_verse_sequence_number": 5333
    },
    {
        "chapter": 69,
        "verse": 10,
        "juz": 29,
        "hizb": 227,
        "manzil": 7,
        "ruku": 500,
        "word_number_in_verse": 3,
        "language_code": "en",
        "text": "(of) their Lord",
        "root_word": "رَبِّهِمۡ",
        "global_word_sequence_number": 73143,
        "global_verse_sequence_number": 5333
    },
    {
        "chapter": 69,
        "verse": 10,
        "juz": 29,
        "hizb": 227,
        "manzil": 7,
        "ruku": 500,
        "word_number_in_verse": 4,
        "language_code": "en",
        "text": "so He seized them",
        "root_word": "فَأَخَذَهُمۡ",
        "global_word_sequence_number": 73144,
        "global_verse_sequence_number": 5333
    },
    {
        "chapter": 69,
        "verse": 10,
        "juz": 29,
        "hizb": 227,
        "manzil": 7,
        "ruku": 500,
        "word_number_in_verse": 5,
        "language_code": "en",
        "text": "(with) a seizure",
        "root_word": "أَخۡذَةٗ",
        "global_word_sequence_number": 73145,
        "global_verse_sequence_number": 5333
    },
    {
        "chapter": 69,
        "verse": 10,
        "juz": 29,
        "hizb": 227,
        "manzil": 7,
        "ruku": 500,
        "word_number_in_verse": 6,
        "language_code": "en",
        "text": "exceeding",
        "root_word": "رَّابِيَةً",
        "global_word_sequence_number": 73146,
        "global_verse_sequence_number": 5333
    },
    {
        "chapter": 69,
        "verse": 11,
        "juz": 29,
        "hizb": 227,
        "manzil": 7,
        "ruku": 500,
        "word_number_in_verse": 1,
        "language_code": "en",
        "text": "Indeed We",
        "root_word": "إِنَّا",
        "global_word_sequence_number": 73147,
        "global_verse_sequence_number": 5334
    },
    {
        "chapter": 69,
        "verse": 11,
        "juz": 29,
        "hizb": 227,
        "manzil": 7,
        "ruku": 500,
        "word_number_in_verse": 2,
        "language_code": "en",
        "text": "when",
        "root_word": "لَمَّا",
        "global_word_sequence_number": 73148,
        "global_verse_sequence_number": 5334
    },
    {
        "chapter": 69,
        "verse": 11,
        "juz": 29,
        "hizb": 227,
        "manzil": 7,
        "ruku": 500,
        "word_number_in_verse": 3,
        "language_code": "en",
        "text": "overflowed",
        "root_word": "طَغَا",
        "global_word_sequence_number": 73149,
        "global_verse_sequence_number": 5334
    },
    {
        "chapter": 69,
        "verse": 11,
        "juz": 29,
        "hizb": 227,
        "manzil": 7,
        "ruku": 500,
        "word_number_in_verse": 4,
        "language_code": "en",
        "text": "the water",
        "root_word": "الۡمَآءُ",
        "global_word_sequence_number": 73150,
        "global_verse_sequence_number": 5334
    },
    {
        "chapter": 69,
        "verse": 11,
        "juz": 29,
        "hizb": 227,
        "manzil": 7,
        "ruku": 500,
        "word_number_in_verse": 5,
        "language_code": "en",
        "text": "We carried you",
        "root_word": "حَمَلۡنَٰكُمۡ",
        "global_word_sequence_number": 73151,
        "global_verse_sequence_number": 5334
    },
    {
        "chapter": 69,
        "verse": 11,
        "juz": 29,
        "hizb": 227,
        "manzil": 7,
        "ruku": 500,
        "word_number_in_verse": 6,
        "language_code": "en",
        "text": "in",
        "root_word": "فِي",
        "global_word_sequence_number": 73152,
        "global_verse_sequence_number": 5334
    },
    {
        "chapter": 69,
        "verse": 11,
        "juz": 29,
        "hizb": 227,
        "manzil": 7,
        "ruku": 500,
        "word_number_in_verse": 7,
        "language_code": "en",
        "text": "the sailing (ship)",
        "root_word": "الۡجَارِيَةِ",
        "global_word_sequence_number": 73153,
        "global_verse_sequence_number": 5334
    },
    {
        "chapter": 69,
        "verse": 12,
        "juz": 29,
        "hizb": 227,
        "manzil": 7,
        "ruku": 500,
        "word_number_in_verse": 1,
        "language_code": "en",
        "text": "That We might make it",
        "root_word": "لِنَجۡعَلَهَا",
        "global_word_sequence_number": 73154,
        "global_verse_sequence_number": 5335
    },
    {
        "chapter": 69,
        "verse": 12,
        "juz": 29,
        "hizb": 227,
        "manzil": 7,
        "ruku": 500,
        "word_number_in_verse": 2,
        "language_code": "en",
        "text": "for you",
        "root_word": "لَكُمۡ",
        "global_word_sequence_number": 73155,
        "global_verse_sequence_number": 5335
    },
    {
        "chapter": 69,
        "verse": 12,
        "juz": 29,
        "hizb": 227,
        "manzil": 7,
        "ruku": 500,
        "word_number_in_verse": 3,
        "language_code": "en",
        "text": "a reminder",
        "root_word": "تَذۡكِرَةٗ",
        "global_word_sequence_number": 73156,
        "global_verse_sequence_number": 5335
    },
    {
        "chapter": 69,
        "verse": 12,
        "juz": 29,
        "hizb": 227,
        "manzil": 7,
        "ruku": 500,
        "word_number_in_verse": 4,
        "language_code": "en",
        "text": "and would be conscious of it",
        "root_word": "وَتَعِيَهَآ",
        "global_word_sequence_number": 73157,
        "global_verse_sequence_number": 5335
    },
    {
        "chapter": 69,
        "verse": 12,
        "juz": 29,
        "hizb": 227,
        "manzil": 7,
        "ruku": 500,
        "word_number_in_verse": 5,
        "language_code": "en",
        "text": "an ear",
        "root_word": "أُذُنٞ",
        "global_word_sequence_number": 73158,
        "global_verse_sequence_number": 5335
    },
    {
        "chapter": 69,
        "verse": 12,
        "juz": 29,
        "hizb": 227,
        "manzil": 7,
        "ruku": 500,
        "word_number_in_verse": 6,
        "language_code": "en",
        "text": "conscious",
        "root_word": "وَٰعِيَةٞ",
        "global_word_sequence_number": 73159,
        "global_verse_sequence_number": 5335
    },
    {
        "chapter": 69,
        "verse": 13,
        "juz": 29,
        "hizb": 227,
        "manzil": 7,
        "ruku": 500,
        "word_number_in_verse": 1,
        "language_code": "en",
        "text": "Then when",
        "root_word": "فَإِذَا",
        "global_word_sequence_number": 73160,
        "global_verse_sequence_number": 5336
    },
    {
        "chapter": 69,
        "verse": 13,
        "juz": 29,
        "hizb": 227,
        "manzil": 7,
        "ruku": 500,
        "word_number_in_verse": 2,
        "language_code": "en",
        "text": "is blown",
        "root_word": "نُفِخَ",
        "global_word_sequence_number": 73161,
        "global_verse_sequence_number": 5336
    },
    {
        "chapter": 69,
        "verse": 13,
        "juz": 29,
        "hizb": 227,
        "manzil": 7,
        "ruku": 500,
        "word_number_in_verse": 3,
        "language_code": "en",
        "text": "in",
        "root_word": "فِي",
        "global_word_sequence_number": 73162,
        "global_verse_sequence_number": 5336
    },
    {
        "chapter": 69,
        "verse": 13,
        "juz": 29,
        "hizb": 227,
        "manzil": 7,
        "ruku": 500,
        "word_number_in_verse": 4,
        "language_code": "en",
        "text": "the trumpet",
        "root_word": "الصُّورِ",
        "global_word_sequence_number": 73163,
        "global_verse_sequence_number": 5336
    },
    {
        "chapter": 69,
        "verse": 13,
        "juz": 29,
        "hizb": 227,
        "manzil": 7,
        "ruku": 500,
        "word_number_in_verse": 5,
        "language_code": "en",
        "text": "a blast",
        "root_word": "نَفۡخَةٞ",
        "global_word_sequence_number": 73164,
        "global_verse_sequence_number": 5336
    },
    {
        "chapter": 69,
        "verse": 13,
        "juz": 29,
        "hizb": 227,
        "manzil": 7,
        "ruku": 500,
        "word_number_in_verse": 6,
        "language_code": "en",
        "text": "single",
        "root_word": "وَٰحِدَةٞ",
        "global_word_sequence_number": 73165,
        "global_verse_sequence_number": 5336
    },
    {
        "chapter": 69,
        "verse": 14,
        "juz": 29,
        "hizb": 227,
        "manzil": 7,
        "ruku": 500,
        "word_number_in_verse": 1,
        "language_code": "en",
        "text": "And are lifted",
        "root_word": "وَحُمِلَتِ",
        "global_word_sequence_number": 73166,
        "global_verse_sequence_number": 5337
    },
    {
        "chapter": 69,
        "verse": 14,
        "juz": 29,
        "hizb": 227,
        "manzil": 7,
        "ruku": 500,
        "word_number_in_verse": 2,
        "language_code": "en",
        "text": "the earth",
        "root_word": "الۡأَرۡضُ",
        "global_word_sequence_number": 73167,
        "global_verse_sequence_number": 5337
    },
    {
        "chapter": 69,
        "verse": 14,
        "juz": 29,
        "hizb": 227,
        "manzil": 7,
        "ruku": 500,
        "word_number_in_verse": 3,
        "language_code": "en",
        "text": "and the mountains",
        "root_word": "وَالۡجِبَالُ",
        "global_word_sequence_number": 73168,
        "global_verse_sequence_number": 5337
    },
    {
        "chapter": 69,
        "verse": 14,
        "juz": 29,
        "hizb": 227,
        "manzil": 7,
        "ruku": 500,
        "word_number_in_verse": 4,
        "language_code": "en",
        "text": "and crushed",
        "root_word": "فَدُكَّتَا",
        "global_word_sequence_number": 73169,
        "global_verse_sequence_number": 5337
    },
    {
        "chapter": 69,
        "verse": 14,
        "juz": 29,
        "hizb": 227,
        "manzil": 7,
        "ruku": 500,
        "word_number_in_verse": 5,
        "language_code": "en",
        "text": "(with) a crushing",
        "root_word": "دَكَّةٗ",
        "global_word_sequence_number": 73170,
        "global_verse_sequence_number": 5337
    },
    {
        "chapter": 69,
        "verse": 14,
        "juz": 29,
        "hizb": 227,
        "manzil": 7,
        "ruku": 500,
        "word_number_in_verse": 6,
        "language_code": "en",
        "text": "single",
        "root_word": "وَٰحِدَةٗ",
        "global_word_sequence_number": 73171,
        "global_verse_sequence_number": 5337
    },
    {
        "chapter": 69,
        "verse": 15,
        "juz": 29,
        "hizb": 227,
        "manzil": 7,
        "ruku": 500,
        "word_number_in_verse": 1,
        "language_code": "en",
        "text": "Then (on) that Day",
        "root_word": "فَيَوۡمَئِذٖ",
        "global_word_sequence_number": 73172,
        "global_verse_sequence_number": 5338
    },
    {
        "chapter": 69,
        "verse": 15,
        "juz": 29,
        "hizb": 227,
        "manzil": 7,
        "ruku": 500,
        "word_number_in_verse": 2,
        "language_code": "en",
        "text": "will occur",
        "root_word": "وَقَعَتِ",
        "global_word_sequence_number": 73173,
        "global_verse_sequence_number": 5338
    },
    {
        "chapter": 69,
        "verse": 15,
        "juz": 29,
        "hizb": 227,
        "manzil": 7,
        "ruku": 500,
        "word_number_in_verse": 3,
        "language_code": "en",
        "text": "the Occurrence",
        "root_word": "الۡوَاقِعَةُ",
        "global_word_sequence_number": 73174,
        "global_verse_sequence_number": 5338
    },
    {
        "chapter": 69,
        "verse": 16,
        "juz": 29,
        "hizb": 227,
        "manzil": 7,
        "ruku": 500,
        "word_number_in_verse": 1,
        "language_code": "en",
        "text": "And will split",
        "root_word": "وَانشَقَّتِ",
        "global_word_sequence_number": 73175,
        "global_verse_sequence_number": 5339
    },
    {
        "chapter": 69,
        "verse": 16,
        "juz": 29,
        "hizb": 227,
        "manzil": 7,
        "ruku": 500,
        "word_number_in_verse": 2,
        "language_code": "en",
        "text": "the heaven",
        "root_word": "السَّمَآءُ",
        "global_word_sequence_number": 73176,
        "global_verse_sequence_number": 5339
    },
    {
        "chapter": 69,
        "verse": 16,
        "juz": 29,
        "hizb": 227,
        "manzil": 7,
        "ruku": 500,
        "word_number_in_verse": 3,
        "language_code": "en",
        "text": "so it",
        "root_word": "فَهِيَ",
        "global_word_sequence_number": 73177,
        "global_verse_sequence_number": 5339
    },
    {
        "chapter": 69,
        "verse": 16,
        "juz": 29,
        "hizb": 227,
        "manzil": 7,
        "ruku": 500,
        "word_number_in_verse": 4,
        "language_code": "en",
        "text": "(is on) that Day",
        "root_word": "يَوۡمَئِذٖ",
        "global_word_sequence_number": 73178,
        "global_verse_sequence_number": 5339
    },
    {
        "chapter": 69,
        "verse": 16,
        "juz": 29,
        "hizb": 227,
        "manzil": 7,
        "ruku": 500,
        "word_number_in_verse": 5,
        "language_code": "en",
        "text": "frail",
        "root_word": "وَاهِيَةٞ",
        "global_word_sequence_number": 73179,
        "global_verse_sequence_number": 5339
    },
    {
        "chapter": 69,
        "verse": 17,
        "juz": 29,
        "hizb": 227,
        "manzil": 7,
        "ruku": 500,
        "word_number_in_verse": 1,
        "language_code": "en",
        "text": "And the Angels",
        "root_word": "وَالۡمَلَكُ",
        "global_word_sequence_number": 73180,
        "global_verse_sequence_number": 5340
    },
    {
        "chapter": 69,
        "verse": 17,
        "juz": 29,
        "hizb": 227,
        "manzil": 7,
        "ruku": 500,
        "word_number_in_verse": 2,
        "language_code": "en",
        "text": "(will be) on",
        "root_word": "عَلَىٰٓ",
        "global_word_sequence_number": 73181,
        "global_verse_sequence_number": 5340
    },
    {
        "chapter": 69,
        "verse": 17,
        "juz": 29,
        "hizb": 227,
        "manzil": 7,
        "ruku": 500,
        "word_number_in_verse": 3,
        "language_code": "en",
        "text": "its edges",
        "root_word": "أَرۡجَآئِهَاۚ",
        "global_word_sequence_number": 73182,
        "global_verse_sequence_number": 5340
    },
    {
        "chapter": 69,
        "verse": 17,
        "juz": 29,
        "hizb": 227,
        "manzil": 7,
        "ruku": 500,
        "word_number_in_verse": 4,
        "language_code": "en",
        "text": "and will bear",
        "root_word": "وَيَحۡمِلُ",
        "global_word_sequence_number": 73183,
        "global_verse_sequence_number": 5340
    },
    {
        "chapter": 69,
        "verse": 17,
        "juz": 29,
        "hizb": 227,
        "manzil": 7,
        "ruku": 500,
        "word_number_in_verse": 5,
        "language_code": "en",
        "text": "(the) Throne",
        "root_word": "عَرۡشَ",
        "global_word_sequence_number": 73184,
        "global_verse_sequence_number": 5340
    },
    {
        "chapter": 69,
        "verse": 17,
        "juz": 29,
        "hizb": 227,
        "manzil": 7,
        "ruku": 500,
        "word_number_in_verse": 6,
        "language_code": "en",
        "text": "(of) your Lord",
        "root_word": "رَبِّكَ",
        "global_word_sequence_number": 73185,
        "global_verse_sequence_number": 5340
    },
    {
        "chapter": 69,
        "verse": 17,
        "juz": 29,
        "hizb": 227,
        "manzil": 7,
        "ruku": 500,
        "word_number_in_verse": 7,
        "language_code": "en",
        "text": "above them",
        "root_word": "فَوۡقَهُمۡ",
        "global_word_sequence_number": 73186,
        "global_verse_sequence_number": 5340
    },
    {
        "chapter": 69,
        "verse": 17,
        "juz": 29,
        "hizb": 227,
        "manzil": 7,
        "ruku": 500,
        "word_number_in_verse": 8,
        "language_code": "en",
        "text": "that Day",
        "root_word": "يَوۡمَئِذٖ",
        "global_word_sequence_number": 73187,
        "global_verse_sequence_number": 5340
    },
    {
        "chapter": 69,
        "verse": 17,
        "juz": 29,
        "hizb": 227,
        "manzil": 7,
        "ruku": 500,
        "word_number_in_verse": 9,
        "language_code": "en",
        "text": "eight",
        "root_word": "ثَمَٰنِيَةٞ",
        "global_word_sequence_number": 73188,
        "global_verse_sequence_number": 5340
    },
    {
        "chapter": 69,
        "verse": 18,
        "juz": 29,
        "hizb": 227,
        "manzil": 7,
        "ruku": 500,
        "word_number_in_verse": 1,
        "language_code": "en",
        "text": "That Day",
        "root_word": "يَوۡمَئِذٖ",
        "global_word_sequence_number": 73189,
        "global_verse_sequence_number": 5341
    },
    {
        "chapter": 69,
        "verse": 18,
        "juz": 29,
        "hizb": 227,
        "manzil": 7,
        "ruku": 500,
        "word_number_in_verse": 2,
        "language_code": "en",
        "text": "you will be exhibited",
        "root_word": "تُعۡرَضُونَ",
        "global_word_sequence_number": 73190,
        "global_verse_sequence_number": 5341
    },
    {
        "chapter": 69,
        "verse": 18,
        "juz": 29,
        "hizb": 227,
        "manzil": 7,
        "ruku": 500,
        "word_number_in_verse": 3,
        "language_code": "en",
        "text": "not",
        "root_word": "لَا",
        "global_word_sequence_number": 73191,
        "global_verse_sequence_number": 5341
    },
    {
        "chapter": 69,
        "verse": 18,
        "juz": 29,
        "hizb": 227,
        "manzil": 7,
        "ruku": 500,
        "word_number_in_verse": 4,
        "language_code": "en",
        "text": "will be hidden",
        "root_word": "تَخۡفَىٰ",
        "global_word_sequence_number": 73192,
        "global_verse_sequence_number": 5341
    },
    {
        "chapter": 69,
        "verse": 18,
        "juz": 29,
        "hizb": 227,
        "manzil": 7,
        "ruku": 500,
        "word_number_in_verse": 5,
        "language_code": "en",
        "text": "among you",
        "root_word": "مِنكُمۡ",
        "global_word_sequence_number": 73193,
        "global_verse_sequence_number": 5341
    },
    {
        "chapter": 69,
        "verse": 18,
        "juz": 29,
        "hizb": 227,
        "manzil": 7,
        "ruku": 500,
        "word_number_in_verse": 6,
        "language_code": "en",
        "text": "any secret",
        "root_word": "خَافِيَةٞ",
        "global_word_sequence_number": 73194,
        "global_verse_sequence_number": 5341
    },
    {
        "chapter": 69,
        "verse": 19,
        "juz": 29,
        "hizb": 227,
        "manzil": 7,
        "ruku": 500,
        "word_number_in_verse": 1,
        "language_code": "en",
        "text": "Then as for",
        "root_word": "فَأَمَّا",
        "global_word_sequence_number": 73195,
        "global_verse_sequence_number": 5342
    },
    {
        "chapter": 69,
        "verse": 19,
        "juz": 29,
        "hizb": 227,
        "manzil": 7,
        "ruku": 500,
        "word_number_in_verse": 2,
        "language_code": "en",
        "text": "(him) who",
        "root_word": "مَنۡ",
        "global_word_sequence_number": 73196,
        "global_verse_sequence_number": 5342
    },
    {
        "chapter": 69,
        "verse": 19,
        "juz": 29,
        "hizb": 227,
        "manzil": 7,
        "ruku": 500,
        "word_number_in_verse": 3,
        "language_code": "en",
        "text": "is given",
        "root_word": "أُوتِيَ",
        "global_word_sequence_number": 73197,
        "global_verse_sequence_number": 5342
    },
    {
        "chapter": 69,
        "verse": 19,
        "juz": 29,
        "hizb": 227,
        "manzil": 7,
        "ruku": 500,
        "word_number_in_verse": 4,
        "language_code": "en",
        "text": "his record",
        "root_word": "كِتَٰبَهُۥ",
        "global_word_sequence_number": 73198,
        "global_verse_sequence_number": 5342
    },
    {
        "chapter": 69,
        "verse": 19,
        "juz": 29,
        "hizb": 227,
        "manzil": 7,
        "ruku": 500,
        "word_number_in_verse": 5,
        "language_code": "en",
        "text": "in his right hand",
        "root_word": "بِيَمِينِهِۦ",
        "global_word_sequence_number": 73199,
        "global_verse_sequence_number": 5342
    },
    {
        "chapter": 69,
        "verse": 19,
        "juz": 29,
        "hizb": 227,
        "manzil": 7,
        "ruku": 500,
        "word_number_in_verse": 6,
        "language_code": "en",
        "text": "will say",
        "root_word": "فَيَقُولُ",
        "global_word_sequence_number": 73200,
        "global_verse_sequence_number": 5342
    },
    {
        "chapter": 69,
        "verse": 19,
        "juz": 29,
        "hizb": 227,
        "manzil": 7,
        "ruku": 500,
        "word_number_in_verse": 7,
        "language_code": "en",
        "text": "Here",
        "root_word": "هَآؤُمُ",
        "global_word_sequence_number": 73201,
        "global_verse_sequence_number": 5342
    },
    {
        "chapter": 69,
        "verse": 19,
        "juz": 29,
        "hizb": 227,
        "manzil": 7,
        "ruku": 500,
        "word_number_in_verse": 8,
        "language_code": "en",
        "text": "read",
        "root_word": "اقۡرَءُواْ",
        "global_word_sequence_number": 73202,
        "global_verse_sequence_number": 5342
    },
    {
        "chapter": 69,
        "verse": 19,
        "juz": 29,
        "hizb": 227,
        "manzil": 7,
        "ruku": 500,
        "word_number_in_verse": 9,
        "language_code": "en",
        "text": "my record",
        "root_word": "كِتَٰبِيَهۡ",
        "global_word_sequence_number": 73203,
        "global_verse_sequence_number": 5342
    },
    {
        "chapter": 69,
        "verse": 20,
        "juz": 29,
        "hizb": 227,
        "manzil": 7,
        "ruku": 500,
        "word_number_in_verse": 1,
        "language_code": "en",
        "text": "Indeed I",
        "root_word": "إِنِّي",
        "global_word_sequence_number": 73204,
        "global_verse_sequence_number": 5343
    },
    {
        "chapter": 69,
        "verse": 20,
        "juz": 29,
        "hizb": 227,
        "manzil": 7,
        "ruku": 500,
        "word_number_in_verse": 2,
        "language_code": "en",
        "text": "was certain",
        "root_word": "ظَنَنتُ",
        "global_word_sequence_number": 73205,
        "global_verse_sequence_number": 5343
    },
    {
        "chapter": 69,
        "verse": 20,
        "juz": 29,
        "hizb": 227,
        "manzil": 7,
        "ruku": 500,
        "word_number_in_verse": 3,
        "language_code": "en",
        "text": "that I",
        "root_word": "أَنِّي",
        "global_word_sequence_number": 73206,
        "global_verse_sequence_number": 5343
    },
    {
        "chapter": 69,
        "verse": 20,
        "juz": 29,
        "hizb": 227,
        "manzil": 7,
        "ruku": 500,
        "word_number_in_verse": 4,
        "language_code": "en",
        "text": "(will) meet",
        "root_word": "مُلَٰقٍ",
        "global_word_sequence_number": 73207,
        "global_verse_sequence_number": 5343
    },
    {
        "chapter": 69,
        "verse": 20,
        "juz": 29,
        "hizb": 227,
        "manzil": 7,
        "ruku": 500,
        "word_number_in_verse": 5,
        "language_code": "en",
        "text": "my account",
        "root_word": "حِسَابِيَهۡ",
        "global_word_sequence_number": 73208,
        "global_verse_sequence_number": 5343
    },
    {
        "chapter": 69,
        "verse": 21,
        "juz": 29,
        "hizb": 227,
        "manzil": 7,
        "ruku": 500,
        "word_number_in_verse": 1,
        "language_code": "en",
        "text": "So he",
        "root_word": "فَهُوَ",
        "global_word_sequence_number": 73209,
        "global_verse_sequence_number": 5344
    },
    {
        "chapter": 69,
        "verse": 21,
        "juz": 29,
        "hizb": 227,
        "manzil": 7,
        "ruku": 500,
        "word_number_in_verse": 2,
        "language_code": "en",
        "text": "(will be) in",
        "root_word": "فِي",
        "global_word_sequence_number": 73210,
        "global_verse_sequence_number": 5344
    },
    {
        "chapter": 69,
        "verse": 21,
        "juz": 29,
        "hizb": 227,
        "manzil": 7,
        "ruku": 500,
        "word_number_in_verse": 3,
        "language_code": "en",
        "text": "a life",
        "root_word": "عِيشَةٖ",
        "global_word_sequence_number": 73211,
        "global_verse_sequence_number": 5344
    },
    {
        "chapter": 69,
        "verse": 21,
        "juz": 29,
        "hizb": 227,
        "manzil": 7,
        "ruku": 500,
        "word_number_in_verse": 4,
        "language_code": "en",
        "text": "pleasant",
        "root_word": "رَّاضِيَةٖ",
        "global_word_sequence_number": 73212,
        "global_verse_sequence_number": 5344
    },
    {
        "chapter": 69,
        "verse": 22,
        "juz": 29,
        "hizb": 227,
        "manzil": 7,
        "ruku": 500,
        "word_number_in_verse": 1,
        "language_code": "en",
        "text": "In",
        "root_word": "فِي",
        "global_word_sequence_number": 73213,
        "global_verse_sequence_number": 5345
    },
    {
        "chapter": 69,
        "verse": 22,
        "juz": 29,
        "hizb": 227,
        "manzil": 7,
        "ruku": 500,
        "word_number_in_verse": 2,
        "language_code": "en",
        "text": "a Garden",
        "root_word": "جَنَّةٍ",
        "global_word_sequence_number": 73214,
        "global_verse_sequence_number": 5345
    },
    {
        "chapter": 69,
        "verse": 22,
        "juz": 29,
        "hizb": 227,
        "manzil": 7,
        "ruku": 500,
        "word_number_in_verse": 3,
        "language_code": "en",
        "text": "elevated",
        "root_word": "عَالِيَةٖ",
        "global_word_sequence_number": 73215,
        "global_verse_sequence_number": 5345
    },
    {
        "chapter": 69,
        "verse": 23,
        "juz": 29,
        "hizb": 227,
        "manzil": 7,
        "ruku": 500,
        "word_number_in_verse": 1,
        "language_code": "en",
        "text": "Its clusters of fruits",
        "root_word": "قُطُوفُهَا",
        "global_word_sequence_number": 73216,
        "global_verse_sequence_number": 5346
    },
    {
        "chapter": 69,
        "verse": 23,
        "juz": 29,
        "hizb": 227,
        "manzil": 7,
        "ruku": 500,
        "word_number_in_verse": 2,
        "language_code": "en",
        "text": "hanging near",
        "root_word": "دَانِيَةٞ",
        "global_word_sequence_number": 73217,
        "global_verse_sequence_number": 5346
    },
    {
        "chapter": 69,
        "verse": 24,
        "juz": 29,
        "hizb": 227,
        "manzil": 7,
        "ruku": 500,
        "word_number_in_verse": 1,
        "language_code": "en",
        "text": "Eat",
        "root_word": "كُلُواْ",
        "global_word_sequence_number": 73218,
        "global_verse_sequence_number": 5347
    },
    {
        "chapter": 69,
        "verse": 24,
        "juz": 29,
        "hizb": 227,
        "manzil": 7,
        "ruku": 500,
        "word_number_in_verse": 2,
        "language_code": "en",
        "text": "and drink",
        "root_word": "وَاشۡرَبُواْ",
        "global_word_sequence_number": 73219,
        "global_verse_sequence_number": 5347
    },
    {
        "chapter": 69,
        "verse": 24,
        "juz": 29,
        "hizb": 227,
        "manzil": 7,
        "ruku": 500,
        "word_number_in_verse": 3,
        "language_code": "en",
        "text": "(in) satisfaction",
        "root_word": "هَنِيٓـَٔۢا",
        "global_word_sequence_number": 73220,
        "global_verse_sequence_number": 5347
    },
    {
        "chapter": 69,
        "verse": 24,
        "juz": 29,
        "hizb": 227,
        "manzil": 7,
        "ruku": 500,
        "word_number_in_verse": 4,
        "language_code": "en",
        "text": "for what",
        "root_word": "بِمَآ",
        "global_word_sequence_number": 73221,
        "global_verse_sequence_number": 5347
    },
    {
        "chapter": 69,
        "verse": 24,
        "juz": 29,
        "hizb": 227,
        "manzil": 7,
        "ruku": 500,
        "word_number_in_verse": 5,
        "language_code": "en",
        "text": "you sent before you",
        "root_word": "أَسۡلَفۡتُمۡ",
        "global_word_sequence_number": 73222,
        "global_verse_sequence_number": 5347
    },
    {
        "chapter": 69,
        "verse": 24,
        "juz": 29,
        "hizb": 227,
        "manzil": 7,
        "ruku": 500,
        "word_number_in_verse": 6,
        "language_code": "en",
        "text": "in",
        "root_word": "فِي",
        "global_word_sequence_number": 73223,
        "global_verse_sequence_number": 5347
    },
    {
        "chapter": 69,
        "verse": 24,
        "juz": 29,
        "hizb": 227,
        "manzil": 7,
        "ruku": 500,
        "word_number_in_verse": 7,
        "language_code": "en",
        "text": "the days",
        "root_word": "الۡأَيَّامِ",
        "global_word_sequence_number": 73224,
        "global_verse_sequence_number": 5347
    },
    {
        "chapter": 69,
        "verse": 24,
        "juz": 29,
        "hizb": 227,
        "manzil": 7,
        "ruku": 500,
        "word_number_in_verse": 8,
        "language_code": "en",
        "text": "past",
        "root_word": "الۡخَالِيَةِ",
        "global_word_sequence_number": 73225,
        "global_verse_sequence_number": 5347
    },
    {
        "chapter": 69,
        "verse": 25,
        "juz": 29,
        "hizb": 227,
        "manzil": 7,
        "ruku": 500,
        "word_number_in_verse": 1,
        "language_code": "en",
        "text": "But as for",
        "root_word": "وَأَمَّا",
        "global_word_sequence_number": 73226,
        "global_verse_sequence_number": 5348
    },
    {
        "chapter": 69,
        "verse": 25,
        "juz": 29,
        "hizb": 227,
        "manzil": 7,
        "ruku": 500,
        "word_number_in_verse": 2,
        "language_code": "en",
        "text": "(him) who",
        "root_word": "مَنۡ",
        "global_word_sequence_number": 73227,
        "global_verse_sequence_number": 5348
    },
    {
        "chapter": 69,
        "verse": 25,
        "juz": 29,
        "hizb": 227,
        "manzil": 7,
        "ruku": 500,
        "word_number_in_verse": 3,
        "language_code": "en",
        "text": "is given",
        "root_word": "أُوتِيَ",
        "global_word_sequence_number": 73228,
        "global_verse_sequence_number": 5348
    },
    {
        "chapter": 69,
        "verse": 25,
        "juz": 29,
        "hizb": 227,
        "manzil": 7,
        "ruku": 500,
        "word_number_in_verse": 4,
        "language_code": "en",
        "text": "his record",
        "root_word": "كِتَٰبَهُۥ",
        "global_word_sequence_number": 73229,
        "global_verse_sequence_number": 5348
    },
    {
        "chapter": 69,
        "verse": 25,
        "juz": 29,
        "hizb": 227,
        "manzil": 7,
        "ruku": 500,
        "word_number_in_verse": 5,
        "language_code": "en",
        "text": "in his left hand",
        "root_word": "بِشِمَالِهِۦ",
        "global_word_sequence_number": 73230,
        "global_verse_sequence_number": 5348
    },
    {
        "chapter": 69,
        "verse": 25,
        "juz": 29,
        "hizb": 227,
        "manzil": 7,
        "ruku": 500,
        "word_number_in_verse": 6,
        "language_code": "en",
        "text": "will say",
        "root_word": "فَيَقُولُ",
        "global_word_sequence_number": 73231,
        "global_verse_sequence_number": 5348
    },
    {
        "chapter": 69,
        "verse": 25,
        "juz": 29,
        "hizb": 227,
        "manzil": 7,
        "ruku": 500,
        "word_number_in_verse": 7,
        "language_code": "en",
        "text": "O! I wish",
        "root_word": "يَٰلَيۡتَنِي",
        "global_word_sequence_number": 73232,
        "global_verse_sequence_number": 5348
    },
    {
        "chapter": 69,
        "verse": 25,
        "juz": 29,
        "hizb": 227,
        "manzil": 7,
        "ruku": 500,
        "word_number_in_verse": 8,
        "language_code": "en",
        "text": "not",
        "root_word": "لَمۡ",
        "global_word_sequence_number": 73233,
        "global_verse_sequence_number": 5348
    },
    {
        "chapter": 69,
        "verse": 25,
        "juz": 29,
        "hizb": 227,
        "manzil": 7,
        "ruku": 500,
        "word_number_in_verse": 9,
        "language_code": "en",
        "text": "I had been given",
        "root_word": "أُوتَ",
        "global_word_sequence_number": 73234,
        "global_verse_sequence_number": 5348
    },
    {
        "chapter": 69,
        "verse": 25,
        "juz": 29,
        "hizb": 227,
        "manzil": 7,
        "ruku": 500,
        "word_number_in_verse": 10,
        "language_code": "en",
        "text": "my record",
        "root_word": "كِتَٰبِيَهۡ",
        "global_word_sequence_number": 73235,
        "global_verse_sequence_number": 5348
    },
    {
        "chapter": 69,
        "verse": 26,
        "juz": 29,
        "hizb": 227,
        "manzil": 7,
        "ruku": 500,
        "word_number_in_verse": 1,
        "language_code": "en",
        "text": "And not",
        "root_word": "وَلَمۡ",
        "global_word_sequence_number": 73236,
        "global_verse_sequence_number": 5349
    },
    {
        "chapter": 69,
        "verse": 26,
        "juz": 29,
        "hizb": 227,
        "manzil": 7,
        "ruku": 500,
        "word_number_in_verse": 2,
        "language_code": "en",
        "text": "I had known",
        "root_word": "أَدۡرِ",
        "global_word_sequence_number": 73237,
        "global_verse_sequence_number": 5349
    },
    {
        "chapter": 69,
        "verse": 26,
        "juz": 29,
        "hizb": 227,
        "manzil": 7,
        "ruku": 500,
        "word_number_in_verse": 3,
        "language_code": "en",
        "text": "what",
        "root_word": "مَا",
        "global_word_sequence_number": 73238,
        "global_verse_sequence_number": 5349
    },
    {
        "chapter": 69,
        "verse": 26,
        "juz": 29,
        "hizb": 227,
        "manzil": 7,
        "ruku": 500,
        "word_number_in_verse": 4,
        "language_code": "en",
        "text": "(is) my account",
        "root_word": "حِسَابِيَهۡ",
        "global_word_sequence_number": 73239,
        "global_verse_sequence_number": 5349
    },
    {
        "chapter": 69,
        "verse": 27,
        "juz": 29,
        "hizb": 227,
        "manzil": 7,
        "ruku": 500,
        "word_number_in_verse": 1,
        "language_code": "en",
        "text": "O! I wish it",
        "root_word": "يَٰلَيۡتَهَا",
        "global_word_sequence_number": 73240,
        "global_verse_sequence_number": 5350
    },
    {
        "chapter": 69,
        "verse": 27,
        "juz": 29,
        "hizb": 227,
        "manzil": 7,
        "ruku": 500,
        "word_number_in_verse": 2,
        "language_code": "en",
        "text": "had been",
        "root_word": "كَانَتِ",
        "global_word_sequence_number": 73241,
        "global_verse_sequence_number": 5350
    },
    {
        "chapter": 69,
        "verse": 27,
        "juz": 29,
        "hizb": 227,
        "manzil": 7,
        "ruku": 500,
        "word_number_in_verse": 3,
        "language_code": "en",
        "text": "the end",
        "root_word": "الۡقَاضِيَةَ",
        "global_word_sequence_number": 73242,
        "global_verse_sequence_number": 5350
    },
    {
        "chapter": 69,
        "verse": 28,
        "juz": 29,
        "hizb": 227,
        "manzil": 7,
        "ruku": 500,
        "word_number_in_verse": 1,
        "language_code": "en",
        "text": "Not",
        "root_word": "مَآ",
        "global_word_sequence_number": 73243,
        "global_verse_sequence_number": 5351
    },
    {
        "chapter": 69,
        "verse": 28,
        "juz": 29,
        "hizb": 227,
        "manzil": 7,
        "ruku": 500,
        "word_number_in_verse": 2,
        "language_code": "en",
        "text": "has availed",
        "root_word": "أَغۡنَىٰ",
        "global_word_sequence_number": 73244,
        "global_verse_sequence_number": 5351
    },
    {
        "chapter": 69,
        "verse": 28,
        "juz": 29,
        "hizb": 227,
        "manzil": 7,
        "ruku": 500,
        "word_number_in_verse": 3,
        "language_code": "en",
        "text": "me",
        "root_word": "عَنِّي",
        "global_word_sequence_number": 73245,
        "global_verse_sequence_number": 5351
    },
    {
        "chapter": 69,
        "verse": 28,
        "juz": 29,
        "hizb": 227,
        "manzil": 7,
        "ruku": 500,
        "word_number_in_verse": 4,
        "language_code": "en",
        "text": "my wealth",
        "root_word": "مَالِيَهۡۜ",
        "global_word_sequence_number": 73246,
        "global_verse_sequence_number": 5351
    },
    {
        "chapter": 69,
        "verse": 29,
        "juz": 29,
        "hizb": 227,
        "manzil": 7,
        "ruku": 500,
        "word_number_in_verse": 1,
        "language_code": "en",
        "text": "Is gone",
        "root_word": "هَلَكَ",
        "global_word_sequence_number": 73247,
        "global_verse_sequence_number": 5352
    },
    {
        "chapter": 69,
        "verse": 29,
        "juz": 29,
        "hizb": 227,
        "manzil": 7,
        "ruku": 500,
        "word_number_in_verse": 2,
        "language_code": "en",
        "text": "from me",
        "root_word": "عَنِّي",
        "global_word_sequence_number": 73248,
        "global_verse_sequence_number": 5352
    },
    {
        "chapter": 69,
        "verse": 29,
        "juz": 29,
        "hizb": 227,
        "manzil": 7,
        "ruku": 500,
        "word_number_in_verse": 3,
        "language_code": "en",
        "text": "my authority",
        "root_word": "سُلۡطَٰنِيَهۡ",
        "global_word_sequence_number": 73249,
        "global_verse_sequence_number": 5352
    },
    {
        "chapter": 69,
        "verse": 30,
        "juz": 29,
        "hizb": 227,
        "manzil": 7,
        "ruku": 500,
        "word_number_in_verse": 1,
        "language_code": "en",
        "text": "Seize him",
        "root_word": "خُذُوهُ",
        "global_word_sequence_number": 73250,
        "global_verse_sequence_number": 5353
    },
    {
        "chapter": 69,
        "verse": 30,
        "juz": 29,
        "hizb": 227,
        "manzil": 7,
        "ruku": 500,
        "word_number_in_verse": 2,
        "language_code": "en",
        "text": "and shackle him",
        "root_word": "فَغُلُّوهُ",
        "global_word_sequence_number": 73251,
        "global_verse_sequence_number": 5353
    },
    {
        "chapter": 69,
        "verse": 31,
        "juz": 29,
        "hizb": 227,
        "manzil": 7,
        "ruku": 500,
        "word_number_in_verse": 1,
        "language_code": "en",
        "text": "Then",
        "root_word": "ثُمَّ",
        "global_word_sequence_number": 73252,
        "global_verse_sequence_number": 5354
    },
    {
        "chapter": 69,
        "verse": 31,
        "juz": 29,
        "hizb": 227,
        "manzil": 7,
        "ruku": 500,
        "word_number_in_verse": 2,
        "language_code": "en",
        "text": "(into) the Hellfire",
        "root_word": "الۡجَحِيمَ",
        "global_word_sequence_number": 73253,
        "global_verse_sequence_number": 5354
    },
    {
        "chapter": 69,
        "verse": 31,
        "juz": 29,
        "hizb": 227,
        "manzil": 7,
        "ruku": 500,
        "word_number_in_verse": 3,
        "language_code": "en",
        "text": "burn him",
        "root_word": "صَلُّوهُ",
        "global_word_sequence_number": 73254,
        "global_verse_sequence_number": 5354
    },
    {
        "chapter": 69,
        "verse": 32,
        "juz": 29,
        "hizb": 227,
        "manzil": 7,
        "ruku": 500,
        "word_number_in_verse": 1,
        "language_code": "en",
        "text": "Then",
        "root_word": "ثُمَّ",
        "global_word_sequence_number": 73255,
        "global_verse_sequence_number": 5355
    },
    {
        "chapter": 69,
        "verse": 32,
        "juz": 29,
        "hizb": 227,
        "manzil": 7,
        "ruku": 500,
        "word_number_in_verse": 2,
        "language_code": "en",
        "text": "into",
        "root_word": "فِي",
        "global_word_sequence_number": 73256,
        "global_verse_sequence_number": 5355
    },
    {
        "chapter": 69,
        "verse": 32,
        "juz": 29,
        "hizb": 227,
        "manzil": 7,
        "ruku": 500,
        "word_number_in_verse": 3,
        "language_code": "en",
        "text": "a chain",
        "root_word": "سِلۡسِلَةٖ",
        "global_word_sequence_number": 73257,
        "global_verse_sequence_number": 5355
    },
    {
        "chapter": 69,
        "verse": 32,
        "juz": 29,
        "hizb": 227,
        "manzil": 7,
        "ruku": 500,
        "word_number_in_verse": 4,
        "language_code": "en",
        "text": "its length",
        "root_word": "ذَرۡعُهَا",
        "global_word_sequence_number": 73258,
        "global_verse_sequence_number": 5355
    },
    {
        "chapter": 69,
        "verse": 32,
        "juz": 29,
        "hizb": 227,
        "manzil": 7,
        "ruku": 500,
        "word_number_in_verse": 5,
        "language_code": "en",
        "text": "(is) seventy",
        "root_word": "سَبۡعُونَ",
        "global_word_sequence_number": 73259,
        "global_verse_sequence_number": 5355
    },
    {
        "chapter": 69,
        "verse": 32,
        "juz": 29,
        "hizb": 227,
        "manzil": 7,
        "ruku": 500,
        "word_number_in_verse": 6,
        "language_code": "en",
        "text": "cubits",
        "root_word": "ذِرَاعٗا",
        "global_word_sequence_number": 73260,
        "global_verse_sequence_number": 5355
    },
    {
        "chapter": 69,
        "verse": 32,
        "juz": 29,
        "hizb": 227,
        "manzil": 7,
        "ruku": 500,
        "word_number_in_verse": 7,
        "language_code": "en",
        "text": "insert him",
        "root_word": "فَاسۡلُكُوهُ",
        "global_word_sequence_number": 73261,
        "global_verse_sequence_number": 5355
    },
    {
        "chapter": 69,
        "verse": 33,
        "juz": 29,
        "hizb": 227,
        "manzil": 7,
        "ruku": 500,
        "word_number_in_verse": 1,
        "language_code": "en",
        "text": "Indeed he",
        "root_word": "إِنَّهُۥ",
        "global_word_sequence_number": 73262,
        "global_verse_sequence_number": 5356
    },
    {
        "chapter": 69,
        "verse": 33,
        "juz": 29,
        "hizb": 227,
        "manzil": 7,
        "ruku": 500,
        "word_number_in_verse": 2,
        "language_code": "en",
        "text": "was",
        "root_word": "كَانَ",
        "global_word_sequence_number": 73263,
        "global_verse_sequence_number": 5356
    },
    {
        "chapter": 69,
        "verse": 33,
        "juz": 29,
        "hizb": 227,
        "manzil": 7,
        "ruku": 500,
        "word_number_in_verse": 3,
        "language_code": "en",
        "text": "not",
        "root_word": "لَا",
        "global_word_sequence_number": 73264,
        "global_verse_sequence_number": 5356
    },
    {
        "chapter": 69,
        "verse": 33,
        "juz": 29,
        "hizb": 227,
        "manzil": 7,
        "ruku": 500,
        "word_number_in_verse": 4,
        "language_code": "en",
        "text": "believing",
        "root_word": "يُؤۡمِنُ",
        "global_word_sequence_number": 73265,
        "global_verse_sequence_number": 5356
    },
    {
        "chapter": 69,
        "verse": 33,
        "juz": 29,
        "hizb": 227,
        "manzil": 7,
        "ruku": 500,
        "word_number_in_verse": 5,
        "language_code": "en",
        "text": "in Allah",
        "root_word": "بِاللَّهِ",
        "global_word_sequence_number": 73266,
        "global_verse_sequence_number": 5356
    },
    {
        "chapter": 69,
        "verse": 33,
        "juz": 29,
        "hizb": 227,
        "manzil": 7,
        "ruku": 500,
        "word_number_in_verse": 6,
        "language_code": "en",
        "text": "the Most Great",
        "root_word": "الۡعَظِيمِ",
        "global_word_sequence_number": 73267,
        "global_verse_sequence_number": 5356
    },
    {
        "chapter": 69,
        "verse": 34,
        "juz": 29,
        "hizb": 227,
        "manzil": 7,
        "ruku": 500,
        "word_number_in_verse": 1,
        "language_code": "en",
        "text": "And (did) not",
        "root_word": "وَلَا",
        "global_word_sequence_number": 73268,
        "global_verse_sequence_number": 5357
    },
    {
        "chapter": 69,
        "verse": 34,
        "juz": 29,
        "hizb": 227,
        "manzil": 7,
        "ruku": 500,
        "word_number_in_verse": 2,
        "language_code": "en",
        "text": "feel the urge",
        "root_word": "يَحُضُّ",
        "global_word_sequence_number": 73269,
        "global_verse_sequence_number": 5357
    },
    {
        "chapter": 69,
        "verse": 34,
        "juz": 29,
        "hizb": 227,
        "manzil": 7,
        "ruku": 500,
        "word_number_in_verse": 3,
        "language_code": "en",
        "text": "on",
        "root_word": "عَلَىٰ",
        "global_word_sequence_number": 73270,
        "global_verse_sequence_number": 5357
    },
    {
        "chapter": 69,
        "verse": 34,
        "juz": 29,
        "hizb": 227,
        "manzil": 7,
        "ruku": 500,
        "word_number_in_verse": 4,
        "language_code": "en",
        "text": "(the) feeding",
        "root_word": "طَعَامِ",
        "global_word_sequence_number": 73271,
        "global_verse_sequence_number": 5357
    },
    {
        "chapter": 69,
        "verse": 34,
        "juz": 29,
        "hizb": 227,
        "manzil": 7,
        "ruku": 500,
        "word_number_in_verse": 5,
        "language_code": "en",
        "text": "(of) the poor",
        "root_word": "الۡمِسۡكِينِ",
        "global_word_sequence_number": 73272,
        "global_verse_sequence_number": 5357
    },
    {
        "chapter": 69,
        "verse": 35,
        "juz": 29,
        "hizb": 227,
        "manzil": 7,
        "ruku": 500,
        "word_number_in_verse": 1,
        "language_code": "en",
        "text": "So not",
        "root_word": "فَلَيۡسَ",
        "global_word_sequence_number": 73273,
        "global_verse_sequence_number": 5358
    },
    {
        "chapter": 69,
        "verse": 35,
        "juz": 29,
        "hizb": 227,
        "manzil": 7,
        "ruku": 500,
        "word_number_in_verse": 2,
        "language_code": "en",
        "text": "for him",
        "root_word": "لَهُ",
        "global_word_sequence_number": 73274,
        "global_verse_sequence_number": 5358
    },
    {
        "chapter": 69,
        "verse": 35,
        "juz": 29,
        "hizb": 227,
        "manzil": 7,
        "ruku": 500,
        "word_number_in_verse": 3,
        "language_code": "en",
        "text": "today",
        "root_word": "الۡيَوۡمَ",
        "global_word_sequence_number": 73275,
        "global_verse_sequence_number": 5358
    },
    {
        "chapter": 69,
        "verse": 35,
        "juz": 29,
        "hizb": 227,
        "manzil": 7,
        "ruku": 500,
        "word_number_in_verse": 4,
        "language_code": "en",
        "text": "here",
        "root_word": "هَٰهُنَا",
        "global_word_sequence_number": 73276,
        "global_verse_sequence_number": 5358
    },
    {
        "chapter": 69,
        "verse": 35,
        "juz": 29,
        "hizb": 227,
        "manzil": 7,
        "ruku": 500,
        "word_number_in_verse": 5,
        "language_code": "en",
        "text": "any devoted friend",
        "root_word": "حَمِيمٞ",
        "global_word_sequence_number": 73277,
        "global_verse_sequence_number": 5358
    },
    {
        "chapter": 69,
        "verse": 36,
        "juz": 29,
        "hizb": 227,
        "manzil": 7,
        "ruku": 500,
        "word_number_in_verse": 1,
        "language_code": "en",
        "text": "And not",
        "root_word": "وَلَا",
        "global_word_sequence_number": 73278,
        "global_verse_sequence_number": 5359
    },
    {
        "chapter": 69,
        "verse": 36,
        "juz": 29,
        "hizb": 227,
        "manzil": 7,
        "ruku": 500,
        "word_number_in_verse": 2,
        "language_code": "en",
        "text": "any food",
        "root_word": "طَعَامٌ",
        "global_word_sequence_number": 73279,
        "global_verse_sequence_number": 5359
    },
    {
        "chapter": 69,
        "verse": 36,
        "juz": 29,
        "hizb": 227,
        "manzil": 7,
        "ruku": 500,
        "word_number_in_verse": 3,
        "language_code": "en",
        "text": "except",
        "root_word": "إِلَّا",
        "global_word_sequence_number": 73280,
        "global_verse_sequence_number": 5359
    },
    {
        "chapter": 69,
        "verse": 36,
        "juz": 29,
        "hizb": 227,
        "manzil": 7,
        "ruku": 500,
        "word_number_in_verse": 4,
        "language_code": "en",
        "text": "from",
        "root_word": "مِنۡ",
        "global_word_sequence_number": 73281,
        "global_verse_sequence_number": 5359
    },
    {
        "chapter": 69,
        "verse": 36,
        "juz": 29,
        "hizb": 227,
        "manzil": 7,
        "ruku": 500,
        "word_number_in_verse": 5,
        "language_code": "en",
        "text": "(the) discharge of wounds",
        "root_word": "غِسۡلِينٖ",
        "global_word_sequence_number": 73282,
        "global_verse_sequence_number": 5359
    },
    {
        "chapter": 69,
        "verse": 37,
        "juz": 29,
        "hizb": 227,
        "manzil": 7,
        "ruku": 500,
        "word_number_in_verse": 1,
        "language_code": "en",
        "text": "Not",
        "root_word": "لَّا",
        "global_word_sequence_number": 73283,
        "global_verse_sequence_number": 5360
    },
    {
        "chapter": 69,
        "verse": 37,
        "juz": 29,
        "hizb": 227,
        "manzil": 7,
        "ruku": 500,
        "word_number_in_verse": 2,
        "language_code": "en",
        "text": "will eat it",
        "root_word": "يَأۡكُلُهُۥٓ",
        "global_word_sequence_number": 73284,
        "global_verse_sequence_number": 5360
    },
    {
        "chapter": 69,
        "verse": 37,
        "juz": 29,
        "hizb": 227,
        "manzil": 7,
        "ruku": 500,
        "word_number_in_verse": 3,
        "language_code": "en",
        "text": "except",
        "root_word": "إِلَّا",
        "global_word_sequence_number": 73285,
        "global_verse_sequence_number": 5360
    },
    {
        "chapter": 69,
        "verse": 37,
        "juz": 29,
        "hizb": 227,
        "manzil": 7,
        "ruku": 500,
        "word_number_in_verse": 4,
        "language_code": "en",
        "text": "the sinners",
        "root_word": "الۡخَٰطِـُٔونَ",
        "global_word_sequence_number": 73286,
        "global_verse_sequence_number": 5360
    },
    {
        "chapter": 69,
        "verse": 38,
        "juz": 29,
        "hizb": 227,
        "manzil": 7,
        "ruku": 501,
        "word_number_in_verse": 1,
        "language_code": "en",
        "text": "But nay",
        "root_word": "فَلَآ",
        "global_word_sequence_number": 73287,
        "global_verse_sequence_number": 5361
    },
    {
        "chapter": 69,
        "verse": 38,
        "juz": 29,
        "hizb": 227,
        "manzil": 7,
        "ruku": 501,
        "word_number_in_verse": 2,
        "language_code": "en",
        "text": "I swear",
        "root_word": "أُقۡسِمُ",
        "global_word_sequence_number": 73288,
        "global_verse_sequence_number": 5361
    },
    {
        "chapter": 69,
        "verse": 38,
        "juz": 29,
        "hizb": 227,
        "manzil": 7,
        "ruku": 501,
        "word_number_in_verse": 3,
        "language_code": "en",
        "text": "by what",
        "root_word": "بِمَا",
        "global_word_sequence_number": 73289,
        "global_verse_sequence_number": 5361
    },
    {
        "chapter": 69,
        "verse": 38,
        "juz": 29,
        "hizb": 227,
        "manzil": 7,
        "ruku": 501,
        "word_number_in_verse": 4,
        "language_code": "en",
        "text": "you see",
        "root_word": "تُبۡصِرُونَ",
        "global_word_sequence_number": 73290,
        "global_verse_sequence_number": 5361
    },
    {
        "chapter": 69,
        "verse": 39,
        "juz": 29,
        "hizb": 227,
        "manzil": 7,
        "ruku": 501,
        "word_number_in_verse": 1,
        "language_code": "en",
        "text": "And what",
        "root_word": "وَمَا",
        "global_word_sequence_number": 73291,
        "global_verse_sequence_number": 5362
    },
    {
        "chapter": 69,
        "verse": 39,
        "juz": 29,
        "hizb": 227,
        "manzil": 7,
        "ruku": 501,
        "word_number_in_verse": 2,
        "language_code": "en",
        "text": "not",
        "root_word": "لَا",
        "global_word_sequence_number": 73292,
        "global_verse_sequence_number": 5362
    },
    {
        "chapter": 69,
        "verse": 39,
        "juz": 29,
        "hizb": 227,
        "manzil": 7,
        "ruku": 501,
        "word_number_in_verse": 3,
        "language_code": "en",
        "text": "you see",
        "root_word": "تُبۡصِرُونَ",
        "global_word_sequence_number": 73293,
        "global_verse_sequence_number": 5362
    },
    {
        "chapter": 69,
        "verse": 40,
        "juz": 29,
        "hizb": 227,
        "manzil": 7,
        "ruku": 501,
        "word_number_in_verse": 1,
        "language_code": "en",
        "text": "Indeed it (is)",
        "root_word": "إِنَّهُۥ",
        "global_word_sequence_number": 73294,
        "global_verse_sequence_number": 5363
    },
    {
        "chapter": 69,
        "verse": 40,
        "juz": 29,
        "hizb": 227,
        "manzil": 7,
        "ruku": 501,
        "word_number_in_verse": 2,
        "language_code": "en",
        "text": "surely (the) Word",
        "root_word": "لَقَوۡلُ",
        "global_word_sequence_number": 73295,
        "global_verse_sequence_number": 5363
    },
    {
        "chapter": 69,
        "verse": 40,
        "juz": 29,
        "hizb": 227,
        "manzil": 7,
        "ruku": 501,
        "word_number_in_verse": 3,
        "language_code": "en",
        "text": "(of) a Messenger",
        "root_word": "رَسُولٖ",
        "global_word_sequence_number": 73296,
        "global_verse_sequence_number": 5363
    },
    {
        "chapter": 69,
        "verse": 40,
        "juz": 29,
        "hizb": 227,
        "manzil": 7,
        "ruku": 501,
        "word_number_in_verse": 4,
        "language_code": "en",
        "text": "noble",
        "root_word": "كَرِيمٖ",
        "global_word_sequence_number": 73297,
        "global_verse_sequence_number": 5363
    },
    {
        "chapter": 69,
        "verse": 41,
        "juz": 29,
        "hizb": 227,
        "manzil": 7,
        "ruku": 501,
        "word_number_in_verse": 1,
        "language_code": "en",
        "text": "And not",
        "root_word": "وَمَا",
        "global_word_sequence_number": 73298,
        "global_verse_sequence_number": 5364
    },
    {
        "chapter": 69,
        "verse": 41,
        "juz": 29,
        "hizb": 227,
        "manzil": 7,
        "ruku": 501,
        "word_number_in_verse": 2,
        "language_code": "en",
        "text": "it",
        "root_word": "هُوَ",
        "global_word_sequence_number": 73299,
        "global_verse_sequence_number": 5364
    },
    {
        "chapter": 69,
        "verse": 41,
        "juz": 29,
        "hizb": 227,
        "manzil": 7,
        "ruku": 501,
        "word_number_in_verse": 3,
        "language_code": "en",
        "text": "(is the) word",
        "root_word": "بِقَوۡلِ",
        "global_word_sequence_number": 73300,
        "global_verse_sequence_number": 5364
    },
    {
        "chapter": 69,
        "verse": 41,
        "juz": 29,
        "hizb": 227,
        "manzil": 7,
        "ruku": 501,
        "word_number_in_verse": 4,
        "language_code": "en",
        "text": "(of) a poet",
        "root_word": "شَاعِرٖۚ",
        "global_word_sequence_number": 73301,
        "global_verse_sequence_number": 5364
    },
    {
        "chapter": 69,
        "verse": 41,
        "juz": 29,
        "hizb": 227,
        "manzil": 7,
        "ruku": 501,
        "word_number_in_verse": 5,
        "language_code": "en",
        "text": "little",
        "root_word": "قَلِيلٗا",
        "global_word_sequence_number": 73302,
        "global_verse_sequence_number": 5364
    },
    {
        "chapter": 69,
        "verse": 41,
        "juz": 29,
        "hizb": 227,
        "manzil": 7,
        "ruku": 501,
        "word_number_in_verse": 6,
        "language_code": "en",
        "text": "(is) what",
        "root_word": "مَّا",
        "global_word_sequence_number": 73303,
        "global_verse_sequence_number": 5364
    },
    {
        "chapter": 69,
        "verse": 41,
        "juz": 29,
        "hizb": 227,
        "manzil": 7,
        "ruku": 501,
        "word_number_in_verse": 7,
        "language_code": "en",
        "text": "you believe",
        "root_word": "تُؤۡمِنُونَ",
        "global_word_sequence_number": 73304,
        "global_verse_sequence_number": 5364
    },
    {
        "chapter": 69,
        "verse": 42,
        "juz": 29,
        "hizb": 227,
        "manzil": 7,
        "ruku": 501,
        "word_number_in_verse": 1,
        "language_code": "en",
        "text": "And not",
        "root_word": "وَلَا",
        "global_word_sequence_number": 73305,
        "global_verse_sequence_number": 5365
    },
    {
        "chapter": 69,
        "verse": 42,
        "juz": 29,
        "hizb": 227,
        "manzil": 7,
        "ruku": 501,
        "word_number_in_verse": 2,
        "language_code": "en",
        "text": "(it is the) word",
        "root_word": "بِقَوۡلِ",
        "global_word_sequence_number": 73306,
        "global_verse_sequence_number": 5365
    },
    {
        "chapter": 69,
        "verse": 42,
        "juz": 29,
        "hizb": 227,
        "manzil": 7,
        "ruku": 501,
        "word_number_in_verse": 3,
        "language_code": "en",
        "text": "(of) a soothsayer",
        "root_word": "كَاهِنٖۚ",
        "global_word_sequence_number": 73307,
        "global_verse_sequence_number": 5365
    },
    {
        "chapter": 69,
        "verse": 42,
        "juz": 29,
        "hizb": 227,
        "manzil": 7,
        "ruku": 501,
        "word_number_in_verse": 4,
        "language_code": "en",
        "text": "little",
        "root_word": "قَلِيلٗا",
        "global_word_sequence_number": 73308,
        "global_verse_sequence_number": 5365
    },
    {
        "chapter": 69,
        "verse": 42,
        "juz": 29,
        "hizb": 227,
        "manzil": 7,
        "ruku": 501,
        "word_number_in_verse": 5,
        "language_code": "en",
        "text": "(is) what",
        "root_word": "مَّا",
        "global_word_sequence_number": 73309,
        "global_verse_sequence_number": 5365
    },
    {
        "chapter": 69,
        "verse": 42,
        "juz": 29,
        "hizb": 227,
        "manzil": 7,
        "ruku": 501,
        "word_number_in_verse": 6,
        "language_code": "en",
        "text": "you take heed",
        "root_word": "تَذَكَّرُونَ",
        "global_word_sequence_number": 73310,
        "global_verse_sequence_number": 5365
    },
    {
        "chapter": 69,
        "verse": 43,
        "juz": 29,
        "hizb": 227,
        "manzil": 7,
        "ruku": 501,
        "word_number_in_verse": 1,
        "language_code": "en",
        "text": "(It is) a revelation",
        "root_word": "تَنزِيلٞ",
        "global_word_sequence_number": 73311,
        "global_verse_sequence_number": 5366
    },
    {
        "chapter": 69,
        "verse": 43,
        "juz": 29,
        "hizb": 227,
        "manzil": 7,
        "ruku": 501,
        "word_number_in_verse": 2,
        "language_code": "en",
        "text": "from",
        "root_word": "مِّن",
        "global_word_sequence_number": 73312,
        "global_verse_sequence_number": 5366
    },
    {
        "chapter": 69,
        "verse": 43,
        "juz": 29,
        "hizb": 227,
        "manzil": 7,
        "ruku": 501,
        "word_number_in_verse": 3,
        "language_code": "en",
        "text": "(the) Lord",
        "root_word": "رَّبِّ",
        "global_word_sequence_number": 73313,
        "global_verse_sequence_number": 5366
    },
    {
        "chapter": 69,
        "verse": 43,
        "juz": 29,
        "hizb": 227,
        "manzil": 7,
        "ruku": 501,
        "word_number_in_verse": 4,
        "language_code": "en",
        "text": "(of) the worlds",
        "root_word": "الۡعَٰلَمِينَ",
        "global_word_sequence_number": 73314,
        "global_verse_sequence_number": 5366
    },
    {
        "chapter": 69,
        "verse": 44,
        "juz": 29,
        "hizb": 227,
        "manzil": 7,
        "ruku": 501,
        "word_number_in_verse": 1,
        "language_code": "en",
        "text": "And if",
        "root_word": "وَلَوۡ",
        "global_word_sequence_number": 73315,
        "global_verse_sequence_number": 5367
    },
    {
        "chapter": 69,
        "verse": 44,
        "juz": 29,
        "hizb": 227,
        "manzil": 7,
        "ruku": 501,
        "word_number_in_verse": 2,
        "language_code": "en",
        "text": "he (had) fabricated",
        "root_word": "تَقَوَّلَ",
        "global_word_sequence_number": 73316,
        "global_verse_sequence_number": 5367
    },
    {
        "chapter": 69,
        "verse": 44,
        "juz": 29,
        "hizb": 227,
        "manzil": 7,
        "ruku": 501,
        "word_number_in_verse": 3,
        "language_code": "en",
        "text": "against Us",
        "root_word": "عَلَيۡنَا",
        "global_word_sequence_number": 73317,
        "global_verse_sequence_number": 5367
    },
    {
        "chapter": 69,
        "verse": 44,
        "juz": 29,
        "hizb": 227,
        "manzil": 7,
        "ruku": 501,
        "word_number_in_verse": 4,
        "language_code": "en",
        "text": "some",
        "root_word": "بَعۡضَ",
        "global_word_sequence_number": 73318,
        "global_verse_sequence_number": 5367
    },
    {
        "chapter": 69,
        "verse": 44,
        "juz": 29,
        "hizb": 227,
        "manzil": 7,
        "ruku": 501,
        "word_number_in_verse": 5,
        "language_code": "en",
        "text": "sayings",
        "root_word": "الۡأَقَاوِيلِ",
        "global_word_sequence_number": 73319,
        "global_verse_sequence_number": 5367
    },
    {
        "chapter": 69,
        "verse": 45,
        "juz": 29,
        "hizb": 227,
        "manzil": 7,
        "ruku": 501,
        "word_number_in_verse": 1,
        "language_code": "en",
        "text": "Certainly We (would) have seized",
        "root_word": "لَأَخَذۡنَا",
        "global_word_sequence_number": 73320,
        "global_verse_sequence_number": 5368
    },
    {
        "chapter": 69,
        "verse": 45,
        "juz": 29,
        "hizb": 227,
        "manzil": 7,
        "ruku": 501,
        "word_number_in_verse": 2,
        "language_code": "en",
        "text": "him",
        "root_word": "مِنۡهُ",
        "global_word_sequence_number": 73321,
        "global_verse_sequence_number": 5368
    },
    {
        "chapter": 69,
        "verse": 45,
        "juz": 29,
        "hizb": 227,
        "manzil": 7,
        "ruku": 501,
        "word_number_in_verse": 3,
        "language_code": "en",
        "text": "by the right hand",
        "root_word": "بِالۡيَمِينِ",
        "global_word_sequence_number": 73322,
        "global_verse_sequence_number": 5368
    },
    {
        "chapter": 69,
        "verse": 46,
        "juz": 29,
        "hizb": 227,
        "manzil": 7,
        "ruku": 501,
        "word_number_in_verse": 1,
        "language_code": "en",
        "text": "Then",
        "root_word": "ثُمَّ",
        "global_word_sequence_number": 73323,
        "global_verse_sequence_number": 5369
    },
    {
        "chapter": 69,
        "verse": 46,
        "juz": 29,
        "hizb": 227,
        "manzil": 7,
        "ruku": 501,
        "word_number_in_verse": 2,
        "language_code": "en",
        "text": "certainly We (would) have cut off",
        "root_word": "لَقَطَعۡنَا",
        "global_word_sequence_number": 73324,
        "global_verse_sequence_number": 5369
    },
    {
        "chapter": 69,
        "verse": 46,
        "juz": 29,
        "hizb": 227,
        "manzil": 7,
        "ruku": 501,
        "word_number_in_verse": 3,
        "language_code": "en",
        "text": "from him",
        "root_word": "مِنۡهُ",
        "global_word_sequence_number": 73325,
        "global_verse_sequence_number": 5369
    },
    {
        "chapter": 69,
        "verse": 46,
        "juz": 29,
        "hizb": 227,
        "manzil": 7,
        "ruku": 501,
        "word_number_in_verse": 4,
        "language_code": "en",
        "text": "the aorta",
        "root_word": "الۡوَتِينَ",
        "global_word_sequence_number": 73326,
        "global_verse_sequence_number": 5369
    },
    {
        "chapter": 69,
        "verse": 47,
        "juz": 29,
        "hizb": 227,
        "manzil": 7,
        "ruku": 501,
        "word_number_in_verse": 1,
        "language_code": "en",
        "text": "And not",
        "root_word": "فَمَا",
        "global_word_sequence_number": 73327,
        "global_verse_sequence_number": 5370
    },
    {
        "chapter": 69,
        "verse": 47,
        "juz": 29,
        "hizb": 227,
        "manzil": 7,
        "ruku": 501,
        "word_number_in_verse": 2,
        "language_code": "en",
        "text": "from you",
        "root_word": "مِنكُم",
        "global_word_sequence_number": 73328,
        "global_verse_sequence_number": 5370
    },
    {
        "chapter": 69,
        "verse": 47,
        "juz": 29,
        "hizb": 227,
        "manzil": 7,
        "ruku": 501,
        "word_number_in_verse": 3,
        "language_code": "en",
        "text": "any",
        "root_word": "مِّنۡ",
        "global_word_sequence_number": 73329,
        "global_verse_sequence_number": 5370
    },
    {
        "chapter": 69,
        "verse": 47,
        "juz": 29,
        "hizb": 227,
        "manzil": 7,
        "ruku": 501,
        "word_number_in_verse": 4,
        "language_code": "en",
        "text": "one",
        "root_word": "أَحَدٍ",
        "global_word_sequence_number": 73330,
        "global_verse_sequence_number": 5370
    },
    {
        "chapter": 69,
        "verse": 47,
        "juz": 29,
        "hizb": 227,
        "manzil": 7,
        "ruku": 501,
        "word_number_in_verse": 5,
        "language_code": "en",
        "text": "[from him]",
        "root_word": "عَنۡهُ",
        "global_word_sequence_number": 73331,
        "global_verse_sequence_number": 5370
    },
    {
        "chapter": 69,
        "verse": 47,
        "juz": 29,
        "hizb": 227,
        "manzil": 7,
        "ruku": 501,
        "word_number_in_verse": 6,
        "language_code": "en",
        "text": "(who could) prevent (it)",
        "root_word": "حَٰجِزِينَ",
        "global_word_sequence_number": 73332,
        "global_verse_sequence_number": 5370
    },
    {
        "chapter": 69,
        "verse": 48,
        "juz": 29,
        "hizb": 227,
        "manzil": 7,
        "ruku": 501,
        "word_number_in_verse": 1,
        "language_code": "en",
        "text": "And indeed it",
        "root_word": "وَإِنَّهُۥ",
        "global_word_sequence_number": 73333,
        "global_verse_sequence_number": 5371
    },
    {
        "chapter": 69,
        "verse": 48,
        "juz": 29,
        "hizb": 227,
        "manzil": 7,
        "ruku": 501,
        "word_number_in_verse": 2,
        "language_code": "en",
        "text": "(is) surely a reminder",
        "root_word": "لَتَذۡكِرَةٞ",
        "global_word_sequence_number": 73334,
        "global_verse_sequence_number": 5371
    },
    {
        "chapter": 69,
        "verse": 48,
        "juz": 29,
        "hizb": 227,
        "manzil": 7,
        "ruku": 501,
        "word_number_in_verse": 3,
        "language_code": "en",
        "text": "for the Allah-fearing",
        "root_word": "لِّلۡمُتَّقِينَ",
        "global_word_sequence_number": 73335,
        "global_verse_sequence_number": 5371
    },
    {
        "chapter": 69,
        "verse": 49,
        "juz": 29,
        "hizb": 227,
        "manzil": 7,
        "ruku": 501,
        "word_number_in_verse": 1,
        "language_code": "en",
        "text": "And indeed We",
        "root_word": "وَإِنَّا",
        "global_word_sequence_number": 73336,
        "global_verse_sequence_number": 5372
    },
    {
        "chapter": 69,
        "verse": 49,
        "juz": 29,
        "hizb": 227,
        "manzil": 7,
        "ruku": 501,
        "word_number_in_verse": 2,
        "language_code": "en",
        "text": "surely know",
        "root_word": "لَنَعۡلَمُ",
        "global_word_sequence_number": 73337,
        "global_verse_sequence_number": 5372
    },
    {
        "chapter": 69,
        "verse": 49,
        "juz": 29,
        "hizb": 227,
        "manzil": 7,
        "ruku": 501,
        "word_number_in_verse": 3,
        "language_code": "en",
        "text": "that",
        "root_word": "أَنَّ",
        "global_word_sequence_number": 73338,
        "global_verse_sequence_number": 5372
    },
    {
        "chapter": 69,
        "verse": 49,
        "juz": 29,
        "hizb": 227,
        "manzil": 7,
        "ruku": 501,
        "word_number_in_verse": 4,
        "language_code": "en",
        "text": "among you",
        "root_word": "مِنكُم",
        "global_word_sequence_number": 73339,
        "global_verse_sequence_number": 5372
    },
    {
        "chapter": 69,
        "verse": 49,
        "juz": 29,
        "hizb": 227,
        "manzil": 7,
        "ruku": 501,
        "word_number_in_verse": 5,
        "language_code": "en",
        "text": "(are) deniers",
        "root_word": "مُّكَذِّبِينَ",
        "global_word_sequence_number": 73340,
        "global_verse_sequence_number": 5372
    },
    {
        "chapter": 69,
        "verse": 50,
        "juz": 29,
        "hizb": 227,
        "manzil": 7,
        "ruku": 501,
        "word_number_in_verse": 1,
        "language_code": "en",
        "text": "And indeed it",
        "root_word": "وَإِنَّهُۥ",
        "global_word_sequence_number": 73341,
        "global_verse_sequence_number": 5373
    },
    {
        "chapter": 69,
        "verse": 50,
        "juz": 29,
        "hizb": 227,
        "manzil": 7,
        "ruku": 501,
        "word_number_in_verse": 2,
        "language_code": "en",
        "text": "(is) surely a regret",
        "root_word": "لَحَسۡرَةٌ",
        "global_word_sequence_number": 73342,
        "global_verse_sequence_number": 5373
    },
    {
        "chapter": 69,
        "verse": 50,
        "juz": 29,
        "hizb": 227,
        "manzil": 7,
        "ruku": 501,
        "word_number_in_verse": 3,
        "language_code": "en",
        "text": "upon",
        "root_word": "عَلَى",
        "global_word_sequence_number": 73343,
        "global_verse_sequence_number": 5373
    },
    {
        "chapter": 69,
        "verse": 50,
        "juz": 29,
        "hizb": 227,
        "manzil": 7,
        "ruku": 501,
        "word_number_in_verse": 4,
        "language_code": "en",
        "text": "the disbelievers",
        "root_word": "الۡكَٰفِرِينَ",
        "global_word_sequence_number": 73344,
        "global_verse_sequence_number": 5373
    },
    {
        "chapter": 69,
        "verse": 51,
        "juz": 29,
        "hizb": 227,
        "manzil": 7,
        "ruku": 501,
        "word_number_in_verse": 1,
        "language_code": "en",
        "text": "And indeed it (is)",
        "root_word": "وَإِنَّهُۥ",
        "global_word_sequence_number": 73345,
        "global_verse_sequence_number": 5374
    },
    {
        "chapter": 69,
        "verse": 51,
        "juz": 29,
        "hizb": 227,
        "manzil": 7,
        "ruku": 501,
        "word_number_in_verse": 2,
        "language_code": "en",
        "text": "surely (the) truth",
        "root_word": "لَحَقُّ",
        "global_word_sequence_number": 73346,
        "global_verse_sequence_number": 5374
    },
    {
        "chapter": 69,
        "verse": 51,
        "juz": 29,
        "hizb": 227,
        "manzil": 7,
        "ruku": 501,
        "word_number_in_verse": 3,
        "language_code": "en",
        "text": "(of) certainty",
        "root_word": "الۡيَقِينِ",
        "global_word_sequence_number": 73347,
        "global_verse_sequence_number": 5374
    },
    {
        "chapter": 69,
        "verse": 52,
        "juz": 29,
        "hizb": 227,
        "manzil": 7,
        "ruku": 501,
        "word_number_in_verse": 1,
        "language_code": "en",
        "text": "So glorify",
        "root_word": "فَسَبِّحۡ",
        "global_word_sequence_number": 73348,
        "global_verse_sequence_number": 5375
    },
    {
        "chapter": 69,
        "verse": 52,
        "juz": 29,
        "hizb": 227,
        "manzil": 7,
        "ruku": 501,
        "word_number_in_verse": 2,
        "language_code": "en",
        "text": "(the) name",
        "root_word": "بِاسۡمِ",
        "global_word_sequence_number": 73349,
        "global_verse_sequence_number": 5375
    },
    {
        "chapter": 69,
        "verse": 52,
        "juz": 29,
        "hizb": 227,
        "manzil": 7,
        "ruku": 501,
        "word_number_in_verse": 3,
        "language_code": "en",
        "text": "(of) your Lord",
        "root_word": "رَبِّكَ",
        "global_word_sequence_number": 73350,
        "global_verse_sequence_number": 5375
    },
    {
        "chapter": 69,
        "verse": 52,
        "juz": 29,
        "hizb": 227,
        "manzil": 7,
        "ruku": 501,
        "word_number_in_verse": 4,
        "language_code": "en",
        "text": "the Most Great",
        "root_word": "الۡعَظِيمِ",
        "global_word_sequence_number": 73351,
        "global_verse_sequence_number": 5375
    }
]