[
    {
        "chapter": 70,
        "verse": 1,
        "juz": 29,
        "hizb": 227,
        "manzil": 7,
        "ruku": 502,
        "word_number_in_verse": 1,
        "language_code": "en",
        "text": "Asked",
        "root_word": "سَأَلَ",
        "global_word_sequence_number": 73352,
        "global_verse_sequence_number": 5376
    },
    {
        "chapter": 70,
        "verse": 1,
        "juz": 29,
        "hizb": 227,
        "manzil": 7,
        "ruku": 502,
        "word_number_in_verse": 2,
        "language_code": "en",
        "text": "a questioner",
        "root_word": "سَآئِلُۢ",
        "global_word_sequence_number": 73353,
        "global_verse_sequence_number": 5376
    },
    {
        "chapter": 70,
        "verse": 1,
        "juz": 29,
        "hizb": 227,
        "manzil": 7,
        "ruku": 502,
        "word_number_in_verse": 3,
        "language_code": "en",
        "text": "about a punishment",
        "root_word": "بِعَذَابٖ",
        "global_word_sequence_number": 73354,
        "global_verse_sequence_number": 5376
    },
    {
        "chapter": 70,
        "verse": 1,
        "juz": 29,
        "hizb": 227,
        "manzil": 7,
        "ruku": 502,
        "word_number_in_verse": 4,
        "language_code": "en",
        "text": "bound to happen",
        "root_word": "وَاقِعٖ",
        "global_word_sequence_number": 73355,
        "global_verse_sequence_number": 5376
    },
    {
        "chapter": 70,
        "verse": 2,
        "juz": 29,
        "hizb": 227,
        "manzil": 7,
        "ruku": 502,
        "word_number_in_verse": 1,
        "language_code": "en",
        "text": "To the disbelievers",
        "root_word": "لِّلۡكَٰفِرِينَ",
        "global_word_sequence_number": 73356,
        "global_verse_sequence_number": 5377
    },
    {
        "chapter": 70,
        "verse": 2,
        "juz": 29,
        "hizb": 227,
        "manzil": 7,
        "ruku": 502,
        "word_number_in_verse": 2,
        "language_code": "en",
        "text": "not",
        "root_word": "لَيۡسَ",
        "global_word_sequence_number": 73357,
        "global_verse_sequence_number": 5377
    },
    {
        "chapter": 70,
        "verse": 2,
        "juz": 29,
        "hizb": 227,
        "manzil": 7,
        "ruku": 502,
        "word_number_in_verse": 3,
        "language_code": "en",
        "text": "of it",
        "root_word": "لَهُۥ",
        "global_word_sequence_number": 73358,
        "global_verse_sequence_number": 5377
    },
    {
        "chapter": 70,
        "verse": 2,
        "juz": 29,
        "hizb": 227,
        "manzil": 7,
        "ruku": 502,
        "word_number_in_verse": 4,
        "language_code": "en",
        "text": "any preventer",
        "root_word": "دَافِعٞ",
        "global_word_sequence_number": 73359,
        "global_verse_sequence_number": 5377
    },
    {
        "chapter": 70,
        "verse": 3,
        "juz": 29,
        "hizb": 227,
        "manzil": 7,
        "ruku": 502,
        "word_number_in_verse": 1,
        "language_code": "en",
        "text": "From",
        "root_word": "مِّنَ",
        "global_word_sequence_number": 73360,
        "global_verse_sequence_number": 5378
    },
    {
        "chapter": 70,
        "verse": 3,
        "juz": 29,
        "hizb": 227,
        "manzil": 7,
        "ruku": 502,
        "word_number_in_verse": 2,
        "language_code": "en",
        "text": "Allah",
        "root_word": "اللَّهِ",
        "global_word_sequence_number": 73361,
        "global_verse_sequence_number": 5378
    },
    {
        "chapter": 70,
        "verse": 3,
        "juz": 29,
        "hizb": 227,
        "manzil": 7,
        "ruku": 502,
        "word_number_in_verse": 3,
        "language_code": "en",
        "text": "Owner",
        "root_word": "ذِي",
        "global_word_sequence_number": 73362,
        "global_verse_sequence_number": 5378
    },
    {
        "chapter": 70,
        "verse": 3,
        "juz": 29,
        "hizb": 227,
        "manzil": 7,
        "ruku": 502,
        "word_number_in_verse": 4,
        "language_code": "en",
        "text": "(of) the ways of ascent",
        "root_word": "الۡمَعَارِجِ",
        "global_word_sequence_number": 73363,
        "global_verse_sequence_number": 5378
    },
    {
        "chapter": 70,
        "verse": 4,
        "juz": 29,
        "hizb": 227,
        "manzil": 7,
        "ruku": 502,
        "word_number_in_verse": 1,
        "language_code": "en",
        "text": "Ascend",
        "root_word": "تَعۡرُجُ",
        "global_word_sequence_number": 73364,
        "global_verse_sequence_number": 5379
    },
    {
        "chapter": 70,
        "verse": 4,
        "juz": 29,
        "hizb": 227,
        "manzil": 7,
        "ruku": 502,
        "word_number_in_verse": 2,
        "language_code": "en",
        "text": "the Angels",
        "root_word": "الۡمَلَٰٓئِكَةُ",
        "global_word_sequence_number": 73365,
        "global_verse_sequence_number": 5379
    },
    {
        "chapter": 70,
        "verse": 4,
        "juz": 29,
        "hizb": 227,
        "manzil": 7,
        "ruku": 502,
        "word_number_in_verse": 3,
        "language_code": "en",
        "text": "and the Spirit",
        "root_word": "وَالرُّوحُ",
        "global_word_sequence_number": 73366,
        "global_verse_sequence_number": 5379
    },
    {
        "chapter": 70,
        "verse": 4,
        "juz": 29,
        "hizb": 227,
        "manzil": 7,
        "ruku": 502,
        "word_number_in_verse": 4,
        "language_code": "en",
        "text": "to Him",
        "root_word": "إِلَيۡهِ",
        "global_word_sequence_number": 73367,
        "global_verse_sequence_number": 5379
    },
    {
        "chapter": 70,
        "verse": 4,
        "juz": 29,
        "hizb": 227,
        "manzil": 7,
        "ruku": 502,
        "word_number_in_verse": 5,
        "language_code": "en",
        "text": "in",
        "root_word": "فِي",
        "global_word_sequence_number": 73368,
        "global_verse_sequence_number": 5379
    },
    {
        "chapter": 70,
        "verse": 4,
        "juz": 29,
        "hizb": 227,
        "manzil": 7,
        "ruku": 502,
        "word_number_in_verse": 6,
        "language_code": "en",
        "text": "a Day",
        "root_word": "يَوۡمٖ",
        "global_word_sequence_number": 73369,
        "global_verse_sequence_number": 5379
    },
    {
        "chapter": 70,
        "verse": 4,
        "juz": 29,
        "hizb": 227,
        "manzil": 7,
        "ruku": 502,
        "word_number_in_verse": 7,
        "language_code": "en",
        "text": "[is]",
        "root_word": "كَانَ",
        "global_word_sequence_number": 73370,
        "global_verse_sequence_number": 5379
    },
    {
        "chapter": 70,
        "verse": 4,
        "juz": 29,
        "hizb": 227,
        "manzil": 7,
        "ruku": 502,
        "word_number_in_verse": 8,
        "language_code": "en",
        "text": "its measure",
        "root_word": "مِقۡدَارُهُۥ",
        "global_word_sequence_number": 73371,
        "global_verse_sequence_number": 5379
    },
    {
        "chapter": 70,
        "verse": 4,
        "juz": 29,
        "hizb": 227,
        "manzil": 7,
        "ruku": 502,
        "word_number_in_verse": 9,
        "language_code": "en",
        "text": "(is) fifty",
        "root_word": "خَمۡسِينَ",
        "global_word_sequence_number": 73372,
        "global_verse_sequence_number": 5379
    },
    {
        "chapter": 70,
        "verse": 4,
        "juz": 29,
        "hizb": 227,
        "manzil": 7,
        "ruku": 502,
        "word_number_in_verse": 10,
        "language_code": "en",
        "text": "thousand",
        "root_word": "أَلۡفَ",
        "global_word_sequence_number": 73373,
        "global_verse_sequence_number": 5379
    },
    {
        "chapter": 70,
        "verse": 4,
        "juz": 29,
        "hizb": 227,
        "manzil": 7,
        "ruku": 502,
        "word_number_in_verse": 11,
        "language_code": "en",
        "text": "year(s)",
        "root_word": "سَنَةٖ",
        "global_word_sequence_number": 73374,
        "global_verse_sequence_number": 5379
    },
    {
        "chapter": 70,
        "verse": 5,
        "juz": 29,
        "hizb": 227,
        "manzil": 7,
        "ruku": 502,
        "word_number_in_verse": 1,
        "language_code": "en",
        "text": "So be patient",
        "root_word": "فَاصۡبِرۡ",
        "global_word_sequence_number": 73375,
        "global_verse_sequence_number": 5380
    },
    {
        "chapter": 70,
        "verse": 5,
        "juz": 29,
        "hizb": 227,
        "manzil": 7,
        "ruku": 502,
        "word_number_in_verse": 2,
        "language_code": "en",
        "text": "a patience",
        "root_word": "صَبۡرٗا",
        "global_word_sequence_number": 73376,
        "global_verse_sequence_number": 5380
    },
    {
        "chapter": 70,
        "verse": 5,
        "juz": 29,
        "hizb": 227,
        "manzil": 7,
        "ruku": 502,
        "word_number_in_verse": 3,
        "language_code": "en",
        "text": "good",
        "root_word": "جَمِيلًا",
        "global_word_sequence_number": 73377,
        "global_verse_sequence_number": 5380
    },
    {
        "chapter": 70,
        "verse": 6,
        "juz": 29,
        "hizb": 227,
        "manzil": 7,
        "ruku": 502,
        "word_number_in_verse": 1,
        "language_code": "en",
        "text": "Indeed they",
        "root_word": "إِنَّهُمۡ",
        "global_word_sequence_number": 73378,
        "global_verse_sequence_number": 5381
    },
    {
        "chapter": 70,
        "verse": 6,
        "juz": 29,
        "hizb": 227,
        "manzil": 7,
        "ruku": 502,
        "word_number_in_verse": 2,
        "language_code": "en",
        "text": "see it",
        "root_word": "يَرَوۡنَهُۥ",
        "global_word_sequence_number": 73379,
        "global_verse_sequence_number": 5381
    },
    {
        "chapter": 70,
        "verse": 6,
        "juz": 29,
        "hizb": 227,
        "manzil": 7,
        "ruku": 502,
        "word_number_in_verse": 3,
        "language_code": "en",
        "text": "(as) far off",
        "root_word": "بَعِيدٗا",
        "global_word_sequence_number": 73380,
        "global_verse_sequence_number": 5381
    },
    {
        "chapter": 70,
        "verse": 7,
        "juz": 29,
        "hizb": 227,
        "manzil": 7,
        "ruku": 502,
        "word_number_in_verse": 1,
        "language_code": "en",
        "text": "But We see it",
        "root_word": "وَنَرَىٰهُ",
        "global_word_sequence_number": 73381,
        "global_verse_sequence_number": 5382
    },
    {
        "chapter": 70,
        "verse": 7,
        "juz": 29,
        "hizb": 227,
        "manzil": 7,
        "ruku": 502,
        "word_number_in_verse": 2,
        "language_code": "en",
        "text": "near",
        "root_word": "قَرِيبٗا",
        "global_word_sequence_number": 73382,
        "global_verse_sequence_number": 5382
    },
    {
        "chapter": 70,
        "verse": 8,
        "juz": 29,
        "hizb": 227,
        "manzil": 7,
        "ruku": 502,
        "word_number_in_verse": 1,
        "language_code": "en",
        "text": "(The) Day",
        "root_word": "يَوۡمَ",
        "global_word_sequence_number": 73383,
        "global_verse_sequence_number": 5383
    },
    {
        "chapter": 70,
        "verse": 8,
        "juz": 29,
        "hizb": 227,
        "manzil": 7,
        "ruku": 502,
        "word_number_in_verse": 2,
        "language_code": "en",
        "text": "will be",
        "root_word": "تَكُونُ",
        "global_word_sequence_number": 73384,
        "global_verse_sequence_number": 5383
    },
    {
        "chapter": 70,
        "verse": 8,
        "juz": 29,
        "hizb": 227,
        "manzil": 7,
        "ruku": 502,
        "word_number_in_verse": 3,
        "language_code": "en",
        "text": "the sky",
        "root_word": "السَّمَآءُ",
        "global_word_sequence_number": 73385,
        "global_verse_sequence_number": 5383
    },
    {
        "chapter": 70,
        "verse": 8,
        "juz": 29,
        "hizb": 227,
        "manzil": 7,
        "ruku": 502,
        "word_number_in_verse": 4,
        "language_code": "en",
        "text": "like molten copper",
        "root_word": "كَالۡمُهۡلِ",
        "global_word_sequence_number": 73386,
        "global_verse_sequence_number": 5383
    },
    {
        "chapter": 70,
        "verse": 9,
        "juz": 29,
        "hizb": 227,
        "manzil": 7,
        "ruku": 502,
        "word_number_in_verse": 1,
        "language_code": "en",
        "text": "And will be",
        "root_word": "وَتَكُونُ",
        "global_word_sequence_number": 73387,
        "global_verse_sequence_number": 5384
    },
    {
        "chapter": 70,
        "verse": 9,
        "juz": 29,
        "hizb": 227,
        "manzil": 7,
        "ruku": 502,
        "word_number_in_verse": 2,
        "language_code": "en",
        "text": "the mountains",
        "root_word": "الۡجِبَالُ",
        "global_word_sequence_number": 73388,
        "global_verse_sequence_number": 5384
    },
    {
        "chapter": 70,
        "verse": 9,
        "juz": 29,
        "hizb": 227,
        "manzil": 7,
        "ruku": 502,
        "word_number_in_verse": 3,
        "language_code": "en",
        "text": "like wool",
        "root_word": "كَالۡعِهۡنِ",
        "global_word_sequence_number": 73389,
        "global_verse_sequence_number": 5384
    },
    {
        "chapter": 70,
        "verse": 10,
        "juz": 29,
        "hizb": 227,
        "manzil": 7,
        "ruku": 502,
        "word_number_in_verse": 1,
        "language_code": "en",
        "text": "And not",
        "root_word": "وَلَا",
        "global_word_sequence_number": 73390,
        "global_verse_sequence_number": 5385
    },
    {
        "chapter": 70,
        "verse": 10,
        "juz": 29,
        "hizb": 227,
        "manzil": 7,
        "ruku": 502,
        "word_number_in_verse": 2,
        "language_code": "en",
        "text": "will ask",
        "root_word": "يَسۡـَٔلُ",
        "global_word_sequence_number": 73391,
        "global_verse_sequence_number": 5385
    },
    {
        "chapter": 70,
        "verse": 10,
        "juz": 29,
        "hizb": 227,
        "manzil": 7,
        "ruku": 502,
        "word_number_in_verse": 3,
        "language_code": "en",
        "text": "a friend",
        "root_word": "حَمِيمٌ",
        "global_word_sequence_number": 73392,
        "global_verse_sequence_number": 5385
    },
    {
        "chapter": 70,
        "verse": 10,
        "juz": 29,
        "hizb": 227,
        "manzil": 7,
        "ruku": 502,
        "word_number_in_verse": 4,
        "language_code": "en",
        "text": "(about) a friend",
        "root_word": "حَمِيمٗا",
        "global_word_sequence_number": 73393,
        "global_verse_sequence_number": 5385
    },
    {
        "chapter": 70,
        "verse": 11,
        "juz": 29,
        "hizb": 227,
        "manzil": 7,
        "ruku": 502,
        "word_number_in_verse": 1,
        "language_code": "en",
        "text": "They will be made to see each other",
        "root_word": "يُبَصَّرُونَهُمۡۚ",
        "global_word_sequence_number": 73394,
        "global_verse_sequence_number": 5386
    },
    {
        "chapter": 70,
        "verse": 11,
        "juz": 29,
        "hizb": 227,
        "manzil": 7,
        "ruku": 502,
        "word_number_in_verse": 2,
        "language_code": "en",
        "text": "Would wish",
        "root_word": "يَوَدُّ",
        "global_word_sequence_number": 73395,
        "global_verse_sequence_number": 5386
    },
    {
        "chapter": 70,
        "verse": 11,
        "juz": 29,
        "hizb": 227,
        "manzil": 7,
        "ruku": 502,
        "word_number_in_verse": 3,
        "language_code": "en",
        "text": "the criminal",
        "root_word": "الۡمُجۡرِمُ",
        "global_word_sequence_number": 73396,
        "global_verse_sequence_number": 5386
    },
    {
        "chapter": 70,
        "verse": 11,
        "juz": 29,
        "hizb": 227,
        "manzil": 7,
        "ruku": 502,
        "word_number_in_verse": 4,
        "language_code": "en",
        "text": "if",
        "root_word": "لَوۡ",
        "global_word_sequence_number": 73397,
        "global_verse_sequence_number": 5386
    },
    {
        "chapter": 70,
        "verse": 11,
        "juz": 29,
        "hizb": 227,
        "manzil": 7,
        "ruku": 502,
        "word_number_in_verse": 5,
        "language_code": "en",
        "text": "he (could be) ransomed",
        "root_word": "يَفۡتَدِي",
        "global_word_sequence_number": 73398,
        "global_verse_sequence_number": 5386
    },
    {
        "chapter": 70,
        "verse": 11,
        "juz": 29,
        "hizb": 227,
        "manzil": 7,
        "ruku": 502,
        "word_number_in_verse": 6,
        "language_code": "en",
        "text": "from",
        "root_word": "مِنۡ",
        "global_word_sequence_number": 73399,
        "global_verse_sequence_number": 5386
    },
    {
        "chapter": 70,
        "verse": 11,
        "juz": 29,
        "hizb": 227,
        "manzil": 7,
        "ruku": 502,
        "word_number_in_verse": 7,
        "language_code": "en",
        "text": "(the) punishment",
        "root_word": "عَذَابِ",
        "global_word_sequence_number": 73400,
        "global_verse_sequence_number": 5386
    },
    {
        "chapter": 70,
        "verse": 11,
        "juz": 29,
        "hizb": 227,
        "manzil": 7,
        "ruku": 502,
        "word_number_in_verse": 8,
        "language_code": "en",
        "text": "(of) that Day",
        "root_word": "يَوۡمِئِذِۭ",
        "global_word_sequence_number": 73401,
        "global_verse_sequence_number": 5386
    },
    {
        "chapter": 70,
        "verse": 11,
        "juz": 29,
        "hizb": 227,
        "manzil": 7,
        "ruku": 502,
        "word_number_in_verse": 9,
        "language_code": "en",
        "text": "by his children",
        "root_word": "بِبَنِيهِ",
        "global_word_sequence_number": 73402,
        "global_verse_sequence_number": 5386
    },
    {
        "chapter": 70,
        "verse": 12,
        "juz": 29,
        "hizb": 227,
        "manzil": 7,
        "ruku": 502,
        "word_number_in_verse": 1,
        "language_code": "en",
        "text": "And his spouse",
        "root_word": "وَصَٰحِبَتِهِۦ",
        "global_word_sequence_number": 73403,
        "global_verse_sequence_number": 5387
    },
    {
        "chapter": 70,
        "verse": 12,
        "juz": 29,
        "hizb": 227,
        "manzil": 7,
        "ruku": 502,
        "word_number_in_verse": 2,
        "language_code": "en",
        "text": "and his brother",
        "root_word": "وَأَخِيهِ",
        "global_word_sequence_number": 73404,
        "global_verse_sequence_number": 5387
    },
    {
        "chapter": 70,
        "verse": 13,
        "juz": 29,
        "hizb": 227,
        "manzil": 7,
        "ruku": 502,
        "word_number_in_verse": 1,
        "language_code": "en",
        "text": "And his nearest kindred",
        "root_word": "وَفَصِيلَتِهِ",
        "global_word_sequence_number": 73405,
        "global_verse_sequence_number": 5388
    },
    {
        "chapter": 70,
        "verse": 13,
        "juz": 29,
        "hizb": 227,
        "manzil": 7,
        "ruku": 502,
        "word_number_in_verse": 2,
        "language_code": "en",
        "text": "who",
        "root_word": "الَّتِي",
        "global_word_sequence_number": 73406,
        "global_verse_sequence_number": 5388
    },
    {
        "chapter": 70,
        "verse": 13,
        "juz": 29,
        "hizb": 227,
        "manzil": 7,
        "ruku": 502,
        "word_number_in_verse": 3,
        "language_code": "en",
        "text": "sheltered him",
        "root_word": "تُـٔۡوِيهِ",
        "global_word_sequence_number": 73407,
        "global_verse_sequence_number": 5388
    },
    {
        "chapter": 70,
        "verse": 14,
        "juz": 29,
        "hizb": 227,
        "manzil": 7,
        "ruku": 502,
        "word_number_in_verse": 1,
        "language_code": "en",
        "text": "And whoever",
        "root_word": "وَمَن",
        "global_word_sequence_number": 73408,
        "global_verse_sequence_number": 5389
    },
    {
        "chapter": 70,
        "verse": 14,
        "juz": 29,
        "hizb": 227,
        "manzil": 7,
        "ruku": 502,
        "word_number_in_verse": 2,
        "language_code": "en",
        "text": "(is) on",
        "root_word": "فِي",
        "global_word_sequence_number": 73409,
        "global_verse_sequence_number": 5389
    },
    {
        "chapter": 70,
        "verse": 14,
        "juz": 29,
        "hizb": 227,
        "manzil": 7,
        "ruku": 502,
        "word_number_in_verse": 3,
        "language_code": "en",
        "text": "the earth",
        "root_word": "الۡأَرۡضِ",
        "global_word_sequence_number": 73410,
        "global_verse_sequence_number": 5389
    },
    {
        "chapter": 70,
        "verse": 14,
        "juz": 29,
        "hizb": 227,
        "manzil": 7,
        "ruku": 502,
        "word_number_in_verse": 4,
        "language_code": "en",
        "text": "all",
        "root_word": "جَمِيعٗا",
        "global_word_sequence_number": 73411,
        "global_verse_sequence_number": 5389
    },
    {
        "chapter": 70,
        "verse": 14,
        "juz": 29,
        "hizb": 227,
        "manzil": 7,
        "ruku": 502,
        "word_number_in_verse": 5,
        "language_code": "en",
        "text": "then",
        "root_word": "ثُمَّ",
        "global_word_sequence_number": 73412,
        "global_verse_sequence_number": 5389
    },
    {
        "chapter": 70,
        "verse": 14,
        "juz": 29,
        "hizb": 227,
        "manzil": 7,
        "ruku": 502,
        "word_number_in_verse": 6,
        "language_code": "en",
        "text": "it (could) save him",
        "root_word": "يُنجِيهِ",
        "global_word_sequence_number": 73413,
        "global_verse_sequence_number": 5389
    },
    {
        "chapter": 70,
        "verse": 15,
        "juz": 29,
        "hizb": 227,
        "manzil": 7,
        "ruku": 502,
        "word_number_in_verse": 1,
        "language_code": "en",
        "text": "By no means",
        "root_word": "كـَلَّآۖ",
        "global_word_sequence_number": 73414,
        "global_verse_sequence_number": 5390
    },
    {
        "chapter": 70,
        "verse": 15,
        "juz": 29,
        "hizb": 227,
        "manzil": 7,
        "ruku": 502,
        "word_number_in_verse": 2,
        "language_code": "en",
        "text": "Indeed it (is)",
        "root_word": "إِنَّهَا",
        "global_word_sequence_number": 73415,
        "global_verse_sequence_number": 5390
    },
    {
        "chapter": 70,
        "verse": 15,
        "juz": 29,
        "hizb": 227,
        "manzil": 7,
        "ruku": 502,
        "word_number_in_verse": 3,
        "language_code": "en",
        "text": "surely a Flame of Hell",
        "root_word": "لَظَىٰ",
        "global_word_sequence_number": 73416,
        "global_verse_sequence_number": 5390
    },
    {
        "chapter": 70,
        "verse": 16,
        "juz": 29,
        "hizb": 227,
        "manzil": 7,
        "ruku": 502,
        "word_number_in_verse": 1,
        "language_code": "en",
        "text": "A remover",
        "root_word": "نَزَّاعَةٗ",
        "global_word_sequence_number": 73417,
        "global_verse_sequence_number": 5391
    },
    {
        "chapter": 70,
        "verse": 16,
        "juz": 29,
        "hizb": 227,
        "manzil": 7,
        "ruku": 502,
        "word_number_in_verse": 2,
        "language_code": "en",
        "text": "of the skin of the head",
        "root_word": "لِّلشَّوَىٰ",
        "global_word_sequence_number": 73418,
        "global_verse_sequence_number": 5391
    },
    {
        "chapter": 70,
        "verse": 17,
        "juz": 29,
        "hizb": 227,
        "manzil": 7,
        "ruku": 502,
        "word_number_in_verse": 1,
        "language_code": "en",
        "text": "Inviting",
        "root_word": "تَدۡعُواْ",
        "global_word_sequence_number": 73419,
        "global_verse_sequence_number": 5392
    },
    {
        "chapter": 70,
        "verse": 17,
        "juz": 29,
        "hizb": 227,
        "manzil": 7,
        "ruku": 502,
        "word_number_in_verse": 2,
        "language_code": "en",
        "text": "(him) who",
        "root_word": "مَنۡ",
        "global_word_sequence_number": 73420,
        "global_verse_sequence_number": 5392
    },
    {
        "chapter": 70,
        "verse": 17,
        "juz": 29,
        "hizb": 227,
        "manzil": 7,
        "ruku": 502,
        "word_number_in_verse": 3,
        "language_code": "en",
        "text": "turned his back",
        "root_word": "أَدۡبَرَ",
        "global_word_sequence_number": 73421,
        "global_verse_sequence_number": 5392
    },
    {
        "chapter": 70,
        "verse": 17,
        "juz": 29,
        "hizb": 227,
        "manzil": 7,
        "ruku": 502,
        "word_number_in_verse": 4,
        "language_code": "en",
        "text": "and went away",
        "root_word": "وَتَوَلَّىٰ",
        "global_word_sequence_number": 73422,
        "global_verse_sequence_number": 5392
    },
    {
        "chapter": 70,
        "verse": 18,
        "juz": 29,
        "hizb": 227,
        "manzil": 7,
        "ruku": 502,
        "word_number_in_verse": 1,
        "language_code": "en",
        "text": "And collected",
        "root_word": "وَجَمَعَ",
        "global_word_sequence_number": 73423,
        "global_verse_sequence_number": 5393
    },
    {
        "chapter": 70,
        "verse": 18,
        "juz": 29,
        "hizb": 227,
        "manzil": 7,
        "ruku": 502,
        "word_number_in_verse": 2,
        "language_code": "en",
        "text": "and hoarded",
        "root_word": "فَأَوۡعَىٰٓ",
        "global_word_sequence_number": 73424,
        "global_verse_sequence_number": 5393
    },
    {
        "chapter": 70,
        "verse": 19,
        "juz": 29,
        "hizb": 228,
        "manzil": 7,
        "ruku": 502,
        "word_number_in_verse": 1,
        "language_code": "en",
        "text": "Indeed",
        "root_word": "۞إِنَّ",
        "global_word_sequence_number": 73425,
        "global_verse_sequence_number": 5394
    },
    {
        "chapter": 70,
        "verse": 19,
        "juz": 29,
        "hizb": 228,
        "manzil": 7,
        "ruku": 502,
        "word_number_in_verse": 2,
        "language_code": "en",
        "text": "the man",
        "root_word": "الۡإِنسَٰنَ",
        "global_word_sequence_number": 73426,
        "global_verse_sequence_number": 5394
    },
    {
        "chapter": 70,
        "verse": 19,
        "juz": 29,
        "hizb": 228,
        "manzil": 7,
        "ruku": 502,
        "word_number_in_verse": 3,
        "language_code": "en",
        "text": "was created",
        "root_word": "خُلِقَ",
        "global_word_sequence_number": 73427,
        "global_verse_sequence_number": 5394
    },
    {
        "chapter": 70,
        "verse": 19,
        "juz": 29,
        "hizb": 228,
        "manzil": 7,
        "ruku": 502,
        "word_number_in_verse": 4,
        "language_code": "en",
        "text": "anxious",
        "root_word": "هَلُوعًا",
        "global_word_sequence_number": 73428,
        "global_verse_sequence_number": 5394
    },
    {
        "chapter": 70,
        "verse": 20,
        "juz": 29,
        "hizb": 228,
        "manzil": 7,
        "ruku": 502,
        "word_number_in_verse": 1,
        "language_code": "en",
        "text": "When",
        "root_word": "إِذَا",
        "global_word_sequence_number": 73429,
        "global_verse_sequence_number": 5395
    },
    {
        "chapter": 70,
        "verse": 20,
        "juz": 29,
        "hizb": 228,
        "manzil": 7,
        "ruku": 502,
        "word_number_in_verse": 2,
        "language_code": "en",
        "text": "touches him",
        "root_word": "مَسَّهُ",
        "global_word_sequence_number": 73430,
        "global_verse_sequence_number": 5395
    },
    {
        "chapter": 70,
        "verse": 20,
        "juz": 29,
        "hizb": 228,
        "manzil": 7,
        "ruku": 502,
        "word_number_in_verse": 3,
        "language_code": "en",
        "text": "the evil",
        "root_word": "الشَّرُّ",
        "global_word_sequence_number": 73431,
        "global_verse_sequence_number": 5395
    },
    {
        "chapter": 70,
        "verse": 20,
        "juz": 29,
        "hizb": 228,
        "manzil": 7,
        "ruku": 502,
        "word_number_in_verse": 4,
        "language_code": "en",
        "text": "distressed",
        "root_word": "جَزُوعٗا",
        "global_word_sequence_number": 73432,
        "global_verse_sequence_number": 5395
    },
    {
        "chapter": 70,
        "verse": 21,
        "juz": 29,
        "hizb": 228,
        "manzil": 7,
        "ruku": 502,
        "word_number_in_verse": 1,
        "language_code": "en",
        "text": "And when",
        "root_word": "وَإِذَا",
        "global_word_sequence_number": 73433,
        "global_verse_sequence_number": 5396
    },
    {
        "chapter": 70,
        "verse": 21,
        "juz": 29,
        "hizb": 228,
        "manzil": 7,
        "ruku": 502,
        "word_number_in_verse": 2,
        "language_code": "en",
        "text": "touches him",
        "root_word": "مَسَّهُ",
        "global_word_sequence_number": 73434,
        "global_verse_sequence_number": 5396
    },
    {
        "chapter": 70,
        "verse": 21,
        "juz": 29,
        "hizb": 228,
        "manzil": 7,
        "ruku": 502,
        "word_number_in_verse": 3,
        "language_code": "en",
        "text": "the good",
        "root_word": "الۡخَيۡرُ",
        "global_word_sequence_number": 73435,
        "global_verse_sequence_number": 5396
    },
    {
        "chapter": 70,
        "verse": 21,
        "juz": 29,
        "hizb": 228,
        "manzil": 7,
        "ruku": 502,
        "word_number_in_verse": 4,
        "language_code": "en",
        "text": "withholding",
        "root_word": "مَنُوعًا",
        "global_word_sequence_number": 73436,
        "global_verse_sequence_number": 5396
    },
    {
        "chapter": 70,
        "verse": 22,
        "juz": 29,
        "hizb": 228,
        "manzil": 7,
        "ruku": 502,
        "word_number_in_verse": 1,
        "language_code": "en",
        "text": "Except",
        "root_word": "إِلَّا",
        "global_word_sequence_number": 73437,
        "global_verse_sequence_number": 5397
    },
    {
        "chapter": 70,
        "verse": 22,
        "juz": 29,
        "hizb": 228,
        "manzil": 7,
        "ruku": 502,
        "word_number_in_verse": 2,
        "language_code": "en",
        "text": "those who pray",
        "root_word": "الۡمُصَلِّينَ",
        "global_word_sequence_number": 73438,
        "global_verse_sequence_number": 5397
    },
    {
        "chapter": 70,
        "verse": 23,
        "juz": 29,
        "hizb": 228,
        "manzil": 7,
        "ruku": 502,
        "word_number_in_verse": 1,
        "language_code": "en",
        "text": "Those who",
        "root_word": "الَّذِينَ",
        "global_word_sequence_number": 73439,
        "global_verse_sequence_number": 5398
    },
    {
        "chapter": 70,
        "verse": 23,
        "juz": 29,
        "hizb": 228,
        "manzil": 7,
        "ruku": 502,
        "word_number_in_verse": 2,
        "language_code": "en",
        "text": "[they]",
        "root_word": "هُمۡ",
        "global_word_sequence_number": 73440,
        "global_verse_sequence_number": 5398
    },
    {
        "chapter": 70,
        "verse": 23,
        "juz": 29,
        "hizb": 228,
        "manzil": 7,
        "ruku": 502,
        "word_number_in_verse": 3,
        "language_code": "en",
        "text": "at",
        "root_word": "عَلَىٰ",
        "global_word_sequence_number": 73441,
        "global_verse_sequence_number": 5398
    },
    {
        "chapter": 70,
        "verse": 23,
        "juz": 29,
        "hizb": 228,
        "manzil": 7,
        "ruku": 502,
        "word_number_in_verse": 4,
        "language_code": "en",
        "text": "their prayer",
        "root_word": "صَلَاتِهِمۡ",
        "global_word_sequence_number": 73442,
        "global_verse_sequence_number": 5398
    },
    {
        "chapter": 70,
        "verse": 23,
        "juz": 29,
        "hizb": 228,
        "manzil": 7,
        "ruku": 502,
        "word_number_in_verse": 5,
        "language_code": "en",
        "text": "(are) constant",
        "root_word": "دَآئِمُونَ",
        "global_word_sequence_number": 73443,
        "global_verse_sequence_number": 5398
    },
    {
        "chapter": 70,
        "verse": 24,
        "juz": 29,
        "hizb": 228,
        "manzil": 7,
        "ruku": 502,
        "word_number_in_verse": 1,
        "language_code": "en",
        "text": "And those who",
        "root_word": "وَالَّذِينَ",
        "global_word_sequence_number": 73444,
        "global_verse_sequence_number": 5399
    },
    {
        "chapter": 70,
        "verse": 24,
        "juz": 29,
        "hizb": 228,
        "manzil": 7,
        "ruku": 502,
        "word_number_in_verse": 2,
        "language_code": "en",
        "text": "in",
        "root_word": "فِيٓ",
        "global_word_sequence_number": 73445,
        "global_verse_sequence_number": 5399
    },
    {
        "chapter": 70,
        "verse": 24,
        "juz": 29,
        "hizb": 228,
        "manzil": 7,
        "ruku": 502,
        "word_number_in_verse": 3,
        "language_code": "en",
        "text": "their wealth",
        "root_word": "أَمۡوَٰلِهِمۡ",
        "global_word_sequence_number": 73446,
        "global_verse_sequence_number": 5399
    },
    {
        "chapter": 70,
        "verse": 24,
        "juz": 29,
        "hizb": 228,
        "manzil": 7,
        "ruku": 502,
        "word_number_in_verse": 4,
        "language_code": "en",
        "text": "(is) a right",
        "root_word": "حَقّٞ",
        "global_word_sequence_number": 73447,
        "global_verse_sequence_number": 5399
    },
    {
        "chapter": 70,
        "verse": 24,
        "juz": 29,
        "hizb": 228,
        "manzil": 7,
        "ruku": 502,
        "word_number_in_verse": 5,
        "language_code": "en",
        "text": "known",
        "root_word": "مَّعۡلُومٞ",
        "global_word_sequence_number": 73448,
        "global_verse_sequence_number": 5399
    },
    {
        "chapter": 70,
        "verse": 25,
        "juz": 29,
        "hizb": 228,
        "manzil": 7,
        "ruku": 502,
        "word_number_in_verse": 1,
        "language_code": "en",
        "text": "For the one who asks",
        "root_word": "لِّلسَّآئِلِ",
        "global_word_sequence_number": 73449,
        "global_verse_sequence_number": 5400
    },
    {
        "chapter": 70,
        "verse": 25,
        "juz": 29,
        "hizb": 228,
        "manzil": 7,
        "ruku": 502,
        "word_number_in_verse": 2,
        "language_code": "en",
        "text": "and the deprived",
        "root_word": "وَالۡمَحۡرُومِ",
        "global_word_sequence_number": 73450,
        "global_verse_sequence_number": 5400
    },
    {
        "chapter": 70,
        "verse": 26,
        "juz": 29,
        "hizb": 228,
        "manzil": 7,
        "ruku": 502,
        "word_number_in_verse": 1,
        "language_code": "en",
        "text": "And those who",
        "root_word": "وَالَّذِينَ",
        "global_word_sequence_number": 73451,
        "global_verse_sequence_number": 5401
    },
    {
        "chapter": 70,
        "verse": 26,
        "juz": 29,
        "hizb": 228,
        "manzil": 7,
        "ruku": 502,
        "word_number_in_verse": 2,
        "language_code": "en",
        "text": "accept (the) truth",
        "root_word": "يُصَدِّقُونَ",
        "global_word_sequence_number": 73452,
        "global_verse_sequence_number": 5401
    },
    {
        "chapter": 70,
        "verse": 26,
        "juz": 29,
        "hizb": 228,
        "manzil": 7,
        "ruku": 502,
        "word_number_in_verse": 3,
        "language_code": "en",
        "text": "(of the) Day",
        "root_word": "بِيَوۡمِ",
        "global_word_sequence_number": 73453,
        "global_verse_sequence_number": 5401
    },
    {
        "chapter": 70,
        "verse": 26,
        "juz": 29,
        "hizb": 228,
        "manzil": 7,
        "ruku": 502,
        "word_number_in_verse": 4,
        "language_code": "en",
        "text": "(of) the Judgment",
        "root_word": "الدِّينِ",
        "global_word_sequence_number": 73454,
        "global_verse_sequence_number": 5401
    },
    {
        "chapter": 70,
        "verse": 27,
        "juz": 29,
        "hizb": 228,
        "manzil": 7,
        "ruku": 502,
        "word_number_in_verse": 1,
        "language_code": "en",
        "text": "And those who",
        "root_word": "وَالَّذِينَ",
        "global_word_sequence_number": 73455,
        "global_verse_sequence_number": 5402
    },
    {
        "chapter": 70,
        "verse": 27,
        "juz": 29,
        "hizb": 228,
        "manzil": 7,
        "ruku": 502,
        "word_number_in_verse": 2,
        "language_code": "en",
        "text": "[they]",
        "root_word": "هُم",
        "global_word_sequence_number": 73456,
        "global_verse_sequence_number": 5402
    },
    {
        "chapter": 70,
        "verse": 27,
        "juz": 29,
        "hizb": 228,
        "manzil": 7,
        "ruku": 502,
        "word_number_in_verse": 3,
        "language_code": "en",
        "text": "of",
        "root_word": "مِّنۡ",
        "global_word_sequence_number": 73457,
        "global_verse_sequence_number": 5402
    },
    {
        "chapter": 70,
        "verse": 27,
        "juz": 29,
        "hizb": 228,
        "manzil": 7,
        "ruku": 502,
        "word_number_in_verse": 4,
        "language_code": "en",
        "text": "(the) punishment",
        "root_word": "عَذَابِ",
        "global_word_sequence_number": 73458,
        "global_verse_sequence_number": 5402
    },
    {
        "chapter": 70,
        "verse": 27,
        "juz": 29,
        "hizb": 228,
        "manzil": 7,
        "ruku": 502,
        "word_number_in_verse": 5,
        "language_code": "en",
        "text": "(of) their Lord",
        "root_word": "رَبِّهِم",
        "global_word_sequence_number": 73459,
        "global_verse_sequence_number": 5402
    },
    {
        "chapter": 70,
        "verse": 27,
        "juz": 29,
        "hizb": 228,
        "manzil": 7,
        "ruku": 502,
        "word_number_in_verse": 6,
        "language_code": "en",
        "text": "(are) fearful",
        "root_word": "مُّشۡفِقُونَ",
        "global_word_sequence_number": 73460,
        "global_verse_sequence_number": 5402
    },
    {
        "chapter": 70,
        "verse": 28,
        "juz": 29,
        "hizb": 228,
        "manzil": 7,
        "ruku": 502,
        "word_number_in_verse": 1,
        "language_code": "en",
        "text": "Indeed",
        "root_word": "إِنَّ",
        "global_word_sequence_number": 73461,
        "global_verse_sequence_number": 5403
    },
    {
        "chapter": 70,
        "verse": 28,
        "juz": 29,
        "hizb": 228,
        "manzil": 7,
        "ruku": 502,
        "word_number_in_verse": 2,
        "language_code": "en",
        "text": "(the) punishment",
        "root_word": "عَذَابَ",
        "global_word_sequence_number": 73462,
        "global_verse_sequence_number": 5403
    },
    {
        "chapter": 70,
        "verse": 28,
        "juz": 29,
        "hizb": 228,
        "manzil": 7,
        "ruku": 502,
        "word_number_in_verse": 3,
        "language_code": "en",
        "text": "(of) your Lord",
        "root_word": "رَبِّهِمۡ",
        "global_word_sequence_number": 73463,
        "global_verse_sequence_number": 5403
    },
    {
        "chapter": 70,
        "verse": 28,
        "juz": 29,
        "hizb": 228,
        "manzil": 7,
        "ruku": 502,
        "word_number_in_verse": 4,
        "language_code": "en",
        "text": "(is) not",
        "root_word": "غَيۡرُ",
        "global_word_sequence_number": 73464,
        "global_verse_sequence_number": 5403
    },
    {
        "chapter": 70,
        "verse": 28,
        "juz": 29,
        "hizb": 228,
        "manzil": 7,
        "ruku": 502,
        "word_number_in_verse": 5,
        "language_code": "en",
        "text": "to be felt secure (of)",
        "root_word": "مَأۡمُونٖ",
        "global_word_sequence_number": 73465,
        "global_verse_sequence_number": 5403
    },
    {
        "chapter": 70,
        "verse": 29,
        "juz": 29,
        "hizb": 228,
        "manzil": 7,
        "ruku": 502,
        "word_number_in_verse": 1,
        "language_code": "en",
        "text": "And those who",
        "root_word": "وَالَّذِينَ",
        "global_word_sequence_number": 73466,
        "global_verse_sequence_number": 5404
    },
    {
        "chapter": 70,
        "verse": 29,
        "juz": 29,
        "hizb": 228,
        "manzil": 7,
        "ruku": 502,
        "word_number_in_verse": 2,
        "language_code": "en",
        "text": "[they]",
        "root_word": "هُمۡ",
        "global_word_sequence_number": 73467,
        "global_verse_sequence_number": 5404
    },
    {
        "chapter": 70,
        "verse": 29,
        "juz": 29,
        "hizb": 228,
        "manzil": 7,
        "ruku": 502,
        "word_number_in_verse": 3,
        "language_code": "en",
        "text": "their modesty",
        "root_word": "لِفُرُوجِهِمۡ",
        "global_word_sequence_number": 73468,
        "global_verse_sequence_number": 5404
    },
    {
        "chapter": 70,
        "verse": 29,
        "juz": 29,
        "hizb": 228,
        "manzil": 7,
        "ruku": 502,
        "word_number_in_verse": 4,
        "language_code": "en",
        "text": "(are) guardians",
        "root_word": "حَٰفِظُونَ",
        "global_word_sequence_number": 73469,
        "global_verse_sequence_number": 5404
    },
    {
        "chapter": 70,
        "verse": 30,
        "juz": 29,
        "hizb": 228,
        "manzil": 7,
        "ruku": 502,
        "word_number_in_verse": 1,
        "language_code": "en",
        "text": "Except",
        "root_word": "إِلَّا",
        "global_word_sequence_number": 73470,
        "global_verse_sequence_number": 5405
    },
    {
        "chapter": 70,
        "verse": 30,
        "juz": 29,
        "hizb": 228,
        "manzil": 7,
        "ruku": 502,
        "word_number_in_verse": 2,
        "language_code": "en",
        "text": "from",
        "root_word": "عَلَىٰٓ",
        "global_word_sequence_number": 73471,
        "global_verse_sequence_number": 5405
    },
    {
        "chapter": 70,
        "verse": 30,
        "juz": 29,
        "hizb": 228,
        "manzil": 7,
        "ruku": 502,
        "word_number_in_verse": 3,
        "language_code": "en",
        "text": "their spouses",
        "root_word": "أَزۡوَٰجِهِمۡ",
        "global_word_sequence_number": 73472,
        "global_verse_sequence_number": 5405
    },
    {
        "chapter": 70,
        "verse": 30,
        "juz": 29,
        "hizb": 228,
        "manzil": 7,
        "ruku": 502,
        "word_number_in_verse": 4,
        "language_code": "en",
        "text": "or",
        "root_word": "أَوۡ",
        "global_word_sequence_number": 73473,
        "global_verse_sequence_number": 5405
    },
    {
        "chapter": 70,
        "verse": 30,
        "juz": 29,
        "hizb": 228,
        "manzil": 7,
        "ruku": 502,
        "word_number_in_verse": 5,
        "language_code": "en",
        "text": "what",
        "root_word": "مَا",
        "global_word_sequence_number": 73474,
        "global_verse_sequence_number": 5405
    },
    {
        "chapter": 70,
        "verse": 30,
        "juz": 29,
        "hizb": 228,
        "manzil": 7,
        "ruku": 502,
        "word_number_in_verse": 6,
        "language_code": "en",
        "text": "they possess",
        "root_word": "مَلَكَتۡ",
        "global_word_sequence_number": 73475,
        "global_verse_sequence_number": 5405
    },
    {
        "chapter": 70,
        "verse": 30,
        "juz": 29,
        "hizb": 228,
        "manzil": 7,
        "ruku": 502,
        "word_number_in_verse": 7,
        "language_code": "en",
        "text": "rightfully",
        "root_word": "أَيۡمَٰنُهُمۡ",
        "global_word_sequence_number": 73476,
        "global_verse_sequence_number": 5405
    },
    {
        "chapter": 70,
        "verse": 30,
        "juz": 29,
        "hizb": 228,
        "manzil": 7,
        "ruku": 502,
        "word_number_in_verse": 8,
        "language_code": "en",
        "text": "then indeed they",
        "root_word": "فَإِنَّهُمۡ",
        "global_word_sequence_number": 73477,
        "global_verse_sequence_number": 5405
    },
    {
        "chapter": 70,
        "verse": 30,
        "juz": 29,
        "hizb": 228,
        "manzil": 7,
        "ruku": 502,
        "word_number_in_verse": 9,
        "language_code": "en",
        "text": "(are) not",
        "root_word": "غَيۡرُ",
        "global_word_sequence_number": 73478,
        "global_verse_sequence_number": 5405
    },
    {
        "chapter": 70,
        "verse": 30,
        "juz": 29,
        "hizb": 228,
        "manzil": 7,
        "ruku": 502,
        "word_number_in_verse": 10,
        "language_code": "en",
        "text": "blameworthy",
        "root_word": "مَلُومِينَ",
        "global_word_sequence_number": 73479,
        "global_verse_sequence_number": 5405
    },
    {
        "chapter": 70,
        "verse": 31,
        "juz": 29,
        "hizb": 228,
        "manzil": 7,
        "ruku": 502,
        "word_number_in_verse": 1,
        "language_code": "en",
        "text": "But whoever",
        "root_word": "فَمَنِ",
        "global_word_sequence_number": 73480,
        "global_verse_sequence_number": 5406
    },
    {
        "chapter": 70,
        "verse": 31,
        "juz": 29,
        "hizb": 228,
        "manzil": 7,
        "ruku": 502,
        "word_number_in_verse": 2,
        "language_code": "en",
        "text": "seeks",
        "root_word": "ابۡتَغَىٰ",
        "global_word_sequence_number": 73481,
        "global_verse_sequence_number": 5406
    },
    {
        "chapter": 70,
        "verse": 31,
        "juz": 29,
        "hizb": 228,
        "manzil": 7,
        "ruku": 502,
        "word_number_in_verse": 3,
        "language_code": "en",
        "text": "beyond",
        "root_word": "وَرَآءَ",
        "global_word_sequence_number": 73482,
        "global_verse_sequence_number": 5406
    },
    {
        "chapter": 70,
        "verse": 31,
        "juz": 29,
        "hizb": 228,
        "manzil": 7,
        "ruku": 502,
        "word_number_in_verse": 4,
        "language_code": "en",
        "text": "that",
        "root_word": "ذَٰلِكَ",
        "global_word_sequence_number": 73483,
        "global_verse_sequence_number": 5406
    },
    {
        "chapter": 70,
        "verse": 31,
        "juz": 29,
        "hizb": 228,
        "manzil": 7,
        "ruku": 502,
        "word_number_in_verse": 5,
        "language_code": "en",
        "text": "then those",
        "root_word": "فَأُوْلَٰٓئِكَ",
        "global_word_sequence_number": 73484,
        "global_verse_sequence_number": 5406
    },
    {
        "chapter": 70,
        "verse": 31,
        "juz": 29,
        "hizb": 228,
        "manzil": 7,
        "ruku": 502,
        "word_number_in_verse": 6,
        "language_code": "en",
        "text": "[they]",
        "root_word": "هُمُ",
        "global_word_sequence_number": 73485,
        "global_verse_sequence_number": 5406
    },
    {
        "chapter": 70,
        "verse": 31,
        "juz": 29,
        "hizb": 228,
        "manzil": 7,
        "ruku": 502,
        "word_number_in_verse": 7,
        "language_code": "en",
        "text": "(are) the transgressors",
        "root_word": "الۡعَادُونَ",
        "global_word_sequence_number": 73486,
        "global_verse_sequence_number": 5406
    },
    {
        "chapter": 70,
        "verse": 32,
        "juz": 29,
        "hizb": 228,
        "manzil": 7,
        "ruku": 502,
        "word_number_in_verse": 1,
        "language_code": "en",
        "text": "And those who",
        "root_word": "وَالَّذِينَ",
        "global_word_sequence_number": 73487,
        "global_verse_sequence_number": 5407
    },
    {
        "chapter": 70,
        "verse": 32,
        "juz": 29,
        "hizb": 228,
        "manzil": 7,
        "ruku": 502,
        "word_number_in_verse": 2,
        "language_code": "en",
        "text": "[they]",
        "root_word": "هُمۡ",
        "global_word_sequence_number": 73488,
        "global_verse_sequence_number": 5407
    },
    {
        "chapter": 70,
        "verse": 32,
        "juz": 29,
        "hizb": 228,
        "manzil": 7,
        "ruku": 502,
        "word_number_in_verse": 3,
        "language_code": "en",
        "text": "of their trusts",
        "root_word": "لِأَمَٰنَٰتِهِمۡ",
        "global_word_sequence_number": 73489,
        "global_verse_sequence_number": 5407
    },
    {
        "chapter": 70,
        "verse": 32,
        "juz": 29,
        "hizb": 228,
        "manzil": 7,
        "ruku": 502,
        "word_number_in_verse": 4,
        "language_code": "en",
        "text": "and their promise",
        "root_word": "وَعَهۡدِهِمۡ",
        "global_word_sequence_number": 73490,
        "global_verse_sequence_number": 5407
    },
    {
        "chapter": 70,
        "verse": 32,
        "juz": 29,
        "hizb": 228,
        "manzil": 7,
        "ruku": 502,
        "word_number_in_verse": 5,
        "language_code": "en",
        "text": "(are) observers",
        "root_word": "رَٰعُونَ",
        "global_word_sequence_number": 73491,
        "global_verse_sequence_number": 5407
    },
    {
        "chapter": 70,
        "verse": 33,
        "juz": 29,
        "hizb": 228,
        "manzil": 7,
        "ruku": 502,
        "word_number_in_verse": 1,
        "language_code": "en",
        "text": "And those who",
        "root_word": "وَالَّذِينَ",
        "global_word_sequence_number": 73492,
        "global_verse_sequence_number": 5408
    },
    {
        "chapter": 70,
        "verse": 33,
        "juz": 29,
        "hizb": 228,
        "manzil": 7,
        "ruku": 502,
        "word_number_in_verse": 2,
        "language_code": "en",
        "text": "[they]",
        "root_word": "هُم",
        "global_word_sequence_number": 73493,
        "global_verse_sequence_number": 5408
    },
    {
        "chapter": 70,
        "verse": 33,
        "juz": 29,
        "hizb": 228,
        "manzil": 7,
        "ruku": 502,
        "word_number_in_verse": 3,
        "language_code": "en",
        "text": "in their testimonies",
        "root_word": "بِشَهَٰدَٰتِهِمۡ",
        "global_word_sequence_number": 73494,
        "global_verse_sequence_number": 5408
    },
    {
        "chapter": 70,
        "verse": 33,
        "juz": 29,
        "hizb": 228,
        "manzil": 7,
        "ruku": 502,
        "word_number_in_verse": 4,
        "language_code": "en",
        "text": "stand firm",
        "root_word": "قَآئِمُونَ",
        "global_word_sequence_number": 73495,
        "global_verse_sequence_number": 5408
    },
    {
        "chapter": 70,
        "verse": 34,
        "juz": 29,
        "hizb": 228,
        "manzil": 7,
        "ruku": 502,
        "word_number_in_verse": 1,
        "language_code": "en",
        "text": "And those who",
        "root_word": "وَالَّذِينَ",
        "global_word_sequence_number": 73496,
        "global_verse_sequence_number": 5409
    },
    {
        "chapter": 70,
        "verse": 34,
        "juz": 29,
        "hizb": 228,
        "manzil": 7,
        "ruku": 502,
        "word_number_in_verse": 2,
        "language_code": "en",
        "text": "[they]",
        "root_word": "هُمۡ",
        "global_word_sequence_number": 73497,
        "global_verse_sequence_number": 5409
    },
    {
        "chapter": 70,
        "verse": 34,
        "juz": 29,
        "hizb": 228,
        "manzil": 7,
        "ruku": 502,
        "word_number_in_verse": 3,
        "language_code": "en",
        "text": "on",
        "root_word": "عَلَىٰ",
        "global_word_sequence_number": 73498,
        "global_verse_sequence_number": 5409
    },
    {
        "chapter": 70,
        "verse": 34,
        "juz": 29,
        "hizb": 228,
        "manzil": 7,
        "ruku": 502,
        "word_number_in_verse": 4,
        "language_code": "en",
        "text": "their prayer",
        "root_word": "صَلَاتِهِمۡ",
        "global_word_sequence_number": 73499,
        "global_verse_sequence_number": 5409
    },
    {
        "chapter": 70,
        "verse": 34,
        "juz": 29,
        "hizb": 228,
        "manzil": 7,
        "ruku": 502,
        "word_number_in_verse": 5,
        "language_code": "en",
        "text": "keep a guard",
        "root_word": "يُحَافِظُونَ",
        "global_word_sequence_number": 73500,
        "global_verse_sequence_number": 5409
    },
    {
        "chapter": 70,
        "verse": 35,
        "juz": 29,
        "hizb": 228,
        "manzil": 7,
        "ruku": 502,
        "word_number_in_verse": 1,
        "language_code": "en",
        "text": "Those",
        "root_word": "أُوْلَٰٓئِكَ",
        "global_word_sequence_number": 73501,
        "global_verse_sequence_number": 5410
    },
    {
        "chapter": 70,
        "verse": 35,
        "juz": 29,
        "hizb": 228,
        "manzil": 7,
        "ruku": 502,
        "word_number_in_verse": 2,
        "language_code": "en",
        "text": "(will be) in",
        "root_word": "فِي",
        "global_word_sequence_number": 73502,
        "global_verse_sequence_number": 5410
    },
    {
        "chapter": 70,
        "verse": 35,
        "juz": 29,
        "hizb": 228,
        "manzil": 7,
        "ruku": 502,
        "word_number_in_verse": 3,
        "language_code": "en",
        "text": "Gardens",
        "root_word": "جَنَّٰتٖ",
        "global_word_sequence_number": 73503,
        "global_verse_sequence_number": 5410
    },
    {
        "chapter": 70,
        "verse": 35,
        "juz": 29,
        "hizb": 228,
        "manzil": 7,
        "ruku": 502,
        "word_number_in_verse": 4,
        "language_code": "en",
        "text": "honored",
        "root_word": "مُّكۡرَمُونَ",
        "global_word_sequence_number": 73504,
        "global_verse_sequence_number": 5410
    },
    {
        "chapter": 70,
        "verse": 36,
        "juz": 29,
        "hizb": 228,
        "manzil": 7,
        "ruku": 503,
        "word_number_in_verse": 1,
        "language_code": "en",
        "text": "So what is with",
        "root_word": "فَمَالِ",
        "global_word_sequence_number": 73505,
        "global_verse_sequence_number": 5411
    },
    {
        "chapter": 70,
        "verse": 36,
        "juz": 29,
        "hizb": 228,
        "manzil": 7,
        "ruku": 503,
        "word_number_in_verse": 2,
        "language_code": "en",
        "text": "those who",
        "root_word": "الَّذِينَ",
        "global_word_sequence_number": 73506,
        "global_verse_sequence_number": 5411
    },
    {
        "chapter": 70,
        "verse": 36,
        "juz": 29,
        "hizb": 228,
        "manzil": 7,
        "ruku": 503,
        "word_number_in_verse": 3,
        "language_code": "en",
        "text": "disbelieve",
        "root_word": "كَفَرُواْ",
        "global_word_sequence_number": 73507,
        "global_verse_sequence_number": 5411
    },
    {
        "chapter": 70,
        "verse": 36,
        "juz": 29,
        "hizb": 228,
        "manzil": 7,
        "ruku": 503,
        "word_number_in_verse": 4,
        "language_code": "en",
        "text": "before you",
        "root_word": "قِبَلَكَ",
        "global_word_sequence_number": 73508,
        "global_verse_sequence_number": 5411
    },
    {
        "chapter": 70,
        "verse": 36,
        "juz": 29,
        "hizb": 228,
        "manzil": 7,
        "ruku": 503,
        "word_number_in_verse": 5,
        "language_code": "en",
        "text": "(they) hasten",
        "root_word": "مُهۡطِعِينَ",
        "global_word_sequence_number": 73509,
        "global_verse_sequence_number": 5411
    },
    {
        "chapter": 70,
        "verse": 37,
        "juz": 29,
        "hizb": 228,
        "manzil": 7,
        "ruku": 503,
        "word_number_in_verse": 1,
        "language_code": "en",
        "text": "On",
        "root_word": "عَنِ",
        "global_word_sequence_number": 73510,
        "global_verse_sequence_number": 5412
    },
    {
        "chapter": 70,
        "verse": 37,
        "juz": 29,
        "hizb": 228,
        "manzil": 7,
        "ruku": 503,
        "word_number_in_verse": 2,
        "language_code": "en",
        "text": "the right",
        "root_word": "الۡيَمِينِ",
        "global_word_sequence_number": 73511,
        "global_verse_sequence_number": 5412
    },
    {
        "chapter": 70,
        "verse": 37,
        "juz": 29,
        "hizb": 228,
        "manzil": 7,
        "ruku": 503,
        "word_number_in_verse": 3,
        "language_code": "en",
        "text": "and on",
        "root_word": "وَعَنِ",
        "global_word_sequence_number": 73512,
        "global_verse_sequence_number": 5412
    },
    {
        "chapter": 70,
        "verse": 37,
        "juz": 29,
        "hizb": 228,
        "manzil": 7,
        "ruku": 503,
        "word_number_in_verse": 4,
        "language_code": "en",
        "text": "the left",
        "root_word": "الشِّمَالِ",
        "global_word_sequence_number": 73513,
        "global_verse_sequence_number": 5412
    },
    {
        "chapter": 70,
        "verse": 37,
        "juz": 29,
        "hizb": 228,
        "manzil": 7,
        "ruku": 503,
        "word_number_in_verse": 5,
        "language_code": "en",
        "text": "(in) separate groups",
        "root_word": "عِزِينَ",
        "global_word_sequence_number": 73514,
        "global_verse_sequence_number": 5412
    },
    {
        "chapter": 70,
        "verse": 38,
        "juz": 29,
        "hizb": 228,
        "manzil": 7,
        "ruku": 503,
        "word_number_in_verse": 1,
        "language_code": "en",
        "text": "Does long",
        "root_word": "أَيَطۡمَعُ",
        "global_word_sequence_number": 73515,
        "global_verse_sequence_number": 5413
    },
    {
        "chapter": 70,
        "verse": 38,
        "juz": 29,
        "hizb": 228,
        "manzil": 7,
        "ruku": 503,
        "word_number_in_verse": 2,
        "language_code": "en",
        "text": "every",
        "root_word": "كُلُّ",
        "global_word_sequence_number": 73516,
        "global_verse_sequence_number": 5413
    },
    {
        "chapter": 70,
        "verse": 38,
        "juz": 29,
        "hizb": 228,
        "manzil": 7,
        "ruku": 503,
        "word_number_in_verse": 3,
        "language_code": "en",
        "text": "person",
        "root_word": "امۡرِيٕٖ",
        "global_word_sequence_number": 73517,
        "global_verse_sequence_number": 5413
    },
    {
        "chapter": 70,
        "verse": 38,
        "juz": 29,
        "hizb": 228,
        "manzil": 7,
        "ruku": 503,
        "word_number_in_verse": 4,
        "language_code": "en",
        "text": "among them",
        "root_word": "مِّنۡهُمۡ",
        "global_word_sequence_number": 73518,
        "global_verse_sequence_number": 5413
    },
    {
        "chapter": 70,
        "verse": 38,
        "juz": 29,
        "hizb": 228,
        "manzil": 7,
        "ruku": 503,
        "word_number_in_verse": 5,
        "language_code": "en",
        "text": "that",
        "root_word": "أَن",
        "global_word_sequence_number": 73519,
        "global_verse_sequence_number": 5413
    },
    {
        "chapter": 70,
        "verse": 38,
        "juz": 29,
        "hizb": 228,
        "manzil": 7,
        "ruku": 503,
        "word_number_in_verse": 6,
        "language_code": "en",
        "text": "he enters",
        "root_word": "يُدۡخَلَ",
        "global_word_sequence_number": 73520,
        "global_verse_sequence_number": 5413
    },
    {
        "chapter": 70,
        "verse": 38,
        "juz": 29,
        "hizb": 228,
        "manzil": 7,
        "ruku": 503,
        "word_number_in_verse": 7,
        "language_code": "en",
        "text": "a Garden",
        "root_word": "جَنَّةَ",
        "global_word_sequence_number": 73521,
        "global_verse_sequence_number": 5413
    },
    {
        "chapter": 70,
        "verse": 38,
        "juz": 29,
        "hizb": 228,
        "manzil": 7,
        "ruku": 503,
        "word_number_in_verse": 8,
        "language_code": "en",
        "text": "(of) Delight",
        "root_word": "نَعِيمٖ",
        "global_word_sequence_number": 73522,
        "global_verse_sequence_number": 5413
    },
    {
        "chapter": 70,
        "verse": 39,
        "juz": 29,
        "hizb": 228,
        "manzil": 7,
        "ruku": 503,
        "word_number_in_verse": 1,
        "language_code": "en",
        "text": "By no means",
        "root_word": "كـَلَّآۖ",
        "global_word_sequence_number": 73523,
        "global_verse_sequence_number": 5414
    },
    {
        "chapter": 70,
        "verse": 39,
        "juz": 29,
        "hizb": 228,
        "manzil": 7,
        "ruku": 503,
        "word_number_in_verse": 2,
        "language_code": "en",
        "text": "Indeed We",
        "root_word": "إِنَّا",
        "global_word_sequence_number": 73524,
        "global_verse_sequence_number": 5414
    },
    {
        "chapter": 70,
        "verse": 39,
        "juz": 29,
        "hizb": 228,
        "manzil": 7,
        "ruku": 503,
        "word_number_in_verse": 3,
        "language_code": "en",
        "text": "[We] have created them",
        "root_word": "خَلَقۡنَٰهُم",
        "global_word_sequence_number": 73525,
        "global_verse_sequence_number": 5414
    },
    {
        "chapter": 70,
        "verse": 39,
        "juz": 29,
        "hizb": 228,
        "manzil": 7,
        "ruku": 503,
        "word_number_in_verse": 4,
        "language_code": "en",
        "text": "from what",
        "root_word": "مِّمَّا",
        "global_word_sequence_number": 73526,
        "global_verse_sequence_number": 5414
    },
    {
        "chapter": 70,
        "verse": 39,
        "juz": 29,
        "hizb": 228,
        "manzil": 7,
        "ruku": 503,
        "word_number_in_verse": 5,
        "language_code": "en",
        "text": "they know",
        "root_word": "يَعۡلَمُونَ",
        "global_word_sequence_number": 73527,
        "global_verse_sequence_number": 5414
    },
    {
        "chapter": 70,
        "verse": 40,
        "juz": 29,
        "hizb": 228,
        "manzil": 7,
        "ruku": 503,
        "word_number_in_verse": 1,
        "language_code": "en",
        "text": "But nay",
        "root_word": "فَلَآ",
        "global_word_sequence_number": 73528,
        "global_verse_sequence_number": 5415
    },
    {
        "chapter": 70,
        "verse": 40,
        "juz": 29,
        "hizb": 228,
        "manzil": 7,
        "ruku": 503,
        "word_number_in_verse": 2,
        "language_code": "en",
        "text": "I swear",
        "root_word": "أُقۡسِمُ",
        "global_word_sequence_number": 73529,
        "global_verse_sequence_number": 5415
    },
    {
        "chapter": 70,
        "verse": 40,
        "juz": 29,
        "hizb": 228,
        "manzil": 7,
        "ruku": 503,
        "word_number_in_verse": 3,
        "language_code": "en",
        "text": "by (the) Lord",
        "root_word": "بِرَبِّ",
        "global_word_sequence_number": 73530,
        "global_verse_sequence_number": 5415
    },
    {
        "chapter": 70,
        "verse": 40,
        "juz": 29,
        "hizb": 228,
        "manzil": 7,
        "ruku": 503,
        "word_number_in_verse": 4,
        "language_code": "en",
        "text": "(of) the risings",
        "root_word": "الۡمَشَٰرِقِ",
        "global_word_sequence_number": 73531,
        "global_verse_sequence_number": 5415
    },
    {
        "chapter": 70,
        "verse": 40,
        "juz": 29,
        "hizb": 228,
        "manzil": 7,
        "ruku": 503,
        "word_number_in_verse": 5,
        "language_code": "en",
        "text": "and the settings",
        "root_word": "وَالۡمَغَٰرِبِ",
        "global_word_sequence_number": 73532,
        "global_verse_sequence_number": 5415
    },
    {
        "chapter": 70,
        "verse": 40,
        "juz": 29,
        "hizb": 228,
        "manzil": 7,
        "ruku": 503,
        "word_number_in_verse": 6,
        "language_code": "en",
        "text": "that We",
        "root_word": "إِنَّا",
        "global_word_sequence_number": 73533,
        "global_verse_sequence_number": 5415
    },
    {
        "chapter": 70,
        "verse": 40,
        "juz": 29,
        "hizb": 228,
        "manzil": 7,
        "ruku": 503,
        "word_number_in_verse": 7,
        "language_code": "en",
        "text": "(are) surely Able",
        "root_word": "لَقَٰدِرُونَ",
        "global_word_sequence_number": 73534,
        "global_verse_sequence_number": 5415
    },
    {
        "chapter": 70,
        "verse": 41,
        "juz": 29,
        "hizb": 228,
        "manzil": 7,
        "ruku": 503,
        "word_number_in_verse": 1,
        "language_code": "en",
        "text": "[On]",
        "root_word": "عَلَىٰٓ",
        "global_word_sequence_number": 73535,
        "global_verse_sequence_number": 5416
    },
    {
        "chapter": 70,
        "verse": 41,
        "juz": 29,
        "hizb": 228,
        "manzil": 7,
        "ruku": 503,
        "word_number_in_verse": 2,
        "language_code": "en",
        "text": "to",
        "root_word": "أَن",
        "global_word_sequence_number": 73536,
        "global_verse_sequence_number": 5416
    },
    {
        "chapter": 70,
        "verse": 41,
        "juz": 29,
        "hizb": 228,
        "manzil": 7,
        "ruku": 503,
        "word_number_in_verse": 3,
        "language_code": "en",
        "text": "[We] replace",
        "root_word": "نُّبَدِّلَ",
        "global_word_sequence_number": 73537,
        "global_verse_sequence_number": 5416
    },
    {
        "chapter": 70,
        "verse": 41,
        "juz": 29,
        "hizb": 228,
        "manzil": 7,
        "ruku": 503,
        "word_number_in_verse": 4,
        "language_code": "en",
        "text": "(with) better",
        "root_word": "خَيۡرٗا",
        "global_word_sequence_number": 73538,
        "global_verse_sequence_number": 5416
    },
    {
        "chapter": 70,
        "verse": 41,
        "juz": 29,
        "hizb": 228,
        "manzil": 7,
        "ruku": 503,
        "word_number_in_verse": 5,
        "language_code": "en",
        "text": "than them",
        "root_word": "مِّنۡهُمۡ",
        "global_word_sequence_number": 73539,
        "global_verse_sequence_number": 5416
    },
    {
        "chapter": 70,
        "verse": 41,
        "juz": 29,
        "hizb": 228,
        "manzil": 7,
        "ruku": 503,
        "word_number_in_verse": 6,
        "language_code": "en",
        "text": "and not",
        "root_word": "وَمَا",
        "global_word_sequence_number": 73540,
        "global_verse_sequence_number": 5416
    },
    {
        "chapter": 70,
        "verse": 41,
        "juz": 29,
        "hizb": 228,
        "manzil": 7,
        "ruku": 503,
        "word_number_in_verse": 7,
        "language_code": "en",
        "text": "We",
        "root_word": "نَحۡنُ",
        "global_word_sequence_number": 73541,
        "global_verse_sequence_number": 5416
    },
    {
        "chapter": 70,
        "verse": 41,
        "juz": 29,
        "hizb": 228,
        "manzil": 7,
        "ruku": 503,
        "word_number_in_verse": 8,
        "language_code": "en",
        "text": "(are) to be outrun",
        "root_word": "بِمَسۡبُوقِينَ",
        "global_word_sequence_number": 73542,
        "global_verse_sequence_number": 5416
    },
    {
        "chapter": 70,
        "verse": 42,
        "juz": 29,
        "hizb": 228,
        "manzil": 7,
        "ruku": 503,
        "word_number_in_verse": 1,
        "language_code": "en",
        "text": "So leave them",
        "root_word": "فَذَرۡهُمۡ",
        "global_word_sequence_number": 73543,
        "global_verse_sequence_number": 5417
    },
    {
        "chapter": 70,
        "verse": 42,
        "juz": 29,
        "hizb": 228,
        "manzil": 7,
        "ruku": 503,
        "word_number_in_verse": 2,
        "language_code": "en",
        "text": "(to) converse vainly",
        "root_word": "يَخُوضُواْ",
        "global_word_sequence_number": 73544,
        "global_verse_sequence_number": 5417
    },
    {
        "chapter": 70,
        "verse": 42,
        "juz": 29,
        "hizb": 228,
        "manzil": 7,
        "ruku": 503,
        "word_number_in_verse": 3,
        "language_code": "en",
        "text": "and amuse themselves",
        "root_word": "وَيَلۡعَبُواْ",
        "global_word_sequence_number": 73545,
        "global_verse_sequence_number": 5417
    },
    {
        "chapter": 70,
        "verse": 42,
        "juz": 29,
        "hizb": 228,
        "manzil": 7,
        "ruku": 503,
        "word_number_in_verse": 4,
        "language_code": "en",
        "text": "until",
        "root_word": "حَتَّىٰ",
        "global_word_sequence_number": 73546,
        "global_verse_sequence_number": 5417
    },
    {
        "chapter": 70,
        "verse": 42,
        "juz": 29,
        "hizb": 228,
        "manzil": 7,
        "ruku": 503,
        "word_number_in_verse": 5,
        "language_code": "en",
        "text": "they meet",
        "root_word": "يُلَٰقُواْ",
        "global_word_sequence_number": 73547,
        "global_verse_sequence_number": 5417
    },
    {
        "chapter": 70,
        "verse": 42,
        "juz": 29,
        "hizb": 228,
        "manzil": 7,
        "ruku": 503,
        "word_number_in_verse": 6,
        "language_code": "en",
        "text": "their Day",
        "root_word": "يَوۡمَهُمُ",
        "global_word_sequence_number": 73548,
        "global_verse_sequence_number": 5417
    },
    {
        "chapter": 70,
        "verse": 42,
        "juz": 29,
        "hizb": 228,
        "manzil": 7,
        "ruku": 503,
        "word_number_in_verse": 7,
        "language_code": "en",
        "text": "which",
        "root_word": "الَّذِي",
        "global_word_sequence_number": 73549,
        "global_verse_sequence_number": 5417
    },
    {
        "chapter": 70,
        "verse": 42,
        "juz": 29,
        "hizb": 228,
        "manzil": 7,
        "ruku": 503,
        "word_number_in_verse": 8,
        "language_code": "en",
        "text": "they are promised",
        "root_word": "يُوعَدُونَ",
        "global_word_sequence_number": 73550,
        "global_verse_sequence_number": 5417
    },
    {
        "chapter": 70,
        "verse": 43,
        "juz": 29,
        "hizb": 228,
        "manzil": 7,
        "ruku": 503,
        "word_number_in_verse": 1,
        "language_code": "en",
        "text": "(The) Day",
        "root_word": "يَوۡمَ",
        "global_word_sequence_number": 73551,
        "global_verse_sequence_number": 5418
    },
    {
        "chapter": 70,
        "verse": 43,
        "juz": 29,
        "hizb": 228,
        "manzil": 7,
        "ruku": 503,
        "word_number_in_verse": 2,
        "language_code": "en",
        "text": "they will come out",
        "root_word": "يَخۡرُجُونَ",
        "global_word_sequence_number": 73552,
        "global_verse_sequence_number": 5418
    },
    {
        "chapter": 70,
        "verse": 43,
        "juz": 29,
        "hizb": 228,
        "manzil": 7,
        "ruku": 503,
        "word_number_in_verse": 3,
        "language_code": "en",
        "text": "from",
        "root_word": "مِنَ",
        "global_word_sequence_number": 73553,
        "global_verse_sequence_number": 5418
    },
    {
        "chapter": 70,
        "verse": 43,
        "juz": 29,
        "hizb": 228,
        "manzil": 7,
        "ruku": 503,
        "word_number_in_verse": 4,
        "language_code": "en",
        "text": "the graves",
        "root_word": "الۡأَجۡدَاثِ",
        "global_word_sequence_number": 73554,
        "global_verse_sequence_number": 5418
    },
    {
        "chapter": 70,
        "verse": 43,
        "juz": 29,
        "hizb": 228,
        "manzil": 7,
        "ruku": 503,
        "word_number_in_verse": 5,
        "language_code": "en",
        "text": "rapidly",
        "root_word": "سِرَاعٗا",
        "global_word_sequence_number": 73555,
        "global_verse_sequence_number": 5418
    },
    {
        "chapter": 70,
        "verse": 43,
        "juz": 29,
        "hizb": 228,
        "manzil": 7,
        "ruku": 503,
        "word_number_in_verse": 6,
        "language_code": "en",
        "text": "as if they (were)",
        "root_word": "كَأَنَّهُمۡ",
        "global_word_sequence_number": 73556,
        "global_verse_sequence_number": 5418
    },
    {
        "chapter": 70,
        "verse": 43,
        "juz": 29,
        "hizb": 228,
        "manzil": 7,
        "ruku": 503,
        "word_number_in_verse": 7,
        "language_code": "en",
        "text": "to",
        "root_word": "إِلَىٰ",
        "global_word_sequence_number": 73557,
        "global_verse_sequence_number": 5418
    },
    {
        "chapter": 70,
        "verse": 43,
        "juz": 29,
        "hizb": 228,
        "manzil": 7,
        "ruku": 503,
        "word_number_in_verse": 8,
        "language_code": "en",
        "text": "a goal",
        "root_word": "نُصُبٖ",
        "global_word_sequence_number": 73558,
        "global_verse_sequence_number": 5418
    },
    {
        "chapter": 70,
        "verse": 43,
        "juz": 29,
        "hizb": 228,
        "manzil": 7,
        "ruku": 503,
        "word_number_in_verse": 9,
        "language_code": "en",
        "text": "hastening",
        "root_word": "يُوفِضُونَ",
        "global_word_sequence_number": 73559,
        "global_verse_sequence_number": 5418
    },
    {
        "chapter": 70,
        "verse": 44,
        "juz": 29,
        "hizb": 228,
        "manzil": 7,
        "ruku": 503,
        "word_number_in_verse": 1,
        "language_code": "en",
        "text": "Humbled",
        "root_word": "خَٰشِعَةً",
        "global_word_sequence_number": 73560,
        "global_verse_sequence_number": 5419
    },
    {
        "chapter": 70,
        "verse": 44,
        "juz": 29,
        "hizb": 228,
        "manzil": 7,
        "ruku": 503,
        "word_number_in_verse": 2,
        "language_code": "en",
        "text": "their eyesights",
        "root_word": "أَبۡصَٰرُهُمۡ",
        "global_word_sequence_number": 73561,
        "global_verse_sequence_number": 5419
    },
    {
        "chapter": 70,
        "verse": 44,
        "juz": 29,
        "hizb": 228,
        "manzil": 7,
        "ruku": 503,
        "word_number_in_verse": 3,
        "language_code": "en",
        "text": "will cover them",
        "root_word": "تَرۡهَقُهُمۡ",
        "global_word_sequence_number": 73562,
        "global_verse_sequence_number": 5419
    },
    {
        "chapter": 70,
        "verse": 44,
        "juz": 29,
        "hizb": 228,
        "manzil": 7,
        "ruku": 503,
        "word_number_in_verse": 4,
        "language_code": "en",
        "text": "humiliation",
        "root_word": "ذِلَّةٞۚ",
        "global_word_sequence_number": 73563,
        "global_verse_sequence_number": 5419
    },
    {
        "chapter": 70,
        "verse": 44,
        "juz": 29,
        "hizb": 228,
        "manzil": 7,
        "ruku": 503,
        "word_number_in_verse": 5,
        "language_code": "en",
        "text": "That",
        "root_word": "ذَٰلِكَ",
        "global_word_sequence_number": 73564,
        "global_verse_sequence_number": 5419
    },
    {
        "chapter": 70,
        "verse": 44,
        "juz": 29,
        "hizb": 228,
        "manzil": 7,
        "ruku": 503,
        "word_number_in_verse": 6,
        "language_code": "en",
        "text": "(is) the Day",
        "root_word": "الۡيَوۡمُ",
        "global_word_sequence_number": 73565,
        "global_verse_sequence_number": 5419
    },
    {
        "chapter": 70,
        "verse": 44,
        "juz": 29,
        "hizb": 228,
        "manzil": 7,
        "ruku": 503,
        "word_number_in_verse": 7,
        "language_code": "en",
        "text": "which",
        "root_word": "الَّذِي",
        "global_word_sequence_number": 73566,
        "global_verse_sequence_number": 5419
    },
    {
        "chapter": 70,
        "verse": 44,
        "juz": 29,
        "hizb": 228,
        "manzil": 7,
        "ruku": 503,
        "word_number_in_verse": 8,
        "language_code": "en",
        "text": "they were",
        "root_word": "كَانُواْ",
        "global_word_sequence_number": 73567,
        "global_verse_sequence_number": 5419
    },
    {
        "chapter": 70,
        "verse": 44,
        "juz": 29,
        "hizb": 228,
        "manzil": 7,
        "ruku": 503,
        "word_number_in_verse": 9,
        "language_code": "en",
        "text": "promised",
        "root_word": "يُوعَدُونَ",
        "global_word_sequence_number": 73568,
        "global_verse_sequence_number": 5419
    }
]