[
    {
        "chapter": 71,
        "verse": 1,
        "juz": 29,
        "hizb": 228,
        "manzil": 7,
        "ruku": 504,
        "word_number_in_verse": 1,
        "language_code": "en",
        "text": "Indeed We",
        "root_word": "إِنَّآ",
        "global_word_sequence_number": 73569,
        "global_verse_sequence_number": 5420
    },
    {
        "chapter": 71,
        "verse": 1,
        "juz": 29,
        "hizb": 228,
        "manzil": 7,
        "ruku": 504,
        "word_number_in_verse": 2,
        "language_code": "en",
        "text": "[We] sent",
        "root_word": "أَرۡسَلۡنَا",
        "global_word_sequence_number": 73570,
        "global_verse_sequence_number": 5420
    },
    {
        "chapter": 71,
        "verse": 1,
        "juz": 29,
        "hizb": 228,
        "manzil": 7,
        "ruku": 504,
        "word_number_in_verse": 3,
        "language_code": "en",
        "text": "Nuh",
        "root_word": "نُوحًا",
        "global_word_sequence_number": 73571,
        "global_verse_sequence_number": 5420
    },
    {
        "chapter": 71,
        "verse": 1,
        "juz": 29,
        "hizb": 228,
        "manzil": 7,
        "ruku": 504,
        "word_number_in_verse": 4,
        "language_code": "en",
        "text": "to",
        "root_word": "إِلَىٰ",
        "global_word_sequence_number": 73572,
        "global_verse_sequence_number": 5420
    },
    {
        "chapter": 71,
        "verse": 1,
        "juz": 29,
        "hizb": 228,
        "manzil": 7,
        "ruku": 504,
        "word_number_in_verse": 5,
        "language_code": "en",
        "text": "his people",
        "root_word": "قَوۡمِهِۦٓ",
        "global_word_sequence_number": 73573,
        "global_verse_sequence_number": 5420
    },
    {
        "chapter": 71,
        "verse": 1,
        "juz": 29,
        "hizb": 228,
        "manzil": 7,
        "ruku": 504,
        "word_number_in_verse": 6,
        "language_code": "en",
        "text": "that",
        "root_word": "أَنۡ",
        "global_word_sequence_number": 73574,
        "global_verse_sequence_number": 5420
    },
    {
        "chapter": 71,
        "verse": 1,
        "juz": 29,
        "hizb": 228,
        "manzil": 7,
        "ruku": 504,
        "word_number_in_verse": 7,
        "language_code": "en",
        "text": "Warn",
        "root_word": "أَنذِرۡ",
        "global_word_sequence_number": 73575,
        "global_verse_sequence_number": 5420
    },
    {
        "chapter": 71,
        "verse": 1,
        "juz": 29,
        "hizb": 228,
        "manzil": 7,
        "ruku": 504,
        "word_number_in_verse": 8,
        "language_code": "en",
        "text": "your people",
        "root_word": "قَوۡمَكَ",
        "global_word_sequence_number": 73576,
        "global_verse_sequence_number": 5420
    },
    {
        "chapter": 71,
        "verse": 1,
        "juz": 29,
        "hizb": 228,
        "manzil": 7,
        "ruku": 504,
        "word_number_in_verse": 9,
        "language_code": "en",
        "text": "from",
        "root_word": "مِن",
        "global_word_sequence_number": 73577,
        "global_verse_sequence_number": 5420
    },
    {
        "chapter": 71,
        "verse": 1,
        "juz": 29,
        "hizb": 228,
        "manzil": 7,
        "ruku": 504,
        "word_number_in_verse": 10,
        "language_code": "en",
        "text": "before",
        "root_word": "قَبۡلِ",
        "global_word_sequence_number": 73578,
        "global_verse_sequence_number": 5420
    },
    {
        "chapter": 71,
        "verse": 1,
        "juz": 29,
        "hizb": 228,
        "manzil": 7,
        "ruku": 504,
        "word_number_in_verse": 11,
        "language_code": "en",
        "text": "[that]",
        "root_word": "أَن",
        "global_word_sequence_number": 73579,
        "global_verse_sequence_number": 5420
    },
    {
        "chapter": 71,
        "verse": 1,
        "juz": 29,
        "hizb": 228,
        "manzil": 7,
        "ruku": 504,
        "word_number_in_verse": 12,
        "language_code": "en",
        "text": "comes to them",
        "root_word": "يَأۡتِيَهُمۡ",
        "global_word_sequence_number": 73580,
        "global_verse_sequence_number": 5420
    },
    {
        "chapter": 71,
        "verse": 1,
        "juz": 29,
        "hizb": 228,
        "manzil": 7,
        "ruku": 504,
        "word_number_in_verse": 13,
        "language_code": "en",
        "text": "a punishment",
        "root_word": "عَذَابٌ",
        "global_word_sequence_number": 73581,
        "global_verse_sequence_number": 5420
    },
    {
        "chapter": 71,
        "verse": 1,
        "juz": 29,
        "hizb": 228,
        "manzil": 7,
        "ruku": 504,
        "word_number_in_verse": 14,
        "language_code": "en",
        "text": "painful",
        "root_word": "أَلِيمٞ",
        "global_word_sequence_number": 73582,
        "global_verse_sequence_number": 5420
    },
    {
        "chapter": 71,
        "verse": 2,
        "juz": 29,
        "hizb": 228,
        "manzil": 7,
        "ruku": 504,
        "word_number_in_verse": 1,
        "language_code": "en",
        "text": "He said",
        "root_word": "قَالَ",
        "global_word_sequence_number": 73583,
        "global_verse_sequence_number": 5421
    },
    {
        "chapter": 71,
        "verse": 2,
        "juz": 29,
        "hizb": 228,
        "manzil": 7,
        "ruku": 504,
        "word_number_in_verse": 2,
        "language_code": "en",
        "text": "O my people",
        "root_word": "يَٰقَوۡمِ",
        "global_word_sequence_number": 73584,
        "global_verse_sequence_number": 5421
    },
    {
        "chapter": 71,
        "verse": 2,
        "juz": 29,
        "hizb": 228,
        "manzil": 7,
        "ruku": 504,
        "word_number_in_verse": 3,
        "language_code": "en",
        "text": "Indeed I am",
        "root_word": "إِنِّي",
        "global_word_sequence_number": 73585,
        "global_verse_sequence_number": 5421
    },
    {
        "chapter": 71,
        "verse": 2,
        "juz": 29,
        "hizb": 228,
        "manzil": 7,
        "ruku": 504,
        "word_number_in_verse": 4,
        "language_code": "en",
        "text": "to you",
        "root_word": "لَكُمۡ",
        "global_word_sequence_number": 73586,
        "global_verse_sequence_number": 5421
    },
    {
        "chapter": 71,
        "verse": 2,
        "juz": 29,
        "hizb": 228,
        "manzil": 7,
        "ruku": 504,
        "word_number_in_verse": 5,
        "language_code": "en",
        "text": "a warner",
        "root_word": "نَذِيرٞ",
        "global_word_sequence_number": 73587,
        "global_verse_sequence_number": 5421
    },
    {
        "chapter": 71,
        "verse": 2,
        "juz": 29,
        "hizb": 228,
        "manzil": 7,
        "ruku": 504,
        "word_number_in_verse": 6,
        "language_code": "en",
        "text": "clear",
        "root_word": "مُّبِينٌ",
        "global_word_sequence_number": 73588,
        "global_verse_sequence_number": 5421
    },
    {
        "chapter": 71,
        "verse": 3,
        "juz": 29,
        "hizb": 228,
        "manzil": 7,
        "ruku": 504,
        "word_number_in_verse": 1,
        "language_code": "en",
        "text": "That",
        "root_word": "أَنِ",
        "global_word_sequence_number": 73589,
        "global_verse_sequence_number": 5422
    },
    {
        "chapter": 71,
        "verse": 3,
        "juz": 29,
        "hizb": 228,
        "manzil": 7,
        "ruku": 504,
        "word_number_in_verse": 2,
        "language_code": "en",
        "text": "Worship",
        "root_word": "اعۡبُدُواْ",
        "global_word_sequence_number": 73590,
        "global_verse_sequence_number": 5422
    },
    {
        "chapter": 71,
        "verse": 3,
        "juz": 29,
        "hizb": 228,
        "manzil": 7,
        "ruku": 504,
        "word_number_in_verse": 3,
        "language_code": "en",
        "text": "Allah",
        "root_word": "اللَّهَ",
        "global_word_sequence_number": 73591,
        "global_verse_sequence_number": 5422
    },
    {
        "chapter": 71,
        "verse": 3,
        "juz": 29,
        "hizb": 228,
        "manzil": 7,
        "ruku": 504,
        "word_number_in_verse": 4,
        "language_code": "en",
        "text": "and fear Him",
        "root_word": "وَاتَّقُوهُ",
        "global_word_sequence_number": 73592,
        "global_verse_sequence_number": 5422
    },
    {
        "chapter": 71,
        "verse": 3,
        "juz": 29,
        "hizb": 228,
        "manzil": 7,
        "ruku": 504,
        "word_number_in_verse": 5,
        "language_code": "en",
        "text": "and obey me",
        "root_word": "وَأَطِيعُونِ",
        "global_word_sequence_number": 73593,
        "global_verse_sequence_number": 5422
    },
    {
        "chapter": 71,
        "verse": 4,
        "juz": 29,
        "hizb": 228,
        "manzil": 7,
        "ruku": 504,
        "word_number_in_verse": 1,
        "language_code": "en",
        "text": "He will forgive",
        "root_word": "يَغۡفِرۡ",
        "global_word_sequence_number": 73594,
        "global_verse_sequence_number": 5423
    },
    {
        "chapter": 71,
        "verse": 4,
        "juz": 29,
        "hizb": 228,
        "manzil": 7,
        "ruku": 504,
        "word_number_in_verse": 2,
        "language_code": "en",
        "text": "for you",
        "root_word": "لَكُم",
        "global_word_sequence_number": 73595,
        "global_verse_sequence_number": 5423
    },
    {
        "chapter": 71,
        "verse": 4,
        "juz": 29,
        "hizb": 228,
        "manzil": 7,
        "ruku": 504,
        "word_number_in_verse": 3,
        "language_code": "en",
        "text": "[of]",
        "root_word": "مِّن",
        "global_word_sequence_number": 73596,
        "global_verse_sequence_number": 5423
    },
    {
        "chapter": 71,
        "verse": 4,
        "juz": 29,
        "hizb": 228,
        "manzil": 7,
        "ruku": 504,
        "word_number_in_verse": 4,
        "language_code": "en",
        "text": "your sins",
        "root_word": "ذُنُوبِكُمۡ",
        "global_word_sequence_number": 73597,
        "global_verse_sequence_number": 5423
    },
    {
        "chapter": 71,
        "verse": 4,
        "juz": 29,
        "hizb": 228,
        "manzil": 7,
        "ruku": 504,
        "word_number_in_verse": 5,
        "language_code": "en",
        "text": "and give you respite",
        "root_word": "وَيُؤَخِّرۡكُمۡ",
        "global_word_sequence_number": 73598,
        "global_verse_sequence_number": 5423
    },
    {
        "chapter": 71,
        "verse": 4,
        "juz": 29,
        "hizb": 228,
        "manzil": 7,
        "ruku": 504,
        "word_number_in_verse": 6,
        "language_code": "en",
        "text": "for",
        "root_word": "إِلَىٰٓ",
        "global_word_sequence_number": 73599,
        "global_verse_sequence_number": 5423
    },
    {
        "chapter": 71,
        "verse": 4,
        "juz": 29,
        "hizb": 228,
        "manzil": 7,
        "ruku": 504,
        "word_number_in_verse": 7,
        "language_code": "en",
        "text": "a term",
        "root_word": "أَجَلٖ",
        "global_word_sequence_number": 73600,
        "global_verse_sequence_number": 5423
    },
    {
        "chapter": 71,
        "verse": 4,
        "juz": 29,
        "hizb": 228,
        "manzil": 7,
        "ruku": 504,
        "word_number_in_verse": 8,
        "language_code": "en",
        "text": "specified",
        "root_word": "مُّسَمًّىۚ",
        "global_word_sequence_number": 73601,
        "global_verse_sequence_number": 5423
    },
    {
        "chapter": 71,
        "verse": 4,
        "juz": 29,
        "hizb": 228,
        "manzil": 7,
        "ruku": 504,
        "word_number_in_verse": 9,
        "language_code": "en",
        "text": "Indeed",
        "root_word": "إِنَّ",
        "global_word_sequence_number": 73602,
        "global_verse_sequence_number": 5423
    },
    {
        "chapter": 71,
        "verse": 4,
        "juz": 29,
        "hizb": 228,
        "manzil": 7,
        "ruku": 504,
        "word_number_in_verse": 10,
        "language_code": "en",
        "text": "(the) term",
        "root_word": "أَجَلَ",
        "global_word_sequence_number": 73603,
        "global_verse_sequence_number": 5423
    },
    {
        "chapter": 71,
        "verse": 4,
        "juz": 29,
        "hizb": 228,
        "manzil": 7,
        "ruku": 504,
        "word_number_in_verse": 11,
        "language_code": "en",
        "text": "(of) Allah",
        "root_word": "اللَّهِ",
        "global_word_sequence_number": 73604,
        "global_verse_sequence_number": 5423
    },
    {
        "chapter": 71,
        "verse": 4,
        "juz": 29,
        "hizb": 228,
        "manzil": 7,
        "ruku": 504,
        "word_number_in_verse": 12,
        "language_code": "en",
        "text": "when",
        "root_word": "إِذَا",
        "global_word_sequence_number": 73605,
        "global_verse_sequence_number": 5423
    },
    {
        "chapter": 71,
        "verse": 4,
        "juz": 29,
        "hizb": 228,
        "manzil": 7,
        "ruku": 504,
        "word_number_in_verse": 13,
        "language_code": "en",
        "text": "it comes",
        "root_word": "جَآءَ",
        "global_word_sequence_number": 73606,
        "global_verse_sequence_number": 5423
    },
    {
        "chapter": 71,
        "verse": 4,
        "juz": 29,
        "hizb": 228,
        "manzil": 7,
        "ruku": 504,
        "word_number_in_verse": 14,
        "language_code": "en",
        "text": "not",
        "root_word": "لَا",
        "global_word_sequence_number": 73607,
        "global_verse_sequence_number": 5423
    },
    {
        "chapter": 71,
        "verse": 4,
        "juz": 29,
        "hizb": 228,
        "manzil": 7,
        "ruku": 504,
        "word_number_in_verse": 15,
        "language_code": "en",
        "text": "is delayed",
        "root_word": "يُؤَخَّرُۚ",
        "global_word_sequence_number": 73608,
        "global_verse_sequence_number": 5423
    },
    {
        "chapter": 71,
        "verse": 4,
        "juz": 29,
        "hizb": 228,
        "manzil": 7,
        "ruku": 504,
        "word_number_in_verse": 16,
        "language_code": "en",
        "text": "if",
        "root_word": "لَوۡ",
        "global_word_sequence_number": 73609,
        "global_verse_sequence_number": 5423
    },
    {
        "chapter": 71,
        "verse": 4,
        "juz": 29,
        "hizb": 228,
        "manzil": 7,
        "ruku": 504,
        "word_number_in_verse": 17,
        "language_code": "en",
        "text": "you",
        "root_word": "كُنتُمۡ",
        "global_word_sequence_number": 73610,
        "global_verse_sequence_number": 5423
    },
    {
        "chapter": 71,
        "verse": 4,
        "juz": 29,
        "hizb": 228,
        "manzil": 7,
        "ruku": 504,
        "word_number_in_verse": 18,
        "language_code": "en",
        "text": "know",
        "root_word": "تَعۡلَمُونَ",
        "global_word_sequence_number": 73611,
        "global_verse_sequence_number": 5423
    },
    {
        "chapter": 71,
        "verse": 5,
        "juz": 29,
        "hizb": 228,
        "manzil": 7,
        "ruku": 504,
        "word_number_in_verse": 1,
        "language_code": "en",
        "text": "He said",
        "root_word": "قَالَ",
        "global_word_sequence_number": 73612,
        "global_verse_sequence_number": 5424
    },
    {
        "chapter": 71,
        "verse": 5,
        "juz": 29,
        "hizb": 228,
        "manzil": 7,
        "ruku": 504,
        "word_number_in_verse": 2,
        "language_code": "en",
        "text": "My Lord",
        "root_word": "رَبِّ",
        "global_word_sequence_number": 73613,
        "global_verse_sequence_number": 5424
    },
    {
        "chapter": 71,
        "verse": 5,
        "juz": 29,
        "hizb": 228,
        "manzil": 7,
        "ruku": 504,
        "word_number_in_verse": 3,
        "language_code": "en",
        "text": "Indeed I",
        "root_word": "إِنِّي",
        "global_word_sequence_number": 73614,
        "global_verse_sequence_number": 5424
    },
    {
        "chapter": 71,
        "verse": 5,
        "juz": 29,
        "hizb": 228,
        "manzil": 7,
        "ruku": 504,
        "word_number_in_verse": 4,
        "language_code": "en",
        "text": "invited",
        "root_word": "دَعَوۡتُ",
        "global_word_sequence_number": 73615,
        "global_verse_sequence_number": 5424
    },
    {
        "chapter": 71,
        "verse": 5,
        "juz": 29,
        "hizb": 228,
        "manzil": 7,
        "ruku": 504,
        "word_number_in_verse": 5,
        "language_code": "en",
        "text": "my people",
        "root_word": "قَوۡمِي",
        "global_word_sequence_number": 73616,
        "global_verse_sequence_number": 5424
    },
    {
        "chapter": 71,
        "verse": 5,
        "juz": 29,
        "hizb": 228,
        "manzil": 7,
        "ruku": 504,
        "word_number_in_verse": 6,
        "language_code": "en",
        "text": "night",
        "root_word": "لَيۡلٗا",
        "global_word_sequence_number": 73617,
        "global_verse_sequence_number": 5424
    },
    {
        "chapter": 71,
        "verse": 5,
        "juz": 29,
        "hizb": 228,
        "manzil": 7,
        "ruku": 504,
        "word_number_in_verse": 7,
        "language_code": "en",
        "text": "and day",
        "root_word": "وَنَهَارٗا",
        "global_word_sequence_number": 73618,
        "global_verse_sequence_number": 5424
    },
    {
        "chapter": 71,
        "verse": 6,
        "juz": 29,
        "hizb": 228,
        "manzil": 7,
        "ruku": 504,
        "word_number_in_verse": 1,
        "language_code": "en",
        "text": "But not",
        "root_word": "فَلَمۡ",
        "global_word_sequence_number": 73619,
        "global_verse_sequence_number": 5425
    },
    {
        "chapter": 71,
        "verse": 6,
        "juz": 29,
        "hizb": 228,
        "manzil": 7,
        "ruku": 504,
        "word_number_in_verse": 2,
        "language_code": "en",
        "text": "increased them",
        "root_word": "يَزِدۡهُمۡ",
        "global_word_sequence_number": 73620,
        "global_verse_sequence_number": 5425
    },
    {
        "chapter": 71,
        "verse": 6,
        "juz": 29,
        "hizb": 228,
        "manzil": 7,
        "ruku": 504,
        "word_number_in_verse": 3,
        "language_code": "en",
        "text": "my invitation",
        "root_word": "دُعَآءِيٓ",
        "global_word_sequence_number": 73621,
        "global_verse_sequence_number": 5425
    },
    {
        "chapter": 71,
        "verse": 6,
        "juz": 29,
        "hizb": 228,
        "manzil": 7,
        "ruku": 504,
        "word_number_in_verse": 4,
        "language_code": "en",
        "text": "except",
        "root_word": "إِلَّا",
        "global_word_sequence_number": 73622,
        "global_verse_sequence_number": 5425
    },
    {
        "chapter": 71,
        "verse": 6,
        "juz": 29,
        "hizb": 228,
        "manzil": 7,
        "ruku": 504,
        "word_number_in_verse": 5,
        "language_code": "en",
        "text": "(in) flight",
        "root_word": "فِرَارٗا",
        "global_word_sequence_number": 73623,
        "global_verse_sequence_number": 5425
    },
    {
        "chapter": 71,
        "verse": 7,
        "juz": 29,
        "hizb": 228,
        "manzil": 7,
        "ruku": 504,
        "word_number_in_verse": 1,
        "language_code": "en",
        "text": "And indeed I",
        "root_word": "وَإِنِّي",
        "global_word_sequence_number": 73624,
        "global_verse_sequence_number": 5426
    },
    {
        "chapter": 71,
        "verse": 7,
        "juz": 29,
        "hizb": 228,
        "manzil": 7,
        "ruku": 504,
        "word_number_in_verse": 2,
        "language_code": "en",
        "text": "every time",
        "root_word": "كُلَّمَا",
        "global_word_sequence_number": 73625,
        "global_verse_sequence_number": 5426
    },
    {
        "chapter": 71,
        "verse": 7,
        "juz": 29,
        "hizb": 228,
        "manzil": 7,
        "ruku": 504,
        "word_number_in_verse": 3,
        "language_code": "en",
        "text": "I invited them",
        "root_word": "دَعَوۡتُهُمۡ",
        "global_word_sequence_number": 73626,
        "global_verse_sequence_number": 5426
    },
    {
        "chapter": 71,
        "verse": 7,
        "juz": 29,
        "hizb": 228,
        "manzil": 7,
        "ruku": 504,
        "word_number_in_verse": 4,
        "language_code": "en",
        "text": "that You may forgive",
        "root_word": "لِتَغۡفِرَ",
        "global_word_sequence_number": 73627,
        "global_verse_sequence_number": 5426
    },
    {
        "chapter": 71,
        "verse": 7,
        "juz": 29,
        "hizb": 228,
        "manzil": 7,
        "ruku": 504,
        "word_number_in_verse": 5,
        "language_code": "en",
        "text": "them",
        "root_word": "لَهُمۡ",
        "global_word_sequence_number": 73628,
        "global_verse_sequence_number": 5426
    },
    {
        "chapter": 71,
        "verse": 7,
        "juz": 29,
        "hizb": 228,
        "manzil": 7,
        "ruku": 504,
        "word_number_in_verse": 6,
        "language_code": "en",
        "text": "they put",
        "root_word": "جَعَلُوٓاْ",
        "global_word_sequence_number": 73629,
        "global_verse_sequence_number": 5426
    },
    {
        "chapter": 71,
        "verse": 7,
        "juz": 29,
        "hizb": 228,
        "manzil": 7,
        "ruku": 504,
        "word_number_in_verse": 7,
        "language_code": "en",
        "text": "their fingers",
        "root_word": "أَصَٰبِعَهُمۡ",
        "global_word_sequence_number": 73630,
        "global_verse_sequence_number": 5426
    },
    {
        "chapter": 71,
        "verse": 7,
        "juz": 29,
        "hizb": 228,
        "manzil": 7,
        "ruku": 504,
        "word_number_in_verse": 8,
        "language_code": "en",
        "text": "in",
        "root_word": "فِيٓ",
        "global_word_sequence_number": 73631,
        "global_verse_sequence_number": 5426
    },
    {
        "chapter": 71,
        "verse": 7,
        "juz": 29,
        "hizb": 228,
        "manzil": 7,
        "ruku": 504,
        "word_number_in_verse": 9,
        "language_code": "en",
        "text": "their ears",
        "root_word": "ءَاذَانِهِمۡ",
        "global_word_sequence_number": 73632,
        "global_verse_sequence_number": 5426
    },
    {
        "chapter": 71,
        "verse": 7,
        "juz": 29,
        "hizb": 228,
        "manzil": 7,
        "ruku": 504,
        "word_number_in_verse": 10,
        "language_code": "en",
        "text": "and covered themselves",
        "root_word": "وَاسۡتَغۡشَوۡاْ",
        "global_word_sequence_number": 73633,
        "global_verse_sequence_number": 5426
    },
    {
        "chapter": 71,
        "verse": 7,
        "juz": 29,
        "hizb": 228,
        "manzil": 7,
        "ruku": 504,
        "word_number_in_verse": 11,
        "language_code": "en",
        "text": "(with) their garments",
        "root_word": "ثِيَابَهُمۡ",
        "global_word_sequence_number": 73634,
        "global_verse_sequence_number": 5426
    },
    {
        "chapter": 71,
        "verse": 7,
        "juz": 29,
        "hizb": 228,
        "manzil": 7,
        "ruku": 504,
        "word_number_in_verse": 12,
        "language_code": "en",
        "text": "and persisted",
        "root_word": "وَأَصَرُّواْ",
        "global_word_sequence_number": 73635,
        "global_verse_sequence_number": 5426
    },
    {
        "chapter": 71,
        "verse": 7,
        "juz": 29,
        "hizb": 228,
        "manzil": 7,
        "ruku": 504,
        "word_number_in_verse": 13,
        "language_code": "en",
        "text": "and were arrogant",
        "root_word": "وَاسۡتَكۡبَرُواْ",
        "global_word_sequence_number": 73636,
        "global_verse_sequence_number": 5426
    },
    {
        "chapter": 71,
        "verse": 7,
        "juz": 29,
        "hizb": 228,
        "manzil": 7,
        "ruku": 504,
        "word_number_in_verse": 14,
        "language_code": "en",
        "text": "(with) pride",
        "root_word": "اسۡتِكۡبَارٗا",
        "global_word_sequence_number": 73637,
        "global_verse_sequence_number": 5426
    },
    {
        "chapter": 71,
        "verse": 8,
        "juz": 29,
        "hizb": 228,
        "manzil": 7,
        "ruku": 504,
        "word_number_in_verse": 1,
        "language_code": "en",
        "text": "Then",
        "root_word": "ثُمَّ",
        "global_word_sequence_number": 73638,
        "global_verse_sequence_number": 5427
    },
    {
        "chapter": 71,
        "verse": 8,
        "juz": 29,
        "hizb": 228,
        "manzil": 7,
        "ruku": 504,
        "word_number_in_verse": 2,
        "language_code": "en",
        "text": "indeed I",
        "root_word": "إِنِّي",
        "global_word_sequence_number": 73639,
        "global_verse_sequence_number": 5427
    },
    {
        "chapter": 71,
        "verse": 8,
        "juz": 29,
        "hizb": 228,
        "manzil": 7,
        "ruku": 504,
        "word_number_in_verse": 3,
        "language_code": "en",
        "text": "invited them",
        "root_word": "دَعَوۡتُهُمۡ",
        "global_word_sequence_number": 73640,
        "global_verse_sequence_number": 5427
    },
    {
        "chapter": 71,
        "verse": 8,
        "juz": 29,
        "hizb": 228,
        "manzil": 7,
        "ruku": 504,
        "word_number_in_verse": 4,
        "language_code": "en",
        "text": "publicly",
        "root_word": "جِهَارٗا",
        "global_word_sequence_number": 73641,
        "global_verse_sequence_number": 5427
    },
    {
        "chapter": 71,
        "verse": 9,
        "juz": 29,
        "hizb": 228,
        "manzil": 7,
        "ruku": 504,
        "word_number_in_verse": 1,
        "language_code": "en",
        "text": "Then",
        "root_word": "ثُمَّ",
        "global_word_sequence_number": 73642,
        "global_verse_sequence_number": 5428
    },
    {
        "chapter": 71,
        "verse": 9,
        "juz": 29,
        "hizb": 228,
        "manzil": 7,
        "ruku": 504,
        "word_number_in_verse": 2,
        "language_code": "en",
        "text": "indeed I",
        "root_word": "إِنِّيٓ",
        "global_word_sequence_number": 73643,
        "global_verse_sequence_number": 5428
    },
    {
        "chapter": 71,
        "verse": 9,
        "juz": 29,
        "hizb": 228,
        "manzil": 7,
        "ruku": 504,
        "word_number_in_verse": 3,
        "language_code": "en",
        "text": "announced",
        "root_word": "أَعۡلَنتُ",
        "global_word_sequence_number": 73644,
        "global_verse_sequence_number": 5428
    },
    {
        "chapter": 71,
        "verse": 9,
        "juz": 29,
        "hizb": 228,
        "manzil": 7,
        "ruku": 504,
        "word_number_in_verse": 4,
        "language_code": "en",
        "text": "to them",
        "root_word": "لَهُمۡ",
        "global_word_sequence_number": 73645,
        "global_verse_sequence_number": 5428
    },
    {
        "chapter": 71,
        "verse": 9,
        "juz": 29,
        "hizb": 228,
        "manzil": 7,
        "ruku": 504,
        "word_number_in_verse": 5,
        "language_code": "en",
        "text": "and I confided",
        "root_word": "وَأَسۡرَرۡتُ",
        "global_word_sequence_number": 73646,
        "global_verse_sequence_number": 5428
    },
    {
        "chapter": 71,
        "verse": 9,
        "juz": 29,
        "hizb": 228,
        "manzil": 7,
        "ruku": 504,
        "word_number_in_verse": 6,
        "language_code": "en",
        "text": "to them",
        "root_word": "لَهُمۡ",
        "global_word_sequence_number": 73647,
        "global_verse_sequence_number": 5428
    },
    {
        "chapter": 71,
        "verse": 9,
        "juz": 29,
        "hizb": 228,
        "manzil": 7,
        "ruku": 504,
        "word_number_in_verse": 7,
        "language_code": "en",
        "text": "secretly",
        "root_word": "إِسۡرَارٗا",
        "global_word_sequence_number": 73648,
        "global_verse_sequence_number": 5428
    },
    {
        "chapter": 71,
        "verse": 10,
        "juz": 29,
        "hizb": 228,
        "manzil": 7,
        "ruku": 504,
        "word_number_in_verse": 1,
        "language_code": "en",
        "text": "Then I said",
        "root_word": "فَقُلۡتُ",
        "global_word_sequence_number": 73649,
        "global_verse_sequence_number": 5429
    },
    {
        "chapter": 71,
        "verse": 10,
        "juz": 29,
        "hizb": 228,
        "manzil": 7,
        "ruku": 504,
        "word_number_in_verse": 2,
        "language_code": "en",
        "text": "Ask forgiveness",
        "root_word": "اسۡتَغۡفِرُواْ",
        "global_word_sequence_number": 73650,
        "global_verse_sequence_number": 5429
    },
    {
        "chapter": 71,
        "verse": 10,
        "juz": 29,
        "hizb": 228,
        "manzil": 7,
        "ruku": 504,
        "word_number_in_verse": 3,
        "language_code": "en",
        "text": "(from) your Lord",
        "root_word": "رَبَّكُمۡ",
        "global_word_sequence_number": 73651,
        "global_verse_sequence_number": 5429
    },
    {
        "chapter": 71,
        "verse": 10,
        "juz": 29,
        "hizb": 228,
        "manzil": 7,
        "ruku": 504,
        "word_number_in_verse": 4,
        "language_code": "en",
        "text": "Indeed He",
        "root_word": "إِنَّهُۥ",
        "global_word_sequence_number": 73652,
        "global_verse_sequence_number": 5429
    },
    {
        "chapter": 71,
        "verse": 10,
        "juz": 29,
        "hizb": 228,
        "manzil": 7,
        "ruku": 504,
        "word_number_in_verse": 5,
        "language_code": "en",
        "text": "is",
        "root_word": "كَانَ",
        "global_word_sequence_number": 73653,
        "global_verse_sequence_number": 5429
    },
    {
        "chapter": 71,
        "verse": 10,
        "juz": 29,
        "hizb": 228,
        "manzil": 7,
        "ruku": 504,
        "word_number_in_verse": 6,
        "language_code": "en",
        "text": "Oft-Forgiving",
        "root_word": "غَفَّارٗا",
        "global_word_sequence_number": 73654,
        "global_verse_sequence_number": 5429
    },
    {
        "chapter": 71,
        "verse": 11,
        "juz": 29,
        "hizb": 228,
        "manzil": 7,
        "ruku": 504,
        "word_number_in_verse": 1,
        "language_code": "en",
        "text": "He will send down",
        "root_word": "يُرۡسِلِ",
        "global_word_sequence_number": 73655,
        "global_verse_sequence_number": 5430
    },
    {
        "chapter": 71,
        "verse": 11,
        "juz": 29,
        "hizb": 228,
        "manzil": 7,
        "ruku": 504,
        "word_number_in_verse": 2,
        "language_code": "en",
        "text": "(rain from) the sky",
        "root_word": "السَّمَآءَ",
        "global_word_sequence_number": 73656,
        "global_verse_sequence_number": 5430
    },
    {
        "chapter": 71,
        "verse": 11,
        "juz": 29,
        "hizb": 228,
        "manzil": 7,
        "ruku": 504,
        "word_number_in_verse": 3,
        "language_code": "en",
        "text": "upon you",
        "root_word": "عَلَيۡكُم",
        "global_word_sequence_number": 73657,
        "global_verse_sequence_number": 5430
    },
    {
        "chapter": 71,
        "verse": 11,
        "juz": 29,
        "hizb": 228,
        "manzil": 7,
        "ruku": 504,
        "word_number_in_verse": 4,
        "language_code": "en",
        "text": "(in) abundance",
        "root_word": "مِّدۡرَارٗا",
        "global_word_sequence_number": 73658,
        "global_verse_sequence_number": 5430
    },
    {
        "chapter": 71,
        "verse": 12,
        "juz": 29,
        "hizb": 228,
        "manzil": 7,
        "ruku": 504,
        "word_number_in_verse": 1,
        "language_code": "en",
        "text": "And provide you",
        "root_word": "وَيُمۡدِدۡكُم",
        "global_word_sequence_number": 73659,
        "global_verse_sequence_number": 5431
    },
    {
        "chapter": 71,
        "verse": 12,
        "juz": 29,
        "hizb": 228,
        "manzil": 7,
        "ruku": 504,
        "word_number_in_verse": 2,
        "language_code": "en",
        "text": "with wealth",
        "root_word": "بِأَمۡوَٰلٖ",
        "global_word_sequence_number": 73660,
        "global_verse_sequence_number": 5431
    },
    {
        "chapter": 71,
        "verse": 12,
        "juz": 29,
        "hizb": 228,
        "manzil": 7,
        "ruku": 504,
        "word_number_in_verse": 3,
        "language_code": "en",
        "text": "and children",
        "root_word": "وَبَنِينَ",
        "global_word_sequence_number": 73661,
        "global_verse_sequence_number": 5431
    },
    {
        "chapter": 71,
        "verse": 12,
        "juz": 29,
        "hizb": 228,
        "manzil": 7,
        "ruku": 504,
        "word_number_in_verse": 4,
        "language_code": "en",
        "text": "and make",
        "root_word": "وَيَجۡعَل",
        "global_word_sequence_number": 73662,
        "global_verse_sequence_number": 5431
    },
    {
        "chapter": 71,
        "verse": 12,
        "juz": 29,
        "hizb": 228,
        "manzil": 7,
        "ruku": 504,
        "word_number_in_verse": 5,
        "language_code": "en",
        "text": "for you",
        "root_word": "لَّكُمۡ",
        "global_word_sequence_number": 73663,
        "global_verse_sequence_number": 5431
    },
    {
        "chapter": 71,
        "verse": 12,
        "juz": 29,
        "hizb": 228,
        "manzil": 7,
        "ruku": 504,
        "word_number_in_verse": 6,
        "language_code": "en",
        "text": "gardens",
        "root_word": "جَنَّٰتٖ",
        "global_word_sequence_number": 73664,
        "global_verse_sequence_number": 5431
    },
    {
        "chapter": 71,
        "verse": 12,
        "juz": 29,
        "hizb": 228,
        "manzil": 7,
        "ruku": 504,
        "word_number_in_verse": 7,
        "language_code": "en",
        "text": "and make",
        "root_word": "وَيَجۡعَل",
        "global_word_sequence_number": 73665,
        "global_verse_sequence_number": 5431
    },
    {
        "chapter": 71,
        "verse": 12,
        "juz": 29,
        "hizb": 228,
        "manzil": 7,
        "ruku": 504,
        "word_number_in_verse": 8,
        "language_code": "en",
        "text": "for you",
        "root_word": "لَّكُمۡ",
        "global_word_sequence_number": 73666,
        "global_verse_sequence_number": 5431
    },
    {
        "chapter": 71,
        "verse": 12,
        "juz": 29,
        "hizb": 228,
        "manzil": 7,
        "ruku": 504,
        "word_number_in_verse": 9,
        "language_code": "en",
        "text": "rivers",
        "root_word": "أَنۡهَٰرٗا",
        "global_word_sequence_number": 73667,
        "global_verse_sequence_number": 5431
    },
    {
        "chapter": 71,
        "verse": 13,
        "juz": 29,
        "hizb": 228,
        "manzil": 7,
        "ruku": 504,
        "word_number_in_verse": 1,
        "language_code": "en",
        "text": "What",
        "root_word": "مَّا",
        "global_word_sequence_number": 73668,
        "global_verse_sequence_number": 5432
    },
    {
        "chapter": 71,
        "verse": 13,
        "juz": 29,
        "hizb": 228,
        "manzil": 7,
        "ruku": 504,
        "word_number_in_verse": 2,
        "language_code": "en",
        "text": "(is) for you",
        "root_word": "لَكُمۡ",
        "global_word_sequence_number": 73669,
        "global_verse_sequence_number": 5432
    },
    {
        "chapter": 71,
        "verse": 13,
        "juz": 29,
        "hizb": 228,
        "manzil": 7,
        "ruku": 504,
        "word_number_in_verse": 3,
        "language_code": "en",
        "text": "not",
        "root_word": "لَا",
        "global_word_sequence_number": 73670,
        "global_verse_sequence_number": 5432
    },
    {
        "chapter": 71,
        "verse": 13,
        "juz": 29,
        "hizb": 228,
        "manzil": 7,
        "ruku": 504,
        "word_number_in_verse": 4,
        "language_code": "en",
        "text": "you attribute",
        "root_word": "تَرۡجُونَ",
        "global_word_sequence_number": 73671,
        "global_verse_sequence_number": 5432
    },
    {
        "chapter": 71,
        "verse": 13,
        "juz": 29,
        "hizb": 228,
        "manzil": 7,
        "ruku": 504,
        "word_number_in_verse": 5,
        "language_code": "en",
        "text": "to Allah",
        "root_word": "لِلَّهِ",
        "global_word_sequence_number": 73672,
        "global_verse_sequence_number": 5432
    },
    {
        "chapter": 71,
        "verse": 13,
        "juz": 29,
        "hizb": 228,
        "manzil": 7,
        "ruku": 504,
        "word_number_in_verse": 6,
        "language_code": "en",
        "text": "grandeur",
        "root_word": "وَقَارٗا",
        "global_word_sequence_number": 73673,
        "global_verse_sequence_number": 5432
    },
    {
        "chapter": 71,
        "verse": 14,
        "juz": 29,
        "hizb": 228,
        "manzil": 7,
        "ruku": 504,
        "word_number_in_verse": 1,
        "language_code": "en",
        "text": "And indeed",
        "root_word": "وَقَدۡ",
        "global_word_sequence_number": 73674,
        "global_verse_sequence_number": 5433
    },
    {
        "chapter": 71,
        "verse": 14,
        "juz": 29,
        "hizb": 228,
        "manzil": 7,
        "ruku": 504,
        "word_number_in_verse": 2,
        "language_code": "en",
        "text": "He created you",
        "root_word": "خَلَقَكُمۡ",
        "global_word_sequence_number": 73675,
        "global_verse_sequence_number": 5433
    },
    {
        "chapter": 71,
        "verse": 14,
        "juz": 29,
        "hizb": 228,
        "manzil": 7,
        "ruku": 504,
        "word_number_in_verse": 3,
        "language_code": "en",
        "text": "(in) stages",
        "root_word": "أَطۡوَارًا",
        "global_word_sequence_number": 73676,
        "global_verse_sequence_number": 5433
    },
    {
        "chapter": 71,
        "verse": 15,
        "juz": 29,
        "hizb": 228,
        "manzil": 7,
        "ruku": 504,
        "word_number_in_verse": 1,
        "language_code": "en",
        "text": "Do not",
        "root_word": "أَلَمۡ",
        "global_word_sequence_number": 73677,
        "global_verse_sequence_number": 5434
    },
    {
        "chapter": 71,
        "verse": 15,
        "juz": 29,
        "hizb": 228,
        "manzil": 7,
        "ruku": 504,
        "word_number_in_verse": 2,
        "language_code": "en",
        "text": "you see",
        "root_word": "تَرَوۡاْ",
        "global_word_sequence_number": 73678,
        "global_verse_sequence_number": 5434
    },
    {
        "chapter": 71,
        "verse": 15,
        "juz": 29,
        "hizb": 228,
        "manzil": 7,
        "ruku": 504,
        "word_number_in_verse": 3,
        "language_code": "en",
        "text": "how",
        "root_word": "كَيۡفَ",
        "global_word_sequence_number": 73679,
        "global_verse_sequence_number": 5434
    },
    {
        "chapter": 71,
        "verse": 15,
        "juz": 29,
        "hizb": 228,
        "manzil": 7,
        "ruku": 504,
        "word_number_in_verse": 4,
        "language_code": "en",
        "text": "did create",
        "root_word": "خَلَقَ",
        "global_word_sequence_number": 73680,
        "global_verse_sequence_number": 5434
    },
    {
        "chapter": 71,
        "verse": 15,
        "juz": 29,
        "hizb": 228,
        "manzil": 7,
        "ruku": 504,
        "word_number_in_verse": 5,
        "language_code": "en",
        "text": "Allah",
        "root_word": "اللَّهُ",
        "global_word_sequence_number": 73681,
        "global_verse_sequence_number": 5434
    },
    {
        "chapter": 71,
        "verse": 15,
        "juz": 29,
        "hizb": 228,
        "manzil": 7,
        "ruku": 504,
        "word_number_in_verse": 6,
        "language_code": "en",
        "text": "(the) seven",
        "root_word": "سَبۡعَ",
        "global_word_sequence_number": 73682,
        "global_verse_sequence_number": 5434
    },
    {
        "chapter": 71,
        "verse": 15,
        "juz": 29,
        "hizb": 228,
        "manzil": 7,
        "ruku": 504,
        "word_number_in_verse": 7,
        "language_code": "en",
        "text": "heavens",
        "root_word": "سَمَٰوَٰتٖ",
        "global_word_sequence_number": 73683,
        "global_verse_sequence_number": 5434
    },
    {
        "chapter": 71,
        "verse": 15,
        "juz": 29,
        "hizb": 228,
        "manzil": 7,
        "ruku": 504,
        "word_number_in_verse": 8,
        "language_code": "en",
        "text": "(in) layers",
        "root_word": "طِبَاقٗا",
        "global_word_sequence_number": 73684,
        "global_verse_sequence_number": 5434
    },
    {
        "chapter": 71,
        "verse": 16,
        "juz": 29,
        "hizb": 228,
        "manzil": 7,
        "ruku": 504,
        "word_number_in_verse": 1,
        "language_code": "en",
        "text": "And made",
        "root_word": "وَجَعَلَ",
        "global_word_sequence_number": 73685,
        "global_verse_sequence_number": 5435
    },
    {
        "chapter": 71,
        "verse": 16,
        "juz": 29,
        "hizb": 228,
        "manzil": 7,
        "ruku": 504,
        "word_number_in_verse": 2,
        "language_code": "en",
        "text": "the moon",
        "root_word": "الۡقَمَرَ",
        "global_word_sequence_number": 73686,
        "global_verse_sequence_number": 5435
    },
    {
        "chapter": 71,
        "verse": 16,
        "juz": 29,
        "hizb": 228,
        "manzil": 7,
        "ruku": 504,
        "word_number_in_verse": 3,
        "language_code": "en",
        "text": "therein",
        "root_word": "فِيهِنَّ",
        "global_word_sequence_number": 73687,
        "global_verse_sequence_number": 5435
    },
    {
        "chapter": 71,
        "verse": 16,
        "juz": 29,
        "hizb": 228,
        "manzil": 7,
        "ruku": 504,
        "word_number_in_verse": 4,
        "language_code": "en",
        "text": "a light",
        "root_word": "نُورٗا",
        "global_word_sequence_number": 73688,
        "global_verse_sequence_number": 5435
    },
    {
        "chapter": 71,
        "verse": 16,
        "juz": 29,
        "hizb": 228,
        "manzil": 7,
        "ruku": 504,
        "word_number_in_verse": 5,
        "language_code": "en",
        "text": "and made",
        "root_word": "وَجَعَلَ",
        "global_word_sequence_number": 73689,
        "global_verse_sequence_number": 5435
    },
    {
        "chapter": 71,
        "verse": 16,
        "juz": 29,
        "hizb": 228,
        "manzil": 7,
        "ruku": 504,
        "word_number_in_verse": 6,
        "language_code": "en",
        "text": "the sun",
        "root_word": "الشَّمۡسَ",
        "global_word_sequence_number": 73690,
        "global_verse_sequence_number": 5435
    },
    {
        "chapter": 71,
        "verse": 16,
        "juz": 29,
        "hizb": 228,
        "manzil": 7,
        "ruku": 504,
        "word_number_in_verse": 7,
        "language_code": "en",
        "text": "a lamp",
        "root_word": "سِرَاجٗا",
        "global_word_sequence_number": 73691,
        "global_verse_sequence_number": 5435
    },
    {
        "chapter": 71,
        "verse": 17,
        "juz": 29,
        "hizb": 228,
        "manzil": 7,
        "ruku": 504,
        "word_number_in_verse": 1,
        "language_code": "en",
        "text": "And Allah",
        "root_word": "وَاللَّهُ",
        "global_word_sequence_number": 73692,
        "global_verse_sequence_number": 5436
    },
    {
        "chapter": 71,
        "verse": 17,
        "juz": 29,
        "hizb": 228,
        "manzil": 7,
        "ruku": 504,
        "word_number_in_verse": 2,
        "language_code": "en",
        "text": "has caused you to grow",
        "root_word": "أَنۢبَتَكُم",
        "global_word_sequence_number": 73693,
        "global_verse_sequence_number": 5436
    },
    {
        "chapter": 71,
        "verse": 17,
        "juz": 29,
        "hizb": 228,
        "manzil": 7,
        "ruku": 504,
        "word_number_in_verse": 3,
        "language_code": "en",
        "text": "from",
        "root_word": "مِّنَ",
        "global_word_sequence_number": 73694,
        "global_verse_sequence_number": 5436
    },
    {
        "chapter": 71,
        "verse": 17,
        "juz": 29,
        "hizb": 228,
        "manzil": 7,
        "ruku": 504,
        "word_number_in_verse": 4,
        "language_code": "en",
        "text": "the earth",
        "root_word": "الۡأَرۡضِ",
        "global_word_sequence_number": 73695,
        "global_verse_sequence_number": 5436
    },
    {
        "chapter": 71,
        "verse": 17,
        "juz": 29,
        "hizb": 228,
        "manzil": 7,
        "ruku": 504,
        "word_number_in_verse": 5,
        "language_code": "en",
        "text": "(as) a growth",
        "root_word": "نَبَاتٗا",
        "global_word_sequence_number": 73696,
        "global_verse_sequence_number": 5436
    },
    {
        "chapter": 71,
        "verse": 18,
        "juz": 29,
        "hizb": 228,
        "manzil": 7,
        "ruku": 504,
        "word_number_in_verse": 1,
        "language_code": "en",
        "text": "Then",
        "root_word": "ثُمَّ",
        "global_word_sequence_number": 73697,
        "global_verse_sequence_number": 5437
    },
    {
        "chapter": 71,
        "verse": 18,
        "juz": 29,
        "hizb": 228,
        "manzil": 7,
        "ruku": 504,
        "word_number_in_verse": 2,
        "language_code": "en",
        "text": "He will return you",
        "root_word": "يُعِيدُكُمۡ",
        "global_word_sequence_number": 73698,
        "global_verse_sequence_number": 5437
    },
    {
        "chapter": 71,
        "verse": 18,
        "juz": 29,
        "hizb": 228,
        "manzil": 7,
        "ruku": 504,
        "word_number_in_verse": 3,
        "language_code": "en",
        "text": "into it",
        "root_word": "فِيهَا",
        "global_word_sequence_number": 73699,
        "global_verse_sequence_number": 5437
    },
    {
        "chapter": 71,
        "verse": 18,
        "juz": 29,
        "hizb": 228,
        "manzil": 7,
        "ruku": 504,
        "word_number_in_verse": 4,
        "language_code": "en",
        "text": "and bring you forth",
        "root_word": "وَيُخۡرِجُكُمۡ",
        "global_word_sequence_number": 73700,
        "global_verse_sequence_number": 5437
    },
    {
        "chapter": 71,
        "verse": 18,
        "juz": 29,
        "hizb": 228,
        "manzil": 7,
        "ruku": 504,
        "word_number_in_verse": 5,
        "language_code": "en",
        "text": "(a new) bringing forth",
        "root_word": "إِخۡرَاجٗا",
        "global_word_sequence_number": 73701,
        "global_verse_sequence_number": 5437
    },
    {
        "chapter": 71,
        "verse": 19,
        "juz": 29,
        "hizb": 228,
        "manzil": 7,
        "ruku": 504,
        "word_number_in_verse": 1,
        "language_code": "en",
        "text": "And Allah",
        "root_word": "وَاللَّهُ",
        "global_word_sequence_number": 73702,
        "global_verse_sequence_number": 5438
    },
    {
        "chapter": 71,
        "verse": 19,
        "juz": 29,
        "hizb": 228,
        "manzil": 7,
        "ruku": 504,
        "word_number_in_verse": 2,
        "language_code": "en",
        "text": "made",
        "root_word": "جَعَلَ",
        "global_word_sequence_number": 73703,
        "global_verse_sequence_number": 5438
    },
    {
        "chapter": 71,
        "verse": 19,
        "juz": 29,
        "hizb": 228,
        "manzil": 7,
        "ruku": 504,
        "word_number_in_verse": 3,
        "language_code": "en",
        "text": "for you",
        "root_word": "لَكُمُ",
        "global_word_sequence_number": 73704,
        "global_verse_sequence_number": 5438
    },
    {
        "chapter": 71,
        "verse": 19,
        "juz": 29,
        "hizb": 228,
        "manzil": 7,
        "ruku": 504,
        "word_number_in_verse": 4,
        "language_code": "en",
        "text": "the earth",
        "root_word": "الۡأَرۡضَ",
        "global_word_sequence_number": 73705,
        "global_verse_sequence_number": 5438
    },
    {
        "chapter": 71,
        "verse": 19,
        "juz": 29,
        "hizb": 228,
        "manzil": 7,
        "ruku": 504,
        "word_number_in_verse": 5,
        "language_code": "en",
        "text": "an expanse",
        "root_word": "بِسَاطٗا",
        "global_word_sequence_number": 73706,
        "global_verse_sequence_number": 5438
    },
    {
        "chapter": 71,
        "verse": 20,
        "juz": 29,
        "hizb": 228,
        "manzil": 7,
        "ruku": 504,
        "word_number_in_verse": 1,
        "language_code": "en",
        "text": "That you may go along",
        "root_word": "لِّتَسۡلُكُواْ",
        "global_word_sequence_number": 73707,
        "global_verse_sequence_number": 5439
    },
    {
        "chapter": 71,
        "verse": 20,
        "juz": 29,
        "hizb": 228,
        "manzil": 7,
        "ruku": 504,
        "word_number_in_verse": 2,
        "language_code": "en",
        "text": "therein",
        "root_word": "مِنۡهَا",
        "global_word_sequence_number": 73708,
        "global_verse_sequence_number": 5439
    },
    {
        "chapter": 71,
        "verse": 20,
        "juz": 29,
        "hizb": 228,
        "manzil": 7,
        "ruku": 504,
        "word_number_in_verse": 3,
        "language_code": "en",
        "text": "(in) paths",
        "root_word": "سُبُلٗا",
        "global_word_sequence_number": 73709,
        "global_verse_sequence_number": 5439
    },
    {
        "chapter": 71,
        "verse": 20,
        "juz": 29,
        "hizb": 228,
        "manzil": 7,
        "ruku": 504,
        "word_number_in_verse": 4,
        "language_code": "en",
        "text": "wide",
        "root_word": "فِجَاجٗا",
        "global_word_sequence_number": 73710,
        "global_verse_sequence_number": 5439
    },
    {
        "chapter": 71,
        "verse": 21,
        "juz": 29,
        "hizb": 228,
        "manzil": 7,
        "ruku": 505,
        "word_number_in_verse": 1,
        "language_code": "en",
        "text": "Said",
        "root_word": "قَالَ",
        "global_word_sequence_number": 73711,
        "global_verse_sequence_number": 5440
    },
    {
        "chapter": 71,
        "verse": 21,
        "juz": 29,
        "hizb": 228,
        "manzil": 7,
        "ruku": 505,
        "word_number_in_verse": 2,
        "language_code": "en",
        "text": "Nuh",
        "root_word": "نُوحٞ",
        "global_word_sequence_number": 73712,
        "global_verse_sequence_number": 5440
    },
    {
        "chapter": 71,
        "verse": 21,
        "juz": 29,
        "hizb": 228,
        "manzil": 7,
        "ruku": 505,
        "word_number_in_verse": 3,
        "language_code": "en",
        "text": "My Lord",
        "root_word": "رَّبِّ",
        "global_word_sequence_number": 73713,
        "global_verse_sequence_number": 5440
    },
    {
        "chapter": 71,
        "verse": 21,
        "juz": 29,
        "hizb": 228,
        "manzil": 7,
        "ruku": 505,
        "word_number_in_verse": 4,
        "language_code": "en",
        "text": "Indeed they",
        "root_word": "إِنَّهُمۡ",
        "global_word_sequence_number": 73714,
        "global_verse_sequence_number": 5440
    },
    {
        "chapter": 71,
        "verse": 21,
        "juz": 29,
        "hizb": 228,
        "manzil": 7,
        "ruku": 505,
        "word_number_in_verse": 5,
        "language_code": "en",
        "text": "disobeyed me",
        "root_word": "عَصَوۡنِي",
        "global_word_sequence_number": 73715,
        "global_verse_sequence_number": 5440
    },
    {
        "chapter": 71,
        "verse": 21,
        "juz": 29,
        "hizb": 228,
        "manzil": 7,
        "ruku": 505,
        "word_number_in_verse": 6,
        "language_code": "en",
        "text": "and followed",
        "root_word": "وَاتَّبَعُواْ",
        "global_word_sequence_number": 73716,
        "global_verse_sequence_number": 5440
    },
    {
        "chapter": 71,
        "verse": 21,
        "juz": 29,
        "hizb": 228,
        "manzil": 7,
        "ruku": 505,
        "word_number_in_verse": 7,
        "language_code": "en",
        "text": "(the one) who",
        "root_word": "مَن",
        "global_word_sequence_number": 73717,
        "global_verse_sequence_number": 5440
    },
    {
        "chapter": 71,
        "verse": 21,
        "juz": 29,
        "hizb": 228,
        "manzil": 7,
        "ruku": 505,
        "word_number_in_verse": 8,
        "language_code": "en",
        "text": "(did) not",
        "root_word": "لَّمۡ",
        "global_word_sequence_number": 73718,
        "global_verse_sequence_number": 5440
    },
    {
        "chapter": 71,
        "verse": 21,
        "juz": 29,
        "hizb": 228,
        "manzil": 7,
        "ruku": 505,
        "word_number_in_verse": 9,
        "language_code": "en",
        "text": "increase him",
        "root_word": "يَزِدۡهُ",
        "global_word_sequence_number": 73719,
        "global_verse_sequence_number": 5440
    },
    {
        "chapter": 71,
        "verse": 21,
        "juz": 29,
        "hizb": 228,
        "manzil": 7,
        "ruku": 505,
        "word_number_in_verse": 10,
        "language_code": "en",
        "text": "his wealth",
        "root_word": "مَالُهُۥ",
        "global_word_sequence_number": 73720,
        "global_verse_sequence_number": 5440
    },
    {
        "chapter": 71,
        "verse": 21,
        "juz": 29,
        "hizb": 228,
        "manzil": 7,
        "ruku": 505,
        "word_number_in_verse": 11,
        "language_code": "en",
        "text": "and his children",
        "root_word": "وَوَلَدُهُۥٓ",
        "global_word_sequence_number": 73721,
        "global_verse_sequence_number": 5440
    },
    {
        "chapter": 71,
        "verse": 21,
        "juz": 29,
        "hizb": 228,
        "manzil": 7,
        "ruku": 505,
        "word_number_in_verse": 12,
        "language_code": "en",
        "text": "except",
        "root_word": "إِلَّا",
        "global_word_sequence_number": 73722,
        "global_verse_sequence_number": 5440
    },
    {
        "chapter": 71,
        "verse": 21,
        "juz": 29,
        "hizb": 228,
        "manzil": 7,
        "ruku": 505,
        "word_number_in_verse": 13,
        "language_code": "en",
        "text": "(in) loss",
        "root_word": "خَسَارٗا",
        "global_word_sequence_number": 73723,
        "global_verse_sequence_number": 5440
    },
    {
        "chapter": 71,
        "verse": 22,
        "juz": 29,
        "hizb": 228,
        "manzil": 7,
        "ruku": 505,
        "word_number_in_verse": 1,
        "language_code": "en",
        "text": "And they have planned",
        "root_word": "وَمَكَرُواْ",
        "global_word_sequence_number": 73724,
        "global_verse_sequence_number": 5441
    },
    {
        "chapter": 71,
        "verse": 22,
        "juz": 29,
        "hizb": 228,
        "manzil": 7,
        "ruku": 505,
        "word_number_in_verse": 2,
        "language_code": "en",
        "text": "a plan",
        "root_word": "مَكۡرٗا",
        "global_word_sequence_number": 73725,
        "global_verse_sequence_number": 5441
    },
    {
        "chapter": 71,
        "verse": 22,
        "juz": 29,
        "hizb": 228,
        "manzil": 7,
        "ruku": 505,
        "word_number_in_verse": 3,
        "language_code": "en",
        "text": "great",
        "root_word": "كُبَّارٗا",
        "global_word_sequence_number": 73726,
        "global_verse_sequence_number": 5441
    },
    {
        "chapter": 71,
        "verse": 23,
        "juz": 29,
        "hizb": 228,
        "manzil": 7,
        "ruku": 505,
        "word_number_in_verse": 1,
        "language_code": "en",
        "text": "And they said",
        "root_word": "وَقَالُواْ",
        "global_word_sequence_number": 73727,
        "global_verse_sequence_number": 5442
    },
    {
        "chapter": 71,
        "verse": 23,
        "juz": 29,
        "hizb": 228,
        "manzil": 7,
        "ruku": 505,
        "word_number_in_verse": 2,
        "language_code": "en",
        "text": "(Do) not",
        "root_word": "لَا",
        "global_word_sequence_number": 73728,
        "global_verse_sequence_number": 5442
    },
    {
        "chapter": 71,
        "verse": 23,
        "juz": 29,
        "hizb": 228,
        "manzil": 7,
        "ruku": 505,
        "word_number_in_verse": 3,
        "language_code": "en",
        "text": "leave",
        "root_word": "تَذَرُنَّ",
        "global_word_sequence_number": 73729,
        "global_verse_sequence_number": 5442
    },
    {
        "chapter": 71,
        "verse": 23,
        "juz": 29,
        "hizb": 228,
        "manzil": 7,
        "ruku": 505,
        "word_number_in_verse": 4,
        "language_code": "en",
        "text": "your gods",
        "root_word": "ءَالِهَتَكُمۡ",
        "global_word_sequence_number": 73730,
        "global_verse_sequence_number": 5442
    },
    {
        "chapter": 71,
        "verse": 23,
        "juz": 29,
        "hizb": 228,
        "manzil": 7,
        "ruku": 505,
        "word_number_in_verse": 5,
        "language_code": "en",
        "text": "and (do) not",
        "root_word": "وَلَا",
        "global_word_sequence_number": 73731,
        "global_verse_sequence_number": 5442
    },
    {
        "chapter": 71,
        "verse": 23,
        "juz": 29,
        "hizb": 228,
        "manzil": 7,
        "ruku": 505,
        "word_number_in_verse": 6,
        "language_code": "en",
        "text": "leave",
        "root_word": "تَذَرُنَّ",
        "global_word_sequence_number": 73732,
        "global_verse_sequence_number": 5442
    },
    {
        "chapter": 71,
        "verse": 23,
        "juz": 29,
        "hizb": 228,
        "manzil": 7,
        "ruku": 505,
        "word_number_in_verse": 7,
        "language_code": "en",
        "text": "Wadd",
        "root_word": "وَدّٗا",
        "global_word_sequence_number": 73733,
        "global_verse_sequence_number": 5442
    },
    {
        "chapter": 71,
        "verse": 23,
        "juz": 29,
        "hizb": 228,
        "manzil": 7,
        "ruku": 505,
        "word_number_in_verse": 8,
        "language_code": "en",
        "text": "and not",
        "root_word": "وَلَا",
        "global_word_sequence_number": 73734,
        "global_verse_sequence_number": 5442
    },
    {
        "chapter": 71,
        "verse": 23,
        "juz": 29,
        "hizb": 228,
        "manzil": 7,
        "ruku": 505,
        "word_number_in_verse": 9,
        "language_code": "en",
        "text": "Suwa",
        "root_word": "سُوَاعٗا",
        "global_word_sequence_number": 73735,
        "global_verse_sequence_number": 5442
    },
    {
        "chapter": 71,
        "verse": 23,
        "juz": 29,
        "hizb": 228,
        "manzil": 7,
        "ruku": 505,
        "word_number_in_verse": 10,
        "language_code": "en",
        "text": "and not",
        "root_word": "وَلَا",
        "global_word_sequence_number": 73736,
        "global_verse_sequence_number": 5442
    },
    {
        "chapter": 71,
        "verse": 23,
        "juz": 29,
        "hizb": 228,
        "manzil": 7,
        "ruku": 505,
        "word_number_in_verse": 11,
        "language_code": "en",
        "text": "Yaguth",
        "root_word": "يَغُوثَ",
        "global_word_sequence_number": 73737,
        "global_verse_sequence_number": 5442
    },
    {
        "chapter": 71,
        "verse": 23,
        "juz": 29,
        "hizb": 228,
        "manzil": 7,
        "ruku": 505,
        "word_number_in_verse": 12,
        "language_code": "en",
        "text": "and Yauq",
        "root_word": "وَيَعُوقَ",
        "global_word_sequence_number": 73738,
        "global_verse_sequence_number": 5442
    },
    {
        "chapter": 71,
        "verse": 23,
        "juz": 29,
        "hizb": 228,
        "manzil": 7,
        "ruku": 505,
        "word_number_in_verse": 13,
        "language_code": "en",
        "text": "and Nasr",
        "root_word": "وَنَسۡرٗا",
        "global_word_sequence_number": 73739,
        "global_verse_sequence_number": 5442
    },
    {
        "chapter": 71,
        "verse": 24,
        "juz": 29,
        "hizb": 228,
        "manzil": 7,
        "ruku": 505,
        "word_number_in_verse": 1,
        "language_code": "en",
        "text": "And indeed",
        "root_word": "وَقَدۡ",
        "global_word_sequence_number": 73740,
        "global_verse_sequence_number": 5443
    },
    {
        "chapter": 71,
        "verse": 24,
        "juz": 29,
        "hizb": 228,
        "manzil": 7,
        "ruku": 505,
        "word_number_in_verse": 2,
        "language_code": "en",
        "text": "they have led astray",
        "root_word": "أَضَلُّواْ",
        "global_word_sequence_number": 73741,
        "global_verse_sequence_number": 5443
    },
    {
        "chapter": 71,
        "verse": 24,
        "juz": 29,
        "hizb": 228,
        "manzil": 7,
        "ruku": 505,
        "word_number_in_verse": 3,
        "language_code": "en",
        "text": "many",
        "root_word": "كَثِيرٗاۖ",
        "global_word_sequence_number": 73742,
        "global_verse_sequence_number": 5443
    },
    {
        "chapter": 71,
        "verse": 24,
        "juz": 29,
        "hizb": 228,
        "manzil": 7,
        "ruku": 505,
        "word_number_in_verse": 4,
        "language_code": "en",
        "text": "And not",
        "root_word": "وَلَا",
        "global_word_sequence_number": 73743,
        "global_verse_sequence_number": 5443
    },
    {
        "chapter": 71,
        "verse": 24,
        "juz": 29,
        "hizb": 228,
        "manzil": 7,
        "ruku": 505,
        "word_number_in_verse": 5,
        "language_code": "en",
        "text": "increase",
        "root_word": "تَزِدِ",
        "global_word_sequence_number": 73744,
        "global_verse_sequence_number": 5443
    },
    {
        "chapter": 71,
        "verse": 24,
        "juz": 29,
        "hizb": 228,
        "manzil": 7,
        "ruku": 505,
        "word_number_in_verse": 6,
        "language_code": "en",
        "text": "the wrongdoers",
        "root_word": "الظَّٰلِمِينَ",
        "global_word_sequence_number": 73745,
        "global_verse_sequence_number": 5443
    },
    {
        "chapter": 71,
        "verse": 24,
        "juz": 29,
        "hizb": 228,
        "manzil": 7,
        "ruku": 505,
        "word_number_in_verse": 7,
        "language_code": "en",
        "text": "except",
        "root_word": "إِلَّا",
        "global_word_sequence_number": 73746,
        "global_verse_sequence_number": 5443
    },
    {
        "chapter": 71,
        "verse": 24,
        "juz": 29,
        "hizb": 228,
        "manzil": 7,
        "ruku": 505,
        "word_number_in_verse": 8,
        "language_code": "en",
        "text": "(in) error",
        "root_word": "ضَلَٰلٗا",
        "global_word_sequence_number": 73747,
        "global_verse_sequence_number": 5443
    },
    {
        "chapter": 71,
        "verse": 25,
        "juz": 29,
        "hizb": 228,
        "manzil": 7,
        "ruku": 505,
        "word_number_in_verse": 1,
        "language_code": "en",
        "text": "Because of",
        "root_word": "مِّمَّا",
        "global_word_sequence_number": 73748,
        "global_verse_sequence_number": 5444
    },
    {
        "chapter": 71,
        "verse": 25,
        "juz": 29,
        "hizb": 228,
        "manzil": 7,
        "ruku": 505,
        "word_number_in_verse": 2,
        "language_code": "en",
        "text": "their sins",
        "root_word": "خَطِيٓـَٰٔتِهِمۡ",
        "global_word_sequence_number": 73749,
        "global_verse_sequence_number": 5444
    },
    {
        "chapter": 71,
        "verse": 25,
        "juz": 29,
        "hizb": 228,
        "manzil": 7,
        "ruku": 505,
        "word_number_in_verse": 3,
        "language_code": "en",
        "text": "they were drowned",
        "root_word": "أُغۡرِقُواْ",
        "global_word_sequence_number": 73750,
        "global_verse_sequence_number": 5444
    },
    {
        "chapter": 71,
        "verse": 25,
        "juz": 29,
        "hizb": 228,
        "manzil": 7,
        "ruku": 505,
        "word_number_in_verse": 4,
        "language_code": "en",
        "text": "then made to enter",
        "root_word": "فَأُدۡخِلُواْ",
        "global_word_sequence_number": 73751,
        "global_verse_sequence_number": 5444
    },
    {
        "chapter": 71,
        "verse": 25,
        "juz": 29,
        "hizb": 228,
        "manzil": 7,
        "ruku": 505,
        "word_number_in_verse": 5,
        "language_code": "en",
        "text": "(the) Fire",
        "root_word": "نَارٗا",
        "global_word_sequence_number": 73752,
        "global_verse_sequence_number": 5444
    },
    {
        "chapter": 71,
        "verse": 25,
        "juz": 29,
        "hizb": 228,
        "manzil": 7,
        "ruku": 505,
        "word_number_in_verse": 6,
        "language_code": "en",
        "text": "and not",
        "root_word": "فَلَمۡ",
        "global_word_sequence_number": 73753,
        "global_verse_sequence_number": 5444
    },
    {
        "chapter": 71,
        "verse": 25,
        "juz": 29,
        "hizb": 228,
        "manzil": 7,
        "ruku": 505,
        "word_number_in_verse": 7,
        "language_code": "en",
        "text": "they found",
        "root_word": "يَجِدُواْ",
        "global_word_sequence_number": 73754,
        "global_verse_sequence_number": 5444
    },
    {
        "chapter": 71,
        "verse": 25,
        "juz": 29,
        "hizb": 228,
        "manzil": 7,
        "ruku": 505,
        "word_number_in_verse": 8,
        "language_code": "en",
        "text": "for themselves",
        "root_word": "لَهُم",
        "global_word_sequence_number": 73755,
        "global_verse_sequence_number": 5444
    },
    {
        "chapter": 71,
        "verse": 25,
        "juz": 29,
        "hizb": 228,
        "manzil": 7,
        "ruku": 505,
        "word_number_in_verse": 9,
        "language_code": "en",
        "text": "from",
        "root_word": "مِّن",
        "global_word_sequence_number": 73756,
        "global_verse_sequence_number": 5444
    },
    {
        "chapter": 71,
        "verse": 25,
        "juz": 29,
        "hizb": 228,
        "manzil": 7,
        "ruku": 505,
        "word_number_in_verse": 10,
        "language_code": "en",
        "text": "besides",
        "root_word": "دُونِ",
        "global_word_sequence_number": 73757,
        "global_verse_sequence_number": 5444
    },
    {
        "chapter": 71,
        "verse": 25,
        "juz": 29,
        "hizb": 228,
        "manzil": 7,
        "ruku": 505,
        "word_number_in_verse": 11,
        "language_code": "en",
        "text": "Allah",
        "root_word": "اللَّهِ",
        "global_word_sequence_number": 73758,
        "global_verse_sequence_number": 5444
    },
    {
        "chapter": 71,
        "verse": 25,
        "juz": 29,
        "hizb": 228,
        "manzil": 7,
        "ruku": 505,
        "word_number_in_verse": 12,
        "language_code": "en",
        "text": "any helpers",
        "root_word": "أَنصَارٗا",
        "global_word_sequence_number": 73759,
        "global_verse_sequence_number": 5444
    },
    {
        "chapter": 71,
        "verse": 26,
        "juz": 29,
        "hizb": 228,
        "manzil": 7,
        "ruku": 505,
        "word_number_in_verse": 1,
        "language_code": "en",
        "text": "And said",
        "root_word": "وَقَالَ",
        "global_word_sequence_number": 73760,
        "global_verse_sequence_number": 5445
    },
    {
        "chapter": 71,
        "verse": 26,
        "juz": 29,
        "hizb": 228,
        "manzil": 7,
        "ruku": 505,
        "word_number_in_verse": 2,
        "language_code": "en",
        "text": "Nuh",
        "root_word": "نُوحٞ",
        "global_word_sequence_number": 73761,
        "global_verse_sequence_number": 5445
    },
    {
        "chapter": 71,
        "verse": 26,
        "juz": 29,
        "hizb": 228,
        "manzil": 7,
        "ruku": 505,
        "word_number_in_verse": 3,
        "language_code": "en",
        "text": "My Lord",
        "root_word": "رَّبِّ",
        "global_word_sequence_number": 73762,
        "global_verse_sequence_number": 5445
    },
    {
        "chapter": 71,
        "verse": 26,
        "juz": 29,
        "hizb": 228,
        "manzil": 7,
        "ruku": 505,
        "word_number_in_verse": 4,
        "language_code": "en",
        "text": "(Do) not",
        "root_word": "لَا",
        "global_word_sequence_number": 73763,
        "global_verse_sequence_number": 5445
    },
    {
        "chapter": 71,
        "verse": 26,
        "juz": 29,
        "hizb": 228,
        "manzil": 7,
        "ruku": 505,
        "word_number_in_verse": 5,
        "language_code": "en",
        "text": "leave",
        "root_word": "تَذَرۡ",
        "global_word_sequence_number": 73764,
        "global_verse_sequence_number": 5445
    },
    {
        "chapter": 71,
        "verse": 26,
        "juz": 29,
        "hizb": 228,
        "manzil": 7,
        "ruku": 505,
        "word_number_in_verse": 6,
        "language_code": "en",
        "text": "on",
        "root_word": "عَلَى",
        "global_word_sequence_number": 73765,
        "global_verse_sequence_number": 5445
    },
    {
        "chapter": 71,
        "verse": 26,
        "juz": 29,
        "hizb": 228,
        "manzil": 7,
        "ruku": 505,
        "word_number_in_verse": 7,
        "language_code": "en",
        "text": "the earth",
        "root_word": "الۡأَرۡضِ",
        "global_word_sequence_number": 73766,
        "global_verse_sequence_number": 5445
    },
    {
        "chapter": 71,
        "verse": 26,
        "juz": 29,
        "hizb": 228,
        "manzil": 7,
        "ruku": 505,
        "word_number_in_verse": 8,
        "language_code": "en",
        "text": "any",
        "root_word": "مِنَ",
        "global_word_sequence_number": 73767,
        "global_verse_sequence_number": 5445
    },
    {
        "chapter": 71,
        "verse": 26,
        "juz": 29,
        "hizb": 228,
        "manzil": 7,
        "ruku": 505,
        "word_number_in_verse": 9,
        "language_code": "en",
        "text": "(of) the disbelievers",
        "root_word": "الۡكَٰفِرِينَ",
        "global_word_sequence_number": 73768,
        "global_verse_sequence_number": 5445
    },
    {
        "chapter": 71,
        "verse": 26,
        "juz": 29,
        "hizb": 228,
        "manzil": 7,
        "ruku": 505,
        "word_number_in_verse": 10,
        "language_code": "en",
        "text": "(as) an inhabitant",
        "root_word": "دَيَّارًا",
        "global_word_sequence_number": 73769,
        "global_verse_sequence_number": 5445
    },
    {
        "chapter": 71,
        "verse": 27,
        "juz": 29,
        "hizb": 228,
        "manzil": 7,
        "ruku": 505,
        "word_number_in_verse": 1,
        "language_code": "en",
        "text": "Indeed You",
        "root_word": "إِنَّكَ",
        "global_word_sequence_number": 73770,
        "global_verse_sequence_number": 5446
    },
    {
        "chapter": 71,
        "verse": 27,
        "juz": 29,
        "hizb": 228,
        "manzil": 7,
        "ruku": 505,
        "word_number_in_verse": 2,
        "language_code": "en",
        "text": "if",
        "root_word": "إِن",
        "global_word_sequence_number": 73771,
        "global_verse_sequence_number": 5446
    },
    {
        "chapter": 71,
        "verse": 27,
        "juz": 29,
        "hizb": 228,
        "manzil": 7,
        "ruku": 505,
        "word_number_in_verse": 3,
        "language_code": "en",
        "text": "You leave them",
        "root_word": "تَذَرۡهُمۡ",
        "global_word_sequence_number": 73772,
        "global_verse_sequence_number": 5446
    },
    {
        "chapter": 71,
        "verse": 27,
        "juz": 29,
        "hizb": 228,
        "manzil": 7,
        "ruku": 505,
        "word_number_in_verse": 4,
        "language_code": "en",
        "text": "they will mislead",
        "root_word": "يُضِلُّواْ",
        "global_word_sequence_number": 73773,
        "global_verse_sequence_number": 5446
    },
    {
        "chapter": 71,
        "verse": 27,
        "juz": 29,
        "hizb": 228,
        "manzil": 7,
        "ruku": 505,
        "word_number_in_verse": 5,
        "language_code": "en",
        "text": "Your slaves",
        "root_word": "عِبَادَكَ",
        "global_word_sequence_number": 73774,
        "global_verse_sequence_number": 5446
    },
    {
        "chapter": 71,
        "verse": 27,
        "juz": 29,
        "hizb": 228,
        "manzil": 7,
        "ruku": 505,
        "word_number_in_verse": 6,
        "language_code": "en",
        "text": "and not",
        "root_word": "وَلَا",
        "global_word_sequence_number": 73775,
        "global_verse_sequence_number": 5446
    },
    {
        "chapter": 71,
        "verse": 27,
        "juz": 29,
        "hizb": 228,
        "manzil": 7,
        "ruku": 505,
        "word_number_in_verse": 7,
        "language_code": "en",
        "text": "they will beget",
        "root_word": "يَلِدُوٓاْ",
        "global_word_sequence_number": 73776,
        "global_verse_sequence_number": 5446
    },
    {
        "chapter": 71,
        "verse": 27,
        "juz": 29,
        "hizb": 228,
        "manzil": 7,
        "ruku": 505,
        "word_number_in_verse": 8,
        "language_code": "en",
        "text": "except",
        "root_word": "إِلَّا",
        "global_word_sequence_number": 73777,
        "global_verse_sequence_number": 5446
    },
    {
        "chapter": 71,
        "verse": 27,
        "juz": 29,
        "hizb": 228,
        "manzil": 7,
        "ruku": 505,
        "word_number_in_verse": 9,
        "language_code": "en",
        "text": "a wicked",
        "root_word": "فَاجِرٗا",
        "global_word_sequence_number": 73778,
        "global_verse_sequence_number": 5446
    },
    {
        "chapter": 71,
        "verse": 27,
        "juz": 29,
        "hizb": 228,
        "manzil": 7,
        "ruku": 505,
        "word_number_in_verse": 10,
        "language_code": "en",
        "text": "a disbeliever",
        "root_word": "كَفَّارٗا",
        "global_word_sequence_number": 73779,
        "global_verse_sequence_number": 5446
    },
    {
        "chapter": 71,
        "verse": 28,
        "juz": 29,
        "hizb": 228,
        "manzil": 7,
        "ruku": 505,
        "word_number_in_verse": 1,
        "language_code": "en",
        "text": "My Lord",
        "root_word": "رَّبِّ",
        "global_word_sequence_number": 73780,
        "global_verse_sequence_number": 5447
    },
    {
        "chapter": 71,
        "verse": 28,
        "juz": 29,
        "hizb": 228,
        "manzil": 7,
        "ruku": 505,
        "word_number_in_verse": 2,
        "language_code": "en",
        "text": "Forgive",
        "root_word": "اغۡفِرۡ",
        "global_word_sequence_number": 73781,
        "global_verse_sequence_number": 5447
    },
    {
        "chapter": 71,
        "verse": 28,
        "juz": 29,
        "hizb": 228,
        "manzil": 7,
        "ruku": 505,
        "word_number_in_verse": 3,
        "language_code": "en",
        "text": "me",
        "root_word": "لِي",
        "global_word_sequence_number": 73782,
        "global_verse_sequence_number": 5447
    },
    {
        "chapter": 71,
        "verse": 28,
        "juz": 29,
        "hizb": 228,
        "manzil": 7,
        "ruku": 505,
        "word_number_in_verse": 4,
        "language_code": "en",
        "text": "and my parents",
        "root_word": "وَلِوَٰلِدَيَّ",
        "global_word_sequence_number": 73783,
        "global_verse_sequence_number": 5447
    },
    {
        "chapter": 71,
        "verse": 28,
        "juz": 29,
        "hizb": 228,
        "manzil": 7,
        "ruku": 505,
        "word_number_in_verse": 5,
        "language_code": "en",
        "text": "and whoever",
        "root_word": "وَلِمَن",
        "global_word_sequence_number": 73784,
        "global_verse_sequence_number": 5447
    },
    {
        "chapter": 71,
        "verse": 28,
        "juz": 29,
        "hizb": 228,
        "manzil": 7,
        "ruku": 505,
        "word_number_in_verse": 6,
        "language_code": "en",
        "text": "enters",
        "root_word": "دَخَلَ",
        "global_word_sequence_number": 73785,
        "global_verse_sequence_number": 5447
    },
    {
        "chapter": 71,
        "verse": 28,
        "juz": 29,
        "hizb": 228,
        "manzil": 7,
        "ruku": 505,
        "word_number_in_verse": 7,
        "language_code": "en",
        "text": "my house",
        "root_word": "بَيۡتِيَ",
        "global_word_sequence_number": 73786,
        "global_verse_sequence_number": 5447
    },
    {
        "chapter": 71,
        "verse": 28,
        "juz": 29,
        "hizb": 228,
        "manzil": 7,
        "ruku": 505,
        "word_number_in_verse": 8,
        "language_code": "en",
        "text": "a believer",
        "root_word": "مُؤۡمِنٗا",
        "global_word_sequence_number": 73787,
        "global_verse_sequence_number": 5447
    },
    {
        "chapter": 71,
        "verse": 28,
        "juz": 29,
        "hizb": 228,
        "manzil": 7,
        "ruku": 505,
        "word_number_in_verse": 9,
        "language_code": "en",
        "text": "and the believing men",
        "root_word": "وَلِلۡمُؤۡمِنِينَ",
        "global_word_sequence_number": 73788,
        "global_verse_sequence_number": 5447
    },
    {
        "chapter": 71,
        "verse": 28,
        "juz": 29,
        "hizb": 228,
        "manzil": 7,
        "ruku": 505,
        "word_number_in_verse": 10,
        "language_code": "en",
        "text": "and the believing women",
        "root_word": "وَالۡمُؤۡمِنَٰتِۖ",
        "global_word_sequence_number": 73789,
        "global_verse_sequence_number": 5447
    },
    {
        "chapter": 71,
        "verse": 28,
        "juz": 29,
        "hizb": 228,
        "manzil": 7,
        "ruku": 505,
        "word_number_in_verse": 11,
        "language_code": "en",
        "text": "And (do) not",
        "root_word": "وَلَا",
        "global_word_sequence_number": 73790,
        "global_verse_sequence_number": 5447
    },
    {
        "chapter": 71,
        "verse": 28,
        "juz": 29,
        "hizb": 228,
        "manzil": 7,
        "ruku": 505,
        "word_number_in_verse": 12,
        "language_code": "en",
        "text": "increase",
        "root_word": "تَزِدِ",
        "global_word_sequence_number": 73791,
        "global_verse_sequence_number": 5447
    },
    {
        "chapter": 71,
        "verse": 28,
        "juz": 29,
        "hizb": 228,
        "manzil": 7,
        "ruku": 505,
        "word_number_in_verse": 13,
        "language_code": "en",
        "text": "the wrongdoers",
        "root_word": "الظَّٰلِمِينَ",
        "global_word_sequence_number": 73792,
        "global_verse_sequence_number": 5447
    },
    {
        "chapter": 71,
        "verse": 28,
        "juz": 29,
        "hizb": 228,
        "manzil": 7,
        "ruku": 505,
        "word_number_in_verse": 14,
        "language_code": "en",
        "text": "except",
        "root_word": "إِلَّا",
        "global_word_sequence_number": 73793,
        "global_verse_sequence_number": 5447
    },
    {
        "chapter": 71,
        "verse": 28,
        "juz": 29,
        "hizb": 228,
        "manzil": 7,
        "ruku": 505,
        "word_number_in_verse": 15,
        "language_code": "en",
        "text": "(in) destruction",
        "root_word": "تَبَارَۢا",
        "global_word_sequence_number": 73794,
        "global_verse_sequence_number": 5447
    }
]