[
    {
        "chapter": 73,
        "verse": 1,
        "juz": 29,
        "hizb": 229,
        "manzil": 7,
        "ruku": 508,
        "word_number_in_verse": 1,
        "language_code": "en",
        "text": "O you",
        "root_word": "يَٰٓأَيُّهَا",
        "global_word_sequence_number": 74080,
        "global_verse_sequence_number": 5476
    },
    {
        "chapter": 73,
        "verse": 1,
        "juz": 29,
        "hizb": 229,
        "manzil": 7,
        "ruku": 508,
        "word_number_in_verse": 2,
        "language_code": "en",
        "text": "who wraps himself",
        "root_word": "الۡمُزَّمِّلُ",
        "global_word_sequence_number": 74081,
        "global_verse_sequence_number": 5476
    },
    {
        "chapter": 73,
        "verse": 2,
        "juz": 29,
        "hizb": 229,
        "manzil": 7,
        "ruku": 508,
        "word_number_in_verse": 1,
        "language_code": "en",
        "text": "Stand",
        "root_word": "قُمِ",
        "global_word_sequence_number": 74082,
        "global_verse_sequence_number": 5477
    },
    {
        "chapter": 73,
        "verse": 2,
        "juz": 29,
        "hizb": 229,
        "manzil": 7,
        "ruku": 508,
        "word_number_in_verse": 2,
        "language_code": "en",
        "text": "(in) the night",
        "root_word": "الَّيۡلَ",
        "global_word_sequence_number": 74083,
        "global_verse_sequence_number": 5477
    },
    {
        "chapter": 73,
        "verse": 2,
        "juz": 29,
        "hizb": 229,
        "manzil": 7,
        "ruku": 508,
        "word_number_in_verse": 3,
        "language_code": "en",
        "text": "except",
        "root_word": "إِلَّا",
        "global_word_sequence_number": 74084,
        "global_verse_sequence_number": 5477
    },
    {
        "chapter": 73,
        "verse": 2,
        "juz": 29,
        "hizb": 229,
        "manzil": 7,
        "ruku": 508,
        "word_number_in_verse": 4,
        "language_code": "en",
        "text": "a little",
        "root_word": "قَلِيلٗا",
        "global_word_sequence_number": 74085,
        "global_verse_sequence_number": 5477
    },
    {
        "chapter": 73,
        "verse": 3,
        "juz": 29,
        "hizb": 229,
        "manzil": 7,
        "ruku": 508,
        "word_number_in_verse": 1,
        "language_code": "en",
        "text": "Half of it",
        "root_word": "نِّصۡفَهُۥٓ",
        "global_word_sequence_number": 74086,
        "global_verse_sequence_number": 5478
    },
    {
        "chapter": 73,
        "verse": 3,
        "juz": 29,
        "hizb": 229,
        "manzil": 7,
        "ruku": 508,
        "word_number_in_verse": 2,
        "language_code": "en",
        "text": "or",
        "root_word": "أَوِ",
        "global_word_sequence_number": 74087,
        "global_verse_sequence_number": 5478
    },
    {
        "chapter": 73,
        "verse": 3,
        "juz": 29,
        "hizb": 229,
        "manzil": 7,
        "ruku": 508,
        "word_number_in_verse": 3,
        "language_code": "en",
        "text": "lessen",
        "root_word": "انقُصۡ",
        "global_word_sequence_number": 74088,
        "global_verse_sequence_number": 5478
    },
    {
        "chapter": 73,
        "verse": 3,
        "juz": 29,
        "hizb": 229,
        "manzil": 7,
        "ruku": 508,
        "word_number_in_verse": 4,
        "language_code": "en",
        "text": "from it",
        "root_word": "مِنۡهُ",
        "global_word_sequence_number": 74089,
        "global_verse_sequence_number": 5478
    },
    {
        "chapter": 73,
        "verse": 3,
        "juz": 29,
        "hizb": 229,
        "manzil": 7,
        "ruku": 508,
        "word_number_in_verse": 5,
        "language_code": "en",
        "text": "a little",
        "root_word": "قَلِيلًا",
        "global_word_sequence_number": 74090,
        "global_verse_sequence_number": 5478
    },
    {
        "chapter": 73,
        "verse": 4,
        "juz": 29,
        "hizb": 229,
        "manzil": 7,
        "ruku": 508,
        "word_number_in_verse": 1,
        "language_code": "en",
        "text": "Or",
        "root_word": "أَوۡ",
        "global_word_sequence_number": 74091,
        "global_verse_sequence_number": 5479
    },
    {
        "chapter": 73,
        "verse": 4,
        "juz": 29,
        "hizb": 229,
        "manzil": 7,
        "ruku": 508,
        "word_number_in_verse": 2,
        "language_code": "en",
        "text": "add",
        "root_word": "زِدۡ",
        "global_word_sequence_number": 74092,
        "global_verse_sequence_number": 5479
    },
    {
        "chapter": 73,
        "verse": 4,
        "juz": 29,
        "hizb": 229,
        "manzil": 7,
        "ruku": 508,
        "word_number_in_verse": 3,
        "language_code": "en",
        "text": "to it",
        "root_word": "عَلَيۡهِ",
        "global_word_sequence_number": 74093,
        "global_verse_sequence_number": 5479
    },
    {
        "chapter": 73,
        "verse": 4,
        "juz": 29,
        "hizb": 229,
        "manzil": 7,
        "ruku": 508,
        "word_number_in_verse": 4,
        "language_code": "en",
        "text": "and recite",
        "root_word": "وَرَتِّلِ",
        "global_word_sequence_number": 74094,
        "global_verse_sequence_number": 5479
    },
    {
        "chapter": 73,
        "verse": 4,
        "juz": 29,
        "hizb": 229,
        "manzil": 7,
        "ruku": 508,
        "word_number_in_verse": 5,
        "language_code": "en",
        "text": "the Quran",
        "root_word": "الۡقُرۡءَانَ",
        "global_word_sequence_number": 74095,
        "global_verse_sequence_number": 5479
    },
    {
        "chapter": 73,
        "verse": 4,
        "juz": 29,
        "hizb": 229,
        "manzil": 7,
        "ruku": 508,
        "word_number_in_verse": 6,
        "language_code": "en",
        "text": "(with) measured rhythmic recitation",
        "root_word": "تَرۡتِيلًا",
        "global_word_sequence_number": 74096,
        "global_verse_sequence_number": 5479
    },
    {
        "chapter": 73,
        "verse": 5,
        "juz": 29,
        "hizb": 229,
        "manzil": 7,
        "ruku": 508,
        "word_number_in_verse": 1,
        "language_code": "en",
        "text": "Indeed We",
        "root_word": "إِنَّا",
        "global_word_sequence_number": 74097,
        "global_verse_sequence_number": 5480
    },
    {
        "chapter": 73,
        "verse": 5,
        "juz": 29,
        "hizb": 229,
        "manzil": 7,
        "ruku": 508,
        "word_number_in_verse": 2,
        "language_code": "en",
        "text": "will cast",
        "root_word": "سَنُلۡقِي",
        "global_word_sequence_number": 74098,
        "global_verse_sequence_number": 5480
    },
    {
        "chapter": 73,
        "verse": 5,
        "juz": 29,
        "hizb": 229,
        "manzil": 7,
        "ruku": 508,
        "word_number_in_verse": 3,
        "language_code": "en",
        "text": "upon you",
        "root_word": "عَلَيۡكَ",
        "global_word_sequence_number": 74099,
        "global_verse_sequence_number": 5480
    },
    {
        "chapter": 73,
        "verse": 5,
        "juz": 29,
        "hizb": 229,
        "manzil": 7,
        "ruku": 508,
        "word_number_in_verse": 4,
        "language_code": "en",
        "text": "a Word",
        "root_word": "قَوۡلٗا",
        "global_word_sequence_number": 74100,
        "global_verse_sequence_number": 5480
    },
    {
        "chapter": 73,
        "verse": 5,
        "juz": 29,
        "hizb": 229,
        "manzil": 7,
        "ruku": 508,
        "word_number_in_verse": 5,
        "language_code": "en",
        "text": "heavy",
        "root_word": "ثَقِيلًا",
        "global_word_sequence_number": 74101,
        "global_verse_sequence_number": 5480
    },
    {
        "chapter": 73,
        "verse": 6,
        "juz": 29,
        "hizb": 229,
        "manzil": 7,
        "ruku": 508,
        "word_number_in_verse": 1,
        "language_code": "en",
        "text": "Indeed",
        "root_word": "إِنَّ",
        "global_word_sequence_number": 74102,
        "global_verse_sequence_number": 5481
    },
    {
        "chapter": 73,
        "verse": 6,
        "juz": 29,
        "hizb": 229,
        "manzil": 7,
        "ruku": 508,
        "word_number_in_verse": 2,
        "language_code": "en",
        "text": "(the) rising",
        "root_word": "نَاشِئَةَ",
        "global_word_sequence_number": 74103,
        "global_verse_sequence_number": 5481
    },
    {
        "chapter": 73,
        "verse": 6,
        "juz": 29,
        "hizb": 229,
        "manzil": 7,
        "ruku": 508,
        "word_number_in_verse": 3,
        "language_code": "en",
        "text": "(at) the night",
        "root_word": "الَّيۡلِ",
        "global_word_sequence_number": 74104,
        "global_verse_sequence_number": 5481
    },
    {
        "chapter": 73,
        "verse": 6,
        "juz": 29,
        "hizb": 229,
        "manzil": 7,
        "ruku": 508,
        "word_number_in_verse": 4,
        "language_code": "en",
        "text": "it",
        "root_word": "هِيَ",
        "global_word_sequence_number": 74105,
        "global_verse_sequence_number": 5481
    },
    {
        "chapter": 73,
        "verse": 6,
        "juz": 29,
        "hizb": 229,
        "manzil": 7,
        "ruku": 508,
        "word_number_in_verse": 5,
        "language_code": "en",
        "text": "(is) very hard",
        "root_word": "أَشَدُّ",
        "global_word_sequence_number": 74106,
        "global_verse_sequence_number": 5481
    },
    {
        "chapter": 73,
        "verse": 6,
        "juz": 29,
        "hizb": 229,
        "manzil": 7,
        "ruku": 508,
        "word_number_in_verse": 6,
        "language_code": "en",
        "text": "and most potent",
        "root_word": "وَطۡـٔٗا",
        "global_word_sequence_number": 74107,
        "global_verse_sequence_number": 5481
    },
    {
        "chapter": 73,
        "verse": 6,
        "juz": 29,
        "hizb": 229,
        "manzil": 7,
        "ruku": 508,
        "word_number_in_verse": 7,
        "language_code": "en",
        "text": "and more suitable",
        "root_word": "وَأَقۡوَمُ",
        "global_word_sequence_number": 74108,
        "global_verse_sequence_number": 5481
    },
    {
        "chapter": 73,
        "verse": 6,
        "juz": 29,
        "hizb": 229,
        "manzil": 7,
        "ruku": 508,
        "word_number_in_verse": 8,
        "language_code": "en",
        "text": "(for) Word",
        "root_word": "قِيلًا",
        "global_word_sequence_number": 74109,
        "global_verse_sequence_number": 5481
    },
    {
        "chapter": 73,
        "verse": 7,
        "juz": 29,
        "hizb": 229,
        "manzil": 7,
        "ruku": 508,
        "word_number_in_verse": 1,
        "language_code": "en",
        "text": "Indeed",
        "root_word": "إِنَّ",
        "global_word_sequence_number": 74110,
        "global_verse_sequence_number": 5482
    },
    {
        "chapter": 73,
        "verse": 7,
        "juz": 29,
        "hizb": 229,
        "manzil": 7,
        "ruku": 508,
        "word_number_in_verse": 2,
        "language_code": "en",
        "text": "for you",
        "root_word": "لَكَ",
        "global_word_sequence_number": 74111,
        "global_verse_sequence_number": 5482
    },
    {
        "chapter": 73,
        "verse": 7,
        "juz": 29,
        "hizb": 229,
        "manzil": 7,
        "ruku": 508,
        "word_number_in_verse": 3,
        "language_code": "en",
        "text": "in",
        "root_word": "فِي",
        "global_word_sequence_number": 74112,
        "global_verse_sequence_number": 5482
    },
    {
        "chapter": 73,
        "verse": 7,
        "juz": 29,
        "hizb": 229,
        "manzil": 7,
        "ruku": 508,
        "word_number_in_verse": 4,
        "language_code": "en",
        "text": "the day",
        "root_word": "النَّهَارِ",
        "global_word_sequence_number": 74113,
        "global_verse_sequence_number": 5482
    },
    {
        "chapter": 73,
        "verse": 7,
        "juz": 29,
        "hizb": 229,
        "manzil": 7,
        "ruku": 508,
        "word_number_in_verse": 5,
        "language_code": "en",
        "text": "(is) occupation",
        "root_word": "سَبۡحٗا",
        "global_word_sequence_number": 74114,
        "global_verse_sequence_number": 5482
    },
    {
        "chapter": 73,
        "verse": 7,
        "juz": 29,
        "hizb": 229,
        "manzil": 7,
        "ruku": 508,
        "word_number_in_verse": 6,
        "language_code": "en",
        "text": "prolonged",
        "root_word": "طَوِيلٗا",
        "global_word_sequence_number": 74115,
        "global_verse_sequence_number": 5482
    },
    {
        "chapter": 73,
        "verse": 8,
        "juz": 29,
        "hizb": 229,
        "manzil": 7,
        "ruku": 508,
        "word_number_in_verse": 1,
        "language_code": "en",
        "text": "And remember",
        "root_word": "وَاذۡكُرِ",
        "global_word_sequence_number": 74116,
        "global_verse_sequence_number": 5483
    },
    {
        "chapter": 73,
        "verse": 8,
        "juz": 29,
        "hizb": 229,
        "manzil": 7,
        "ruku": 508,
        "word_number_in_verse": 2,
        "language_code": "en",
        "text": "(the) name",
        "root_word": "اسۡمَ",
        "global_word_sequence_number": 74117,
        "global_verse_sequence_number": 5483
    },
    {
        "chapter": 73,
        "verse": 8,
        "juz": 29,
        "hizb": 229,
        "manzil": 7,
        "ruku": 508,
        "word_number_in_verse": 3,
        "language_code": "en",
        "text": "(of) your Lord",
        "root_word": "رَبِّكَ",
        "global_word_sequence_number": 74118,
        "global_verse_sequence_number": 5483
    },
    {
        "chapter": 73,
        "verse": 8,
        "juz": 29,
        "hizb": 229,
        "manzil": 7,
        "ruku": 508,
        "word_number_in_verse": 4,
        "language_code": "en",
        "text": "and devote yourself",
        "root_word": "وَتَبَتَّلۡ",
        "global_word_sequence_number": 74119,
        "global_verse_sequence_number": 5483
    },
    {
        "chapter": 73,
        "verse": 8,
        "juz": 29,
        "hizb": 229,
        "manzil": 7,
        "ruku": 508,
        "word_number_in_verse": 5,
        "language_code": "en",
        "text": "to Him",
        "root_word": "إِلَيۡهِ",
        "global_word_sequence_number": 74120,
        "global_verse_sequence_number": 5483
    },
    {
        "chapter": 73,
        "verse": 8,
        "juz": 29,
        "hizb": 229,
        "manzil": 7,
        "ruku": 508,
        "word_number_in_verse": 6,
        "language_code": "en",
        "text": "(with) devotion",
        "root_word": "تَبۡتِيلٗا",
        "global_word_sequence_number": 74121,
        "global_verse_sequence_number": 5483
    },
    {
        "chapter": 73,
        "verse": 9,
        "juz": 29,
        "hizb": 229,
        "manzil": 7,
        "ruku": 508,
        "word_number_in_verse": 1,
        "language_code": "en",
        "text": "(The) Lord",
        "root_word": "رَّبُّ",
        "global_word_sequence_number": 74122,
        "global_verse_sequence_number": 5484
    },
    {
        "chapter": 73,
        "verse": 9,
        "juz": 29,
        "hizb": 229,
        "manzil": 7,
        "ruku": 508,
        "word_number_in_verse": 2,
        "language_code": "en",
        "text": "(of) the east",
        "root_word": "الۡمَشۡرِقِ",
        "global_word_sequence_number": 74123,
        "global_verse_sequence_number": 5484
    },
    {
        "chapter": 73,
        "verse": 9,
        "juz": 29,
        "hizb": 229,
        "manzil": 7,
        "ruku": 508,
        "word_number_in_verse": 3,
        "language_code": "en",
        "text": "and the west",
        "root_word": "وَالۡمَغۡرِبِ",
        "global_word_sequence_number": 74124,
        "global_verse_sequence_number": 5484
    },
    {
        "chapter": 73,
        "verse": 9,
        "juz": 29,
        "hizb": 229,
        "manzil": 7,
        "ruku": 508,
        "word_number_in_verse": 4,
        "language_code": "en",
        "text": "(there is) no",
        "root_word": "لَآ",
        "global_word_sequence_number": 74125,
        "global_verse_sequence_number": 5484
    },
    {
        "chapter": 73,
        "verse": 9,
        "juz": 29,
        "hizb": 229,
        "manzil": 7,
        "ruku": 508,
        "word_number_in_verse": 5,
        "language_code": "en",
        "text": "god",
        "root_word": "إِلَٰهَ",
        "global_word_sequence_number": 74126,
        "global_verse_sequence_number": 5484
    },
    {
        "chapter": 73,
        "verse": 9,
        "juz": 29,
        "hizb": 229,
        "manzil": 7,
        "ruku": 508,
        "word_number_in_verse": 6,
        "language_code": "en",
        "text": "except",
        "root_word": "إِلَّا",
        "global_word_sequence_number": 74127,
        "global_verse_sequence_number": 5484
    },
    {
        "chapter": 73,
        "verse": 9,
        "juz": 29,
        "hizb": 229,
        "manzil": 7,
        "ruku": 508,
        "word_number_in_verse": 7,
        "language_code": "en",
        "text": "Him",
        "root_word": "هُوَ",
        "global_word_sequence_number": 74128,
        "global_verse_sequence_number": 5484
    },
    {
        "chapter": 73,
        "verse": 9,
        "juz": 29,
        "hizb": 229,
        "manzil": 7,
        "ruku": 508,
        "word_number_in_verse": 8,
        "language_code": "en",
        "text": "so take Him",
        "root_word": "فَاتَّخِذۡهُ",
        "global_word_sequence_number": 74129,
        "global_verse_sequence_number": 5484
    },
    {
        "chapter": 73,
        "verse": 9,
        "juz": 29,
        "hizb": 229,
        "manzil": 7,
        "ruku": 508,
        "word_number_in_verse": 9,
        "language_code": "en",
        "text": "(as) Disposer of Affairs",
        "root_word": "وَكِيلٗا",
        "global_word_sequence_number": 74130,
        "global_verse_sequence_number": 5484
    },
    {
        "chapter": 73,
        "verse": 10,
        "juz": 29,
        "hizb": 229,
        "manzil": 7,
        "ruku": 508,
        "word_number_in_verse": 1,
        "language_code": "en",
        "text": "And be patient",
        "root_word": "وَاصۡبِرۡ",
        "global_word_sequence_number": 74131,
        "global_verse_sequence_number": 5485
    },
    {
        "chapter": 73,
        "verse": 10,
        "juz": 29,
        "hizb": 229,
        "manzil": 7,
        "ruku": 508,
        "word_number_in_verse": 2,
        "language_code": "en",
        "text": "over",
        "root_word": "عَلَىٰ",
        "global_word_sequence_number": 74132,
        "global_verse_sequence_number": 5485
    },
    {
        "chapter": 73,
        "verse": 10,
        "juz": 29,
        "hizb": 229,
        "manzil": 7,
        "ruku": 508,
        "word_number_in_verse": 3,
        "language_code": "en",
        "text": "what",
        "root_word": "مَا",
        "global_word_sequence_number": 74133,
        "global_verse_sequence_number": 5485
    },
    {
        "chapter": 73,
        "verse": 10,
        "juz": 29,
        "hizb": 229,
        "manzil": 7,
        "ruku": 508,
        "word_number_in_verse": 4,
        "language_code": "en",
        "text": "they say",
        "root_word": "يَقُولُونَ",
        "global_word_sequence_number": 74134,
        "global_verse_sequence_number": 5485
    },
    {
        "chapter": 73,
        "verse": 10,
        "juz": 29,
        "hizb": 229,
        "manzil": 7,
        "ruku": 508,
        "word_number_in_verse": 5,
        "language_code": "en",
        "text": "and avoid them",
        "root_word": "وَاهۡجُرۡهُمۡ",
        "global_word_sequence_number": 74135,
        "global_verse_sequence_number": 5485
    },
    {
        "chapter": 73,
        "verse": 10,
        "juz": 29,
        "hizb": 229,
        "manzil": 7,
        "ruku": 508,
        "word_number_in_verse": 6,
        "language_code": "en",
        "text": "an avoidance",
        "root_word": "هَجۡرٗا",
        "global_word_sequence_number": 74136,
        "global_verse_sequence_number": 5485
    },
    {
        "chapter": 73,
        "verse": 10,
        "juz": 29,
        "hizb": 229,
        "manzil": 7,
        "ruku": 508,
        "word_number_in_verse": 7,
        "language_code": "en",
        "text": "gracious",
        "root_word": "جَمِيلٗا",
        "global_word_sequence_number": 74137,
        "global_verse_sequence_number": 5485
    },
    {
        "chapter": 73,
        "verse": 11,
        "juz": 29,
        "hizb": 229,
        "manzil": 7,
        "ruku": 508,
        "word_number_in_verse": 1,
        "language_code": "en",
        "text": "And leave Me",
        "root_word": "وَذَرۡنِي",
        "global_word_sequence_number": 74138,
        "global_verse_sequence_number": 5486
    },
    {
        "chapter": 73,
        "verse": 11,
        "juz": 29,
        "hizb": 229,
        "manzil": 7,
        "ruku": 508,
        "word_number_in_verse": 2,
        "language_code": "en",
        "text": "and the deniers",
        "root_word": "وَالۡمُكَذِّبِينَ",
        "global_word_sequence_number": 74139,
        "global_verse_sequence_number": 5486
    },
    {
        "chapter": 73,
        "verse": 11,
        "juz": 29,
        "hizb": 229,
        "manzil": 7,
        "ruku": 508,
        "word_number_in_verse": 3,
        "language_code": "en",
        "text": "possessors",
        "root_word": "أُوْلِي",
        "global_word_sequence_number": 74140,
        "global_verse_sequence_number": 5486
    },
    {
        "chapter": 73,
        "verse": 11,
        "juz": 29,
        "hizb": 229,
        "manzil": 7,
        "ruku": 508,
        "word_number_in_verse": 4,
        "language_code": "en",
        "text": "(of) the ease",
        "root_word": "النَّعۡمَةِ",
        "global_word_sequence_number": 74141,
        "global_verse_sequence_number": 5486
    },
    {
        "chapter": 73,
        "verse": 11,
        "juz": 29,
        "hizb": 229,
        "manzil": 7,
        "ruku": 508,
        "word_number_in_verse": 5,
        "language_code": "en",
        "text": "and allow them respite",
        "root_word": "وَمَهِّلۡهُمۡ",
        "global_word_sequence_number": 74142,
        "global_verse_sequence_number": 5486
    },
    {
        "chapter": 73,
        "verse": 11,
        "juz": 29,
        "hizb": 229,
        "manzil": 7,
        "ruku": 508,
        "word_number_in_verse": 6,
        "language_code": "en",
        "text": "a little",
        "root_word": "قَلِيلًا",
        "global_word_sequence_number": 74143,
        "global_verse_sequence_number": 5486
    },
    {
        "chapter": 73,
        "verse": 12,
        "juz": 29,
        "hizb": 229,
        "manzil": 7,
        "ruku": 508,
        "word_number_in_verse": 1,
        "language_code": "en",
        "text": "Indeed",
        "root_word": "إِنَّ",
        "global_word_sequence_number": 74144,
        "global_verse_sequence_number": 5487
    },
    {
        "chapter": 73,
        "verse": 12,
        "juz": 29,
        "hizb": 229,
        "manzil": 7,
        "ruku": 508,
        "word_number_in_verse": 2,
        "language_code": "en",
        "text": "with Us",
        "root_word": "لَدَيۡنَآ",
        "global_word_sequence_number": 74145,
        "global_verse_sequence_number": 5487
    },
    {
        "chapter": 73,
        "verse": 12,
        "juz": 29,
        "hizb": 229,
        "manzil": 7,
        "ruku": 508,
        "word_number_in_verse": 3,
        "language_code": "en",
        "text": "(are) shackles",
        "root_word": "أَنكَالٗا",
        "global_word_sequence_number": 74146,
        "global_verse_sequence_number": 5487
    },
    {
        "chapter": 73,
        "verse": 12,
        "juz": 29,
        "hizb": 229,
        "manzil": 7,
        "ruku": 508,
        "word_number_in_verse": 4,
        "language_code": "en",
        "text": "and burning fire",
        "root_word": "وَجَحِيمٗا",
        "global_word_sequence_number": 74147,
        "global_verse_sequence_number": 5487
    },
    {
        "chapter": 73,
        "verse": 13,
        "juz": 29,
        "hizb": 229,
        "manzil": 7,
        "ruku": 508,
        "word_number_in_verse": 1,
        "language_code": "en",
        "text": "And food",
        "root_word": "وَطَعَامٗا",
        "global_word_sequence_number": 74148,
        "global_verse_sequence_number": 5488
    },
    {
        "chapter": 73,
        "verse": 13,
        "juz": 29,
        "hizb": 229,
        "manzil": 7,
        "ruku": 508,
        "word_number_in_verse": 2,
        "language_code": "en",
        "text": "that",
        "root_word": "ذَا",
        "global_word_sequence_number": 74149,
        "global_verse_sequence_number": 5488
    },
    {
        "chapter": 73,
        "verse": 13,
        "juz": 29,
        "hizb": 229,
        "manzil": 7,
        "ruku": 508,
        "word_number_in_verse": 3,
        "language_code": "en",
        "text": "chokes",
        "root_word": "غُصَّةٖ",
        "global_word_sequence_number": 74150,
        "global_verse_sequence_number": 5488
    },
    {
        "chapter": 73,
        "verse": 13,
        "juz": 29,
        "hizb": 229,
        "manzil": 7,
        "ruku": 508,
        "word_number_in_verse": 4,
        "language_code": "en",
        "text": "and a punishment",
        "root_word": "وَعَذَابًا",
        "global_word_sequence_number": 74151,
        "global_verse_sequence_number": 5488
    },
    {
        "chapter": 73,
        "verse": 13,
        "juz": 29,
        "hizb": 229,
        "manzil": 7,
        "ruku": 508,
        "word_number_in_verse": 5,
        "language_code": "en",
        "text": "painful",
        "root_word": "أَلِيمٗا",
        "global_word_sequence_number": 74152,
        "global_verse_sequence_number": 5488
    },
    {
        "chapter": 73,
        "verse": 14,
        "juz": 29,
        "hizb": 229,
        "manzil": 7,
        "ruku": 508,
        "word_number_in_verse": 1,
        "language_code": "en",
        "text": "(On the) Day",
        "root_word": "يَوۡمَ",
        "global_word_sequence_number": 74153,
        "global_verse_sequence_number": 5489
    },
    {
        "chapter": 73,
        "verse": 14,
        "juz": 29,
        "hizb": 229,
        "manzil": 7,
        "ruku": 508,
        "word_number_in_verse": 2,
        "language_code": "en",
        "text": "will quake",
        "root_word": "تَرۡجُفُ",
        "global_word_sequence_number": 74154,
        "global_verse_sequence_number": 5489
    },
    {
        "chapter": 73,
        "verse": 14,
        "juz": 29,
        "hizb": 229,
        "manzil": 7,
        "ruku": 508,
        "word_number_in_verse": 3,
        "language_code": "en",
        "text": "the earth",
        "root_word": "الۡأَرۡضُ",
        "global_word_sequence_number": 74155,
        "global_verse_sequence_number": 5489
    },
    {
        "chapter": 73,
        "verse": 14,
        "juz": 29,
        "hizb": 229,
        "manzil": 7,
        "ruku": 508,
        "word_number_in_verse": 4,
        "language_code": "en",
        "text": "and the mountains",
        "root_word": "وَالۡجِبَالُ",
        "global_word_sequence_number": 74156,
        "global_verse_sequence_number": 5489
    },
    {
        "chapter": 73,
        "verse": 14,
        "juz": 29,
        "hizb": 229,
        "manzil": 7,
        "ruku": 508,
        "word_number_in_verse": 5,
        "language_code": "en",
        "text": "and will become",
        "root_word": "وَكَانَتِ",
        "global_word_sequence_number": 74157,
        "global_verse_sequence_number": 5489
    },
    {
        "chapter": 73,
        "verse": 14,
        "juz": 29,
        "hizb": 229,
        "manzil": 7,
        "ruku": 508,
        "word_number_in_verse": 6,
        "language_code": "en",
        "text": "the mountains",
        "root_word": "الۡجِبَالُ",
        "global_word_sequence_number": 74158,
        "global_verse_sequence_number": 5489
    },
    {
        "chapter": 73,
        "verse": 14,
        "juz": 29,
        "hizb": 229,
        "manzil": 7,
        "ruku": 508,
        "word_number_in_verse": 7,
        "language_code": "en",
        "text": "a heap of sand",
        "root_word": "كَثِيبٗا",
        "global_word_sequence_number": 74159,
        "global_verse_sequence_number": 5489
    },
    {
        "chapter": 73,
        "verse": 14,
        "juz": 29,
        "hizb": 229,
        "manzil": 7,
        "ruku": 508,
        "word_number_in_verse": 8,
        "language_code": "en",
        "text": "pouring down",
        "root_word": "مَّهِيلًا",
        "global_word_sequence_number": 74160,
        "global_verse_sequence_number": 5489
    },
    {
        "chapter": 73,
        "verse": 15,
        "juz": 29,
        "hizb": 229,
        "manzil": 7,
        "ruku": 508,
        "word_number_in_verse": 1,
        "language_code": "en",
        "text": "Indeed We",
        "root_word": "إِنَّآ",
        "global_word_sequence_number": 74161,
        "global_verse_sequence_number": 5490
    },
    {
        "chapter": 73,
        "verse": 15,
        "juz": 29,
        "hizb": 229,
        "manzil": 7,
        "ruku": 508,
        "word_number_in_verse": 2,
        "language_code": "en",
        "text": "[We] have sent",
        "root_word": "أَرۡسَلۡنَآ",
        "global_word_sequence_number": 74162,
        "global_verse_sequence_number": 5490
    },
    {
        "chapter": 73,
        "verse": 15,
        "juz": 29,
        "hizb": 229,
        "manzil": 7,
        "ruku": 508,
        "word_number_in_verse": 3,
        "language_code": "en",
        "text": "to you",
        "root_word": "إِلَيۡكُمۡ",
        "global_word_sequence_number": 74163,
        "global_verse_sequence_number": 5490
    },
    {
        "chapter": 73,
        "verse": 15,
        "juz": 29,
        "hizb": 229,
        "manzil": 7,
        "ruku": 508,
        "word_number_in_verse": 4,
        "language_code": "en",
        "text": "a Messenger",
        "root_word": "رَسُولٗا",
        "global_word_sequence_number": 74164,
        "global_verse_sequence_number": 5490
    },
    {
        "chapter": 73,
        "verse": 15,
        "juz": 29,
        "hizb": 229,
        "manzil": 7,
        "ruku": 508,
        "word_number_in_verse": 5,
        "language_code": "en",
        "text": "(as) a witness",
        "root_word": "شَٰهِدًا",
        "global_word_sequence_number": 74165,
        "global_verse_sequence_number": 5490
    },
    {
        "chapter": 73,
        "verse": 15,
        "juz": 29,
        "hizb": 229,
        "manzil": 7,
        "ruku": 508,
        "word_number_in_verse": 6,
        "language_code": "en",
        "text": "upon you",
        "root_word": "عَلَيۡكُمۡ",
        "global_word_sequence_number": 74166,
        "global_verse_sequence_number": 5490
    },
    {
        "chapter": 73,
        "verse": 15,
        "juz": 29,
        "hizb": 229,
        "manzil": 7,
        "ruku": 508,
        "word_number_in_verse": 7,
        "language_code": "en",
        "text": "as",
        "root_word": "كَمَآ",
        "global_word_sequence_number": 74167,
        "global_verse_sequence_number": 5490
    },
    {
        "chapter": 73,
        "verse": 15,
        "juz": 29,
        "hizb": 229,
        "manzil": 7,
        "ruku": 508,
        "word_number_in_verse": 8,
        "language_code": "en",
        "text": "We sent",
        "root_word": "أَرۡسَلۡنَآ",
        "global_word_sequence_number": 74168,
        "global_verse_sequence_number": 5490
    },
    {
        "chapter": 73,
        "verse": 15,
        "juz": 29,
        "hizb": 229,
        "manzil": 7,
        "ruku": 508,
        "word_number_in_verse": 9,
        "language_code": "en",
        "text": "to",
        "root_word": "إِلَىٰ",
        "global_word_sequence_number": 74169,
        "global_verse_sequence_number": 5490
    },
    {
        "chapter": 73,
        "verse": 15,
        "juz": 29,
        "hizb": 229,
        "manzil": 7,
        "ruku": 508,
        "word_number_in_verse": 10,
        "language_code": "en",
        "text": "Firaun",
        "root_word": "فِرۡعَوۡنَ",
        "global_word_sequence_number": 74170,
        "global_verse_sequence_number": 5490
    },
    {
        "chapter": 73,
        "verse": 15,
        "juz": 29,
        "hizb": 229,
        "manzil": 7,
        "ruku": 508,
        "word_number_in_verse": 11,
        "language_code": "en",
        "text": "a Messenger",
        "root_word": "رَسُولٗا",
        "global_word_sequence_number": 74171,
        "global_verse_sequence_number": 5490
    },
    {
        "chapter": 73,
        "verse": 16,
        "juz": 29,
        "hizb": 229,
        "manzil": 7,
        "ruku": 508,
        "word_number_in_verse": 1,
        "language_code": "en",
        "text": "But disobeyed",
        "root_word": "فَعَصَىٰ",
        "global_word_sequence_number": 74172,
        "global_verse_sequence_number": 5491
    },
    {
        "chapter": 73,
        "verse": 16,
        "juz": 29,
        "hizb": 229,
        "manzil": 7,
        "ruku": 508,
        "word_number_in_verse": 2,
        "language_code": "en",
        "text": "Firaun",
        "root_word": "فِرۡعَوۡنُ",
        "global_word_sequence_number": 74173,
        "global_verse_sequence_number": 5491
    },
    {
        "chapter": 73,
        "verse": 16,
        "juz": 29,
        "hizb": 229,
        "manzil": 7,
        "ruku": 508,
        "word_number_in_verse": 3,
        "language_code": "en",
        "text": "the Messenger",
        "root_word": "الرَّسُولَ",
        "global_word_sequence_number": 74174,
        "global_verse_sequence_number": 5491
    },
    {
        "chapter": 73,
        "verse": 16,
        "juz": 29,
        "hizb": 229,
        "manzil": 7,
        "ruku": 508,
        "word_number_in_verse": 4,
        "language_code": "en",
        "text": "so We seized him",
        "root_word": "فَأَخَذۡنَٰهُ",
        "global_word_sequence_number": 74175,
        "global_verse_sequence_number": 5491
    },
    {
        "chapter": 73,
        "verse": 16,
        "juz": 29,
        "hizb": 229,
        "manzil": 7,
        "ruku": 508,
        "word_number_in_verse": 5,
        "language_code": "en",
        "text": "(with) a seizure",
        "root_word": "أَخۡذٗا",
        "global_word_sequence_number": 74176,
        "global_verse_sequence_number": 5491
    },
    {
        "chapter": 73,
        "verse": 16,
        "juz": 29,
        "hizb": 229,
        "manzil": 7,
        "ruku": 508,
        "word_number_in_verse": 6,
        "language_code": "en",
        "text": "ruinous",
        "root_word": "وَبِيلٗا",
        "global_word_sequence_number": 74177,
        "global_verse_sequence_number": 5491
    },
    {
        "chapter": 73,
        "verse": 17,
        "juz": 29,
        "hizb": 229,
        "manzil": 7,
        "ruku": 508,
        "word_number_in_verse": 1,
        "language_code": "en",
        "text": "Then how",
        "root_word": "فَكَيۡفَ",
        "global_word_sequence_number": 74178,
        "global_verse_sequence_number": 5492
    },
    {
        "chapter": 73,
        "verse": 17,
        "juz": 29,
        "hizb": 229,
        "manzil": 7,
        "ruku": 508,
        "word_number_in_verse": 2,
        "language_code": "en",
        "text": "will you guard yourselves",
        "root_word": "تَتَّقُونَ",
        "global_word_sequence_number": 74179,
        "global_verse_sequence_number": 5492
    },
    {
        "chapter": 73,
        "verse": 17,
        "juz": 29,
        "hizb": 229,
        "manzil": 7,
        "ruku": 508,
        "word_number_in_verse": 3,
        "language_code": "en",
        "text": "if",
        "root_word": "إِن",
        "global_word_sequence_number": 74180,
        "global_verse_sequence_number": 5492
    },
    {
        "chapter": 73,
        "verse": 17,
        "juz": 29,
        "hizb": 229,
        "manzil": 7,
        "ruku": 508,
        "word_number_in_verse": 4,
        "language_code": "en",
        "text": "you disbelieve",
        "root_word": "كَفَرۡتُمۡ",
        "global_word_sequence_number": 74181,
        "global_verse_sequence_number": 5492
    },
    {
        "chapter": 73,
        "verse": 17,
        "juz": 29,
        "hizb": 229,
        "manzil": 7,
        "ruku": 508,
        "word_number_in_verse": 5,
        "language_code": "en",
        "text": "a Day",
        "root_word": "يَوۡمٗا",
        "global_word_sequence_number": 74182,
        "global_verse_sequence_number": 5492
    },
    {
        "chapter": 73,
        "verse": 17,
        "juz": 29,
        "hizb": 229,
        "manzil": 7,
        "ruku": 508,
        "word_number_in_verse": 6,
        "language_code": "en",
        "text": "(that) will make",
        "root_word": "يَجۡعَلُ",
        "global_word_sequence_number": 74183,
        "global_verse_sequence_number": 5492
    },
    {
        "chapter": 73,
        "verse": 17,
        "juz": 29,
        "hizb": 229,
        "manzil": 7,
        "ruku": 508,
        "word_number_in_verse": 7,
        "language_code": "en",
        "text": "the children",
        "root_word": "الۡوِلۡدَٰنَ",
        "global_word_sequence_number": 74184,
        "global_verse_sequence_number": 5492
    },
    {
        "chapter": 73,
        "verse": 17,
        "juz": 29,
        "hizb": 229,
        "manzil": 7,
        "ruku": 508,
        "word_number_in_verse": 8,
        "language_code": "en",
        "text": "gray-haired",
        "root_word": "شِيبًا",
        "global_word_sequence_number": 74185,
        "global_verse_sequence_number": 5492
    },
    {
        "chapter": 73,
        "verse": 18,
        "juz": 29,
        "hizb": 229,
        "manzil": 7,
        "ruku": 508,
        "word_number_in_verse": 1,
        "language_code": "en",
        "text": "The heaven",
        "root_word": "السَّمَآءُ",
        "global_word_sequence_number": 74186,
        "global_verse_sequence_number": 5493
    },
    {
        "chapter": 73,
        "verse": 18,
        "juz": 29,
        "hizb": 229,
        "manzil": 7,
        "ruku": 508,
        "word_number_in_verse": 2,
        "language_code": "en",
        "text": "(will) break apart",
        "root_word": "مُنفَطِرُۢ",
        "global_word_sequence_number": 74187,
        "global_verse_sequence_number": 5493
    },
    {
        "chapter": 73,
        "verse": 18,
        "juz": 29,
        "hizb": 229,
        "manzil": 7,
        "ruku": 508,
        "word_number_in_verse": 3,
        "language_code": "en",
        "text": "therefrom",
        "root_word": "بِهِۦۚ",
        "global_word_sequence_number": 74188,
        "global_verse_sequence_number": 5493
    },
    {
        "chapter": 73,
        "verse": 18,
        "juz": 29,
        "hizb": 229,
        "manzil": 7,
        "ruku": 508,
        "word_number_in_verse": 4,
        "language_code": "en",
        "text": "is",
        "root_word": "كَانَ",
        "global_word_sequence_number": 74189,
        "global_verse_sequence_number": 5493
    },
    {
        "chapter": 73,
        "verse": 18,
        "juz": 29,
        "hizb": 229,
        "manzil": 7,
        "ruku": 508,
        "word_number_in_verse": 5,
        "language_code": "en",
        "text": "His Promise",
        "root_word": "وَعۡدُهُۥ",
        "global_word_sequence_number": 74190,
        "global_verse_sequence_number": 5493
    },
    {
        "chapter": 73,
        "verse": 18,
        "juz": 29,
        "hizb": 229,
        "manzil": 7,
        "ruku": 508,
        "word_number_in_verse": 6,
        "language_code": "en",
        "text": "to be fulfilled",
        "root_word": "مَفۡعُولًا",
        "global_word_sequence_number": 74191,
        "global_verse_sequence_number": 5493
    },
    {
        "chapter": 73,
        "verse": 19,
        "juz": 29,
        "hizb": 229,
        "manzil": 7,
        "ruku": 508,
        "word_number_in_verse": 1,
        "language_code": "en",
        "text": "Indeed",
        "root_word": "إِنَّ",
        "global_word_sequence_number": 74192,
        "global_verse_sequence_number": 5494
    },
    {
        "chapter": 73,
        "verse": 19,
        "juz": 29,
        "hizb": 229,
        "manzil": 7,
        "ruku": 508,
        "word_number_in_verse": 2,
        "language_code": "en",
        "text": "this",
        "root_word": "هَٰذِهِۦ",
        "global_word_sequence_number": 74193,
        "global_verse_sequence_number": 5494
    },
    {
        "chapter": 73,
        "verse": 19,
        "juz": 29,
        "hizb": 229,
        "manzil": 7,
        "ruku": 508,
        "word_number_in_verse": 3,
        "language_code": "en",
        "text": "(is) a Reminder",
        "root_word": "تَذۡكِرَةٞۖ",
        "global_word_sequence_number": 74194,
        "global_verse_sequence_number": 5494
    },
    {
        "chapter": 73,
        "verse": 19,
        "juz": 29,
        "hizb": 229,
        "manzil": 7,
        "ruku": 508,
        "word_number_in_verse": 4,
        "language_code": "en",
        "text": "then whoever",
        "root_word": "فَمَن",
        "global_word_sequence_number": 74195,
        "global_verse_sequence_number": 5494
    },
    {
        "chapter": 73,
        "verse": 19,
        "juz": 29,
        "hizb": 229,
        "manzil": 7,
        "ruku": 508,
        "word_number_in_verse": 5,
        "language_code": "en",
        "text": "wills",
        "root_word": "شَآءَ",
        "global_word_sequence_number": 74196,
        "global_verse_sequence_number": 5494
    },
    {
        "chapter": 73,
        "verse": 19,
        "juz": 29,
        "hizb": 229,
        "manzil": 7,
        "ruku": 508,
        "word_number_in_verse": 6,
        "language_code": "en",
        "text": "(let him) take",
        "root_word": "اتَّخَذَ",
        "global_word_sequence_number": 74197,
        "global_verse_sequence_number": 5494
    },
    {
        "chapter": 73,
        "verse": 19,
        "juz": 29,
        "hizb": 229,
        "manzil": 7,
        "ruku": 508,
        "word_number_in_verse": 7,
        "language_code": "en",
        "text": "to",
        "root_word": "إِلَىٰ",
        "global_word_sequence_number": 74198,
        "global_verse_sequence_number": 5494
    },
    {
        "chapter": 73,
        "verse": 19,
        "juz": 29,
        "hizb": 229,
        "manzil": 7,
        "ruku": 508,
        "word_number_in_verse": 8,
        "language_code": "en",
        "text": "his Lord",
        "root_word": "رَبِّهِۦ",
        "global_word_sequence_number": 74199,
        "global_verse_sequence_number": 5494
    },
    {
        "chapter": 73,
        "verse": 19,
        "juz": 29,
        "hizb": 229,
        "manzil": 7,
        "ruku": 508,
        "word_number_in_verse": 9,
        "language_code": "en",
        "text": "a way",
        "root_word": "سَبِيلًا",
        "global_word_sequence_number": 74200,
        "global_verse_sequence_number": 5494
    },
    {
        "chapter": 73,
        "verse": 20,
        "juz": 29,
        "hizb": 230,
        "manzil": 7,
        "ruku": 509,
        "word_number_in_verse": 1,
        "language_code": "en",
        "text": "Indeed",
        "root_word": "۞إِنَّ",
        "global_word_sequence_number": 74201,
        "global_verse_sequence_number": 5495
    },
    {
        "chapter": 73,
        "verse": 20,
        "juz": 29,
        "hizb": 230,
        "manzil": 7,
        "ruku": 509,
        "word_number_in_verse": 2,
        "language_code": "en",
        "text": "your Lord",
        "root_word": "رَبَّكَ",
        "global_word_sequence_number": 74202,
        "global_verse_sequence_number": 5495
    },
    {
        "chapter": 73,
        "verse": 20,
        "juz": 29,
        "hizb": 230,
        "manzil": 7,
        "ruku": 509,
        "word_number_in_verse": 3,
        "language_code": "en",
        "text": "knows",
        "root_word": "يَعۡلَمُ",
        "global_word_sequence_number": 74203,
        "global_verse_sequence_number": 5495
    },
    {
        "chapter": 73,
        "verse": 20,
        "juz": 29,
        "hizb": 230,
        "manzil": 7,
        "ruku": 509,
        "word_number_in_verse": 4,
        "language_code": "en",
        "text": "that you",
        "root_word": "أَنَّكَ",
        "global_word_sequence_number": 74204,
        "global_verse_sequence_number": 5495
    },
    {
        "chapter": 73,
        "verse": 20,
        "juz": 29,
        "hizb": 230,
        "manzil": 7,
        "ruku": 509,
        "word_number_in_verse": 5,
        "language_code": "en",
        "text": "stand",
        "root_word": "تَقُومُ",
        "global_word_sequence_number": 74205,
        "global_verse_sequence_number": 5495
    },
    {
        "chapter": 73,
        "verse": 20,
        "juz": 29,
        "hizb": 230,
        "manzil": 7,
        "ruku": 509,
        "word_number_in_verse": 6,
        "language_code": "en",
        "text": "(a little) less",
        "root_word": "أَدۡنَىٰ",
        "global_word_sequence_number": 74206,
        "global_verse_sequence_number": 5495
    },
    {
        "chapter": 73,
        "verse": 20,
        "juz": 29,
        "hizb": 230,
        "manzil": 7,
        "ruku": 509,
        "word_number_in_verse": 7,
        "language_code": "en",
        "text": "than",
        "root_word": "مِن",
        "global_word_sequence_number": 74207,
        "global_verse_sequence_number": 5495
    },
    {
        "chapter": 73,
        "verse": 20,
        "juz": 29,
        "hizb": 230,
        "manzil": 7,
        "ruku": 509,
        "word_number_in_verse": 8,
        "language_code": "en",
        "text": "two-thirds",
        "root_word": "ثُلُثَيِ",
        "global_word_sequence_number": 74208,
        "global_verse_sequence_number": 5495
    },
    {
        "chapter": 73,
        "verse": 20,
        "juz": 29,
        "hizb": 230,
        "manzil": 7,
        "ruku": 509,
        "word_number_in_verse": 9,
        "language_code": "en",
        "text": "(of) the night",
        "root_word": "الَّيۡلِ",
        "global_word_sequence_number": 74209,
        "global_verse_sequence_number": 5495
    },
    {
        "chapter": 73,
        "verse": 20,
        "juz": 29,
        "hizb": 230,
        "manzil": 7,
        "ruku": 509,
        "word_number_in_verse": 10,
        "language_code": "en",
        "text": "and half of it",
        "root_word": "وَنِصۡفَهُۥ",
        "global_word_sequence_number": 74210,
        "global_verse_sequence_number": 5495
    },
    {
        "chapter": 73,
        "verse": 20,
        "juz": 29,
        "hizb": 230,
        "manzil": 7,
        "ruku": 509,
        "word_number_in_verse": 11,
        "language_code": "en",
        "text": "and a third of it",
        "root_word": "وَثُلُثَهُۥ",
        "global_word_sequence_number": 74211,
        "global_verse_sequence_number": 5495
    },
    {
        "chapter": 73,
        "verse": 20,
        "juz": 29,
        "hizb": 230,
        "manzil": 7,
        "ruku": 509,
        "word_number_in_verse": 12,
        "language_code": "en",
        "text": "and (so do) a group",
        "root_word": "وَطَآئِفَةٞ",
        "global_word_sequence_number": 74212,
        "global_verse_sequence_number": 5495
    },
    {
        "chapter": 73,
        "verse": 20,
        "juz": 29,
        "hizb": 230,
        "manzil": 7,
        "ruku": 509,
        "word_number_in_verse": 13,
        "language_code": "en",
        "text": "of",
        "root_word": "مِّنَ",
        "global_word_sequence_number": 74213,
        "global_verse_sequence_number": 5495
    },
    {
        "chapter": 73,
        "verse": 20,
        "juz": 29,
        "hizb": 230,
        "manzil": 7,
        "ruku": 509,
        "word_number_in_verse": 14,
        "language_code": "en",
        "text": "those who",
        "root_word": "الَّذِينَ",
        "global_word_sequence_number": 74214,
        "global_verse_sequence_number": 5495
    },
    {
        "chapter": 73,
        "verse": 20,
        "juz": 29,
        "hizb": 230,
        "manzil": 7,
        "ruku": 509,
        "word_number_in_verse": 15,
        "language_code": "en",
        "text": "(are) with you",
        "root_word": "مَعَكَۚ",
        "global_word_sequence_number": 74215,
        "global_verse_sequence_number": 5495
    },
    {
        "chapter": 73,
        "verse": 20,
        "juz": 29,
        "hizb": 230,
        "manzil": 7,
        "ruku": 509,
        "word_number_in_verse": 16,
        "language_code": "en",
        "text": "And Allah",
        "root_word": "وَاللَّهُ",
        "global_word_sequence_number": 74216,
        "global_verse_sequence_number": 5495
    },
    {
        "chapter": 73,
        "verse": 20,
        "juz": 29,
        "hizb": 230,
        "manzil": 7,
        "ruku": 509,
        "word_number_in_verse": 17,
        "language_code": "en",
        "text": "determines",
        "root_word": "يُقَدِّرُ",
        "global_word_sequence_number": 74217,
        "global_verse_sequence_number": 5495
    },
    {
        "chapter": 73,
        "verse": 20,
        "juz": 29,
        "hizb": 230,
        "manzil": 7,
        "ruku": 509,
        "word_number_in_verse": 18,
        "language_code": "en",
        "text": "the night",
        "root_word": "الَّيۡلَ",
        "global_word_sequence_number": 74218,
        "global_verse_sequence_number": 5495
    },
    {
        "chapter": 73,
        "verse": 20,
        "juz": 29,
        "hizb": 230,
        "manzil": 7,
        "ruku": 509,
        "word_number_in_verse": 19,
        "language_code": "en",
        "text": "and the day",
        "root_word": "وَالنَّهَارَۚ",
        "global_word_sequence_number": 74219,
        "global_verse_sequence_number": 5495
    },
    {
        "chapter": 73,
        "verse": 20,
        "juz": 29,
        "hizb": 230,
        "manzil": 7,
        "ruku": 509,
        "word_number_in_verse": 20,
        "language_code": "en",
        "text": "He knows",
        "root_word": "عَلِمَ",
        "global_word_sequence_number": 74220,
        "global_verse_sequence_number": 5495
    },
    {
        "chapter": 73,
        "verse": 20,
        "juz": 29,
        "hizb": 230,
        "manzil": 7,
        "ruku": 509,
        "word_number_in_verse": 21,
        "language_code": "en",
        "text": "that",
        "root_word": "أَن",
        "global_word_sequence_number": 74221,
        "global_verse_sequence_number": 5495
    },
    {
        "chapter": 73,
        "verse": 20,
        "juz": 29,
        "hizb": 230,
        "manzil": 7,
        "ruku": 509,
        "word_number_in_verse": 22,
        "language_code": "en",
        "text": "not",
        "root_word": "لَّن",
        "global_word_sequence_number": 74222,
        "global_verse_sequence_number": 5495
    },
    {
        "chapter": 73,
        "verse": 20,
        "juz": 29,
        "hizb": 230,
        "manzil": 7,
        "ruku": 509,
        "word_number_in_verse": 23,
        "language_code": "en",
        "text": "you count it",
        "root_word": "تُحۡصُوهُ",
        "global_word_sequence_number": 74223,
        "global_verse_sequence_number": 5495
    },
    {
        "chapter": 73,
        "verse": 20,
        "juz": 29,
        "hizb": 230,
        "manzil": 7,
        "ruku": 509,
        "word_number_in_verse": 24,
        "language_code": "en",
        "text": "so He has turned",
        "root_word": "فَتَابَ",
        "global_word_sequence_number": 74224,
        "global_verse_sequence_number": 5495
    },
    {
        "chapter": 73,
        "verse": 20,
        "juz": 29,
        "hizb": 230,
        "manzil": 7,
        "ruku": 509,
        "word_number_in_verse": 25,
        "language_code": "en",
        "text": "to you",
        "root_word": "عَلَيۡكُمۡۖ",
        "global_word_sequence_number": 74225,
        "global_verse_sequence_number": 5495
    },
    {
        "chapter": 73,
        "verse": 20,
        "juz": 29,
        "hizb": 230,
        "manzil": 7,
        "ruku": 509,
        "word_number_in_verse": 26,
        "language_code": "en",
        "text": "so recite",
        "root_word": "فَاقۡرَءُواْ",
        "global_word_sequence_number": 74226,
        "global_verse_sequence_number": 5495
    },
    {
        "chapter": 73,
        "verse": 20,
        "juz": 29,
        "hizb": 230,
        "manzil": 7,
        "ruku": 509,
        "word_number_in_verse": 27,
        "language_code": "en",
        "text": "what",
        "root_word": "مَا",
        "global_word_sequence_number": 74227,
        "global_verse_sequence_number": 5495
    },
    {
        "chapter": 73,
        "verse": 20,
        "juz": 29,
        "hizb": 230,
        "manzil": 7,
        "ruku": 509,
        "word_number_in_verse": 28,
        "language_code": "en",
        "text": "is easy",
        "root_word": "تَيَسَّرَ",
        "global_word_sequence_number": 74228,
        "global_verse_sequence_number": 5495
    },
    {
        "chapter": 73,
        "verse": 20,
        "juz": 29,
        "hizb": 230,
        "manzil": 7,
        "ruku": 509,
        "word_number_in_verse": 29,
        "language_code": "en",
        "text": "of",
        "root_word": "مِنَ",
        "global_word_sequence_number": 74229,
        "global_verse_sequence_number": 5495
    },
    {
        "chapter": 73,
        "verse": 20,
        "juz": 29,
        "hizb": 230,
        "manzil": 7,
        "ruku": 509,
        "word_number_in_verse": 30,
        "language_code": "en",
        "text": "the Quran",
        "root_word": "الۡقُرۡءَانِۚ",
        "global_word_sequence_number": 74230,
        "global_verse_sequence_number": 5495
    },
    {
        "chapter": 73,
        "verse": 20,
        "juz": 29,
        "hizb": 230,
        "manzil": 7,
        "ruku": 509,
        "word_number_in_verse": 31,
        "language_code": "en",
        "text": "He knows",
        "root_word": "عَلِمَ",
        "global_word_sequence_number": 74231,
        "global_verse_sequence_number": 5495
    },
    {
        "chapter": 73,
        "verse": 20,
        "juz": 29,
        "hizb": 230,
        "manzil": 7,
        "ruku": 509,
        "word_number_in_verse": 32,
        "language_code": "en",
        "text": "that",
        "root_word": "أَن",
        "global_word_sequence_number": 74232,
        "global_verse_sequence_number": 5495
    },
    {
        "chapter": 73,
        "verse": 20,
        "juz": 29,
        "hizb": 230,
        "manzil": 7,
        "ruku": 509,
        "word_number_in_verse": 33,
        "language_code": "en",
        "text": "there will be",
        "root_word": "سَيَكُونُ",
        "global_word_sequence_number": 74233,
        "global_verse_sequence_number": 5495
    },
    {
        "chapter": 73,
        "verse": 20,
        "juz": 29,
        "hizb": 230,
        "manzil": 7,
        "ruku": 509,
        "word_number_in_verse": 34,
        "language_code": "en",
        "text": "among you",
        "root_word": "مِنكُم",
        "global_word_sequence_number": 74234,
        "global_verse_sequence_number": 5495
    },
    {
        "chapter": 73,
        "verse": 20,
        "juz": 29,
        "hizb": 230,
        "manzil": 7,
        "ruku": 509,
        "word_number_in_verse": 35,
        "language_code": "en",
        "text": "sick",
        "root_word": "مَّرۡضَىٰ",
        "global_word_sequence_number": 74235,
        "global_verse_sequence_number": 5495
    },
    {
        "chapter": 73,
        "verse": 20,
        "juz": 29,
        "hizb": 230,
        "manzil": 7,
        "ruku": 509,
        "word_number_in_verse": 36,
        "language_code": "en",
        "text": "and others",
        "root_word": "وَءَاخَرُونَ",
        "global_word_sequence_number": 74236,
        "global_verse_sequence_number": 5495
    },
    {
        "chapter": 73,
        "verse": 20,
        "juz": 29,
        "hizb": 230,
        "manzil": 7,
        "ruku": 509,
        "word_number_in_verse": 37,
        "language_code": "en",
        "text": "traveling",
        "root_word": "يَضۡرِبُونَ",
        "global_word_sequence_number": 74237,
        "global_verse_sequence_number": 5495
    },
    {
        "chapter": 73,
        "verse": 20,
        "juz": 29,
        "hizb": 230,
        "manzil": 7,
        "ruku": 509,
        "word_number_in_verse": 38,
        "language_code": "en",
        "text": "in",
        "root_word": "فِي",
        "global_word_sequence_number": 74238,
        "global_verse_sequence_number": 5495
    },
    {
        "chapter": 73,
        "verse": 20,
        "juz": 29,
        "hizb": 230,
        "manzil": 7,
        "ruku": 509,
        "word_number_in_verse": 39,
        "language_code": "en",
        "text": "the land",
        "root_word": "الۡأَرۡضِ",
        "global_word_sequence_number": 74239,
        "global_verse_sequence_number": 5495
    },
    {
        "chapter": 73,
        "verse": 20,
        "juz": 29,
        "hizb": 230,
        "manzil": 7,
        "ruku": 509,
        "word_number_in_verse": 40,
        "language_code": "en",
        "text": "seeking",
        "root_word": "يَبۡتَغُونَ",
        "global_word_sequence_number": 74240,
        "global_verse_sequence_number": 5495
    },
    {
        "chapter": 73,
        "verse": 20,
        "juz": 29,
        "hizb": 230,
        "manzil": 7,
        "ruku": 509,
        "word_number_in_verse": 41,
        "language_code": "en",
        "text": "of",
        "root_word": "مِن",
        "global_word_sequence_number": 74241,
        "global_verse_sequence_number": 5495
    },
    {
        "chapter": 73,
        "verse": 20,
        "juz": 29,
        "hizb": 230,
        "manzil": 7,
        "ruku": 509,
        "word_number_in_verse": 42,
        "language_code": "en",
        "text": "(the) Bounty",
        "root_word": "فَضۡلِ",
        "global_word_sequence_number": 74242,
        "global_verse_sequence_number": 5495
    },
    {
        "chapter": 73,
        "verse": 20,
        "juz": 29,
        "hizb": 230,
        "manzil": 7,
        "ruku": 509,
        "word_number_in_verse": 43,
        "language_code": "en",
        "text": "(of) Allah",
        "root_word": "اللَّهِ",
        "global_word_sequence_number": 74243,
        "global_verse_sequence_number": 5495
    },
    {
        "chapter": 73,
        "verse": 20,
        "juz": 29,
        "hizb": 230,
        "manzil": 7,
        "ruku": 509,
        "word_number_in_verse": 44,
        "language_code": "en",
        "text": "and others",
        "root_word": "وَءَاخَرُونَ",
        "global_word_sequence_number": 74244,
        "global_verse_sequence_number": 5495
    },
    {
        "chapter": 73,
        "verse": 20,
        "juz": 29,
        "hizb": 230,
        "manzil": 7,
        "ruku": 509,
        "word_number_in_verse": 45,
        "language_code": "en",
        "text": "fighting",
        "root_word": "يُقَٰتِلُونَ",
        "global_word_sequence_number": 74245,
        "global_verse_sequence_number": 5495
    },
    {
        "chapter": 73,
        "verse": 20,
        "juz": 29,
        "hizb": 230,
        "manzil": 7,
        "ruku": 509,
        "word_number_in_verse": 46,
        "language_code": "en",
        "text": "in",
        "root_word": "فِي",
        "global_word_sequence_number": 74246,
        "global_verse_sequence_number": 5495
    },
    {
        "chapter": 73,
        "verse": 20,
        "juz": 29,
        "hizb": 230,
        "manzil": 7,
        "ruku": 509,
        "word_number_in_verse": 47,
        "language_code": "en",
        "text": "(the) way",
        "root_word": "سَبِيلِ",
        "global_word_sequence_number": 74247,
        "global_verse_sequence_number": 5495
    },
    {
        "chapter": 73,
        "verse": 20,
        "juz": 29,
        "hizb": 230,
        "manzil": 7,
        "ruku": 509,
        "word_number_in_verse": 48,
        "language_code": "en",
        "text": "(of) Allah",
        "root_word": "اللَّهِۖ",
        "global_word_sequence_number": 74248,
        "global_verse_sequence_number": 5495
    },
    {
        "chapter": 73,
        "verse": 20,
        "juz": 29,
        "hizb": 230,
        "manzil": 7,
        "ruku": 509,
        "word_number_in_verse": 49,
        "language_code": "en",
        "text": "So recite",
        "root_word": "فَاقۡرَءُواْ",
        "global_word_sequence_number": 74249,
        "global_verse_sequence_number": 5495
    },
    {
        "chapter": 73,
        "verse": 20,
        "juz": 29,
        "hizb": 230,
        "manzil": 7,
        "ruku": 509,
        "word_number_in_verse": 50,
        "language_code": "en",
        "text": "what",
        "root_word": "مَا",
        "global_word_sequence_number": 74250,
        "global_verse_sequence_number": 5495
    },
    {
        "chapter": 73,
        "verse": 20,
        "juz": 29,
        "hizb": 230,
        "manzil": 7,
        "ruku": 509,
        "word_number_in_verse": 51,
        "language_code": "en",
        "text": "is easy",
        "root_word": "تَيَسَّرَ",
        "global_word_sequence_number": 74251,
        "global_verse_sequence_number": 5495
    },
    {
        "chapter": 73,
        "verse": 20,
        "juz": 29,
        "hizb": 230,
        "manzil": 7,
        "ruku": 509,
        "word_number_in_verse": 52,
        "language_code": "en",
        "text": "of it",
        "root_word": "مِنۡهُۚ",
        "global_word_sequence_number": 74252,
        "global_verse_sequence_number": 5495
    },
    {
        "chapter": 73,
        "verse": 20,
        "juz": 29,
        "hizb": 230,
        "manzil": 7,
        "ruku": 509,
        "word_number_in_verse": 53,
        "language_code": "en",
        "text": "and establish",
        "root_word": "وَأَقِيمُواْ",
        "global_word_sequence_number": 74253,
        "global_verse_sequence_number": 5495
    },
    {
        "chapter": 73,
        "verse": 20,
        "juz": 29,
        "hizb": 230,
        "manzil": 7,
        "ruku": 509,
        "word_number_in_verse": 54,
        "language_code": "en",
        "text": "the prayer",
        "root_word": "الصَّلَوٰةَ",
        "global_word_sequence_number": 74254,
        "global_verse_sequence_number": 5495
    },
    {
        "chapter": 73,
        "verse": 20,
        "juz": 29,
        "hizb": 230,
        "manzil": 7,
        "ruku": 509,
        "word_number_in_verse": 55,
        "language_code": "en",
        "text": "and give",
        "root_word": "وَءَاتُواْ",
        "global_word_sequence_number": 74255,
        "global_verse_sequence_number": 5495
    },
    {
        "chapter": 73,
        "verse": 20,
        "juz": 29,
        "hizb": 230,
        "manzil": 7,
        "ruku": 509,
        "word_number_in_verse": 56,
        "language_code": "en",
        "text": "the zakah",
        "root_word": "الزَّكَوٰةَ",
        "global_word_sequence_number": 74256,
        "global_verse_sequence_number": 5495
    },
    {
        "chapter": 73,
        "verse": 20,
        "juz": 29,
        "hizb": 230,
        "manzil": 7,
        "ruku": 509,
        "word_number_in_verse": 57,
        "language_code": "en",
        "text": "and loan",
        "root_word": "وَأَقۡرِضُواْ",
        "global_word_sequence_number": 74257,
        "global_verse_sequence_number": 5495
    },
    {
        "chapter": 73,
        "verse": 20,
        "juz": 29,
        "hizb": 230,
        "manzil": 7,
        "ruku": 509,
        "word_number_in_verse": 58,
        "language_code": "en",
        "text": "Allah",
        "root_word": "اللَّهَ",
        "global_word_sequence_number": 74258,
        "global_verse_sequence_number": 5495
    },
    {
        "chapter": 73,
        "verse": 20,
        "juz": 29,
        "hizb": 230,
        "manzil": 7,
        "ruku": 509,
        "word_number_in_verse": 59,
        "language_code": "en",
        "text": "a loan",
        "root_word": "قَرۡضًا",
        "global_word_sequence_number": 74259,
        "global_verse_sequence_number": 5495
    },
    {
        "chapter": 73,
        "verse": 20,
        "juz": 29,
        "hizb": 230,
        "manzil": 7,
        "ruku": 509,
        "word_number_in_verse": 60,
        "language_code": "en",
        "text": "goodly",
        "root_word": "حَسَنٗاۚ",
        "global_word_sequence_number": 74260,
        "global_verse_sequence_number": 5495
    },
    {
        "chapter": 73,
        "verse": 20,
        "juz": 29,
        "hizb": 230,
        "manzil": 7,
        "ruku": 509,
        "word_number_in_verse": 61,
        "language_code": "en",
        "text": "And whatever",
        "root_word": "وَمَا",
        "global_word_sequence_number": 74261,
        "global_verse_sequence_number": 5495
    },
    {
        "chapter": 73,
        "verse": 20,
        "juz": 29,
        "hizb": 230,
        "manzil": 7,
        "ruku": 509,
        "word_number_in_verse": 62,
        "language_code": "en",
        "text": "you send forth",
        "root_word": "تُقَدِّمُواْ",
        "global_word_sequence_number": 74262,
        "global_verse_sequence_number": 5495
    },
    {
        "chapter": 73,
        "verse": 20,
        "juz": 29,
        "hizb": 230,
        "manzil": 7,
        "ruku": 509,
        "word_number_in_verse": 63,
        "language_code": "en",
        "text": "for yourselves",
        "root_word": "لِأَنفُسِكُم",
        "global_word_sequence_number": 74263,
        "global_verse_sequence_number": 5495
    },
    {
        "chapter": 73,
        "verse": 20,
        "juz": 29,
        "hizb": 230,
        "manzil": 7,
        "ruku": 509,
        "word_number_in_verse": 64,
        "language_code": "en",
        "text": "of",
        "root_word": "مِّنۡ",
        "global_word_sequence_number": 74264,
        "global_verse_sequence_number": 5495
    },
    {
        "chapter": 73,
        "verse": 20,
        "juz": 29,
        "hizb": 230,
        "manzil": 7,
        "ruku": 509,
        "word_number_in_verse": 65,
        "language_code": "en",
        "text": "good",
        "root_word": "خَيۡرٖ",
        "global_word_sequence_number": 74265,
        "global_verse_sequence_number": 5495
    },
    {
        "chapter": 73,
        "verse": 20,
        "juz": 29,
        "hizb": 230,
        "manzil": 7,
        "ruku": 509,
        "word_number_in_verse": 66,
        "language_code": "en",
        "text": "you will find it",
        "root_word": "تَجِدُوهُ",
        "global_word_sequence_number": 74266,
        "global_verse_sequence_number": 5495
    },
    {
        "chapter": 73,
        "verse": 20,
        "juz": 29,
        "hizb": 230,
        "manzil": 7,
        "ruku": 509,
        "word_number_in_verse": 67,
        "language_code": "en",
        "text": "with",
        "root_word": "عِندَ",
        "global_word_sequence_number": 74267,
        "global_verse_sequence_number": 5495
    },
    {
        "chapter": 73,
        "verse": 20,
        "juz": 29,
        "hizb": 230,
        "manzil": 7,
        "ruku": 509,
        "word_number_in_verse": 68,
        "language_code": "en",
        "text": "Allah",
        "root_word": "اللَّهِ",
        "global_word_sequence_number": 74268,
        "global_verse_sequence_number": 5495
    },
    {
        "chapter": 73,
        "verse": 20,
        "juz": 29,
        "hizb": 230,
        "manzil": 7,
        "ruku": 509,
        "word_number_in_verse": 69,
        "language_code": "en",
        "text": "It",
        "root_word": "هُوَ",
        "global_word_sequence_number": 74269,
        "global_verse_sequence_number": 5495
    },
    {
        "chapter": 73,
        "verse": 20,
        "juz": 29,
        "hizb": 230,
        "manzil": 7,
        "ruku": 509,
        "word_number_in_verse": 70,
        "language_code": "en",
        "text": "(will be) better",
        "root_word": "خَيۡرٗا",
        "global_word_sequence_number": 74270,
        "global_verse_sequence_number": 5495
    },
    {
        "chapter": 73,
        "verse": 20,
        "juz": 29,
        "hizb": 230,
        "manzil": 7,
        "ruku": 509,
        "word_number_in_verse": 71,
        "language_code": "en",
        "text": "and greater",
        "root_word": "وَأَعۡظَمَ",
        "global_word_sequence_number": 74271,
        "global_verse_sequence_number": 5495
    },
    {
        "chapter": 73,
        "verse": 20,
        "juz": 29,
        "hizb": 230,
        "manzil": 7,
        "ruku": 509,
        "word_number_in_verse": 72,
        "language_code": "en",
        "text": "(in) reward",
        "root_word": "أَجۡرٗاۚ",
        "global_word_sequence_number": 74272,
        "global_verse_sequence_number": 5495
    },
    {
        "chapter": 73,
        "verse": 20,
        "juz": 29,
        "hizb": 230,
        "manzil": 7,
        "ruku": 509,
        "word_number_in_verse": 73,
        "language_code": "en",
        "text": "And seek forgiveness",
        "root_word": "وَاسۡتَغۡفِرُواْ",
        "global_word_sequence_number": 74273,
        "global_verse_sequence_number": 5495
    },
    {
        "chapter": 73,
        "verse": 20,
        "juz": 29,
        "hizb": 230,
        "manzil": 7,
        "ruku": 509,
        "word_number_in_verse": 74,
        "language_code": "en",
        "text": "(of) Allah",
        "root_word": "اللَّهَۖ",
        "global_word_sequence_number": 74274,
        "global_verse_sequence_number": 5495
    },
    {
        "chapter": 73,
        "verse": 20,
        "juz": 29,
        "hizb": 230,
        "manzil": 7,
        "ruku": 509,
        "word_number_in_verse": 75,
        "language_code": "en",
        "text": "Indeed",
        "root_word": "إِنَّ",
        "global_word_sequence_number": 74275,
        "global_verse_sequence_number": 5495
    },
    {
        "chapter": 73,
        "verse": 20,
        "juz": 29,
        "hizb": 230,
        "manzil": 7,
        "ruku": 509,
        "word_number_in_verse": 76,
        "language_code": "en",
        "text": "Allah",
        "root_word": "اللَّهَ",
        "global_word_sequence_number": 74276,
        "global_verse_sequence_number": 5495
    },
    {
        "chapter": 73,
        "verse": 20,
        "juz": 29,
        "hizb": 230,
        "manzil": 7,
        "ruku": 509,
        "word_number_in_verse": 77,
        "language_code": "en",
        "text": "(is) Oft-Forgiving",
        "root_word": "غَفُورٞ",
        "global_word_sequence_number": 74277,
        "global_verse_sequence_number": 5495
    },
    {
        "chapter": 73,
        "verse": 20,
        "juz": 29,
        "hizb": 230,
        "manzil": 7,
        "ruku": 509,
        "word_number_in_verse": 78,
        "language_code": "en",
        "text": "Most Merciful",
        "root_word": "رَّحِيمُۢ",
        "global_word_sequence_number": 74278,
        "global_verse_sequence_number": 5495
    }
]