[
    {
        "chapter": 74,
        "verse": 1,
        "juz": 29,
        "hizb": 230,
        "manzil": 7,
        "ruku": 510,
        "word_number_in_verse": 1,
        "language_code": "en",
        "text": "O you",
        "root_word": "يَٰٓأَيُّهَا",
        "global_word_sequence_number": 74279,
        "global_verse_sequence_number": 5496
    },
    {
        "chapter": 74,
        "verse": 1,
        "juz": 29,
        "hizb": 230,
        "manzil": 7,
        "ruku": 510,
        "word_number_in_verse": 2,
        "language_code": "en",
        "text": "who covers himself",
        "root_word": "الۡمُدَّثِّرُ",
        "global_word_sequence_number": 74280,
        "global_verse_sequence_number": 5496
    },
    {
        "chapter": 74,
        "verse": 2,
        "juz": 29,
        "hizb": 230,
        "manzil": 7,
        "ruku": 510,
        "word_number_in_verse": 1,
        "language_code": "en",
        "text": "Stand up",
        "root_word": "قُمۡ",
        "global_word_sequence_number": 74281,
        "global_verse_sequence_number": 5497
    },
    {
        "chapter": 74,
        "verse": 2,
        "juz": 29,
        "hizb": 230,
        "manzil": 7,
        "ruku": 510,
        "word_number_in_verse": 2,
        "language_code": "en",
        "text": "and warn",
        "root_word": "فَأَنذِرۡ",
        "global_word_sequence_number": 74282,
        "global_verse_sequence_number": 5497
    },
    {
        "chapter": 74,
        "verse": 3,
        "juz": 29,
        "hizb": 230,
        "manzil": 7,
        "ruku": 510,
        "word_number_in_verse": 1,
        "language_code": "en",
        "text": "And your Lord",
        "root_word": "وَرَبَّكَ",
        "global_word_sequence_number": 74283,
        "global_verse_sequence_number": 5498
    },
    {
        "chapter": 74,
        "verse": 3,
        "juz": 29,
        "hizb": 230,
        "manzil": 7,
        "ruku": 510,
        "word_number_in_verse": 2,
        "language_code": "en",
        "text": "magnify",
        "root_word": "فَكَبِّرۡ",
        "global_word_sequence_number": 74284,
        "global_verse_sequence_number": 5498
    },
    {
        "chapter": 74,
        "verse": 4,
        "juz": 29,
        "hizb": 230,
        "manzil": 7,
        "ruku": 510,
        "word_number_in_verse": 1,
        "language_code": "en",
        "text": "And your clothing",
        "root_word": "وَثِيَابَكَ",
        "global_word_sequence_number": 74285,
        "global_verse_sequence_number": 5499
    },
    {
        "chapter": 74,
        "verse": 4,
        "juz": 29,
        "hizb": 230,
        "manzil": 7,
        "ruku": 510,
        "word_number_in_verse": 2,
        "language_code": "en",
        "text": "purify",
        "root_word": "فَطَهِّرۡ",
        "global_word_sequence_number": 74286,
        "global_verse_sequence_number": 5499
    },
    {
        "chapter": 74,
        "verse": 5,
        "juz": 29,
        "hizb": 230,
        "manzil": 7,
        "ruku": 510,
        "word_number_in_verse": 1,
        "language_code": "en",
        "text": "And uncleanliness",
        "root_word": "وَالرُّجۡزَ",
        "global_word_sequence_number": 74287,
        "global_verse_sequence_number": 5500
    },
    {
        "chapter": 74,
        "verse": 5,
        "juz": 29,
        "hizb": 230,
        "manzil": 7,
        "ruku": 510,
        "word_number_in_verse": 2,
        "language_code": "en",
        "text": "avoid",
        "root_word": "فَاهۡجُرۡ",
        "global_word_sequence_number": 74288,
        "global_verse_sequence_number": 5500
    },
    {
        "chapter": 74,
        "verse": 6,
        "juz": 29,
        "hizb": 230,
        "manzil": 7,
        "ruku": 510,
        "word_number_in_verse": 1,
        "language_code": "en",
        "text": "And (do) not",
        "root_word": "وَلَا",
        "global_word_sequence_number": 74289,
        "global_verse_sequence_number": 5501
    },
    {
        "chapter": 74,
        "verse": 6,
        "juz": 29,
        "hizb": 230,
        "manzil": 7,
        "ruku": 510,
        "word_number_in_verse": 2,
        "language_code": "en",
        "text": "confer favor",
        "root_word": "تَمۡنُن",
        "global_word_sequence_number": 74290,
        "global_verse_sequence_number": 5501
    },
    {
        "chapter": 74,
        "verse": 6,
        "juz": 29,
        "hizb": 230,
        "manzil": 7,
        "ruku": 510,
        "word_number_in_verse": 3,
        "language_code": "en",
        "text": "(to) acquire more",
        "root_word": "تَسۡتَكۡثِرُ",
        "global_word_sequence_number": 74291,
        "global_verse_sequence_number": 5501
    },
    {
        "chapter": 74,
        "verse": 7,
        "juz": 29,
        "hizb": 230,
        "manzil": 7,
        "ruku": 510,
        "word_number_in_verse": 1,
        "language_code": "en",
        "text": "And for your Lord",
        "root_word": "وَلِرَبِّكَ",
        "global_word_sequence_number": 74292,
        "global_verse_sequence_number": 5502
    },
    {
        "chapter": 74,
        "verse": 7,
        "juz": 29,
        "hizb": 230,
        "manzil": 7,
        "ruku": 510,
        "word_number_in_verse": 2,
        "language_code": "en",
        "text": "be patient",
        "root_word": "فَاصۡبِرۡ",
        "global_word_sequence_number": 74293,
        "global_verse_sequence_number": 5502
    },
    {
        "chapter": 74,
        "verse": 8,
        "juz": 29,
        "hizb": 230,
        "manzil": 7,
        "ruku": 510,
        "word_number_in_verse": 1,
        "language_code": "en",
        "text": "Then when",
        "root_word": "فَإِذَا",
        "global_word_sequence_number": 74294,
        "global_verse_sequence_number": 5503
    },
    {
        "chapter": 74,
        "verse": 8,
        "juz": 29,
        "hizb": 230,
        "manzil": 7,
        "ruku": 510,
        "word_number_in_verse": 2,
        "language_code": "en",
        "text": "is blown",
        "root_word": "نُقِرَ",
        "global_word_sequence_number": 74295,
        "global_verse_sequence_number": 5503
    },
    {
        "chapter": 74,
        "verse": 8,
        "juz": 29,
        "hizb": 230,
        "manzil": 7,
        "ruku": 510,
        "word_number_in_verse": 3,
        "language_code": "en",
        "text": "in",
        "root_word": "فِي",
        "global_word_sequence_number": 74296,
        "global_verse_sequence_number": 5503
    },
    {
        "chapter": 74,
        "verse": 8,
        "juz": 29,
        "hizb": 230,
        "manzil": 7,
        "ruku": 510,
        "word_number_in_verse": 4,
        "language_code": "en",
        "text": "the trumpet",
        "root_word": "النَّاقُورِ",
        "global_word_sequence_number": 74297,
        "global_verse_sequence_number": 5503
    },
    {
        "chapter": 74,
        "verse": 9,
        "juz": 29,
        "hizb": 230,
        "manzil": 7,
        "ruku": 510,
        "word_number_in_verse": 1,
        "language_code": "en",
        "text": "That",
        "root_word": "فَذَٰلِكَ",
        "global_word_sequence_number": 74298,
        "global_verse_sequence_number": 5504
    },
    {
        "chapter": 74,
        "verse": 9,
        "juz": 29,
        "hizb": 230,
        "manzil": 7,
        "ruku": 510,
        "word_number_in_verse": 2,
        "language_code": "en",
        "text": "Day",
        "root_word": "يَوۡمَئِذٖ",
        "global_word_sequence_number": 74299,
        "global_verse_sequence_number": 5504
    },
    {
        "chapter": 74,
        "verse": 9,
        "juz": 29,
        "hizb": 230,
        "manzil": 7,
        "ruku": 510,
        "word_number_in_verse": 3,
        "language_code": "en",
        "text": "(will be) a Day",
        "root_word": "يَوۡمٌ",
        "global_word_sequence_number": 74300,
        "global_verse_sequence_number": 5504
    },
    {
        "chapter": 74,
        "verse": 9,
        "juz": 29,
        "hizb": 230,
        "manzil": 7,
        "ruku": 510,
        "word_number_in_verse": 4,
        "language_code": "en",
        "text": "difficult",
        "root_word": "عَسِيرٌ",
        "global_word_sequence_number": 74301,
        "global_verse_sequence_number": 5504
    },
    {
        "chapter": 74,
        "verse": 10,
        "juz": 29,
        "hizb": 230,
        "manzil": 7,
        "ruku": 510,
        "word_number_in_verse": 1,
        "language_code": "en",
        "text": "For",
        "root_word": "عَلَى",
        "global_word_sequence_number": 74302,
        "global_verse_sequence_number": 5505
    },
    {
        "chapter": 74,
        "verse": 10,
        "juz": 29,
        "hizb": 230,
        "manzil": 7,
        "ruku": 510,
        "word_number_in_verse": 2,
        "language_code": "en",
        "text": "the disbelievers",
        "root_word": "الۡكَٰفِرِينَ",
        "global_word_sequence_number": 74303,
        "global_verse_sequence_number": 5505
    },
    {
        "chapter": 74,
        "verse": 10,
        "juz": 29,
        "hizb": 230,
        "manzil": 7,
        "ruku": 510,
        "word_number_in_verse": 3,
        "language_code": "en",
        "text": "not",
        "root_word": "غَيۡرُ",
        "global_word_sequence_number": 74304,
        "global_verse_sequence_number": 5505
    },
    {
        "chapter": 74,
        "verse": 10,
        "juz": 29,
        "hizb": 230,
        "manzil": 7,
        "ruku": 510,
        "word_number_in_verse": 4,
        "language_code": "en",
        "text": "easy",
        "root_word": "يَسِيرٖ",
        "global_word_sequence_number": 74305,
        "global_verse_sequence_number": 5505
    },
    {
        "chapter": 74,
        "verse": 11,
        "juz": 29,
        "hizb": 230,
        "manzil": 7,
        "ruku": 510,
        "word_number_in_verse": 1,
        "language_code": "en",
        "text": "Leave Me",
        "root_word": "ذَرۡنِي",
        "global_word_sequence_number": 74306,
        "global_verse_sequence_number": 5506
    },
    {
        "chapter": 74,
        "verse": 11,
        "juz": 29,
        "hizb": 230,
        "manzil": 7,
        "ruku": 510,
        "word_number_in_verse": 2,
        "language_code": "en",
        "text": "and whom",
        "root_word": "وَمَنۡ",
        "global_word_sequence_number": 74307,
        "global_verse_sequence_number": 5506
    },
    {
        "chapter": 74,
        "verse": 11,
        "juz": 29,
        "hizb": 230,
        "manzil": 7,
        "ruku": 510,
        "word_number_in_verse": 3,
        "language_code": "en",
        "text": "I created",
        "root_word": "خَلَقۡتُ",
        "global_word_sequence_number": 74308,
        "global_verse_sequence_number": 5506
    },
    {
        "chapter": 74,
        "verse": 11,
        "juz": 29,
        "hizb": 230,
        "manzil": 7,
        "ruku": 510,
        "word_number_in_verse": 4,
        "language_code": "en",
        "text": "alone",
        "root_word": "وَحِيدٗا",
        "global_word_sequence_number": 74309,
        "global_verse_sequence_number": 5506
    },
    {
        "chapter": 74,
        "verse": 12,
        "juz": 29,
        "hizb": 230,
        "manzil": 7,
        "ruku": 510,
        "word_number_in_verse": 1,
        "language_code": "en",
        "text": "And I granted",
        "root_word": "وَجَعَلۡتُ",
        "global_word_sequence_number": 74310,
        "global_verse_sequence_number": 5507
    },
    {
        "chapter": 74,
        "verse": 12,
        "juz": 29,
        "hizb": 230,
        "manzil": 7,
        "ruku": 510,
        "word_number_in_verse": 2,
        "language_code": "en",
        "text": "to him",
        "root_word": "لَهُۥ",
        "global_word_sequence_number": 74311,
        "global_verse_sequence_number": 5507
    },
    {
        "chapter": 74,
        "verse": 12,
        "juz": 29,
        "hizb": 230,
        "manzil": 7,
        "ruku": 510,
        "word_number_in_verse": 3,
        "language_code": "en",
        "text": "wealth",
        "root_word": "مَالٗا",
        "global_word_sequence_number": 74312,
        "global_verse_sequence_number": 5507
    },
    {
        "chapter": 74,
        "verse": 12,
        "juz": 29,
        "hizb": 230,
        "manzil": 7,
        "ruku": 510,
        "word_number_in_verse": 4,
        "language_code": "en",
        "text": "extensive",
        "root_word": "مَّمۡدُودٗا",
        "global_word_sequence_number": 74313,
        "global_verse_sequence_number": 5507
    },
    {
        "chapter": 74,
        "verse": 13,
        "juz": 29,
        "hizb": 230,
        "manzil": 7,
        "ruku": 510,
        "word_number_in_verse": 1,
        "language_code": "en",
        "text": "And children",
        "root_word": "وَبَنِينَ",
        "global_word_sequence_number": 74314,
        "global_verse_sequence_number": 5508
    },
    {
        "chapter": 74,
        "verse": 13,
        "juz": 29,
        "hizb": 230,
        "manzil": 7,
        "ruku": 510,
        "word_number_in_verse": 2,
        "language_code": "en",
        "text": "present",
        "root_word": "شُهُودٗا",
        "global_word_sequence_number": 74315,
        "global_verse_sequence_number": 5508
    },
    {
        "chapter": 74,
        "verse": 14,
        "juz": 29,
        "hizb": 230,
        "manzil": 7,
        "ruku": 510,
        "word_number_in_verse": 1,
        "language_code": "en",
        "text": "And I spread",
        "root_word": "وَمَهَّدتُّ",
        "global_word_sequence_number": 74316,
        "global_verse_sequence_number": 5509
    },
    {
        "chapter": 74,
        "verse": 14,
        "juz": 29,
        "hizb": 230,
        "manzil": 7,
        "ruku": 510,
        "word_number_in_verse": 2,
        "language_code": "en",
        "text": "for him",
        "root_word": "لَهُۥ",
        "global_word_sequence_number": 74317,
        "global_verse_sequence_number": 5509
    },
    {
        "chapter": 74,
        "verse": 14,
        "juz": 29,
        "hizb": 230,
        "manzil": 7,
        "ruku": 510,
        "word_number_in_verse": 3,
        "language_code": "en",
        "text": "ease",
        "root_word": "تَمۡهِيدٗا",
        "global_word_sequence_number": 74318,
        "global_verse_sequence_number": 5509
    },
    {
        "chapter": 74,
        "verse": 15,
        "juz": 29,
        "hizb": 230,
        "manzil": 7,
        "ruku": 510,
        "word_number_in_verse": 1,
        "language_code": "en",
        "text": "Then",
        "root_word": "ثُمَّ",
        "global_word_sequence_number": 74319,
        "global_verse_sequence_number": 5510
    },
    {
        "chapter": 74,
        "verse": 15,
        "juz": 29,
        "hizb": 230,
        "manzil": 7,
        "ruku": 510,
        "word_number_in_verse": 2,
        "language_code": "en",
        "text": "he desires",
        "root_word": "يَطۡمَعُ",
        "global_word_sequence_number": 74320,
        "global_verse_sequence_number": 5510
    },
    {
        "chapter": 74,
        "verse": 15,
        "juz": 29,
        "hizb": 230,
        "manzil": 7,
        "ruku": 510,
        "word_number_in_verse": 3,
        "language_code": "en",
        "text": "that",
        "root_word": "أَنۡ",
        "global_word_sequence_number": 74321,
        "global_verse_sequence_number": 5510
    },
    {
        "chapter": 74,
        "verse": 15,
        "juz": 29,
        "hizb": 230,
        "manzil": 7,
        "ruku": 510,
        "word_number_in_verse": 4,
        "language_code": "en",
        "text": "I (should) add more",
        "root_word": "أَزِيدَ",
        "global_word_sequence_number": 74322,
        "global_verse_sequence_number": 5510
    },
    {
        "chapter": 74,
        "verse": 16,
        "juz": 29,
        "hizb": 230,
        "manzil": 7,
        "ruku": 510,
        "word_number_in_verse": 1,
        "language_code": "en",
        "text": "By no means",
        "root_word": "كـَلَّآۖ",
        "global_word_sequence_number": 74323,
        "global_verse_sequence_number": 5511
    },
    {
        "chapter": 74,
        "verse": 16,
        "juz": 29,
        "hizb": 230,
        "manzil": 7,
        "ruku": 510,
        "word_number_in_verse": 2,
        "language_code": "en",
        "text": "Indeed he",
        "root_word": "إِنَّهُۥ",
        "global_word_sequence_number": 74324,
        "global_verse_sequence_number": 5511
    },
    {
        "chapter": 74,
        "verse": 16,
        "juz": 29,
        "hizb": 230,
        "manzil": 7,
        "ruku": 510,
        "word_number_in_verse": 3,
        "language_code": "en",
        "text": "has been",
        "root_word": "كَانَ",
        "global_word_sequence_number": 74325,
        "global_verse_sequence_number": 5511
    },
    {
        "chapter": 74,
        "verse": 16,
        "juz": 29,
        "hizb": 230,
        "manzil": 7,
        "ruku": 510,
        "word_number_in_verse": 4,
        "language_code": "en",
        "text": "to Our Verses",
        "root_word": "لِأٓيَٰتِنَا",
        "global_word_sequence_number": 74326,
        "global_verse_sequence_number": 5511
    },
    {
        "chapter": 74,
        "verse": 16,
        "juz": 29,
        "hizb": 230,
        "manzil": 7,
        "ruku": 510,
        "word_number_in_verse": 5,
        "language_code": "en",
        "text": "stubborn",
        "root_word": "عَنِيدٗا",
        "global_word_sequence_number": 74327,
        "global_verse_sequence_number": 5511
    },
    {
        "chapter": 74,
        "verse": 17,
        "juz": 29,
        "hizb": 230,
        "manzil": 7,
        "ruku": 510,
        "word_number_in_verse": 1,
        "language_code": "en",
        "text": "Soon I will cover Him",
        "root_word": "سَأُرۡهِقُهُۥ",
        "global_word_sequence_number": 74328,
        "global_verse_sequence_number": 5512
    },
    {
        "chapter": 74,
        "verse": 17,
        "juz": 29,
        "hizb": 230,
        "manzil": 7,
        "ruku": 510,
        "word_number_in_verse": 2,
        "language_code": "en",
        "text": "(with) a laborious punishment",
        "root_word": "صَعُودًا",
        "global_word_sequence_number": 74329,
        "global_verse_sequence_number": 5512
    },
    {
        "chapter": 74,
        "verse": 18,
        "juz": 29,
        "hizb": 230,
        "manzil": 7,
        "ruku": 510,
        "word_number_in_verse": 1,
        "language_code": "en",
        "text": "Indeed he",
        "root_word": "إِنَّهُۥ",
        "global_word_sequence_number": 74330,
        "global_verse_sequence_number": 5513
    },
    {
        "chapter": 74,
        "verse": 18,
        "juz": 29,
        "hizb": 230,
        "manzil": 7,
        "ruku": 510,
        "word_number_in_verse": 2,
        "language_code": "en",
        "text": "thought",
        "root_word": "فَكَّرَ",
        "global_word_sequence_number": 74331,
        "global_verse_sequence_number": 5513
    },
    {
        "chapter": 74,
        "verse": 18,
        "juz": 29,
        "hizb": 230,
        "manzil": 7,
        "ruku": 510,
        "word_number_in_verse": 3,
        "language_code": "en",
        "text": "and plotted",
        "root_word": "وَقَدَّرَ",
        "global_word_sequence_number": 74332,
        "global_verse_sequence_number": 5513
    },
    {
        "chapter": 74,
        "verse": 19,
        "juz": 29,
        "hizb": 230,
        "manzil": 7,
        "ruku": 510,
        "word_number_in_verse": 1,
        "language_code": "en",
        "text": "So may he be destroyed",
        "root_word": "فَقُتِلَ",
        "global_word_sequence_number": 74333,
        "global_verse_sequence_number": 5514
    },
    {
        "chapter": 74,
        "verse": 19,
        "juz": 29,
        "hizb": 230,
        "manzil": 7,
        "ruku": 510,
        "word_number_in_verse": 2,
        "language_code": "en",
        "text": "how",
        "root_word": "كَيۡفَ",
        "global_word_sequence_number": 74334,
        "global_verse_sequence_number": 5514
    },
    {
        "chapter": 74,
        "verse": 19,
        "juz": 29,
        "hizb": 230,
        "manzil": 7,
        "ruku": 510,
        "word_number_in_verse": 3,
        "language_code": "en",
        "text": "he plotted",
        "root_word": "قَدَّرَ",
        "global_word_sequence_number": 74335,
        "global_verse_sequence_number": 5514
    },
    {
        "chapter": 74,
        "verse": 20,
        "juz": 29,
        "hizb": 230,
        "manzil": 7,
        "ruku": 510,
        "word_number_in_verse": 1,
        "language_code": "en",
        "text": "Then",
        "root_word": "ثُمَّ",
        "global_word_sequence_number": 74336,
        "global_verse_sequence_number": 5515
    },
    {
        "chapter": 74,
        "verse": 20,
        "juz": 29,
        "hizb": 230,
        "manzil": 7,
        "ruku": 510,
        "word_number_in_verse": 2,
        "language_code": "en",
        "text": "may he be destroyed",
        "root_word": "قُتِلَ",
        "global_word_sequence_number": 74337,
        "global_verse_sequence_number": 5515
    },
    {
        "chapter": 74,
        "verse": 20,
        "juz": 29,
        "hizb": 230,
        "manzil": 7,
        "ruku": 510,
        "word_number_in_verse": 3,
        "language_code": "en",
        "text": "how",
        "root_word": "كَيۡفَ",
        "global_word_sequence_number": 74338,
        "global_verse_sequence_number": 5515
    },
    {
        "chapter": 74,
        "verse": 20,
        "juz": 29,
        "hizb": 230,
        "manzil": 7,
        "ruku": 510,
        "word_number_in_verse": 4,
        "language_code": "en",
        "text": "he plotted",
        "root_word": "قَدَّرَ",
        "global_word_sequence_number": 74339,
        "global_verse_sequence_number": 5515
    },
    {
        "chapter": 74,
        "verse": 21,
        "juz": 29,
        "hizb": 230,
        "manzil": 7,
        "ruku": 510,
        "word_number_in_verse": 1,
        "language_code": "en",
        "text": "Then",
        "root_word": "ثُمَّ",
        "global_word_sequence_number": 74340,
        "global_verse_sequence_number": 5516
    },
    {
        "chapter": 74,
        "verse": 21,
        "juz": 29,
        "hizb": 230,
        "manzil": 7,
        "ruku": 510,
        "word_number_in_verse": 2,
        "language_code": "en",
        "text": "he looked",
        "root_word": "نَظَرَ",
        "global_word_sequence_number": 74341,
        "global_verse_sequence_number": 5516
    },
    {
        "chapter": 74,
        "verse": 22,
        "juz": 29,
        "hizb": 230,
        "manzil": 7,
        "ruku": 510,
        "word_number_in_verse": 1,
        "language_code": "en",
        "text": "Then",
        "root_word": "ثُمَّ",
        "global_word_sequence_number": 74342,
        "global_verse_sequence_number": 5517
    },
    {
        "chapter": 74,
        "verse": 22,
        "juz": 29,
        "hizb": 230,
        "manzil": 7,
        "ruku": 510,
        "word_number_in_verse": 2,
        "language_code": "en",
        "text": "he frowned",
        "root_word": "عَبَسَ",
        "global_word_sequence_number": 74343,
        "global_verse_sequence_number": 5517
    },
    {
        "chapter": 74,
        "verse": 22,
        "juz": 29,
        "hizb": 230,
        "manzil": 7,
        "ruku": 510,
        "word_number_in_verse": 3,
        "language_code": "en",
        "text": "and scowled",
        "root_word": "وَبَسَرَ",
        "global_word_sequence_number": 74344,
        "global_verse_sequence_number": 5517
    },
    {
        "chapter": 74,
        "verse": 23,
        "juz": 29,
        "hizb": 230,
        "manzil": 7,
        "ruku": 510,
        "word_number_in_verse": 1,
        "language_code": "en",
        "text": "Then",
        "root_word": "ثُمَّ",
        "global_word_sequence_number": 74345,
        "global_verse_sequence_number": 5518
    },
    {
        "chapter": 74,
        "verse": 23,
        "juz": 29,
        "hizb": 230,
        "manzil": 7,
        "ruku": 510,
        "word_number_in_verse": 2,
        "language_code": "en",
        "text": "he turned back",
        "root_word": "أَدۡبَرَ",
        "global_word_sequence_number": 74346,
        "global_verse_sequence_number": 5518
    },
    {
        "chapter": 74,
        "verse": 23,
        "juz": 29,
        "hizb": 230,
        "manzil": 7,
        "ruku": 510,
        "word_number_in_verse": 3,
        "language_code": "en",
        "text": "and was proud",
        "root_word": "وَاسۡتَكۡبَرَ",
        "global_word_sequence_number": 74347,
        "global_verse_sequence_number": 5518
    },
    {
        "chapter": 74,
        "verse": 24,
        "juz": 29,
        "hizb": 230,
        "manzil": 7,
        "ruku": 510,
        "word_number_in_verse": 1,
        "language_code": "en",
        "text": "Then he said",
        "root_word": "فَقَالَ",
        "global_word_sequence_number": 74348,
        "global_verse_sequence_number": 5519
    },
    {
        "chapter": 74,
        "verse": 24,
        "juz": 29,
        "hizb": 230,
        "manzil": 7,
        "ruku": 510,
        "word_number_in_verse": 2,
        "language_code": "en",
        "text": "Not",
        "root_word": "إِنۡ",
        "global_word_sequence_number": 74349,
        "global_verse_sequence_number": 5519
    },
    {
        "chapter": 74,
        "verse": 24,
        "juz": 29,
        "hizb": 230,
        "manzil": 7,
        "ruku": 510,
        "word_number_in_verse": 3,
        "language_code": "en",
        "text": "(is) this",
        "root_word": "هَٰذَآ",
        "global_word_sequence_number": 74350,
        "global_verse_sequence_number": 5519
    },
    {
        "chapter": 74,
        "verse": 24,
        "juz": 29,
        "hizb": 230,
        "manzil": 7,
        "ruku": 510,
        "word_number_in_verse": 4,
        "language_code": "en",
        "text": "but",
        "root_word": "إِلَّا",
        "global_word_sequence_number": 74351,
        "global_verse_sequence_number": 5519
    },
    {
        "chapter": 74,
        "verse": 24,
        "juz": 29,
        "hizb": 230,
        "manzil": 7,
        "ruku": 510,
        "word_number_in_verse": 5,
        "language_code": "en",
        "text": "magic",
        "root_word": "سِحۡرٞ",
        "global_word_sequence_number": 74352,
        "global_verse_sequence_number": 5519
    },
    {
        "chapter": 74,
        "verse": 24,
        "juz": 29,
        "hizb": 230,
        "manzil": 7,
        "ruku": 510,
        "word_number_in_verse": 6,
        "language_code": "en",
        "text": "imitated",
        "root_word": "يُؤۡثَرُ",
        "global_word_sequence_number": 74353,
        "global_verse_sequence_number": 5519
    },
    {
        "chapter": 74,
        "verse": 25,
        "juz": 29,
        "hizb": 230,
        "manzil": 7,
        "ruku": 510,
        "word_number_in_verse": 1,
        "language_code": "en",
        "text": "Not",
        "root_word": "إِنۡ",
        "global_word_sequence_number": 74354,
        "global_verse_sequence_number": 5520
    },
    {
        "chapter": 74,
        "verse": 25,
        "juz": 29,
        "hizb": 230,
        "manzil": 7,
        "ruku": 510,
        "word_number_in_verse": 2,
        "language_code": "en",
        "text": "(is) this",
        "root_word": "هَٰذَآ",
        "global_word_sequence_number": 74355,
        "global_verse_sequence_number": 5520
    },
    {
        "chapter": 74,
        "verse": 25,
        "juz": 29,
        "hizb": 230,
        "manzil": 7,
        "ruku": 510,
        "word_number_in_verse": 3,
        "language_code": "en",
        "text": "but",
        "root_word": "إِلَّا",
        "global_word_sequence_number": 74356,
        "global_verse_sequence_number": 5520
    },
    {
        "chapter": 74,
        "verse": 25,
        "juz": 29,
        "hizb": 230,
        "manzil": 7,
        "ruku": 510,
        "word_number_in_verse": 4,
        "language_code": "en",
        "text": "(the) word",
        "root_word": "قَوۡلُ",
        "global_word_sequence_number": 74357,
        "global_verse_sequence_number": 5520
    },
    {
        "chapter": 74,
        "verse": 25,
        "juz": 29,
        "hizb": 230,
        "manzil": 7,
        "ruku": 510,
        "word_number_in_verse": 5,
        "language_code": "en",
        "text": "(of) a human being",
        "root_word": "الۡبَشَرِ",
        "global_word_sequence_number": 74358,
        "global_verse_sequence_number": 5520
    },
    {
        "chapter": 74,
        "verse": 26,
        "juz": 29,
        "hizb": 230,
        "manzil": 7,
        "ruku": 510,
        "word_number_in_verse": 1,
        "language_code": "en",
        "text": "Soon I will drive him",
        "root_word": "سَأُصۡلِيهِ",
        "global_word_sequence_number": 74359,
        "global_verse_sequence_number": 5521
    },
    {
        "chapter": 74,
        "verse": 26,
        "juz": 29,
        "hizb": 230,
        "manzil": 7,
        "ruku": 510,
        "word_number_in_verse": 2,
        "language_code": "en",
        "text": "(into) Hell",
        "root_word": "سَقَرَ",
        "global_word_sequence_number": 74360,
        "global_verse_sequence_number": 5521
    },
    {
        "chapter": 74,
        "verse": 27,
        "juz": 29,
        "hizb": 230,
        "manzil": 7,
        "ruku": 510,
        "word_number_in_verse": 1,
        "language_code": "en",
        "text": "And what",
        "root_word": "وَمَآ",
        "global_word_sequence_number": 74361,
        "global_verse_sequence_number": 5522
    },
    {
        "chapter": 74,
        "verse": 27,
        "juz": 29,
        "hizb": 230,
        "manzil": 7,
        "ruku": 510,
        "word_number_in_verse": 2,
        "language_code": "en",
        "text": "can make you know",
        "root_word": "أَدۡرَىٰكَ",
        "global_word_sequence_number": 74362,
        "global_verse_sequence_number": 5522
    },
    {
        "chapter": 74,
        "verse": 27,
        "juz": 29,
        "hizb": 230,
        "manzil": 7,
        "ruku": 510,
        "word_number_in_verse": 3,
        "language_code": "en",
        "text": "what",
        "root_word": "مَا",
        "global_word_sequence_number": 74363,
        "global_verse_sequence_number": 5522
    },
    {
        "chapter": 74,
        "verse": 27,
        "juz": 29,
        "hizb": 230,
        "manzil": 7,
        "ruku": 510,
        "word_number_in_verse": 4,
        "language_code": "en",
        "text": "(is) Hell",
        "root_word": "سَقَرُ",
        "global_word_sequence_number": 74364,
        "global_verse_sequence_number": 5522
    },
    {
        "chapter": 74,
        "verse": 28,
        "juz": 29,
        "hizb": 230,
        "manzil": 7,
        "ruku": 510,
        "word_number_in_verse": 1,
        "language_code": "en",
        "text": "Not",
        "root_word": "لَا",
        "global_word_sequence_number": 74365,
        "global_verse_sequence_number": 5523
    },
    {
        "chapter": 74,
        "verse": 28,
        "juz": 29,
        "hizb": 230,
        "manzil": 7,
        "ruku": 510,
        "word_number_in_verse": 2,
        "language_code": "en",
        "text": "it lets remain",
        "root_word": "تُبۡقِي",
        "global_word_sequence_number": 74366,
        "global_verse_sequence_number": 5523
    },
    {
        "chapter": 74,
        "verse": 28,
        "juz": 29,
        "hizb": 230,
        "manzil": 7,
        "ruku": 510,
        "word_number_in_verse": 3,
        "language_code": "en",
        "text": "and not",
        "root_word": "وَلَا",
        "global_word_sequence_number": 74367,
        "global_verse_sequence_number": 5523
    },
    {
        "chapter": 74,
        "verse": 28,
        "juz": 29,
        "hizb": 230,
        "manzil": 7,
        "ruku": 510,
        "word_number_in_verse": 4,
        "language_code": "en",
        "text": "it leaves",
        "root_word": "تَذَرُ",
        "global_word_sequence_number": 74368,
        "global_verse_sequence_number": 5523
    },
    {
        "chapter": 74,
        "verse": 29,
        "juz": 29,
        "hizb": 230,
        "manzil": 7,
        "ruku": 510,
        "word_number_in_verse": 1,
        "language_code": "en",
        "text": "Scorching",
        "root_word": "لَوَّاحَةٞ",
        "global_word_sequence_number": 74369,
        "global_verse_sequence_number": 5524
    },
    {
        "chapter": 74,
        "verse": 29,
        "juz": 29,
        "hizb": 230,
        "manzil": 7,
        "ruku": 510,
        "word_number_in_verse": 2,
        "language_code": "en",
        "text": "the human (skin)",
        "root_word": "لِّلۡبَشَرِ",
        "global_word_sequence_number": 74370,
        "global_verse_sequence_number": 5524
    },
    {
        "chapter": 74,
        "verse": 30,
        "juz": 29,
        "hizb": 230,
        "manzil": 7,
        "ruku": 510,
        "word_number_in_verse": 1,
        "language_code": "en",
        "text": "Over it",
        "root_word": "عَلَيۡهَا",
        "global_word_sequence_number": 74371,
        "global_verse_sequence_number": 5525
    },
    {
        "chapter": 74,
        "verse": 30,
        "juz": 29,
        "hizb": 230,
        "manzil": 7,
        "ruku": 510,
        "word_number_in_verse": 2,
        "language_code": "en",
        "text": "(are) nine",
        "root_word": "تِسۡعَةَ",
        "global_word_sequence_number": 74372,
        "global_verse_sequence_number": 5525
    },
    {
        "chapter": 74,
        "verse": 30,
        "juz": 29,
        "hizb": 230,
        "manzil": 7,
        "ruku": 510,
        "word_number_in_verse": 3,
        "language_code": "en",
        "text": "teen",
        "root_word": "عَشَرَ",
        "global_word_sequence_number": 74373,
        "global_verse_sequence_number": 5525
    },
    {
        "chapter": 74,
        "verse": 31,
        "juz": 29,
        "hizb": 230,
        "manzil": 7,
        "ruku": 510,
        "word_number_in_verse": 1,
        "language_code": "en",
        "text": "And not",
        "root_word": "وَمَا",
        "global_word_sequence_number": 74374,
        "global_verse_sequence_number": 5526
    },
    {
        "chapter": 74,
        "verse": 31,
        "juz": 29,
        "hizb": 230,
        "manzil": 7,
        "ruku": 510,
        "word_number_in_verse": 2,
        "language_code": "en",
        "text": "We have made",
        "root_word": "جَعَلۡنَآ",
        "global_word_sequence_number": 74375,
        "global_verse_sequence_number": 5526
    },
    {
        "chapter": 74,
        "verse": 31,
        "juz": 29,
        "hizb": 230,
        "manzil": 7,
        "ruku": 510,
        "word_number_in_verse": 3,
        "language_code": "en",
        "text": "keepers",
        "root_word": "أَصۡحَٰبَ",
        "global_word_sequence_number": 74376,
        "global_verse_sequence_number": 5526
    },
    {
        "chapter": 74,
        "verse": 31,
        "juz": 29,
        "hizb": 230,
        "manzil": 7,
        "ruku": 510,
        "word_number_in_verse": 4,
        "language_code": "en",
        "text": "(of) the Fire",
        "root_word": "النَّارِ",
        "global_word_sequence_number": 74377,
        "global_verse_sequence_number": 5526
    },
    {
        "chapter": 74,
        "verse": 31,
        "juz": 29,
        "hizb": 230,
        "manzil": 7,
        "ruku": 510,
        "word_number_in_verse": 5,
        "language_code": "en",
        "text": "except",
        "root_word": "إِلَّا",
        "global_word_sequence_number": 74378,
        "global_verse_sequence_number": 5526
    },
    {
        "chapter": 74,
        "verse": 31,
        "juz": 29,
        "hizb": 230,
        "manzil": 7,
        "ruku": 510,
        "word_number_in_verse": 6,
        "language_code": "en",
        "text": "Angels",
        "root_word": "مَلَٰٓئِكَةٗۖ",
        "global_word_sequence_number": 74379,
        "global_verse_sequence_number": 5526
    },
    {
        "chapter": 74,
        "verse": 31,
        "juz": 29,
        "hizb": 230,
        "manzil": 7,
        "ruku": 510,
        "word_number_in_verse": 7,
        "language_code": "en",
        "text": "And not",
        "root_word": "وَمَا",
        "global_word_sequence_number": 74380,
        "global_verse_sequence_number": 5526
    },
    {
        "chapter": 74,
        "verse": 31,
        "juz": 29,
        "hizb": 230,
        "manzil": 7,
        "ruku": 510,
        "word_number_in_verse": 8,
        "language_code": "en",
        "text": "We have made",
        "root_word": "جَعَلۡنَا",
        "global_word_sequence_number": 74381,
        "global_verse_sequence_number": 5526
    },
    {
        "chapter": 74,
        "verse": 31,
        "juz": 29,
        "hizb": 230,
        "manzil": 7,
        "ruku": 510,
        "word_number_in_verse": 9,
        "language_code": "en",
        "text": "their number",
        "root_word": "عِدَّتَهُمۡ",
        "global_word_sequence_number": 74382,
        "global_verse_sequence_number": 5526
    },
    {
        "chapter": 74,
        "verse": 31,
        "juz": 29,
        "hizb": 230,
        "manzil": 7,
        "ruku": 510,
        "word_number_in_verse": 10,
        "language_code": "en",
        "text": "except",
        "root_word": "إِلَّا",
        "global_word_sequence_number": 74383,
        "global_verse_sequence_number": 5526
    },
    {
        "chapter": 74,
        "verse": 31,
        "juz": 29,
        "hizb": 230,
        "manzil": 7,
        "ruku": 510,
        "word_number_in_verse": 11,
        "language_code": "en",
        "text": "(as) a trial",
        "root_word": "فِتۡنَةٗ",
        "global_word_sequence_number": 74384,
        "global_verse_sequence_number": 5526
    },
    {
        "chapter": 74,
        "verse": 31,
        "juz": 29,
        "hizb": 230,
        "manzil": 7,
        "ruku": 510,
        "word_number_in_verse": 12,
        "language_code": "en",
        "text": "for those who",
        "root_word": "لِّلَّذِينَ",
        "global_word_sequence_number": 74385,
        "global_verse_sequence_number": 5526
    },
    {
        "chapter": 74,
        "verse": 31,
        "juz": 29,
        "hizb": 230,
        "manzil": 7,
        "ruku": 510,
        "word_number_in_verse": 13,
        "language_code": "en",
        "text": "disbelieve",
        "root_word": "كَفَرُواْ",
        "global_word_sequence_number": 74386,
        "global_verse_sequence_number": 5526
    },
    {
        "chapter": 74,
        "verse": 31,
        "juz": 29,
        "hizb": 230,
        "manzil": 7,
        "ruku": 510,
        "word_number_in_verse": 14,
        "language_code": "en",
        "text": "that may be certain",
        "root_word": "لِيَسۡتَيۡقِنَ",
        "global_word_sequence_number": 74387,
        "global_verse_sequence_number": 5526
    },
    {
        "chapter": 74,
        "verse": 31,
        "juz": 29,
        "hizb": 230,
        "manzil": 7,
        "ruku": 510,
        "word_number_in_verse": 15,
        "language_code": "en",
        "text": "those who",
        "root_word": "الَّذِينَ",
        "global_word_sequence_number": 74388,
        "global_verse_sequence_number": 5526
    },
    {
        "chapter": 74,
        "verse": 31,
        "juz": 29,
        "hizb": 230,
        "manzil": 7,
        "ruku": 510,
        "word_number_in_verse": 16,
        "language_code": "en",
        "text": "were given",
        "root_word": "أُوتُواْ",
        "global_word_sequence_number": 74389,
        "global_verse_sequence_number": 5526
    },
    {
        "chapter": 74,
        "verse": 31,
        "juz": 29,
        "hizb": 230,
        "manzil": 7,
        "ruku": 510,
        "word_number_in_verse": 17,
        "language_code": "en",
        "text": "the Scripture",
        "root_word": "الۡكِتَٰبَ",
        "global_word_sequence_number": 74390,
        "global_verse_sequence_number": 5526
    },
    {
        "chapter": 74,
        "verse": 31,
        "juz": 29,
        "hizb": 230,
        "manzil": 7,
        "ruku": 510,
        "word_number_in_verse": 18,
        "language_code": "en",
        "text": "and may increase",
        "root_word": "وَيَزۡدَادَ",
        "global_word_sequence_number": 74391,
        "global_verse_sequence_number": 5526
    },
    {
        "chapter": 74,
        "verse": 31,
        "juz": 29,
        "hizb": 230,
        "manzil": 7,
        "ruku": 510,
        "word_number_in_verse": 19,
        "language_code": "en",
        "text": "those who",
        "root_word": "الَّذِينَ",
        "global_word_sequence_number": 74392,
        "global_verse_sequence_number": 5526
    },
    {
        "chapter": 74,
        "verse": 31,
        "juz": 29,
        "hizb": 230,
        "manzil": 7,
        "ruku": 510,
        "word_number_in_verse": 20,
        "language_code": "en",
        "text": "believe",
        "root_word": "ءَامَنُوٓاْ",
        "global_word_sequence_number": 74393,
        "global_verse_sequence_number": 5526
    },
    {
        "chapter": 74,
        "verse": 31,
        "juz": 29,
        "hizb": 230,
        "manzil": 7,
        "ruku": 510,
        "word_number_in_verse": 21,
        "language_code": "en",
        "text": "(in) faith",
        "root_word": "إِيمَٰنٗا",
        "global_word_sequence_number": 74394,
        "global_verse_sequence_number": 5526
    },
    {
        "chapter": 74,
        "verse": 31,
        "juz": 29,
        "hizb": 230,
        "manzil": 7,
        "ruku": 510,
        "word_number_in_verse": 22,
        "language_code": "en",
        "text": "and not",
        "root_word": "وَلَا",
        "global_word_sequence_number": 74395,
        "global_verse_sequence_number": 5526
    },
    {
        "chapter": 74,
        "verse": 31,
        "juz": 29,
        "hizb": 230,
        "manzil": 7,
        "ruku": 510,
        "word_number_in_verse": 23,
        "language_code": "en",
        "text": "may doubt",
        "root_word": "يَرۡتَابَ",
        "global_word_sequence_number": 74396,
        "global_verse_sequence_number": 5526
    },
    {
        "chapter": 74,
        "verse": 31,
        "juz": 29,
        "hizb": 230,
        "manzil": 7,
        "ruku": 510,
        "word_number_in_verse": 24,
        "language_code": "en",
        "text": "those who",
        "root_word": "الَّذِينَ",
        "global_word_sequence_number": 74397,
        "global_verse_sequence_number": 5526
    },
    {
        "chapter": 74,
        "verse": 31,
        "juz": 29,
        "hizb": 230,
        "manzil": 7,
        "ruku": 510,
        "word_number_in_verse": 25,
        "language_code": "en",
        "text": "were given",
        "root_word": "أُوتُواْ",
        "global_word_sequence_number": 74398,
        "global_verse_sequence_number": 5526
    },
    {
        "chapter": 74,
        "verse": 31,
        "juz": 29,
        "hizb": 230,
        "manzil": 7,
        "ruku": 510,
        "word_number_in_verse": 26,
        "language_code": "en",
        "text": "the Scripture",
        "root_word": "الۡكِتَٰبَ",
        "global_word_sequence_number": 74399,
        "global_verse_sequence_number": 5526
    },
    {
        "chapter": 74,
        "verse": 31,
        "juz": 29,
        "hizb": 230,
        "manzil": 7,
        "ruku": 510,
        "word_number_in_verse": 27,
        "language_code": "en",
        "text": "and the believers",
        "root_word": "وَالۡمُؤۡمِنُونَ",
        "global_word_sequence_number": 74400,
        "global_verse_sequence_number": 5526
    },
    {
        "chapter": 74,
        "verse": 31,
        "juz": 29,
        "hizb": 230,
        "manzil": 7,
        "ruku": 510,
        "word_number_in_verse": 28,
        "language_code": "en",
        "text": "and that may say",
        "root_word": "وَلِيَقُولَ",
        "global_word_sequence_number": 74401,
        "global_verse_sequence_number": 5526
    },
    {
        "chapter": 74,
        "verse": 31,
        "juz": 29,
        "hizb": 230,
        "manzil": 7,
        "ruku": 510,
        "word_number_in_verse": 29,
        "language_code": "en",
        "text": "those",
        "root_word": "الَّذِينَ",
        "global_word_sequence_number": 74402,
        "global_verse_sequence_number": 5526
    },
    {
        "chapter": 74,
        "verse": 31,
        "juz": 29,
        "hizb": 230,
        "manzil": 7,
        "ruku": 510,
        "word_number_in_verse": 30,
        "language_code": "en",
        "text": "in",
        "root_word": "فِي",
        "global_word_sequence_number": 74403,
        "global_verse_sequence_number": 5526
    },
    {
        "chapter": 74,
        "verse": 31,
        "juz": 29,
        "hizb": 230,
        "manzil": 7,
        "ruku": 510,
        "word_number_in_verse": 31,
        "language_code": "en",
        "text": "their hearts",
        "root_word": "قُلُوبِهِم",
        "global_word_sequence_number": 74404,
        "global_verse_sequence_number": 5526
    },
    {
        "chapter": 74,
        "verse": 31,
        "juz": 29,
        "hizb": 230,
        "manzil": 7,
        "ruku": 510,
        "word_number_in_verse": 32,
        "language_code": "en",
        "text": "(is) a disease",
        "root_word": "مَّرَضٞ",
        "global_word_sequence_number": 74405,
        "global_verse_sequence_number": 5526
    },
    {
        "chapter": 74,
        "verse": 31,
        "juz": 29,
        "hizb": 230,
        "manzil": 7,
        "ruku": 510,
        "word_number_in_verse": 33,
        "language_code": "en",
        "text": "and the disbelievers",
        "root_word": "وَالۡكَٰفِرُونَ",
        "global_word_sequence_number": 74406,
        "global_verse_sequence_number": 5526
    },
    {
        "chapter": 74,
        "verse": 31,
        "juz": 29,
        "hizb": 230,
        "manzil": 7,
        "ruku": 510,
        "word_number_in_verse": 34,
        "language_code": "en",
        "text": "What",
        "root_word": "مَاذَآ",
        "global_word_sequence_number": 74407,
        "global_verse_sequence_number": 5526
    },
    {
        "chapter": 74,
        "verse": 31,
        "juz": 29,
        "hizb": 230,
        "manzil": 7,
        "ruku": 510,
        "word_number_in_verse": 35,
        "language_code": "en",
        "text": "(does) intend",
        "root_word": "أَرَادَ",
        "global_word_sequence_number": 74408,
        "global_verse_sequence_number": 5526
    },
    {
        "chapter": 74,
        "verse": 31,
        "juz": 29,
        "hizb": 230,
        "manzil": 7,
        "ruku": 510,
        "word_number_in_verse": 36,
        "language_code": "en",
        "text": "Allah",
        "root_word": "اللَّهُ",
        "global_word_sequence_number": 74409,
        "global_verse_sequence_number": 5526
    },
    {
        "chapter": 74,
        "verse": 31,
        "juz": 29,
        "hizb": 230,
        "manzil": 7,
        "ruku": 510,
        "word_number_in_verse": 37,
        "language_code": "en",
        "text": "by this",
        "root_word": "بِهَٰذَا",
        "global_word_sequence_number": 74410,
        "global_verse_sequence_number": 5526
    },
    {
        "chapter": 74,
        "verse": 31,
        "juz": 29,
        "hizb": 230,
        "manzil": 7,
        "ruku": 510,
        "word_number_in_verse": 38,
        "language_code": "en",
        "text": "example",
        "root_word": "مَثَلٗاۚ",
        "global_word_sequence_number": 74411,
        "global_verse_sequence_number": 5526
    },
    {
        "chapter": 74,
        "verse": 31,
        "juz": 29,
        "hizb": 230,
        "manzil": 7,
        "ruku": 510,
        "word_number_in_verse": 39,
        "language_code": "en",
        "text": "Thus",
        "root_word": "كَذَٰلِكَ",
        "global_word_sequence_number": 74412,
        "global_verse_sequence_number": 5526
    },
    {
        "chapter": 74,
        "verse": 31,
        "juz": 29,
        "hizb": 230,
        "manzil": 7,
        "ruku": 510,
        "word_number_in_verse": 40,
        "language_code": "en",
        "text": "does let go astray",
        "root_word": "يُضِلُّ",
        "global_word_sequence_number": 74413,
        "global_verse_sequence_number": 5526
    },
    {
        "chapter": 74,
        "verse": 31,
        "juz": 29,
        "hizb": 230,
        "manzil": 7,
        "ruku": 510,
        "word_number_in_verse": 41,
        "language_code": "en",
        "text": "Allah",
        "root_word": "اللَّهُ",
        "global_word_sequence_number": 74414,
        "global_verse_sequence_number": 5526
    },
    {
        "chapter": 74,
        "verse": 31,
        "juz": 29,
        "hizb": 230,
        "manzil": 7,
        "ruku": 510,
        "word_number_in_verse": 42,
        "language_code": "en",
        "text": "whom",
        "root_word": "مَن",
        "global_word_sequence_number": 74415,
        "global_verse_sequence_number": 5526
    },
    {
        "chapter": 74,
        "verse": 31,
        "juz": 29,
        "hizb": 230,
        "manzil": 7,
        "ruku": 510,
        "word_number_in_verse": 43,
        "language_code": "en",
        "text": "He wills",
        "root_word": "يَشَآءُ",
        "global_word_sequence_number": 74416,
        "global_verse_sequence_number": 5526
    },
    {
        "chapter": 74,
        "verse": 31,
        "juz": 29,
        "hizb": 230,
        "manzil": 7,
        "ruku": 510,
        "word_number_in_verse": 44,
        "language_code": "en",
        "text": "and guides",
        "root_word": "وَيَهۡدِي",
        "global_word_sequence_number": 74417,
        "global_verse_sequence_number": 5526
    },
    {
        "chapter": 74,
        "verse": 31,
        "juz": 29,
        "hizb": 230,
        "manzil": 7,
        "ruku": 510,
        "word_number_in_verse": 45,
        "language_code": "en",
        "text": "whom",
        "root_word": "مَن",
        "global_word_sequence_number": 74418,
        "global_verse_sequence_number": 5526
    },
    {
        "chapter": 74,
        "verse": 31,
        "juz": 29,
        "hizb": 230,
        "manzil": 7,
        "ruku": 510,
        "word_number_in_verse": 46,
        "language_code": "en",
        "text": "He wills",
        "root_word": "يَشَآءُۚ",
        "global_word_sequence_number": 74419,
        "global_verse_sequence_number": 5526
    },
    {
        "chapter": 74,
        "verse": 31,
        "juz": 29,
        "hizb": 230,
        "manzil": 7,
        "ruku": 510,
        "word_number_in_verse": 47,
        "language_code": "en",
        "text": "And none",
        "root_word": "وَمَا",
        "global_word_sequence_number": 74420,
        "global_verse_sequence_number": 5526
    },
    {
        "chapter": 74,
        "verse": 31,
        "juz": 29,
        "hizb": 230,
        "manzil": 7,
        "ruku": 510,
        "word_number_in_verse": 48,
        "language_code": "en",
        "text": "knows",
        "root_word": "يَعۡلَمُ",
        "global_word_sequence_number": 74421,
        "global_verse_sequence_number": 5526
    },
    {
        "chapter": 74,
        "verse": 31,
        "juz": 29,
        "hizb": 230,
        "manzil": 7,
        "ruku": 510,
        "word_number_in_verse": 49,
        "language_code": "en",
        "text": "(the) hosts",
        "root_word": "جُنُودَ",
        "global_word_sequence_number": 74422,
        "global_verse_sequence_number": 5526
    },
    {
        "chapter": 74,
        "verse": 31,
        "juz": 29,
        "hizb": 230,
        "manzil": 7,
        "ruku": 510,
        "word_number_in_verse": 50,
        "language_code": "en",
        "text": "(of) your Lord",
        "root_word": "رَبِّكَ",
        "global_word_sequence_number": 74423,
        "global_verse_sequence_number": 5526
    },
    {
        "chapter": 74,
        "verse": 31,
        "juz": 29,
        "hizb": 230,
        "manzil": 7,
        "ruku": 510,
        "word_number_in_verse": 51,
        "language_code": "en",
        "text": "except",
        "root_word": "إِلَّا",
        "global_word_sequence_number": 74424,
        "global_verse_sequence_number": 5526
    },
    {
        "chapter": 74,
        "verse": 31,
        "juz": 29,
        "hizb": 230,
        "manzil": 7,
        "ruku": 510,
        "word_number_in_verse": 52,
        "language_code": "en",
        "text": "Him",
        "root_word": "هُوَۚ",
        "global_word_sequence_number": 74425,
        "global_verse_sequence_number": 5526
    },
    {
        "chapter": 74,
        "verse": 31,
        "juz": 29,
        "hizb": 230,
        "manzil": 7,
        "ruku": 510,
        "word_number_in_verse": 53,
        "language_code": "en",
        "text": "And not",
        "root_word": "وَمَا",
        "global_word_sequence_number": 74426,
        "global_verse_sequence_number": 5526
    },
    {
        "chapter": 74,
        "verse": 31,
        "juz": 29,
        "hizb": 230,
        "manzil": 7,
        "ruku": 510,
        "word_number_in_verse": 54,
        "language_code": "en",
        "text": "it",
        "root_word": "هِيَ",
        "global_word_sequence_number": 74427,
        "global_verse_sequence_number": 5526
    },
    {
        "chapter": 74,
        "verse": 31,
        "juz": 29,
        "hizb": 230,
        "manzil": 7,
        "ruku": 510,
        "word_number_in_verse": 55,
        "language_code": "en",
        "text": "(is) but",
        "root_word": "إِلَّا",
        "global_word_sequence_number": 74428,
        "global_verse_sequence_number": 5526
    },
    {
        "chapter": 74,
        "verse": 31,
        "juz": 29,
        "hizb": 230,
        "manzil": 7,
        "ruku": 510,
        "word_number_in_verse": 56,
        "language_code": "en",
        "text": "a reminder",
        "root_word": "ذِكۡرَىٰ",
        "global_word_sequence_number": 74429,
        "global_verse_sequence_number": 5526
    },
    {
        "chapter": 74,
        "verse": 31,
        "juz": 29,
        "hizb": 230,
        "manzil": 7,
        "ruku": 510,
        "word_number_in_verse": 57,
        "language_code": "en",
        "text": "to (the) human beings",
        "root_word": "لِلۡبَشَرِ",
        "global_word_sequence_number": 74430,
        "global_verse_sequence_number": 5526
    },
    {
        "chapter": 74,
        "verse": 32,
        "juz": 29,
        "hizb": 230,
        "manzil": 7,
        "ruku": 511,
        "word_number_in_verse": 1,
        "language_code": "en",
        "text": "Nay",
        "root_word": "كـَلَّا",
        "global_word_sequence_number": 74431,
        "global_verse_sequence_number": 5527
    },
    {
        "chapter": 74,
        "verse": 32,
        "juz": 29,
        "hizb": 230,
        "manzil": 7,
        "ruku": 511,
        "word_number_in_verse": 2,
        "language_code": "en",
        "text": "By the moon",
        "root_word": "وَالۡقَمَرِ",
        "global_word_sequence_number": 74432,
        "global_verse_sequence_number": 5527
    },
    {
        "chapter": 74,
        "verse": 33,
        "juz": 29,
        "hizb": 230,
        "manzil": 7,
        "ruku": 511,
        "word_number_in_verse": 1,
        "language_code": "en",
        "text": "And the night",
        "root_word": "وَالَّيۡلِ",
        "global_word_sequence_number": 74433,
        "global_verse_sequence_number": 5528
    },
    {
        "chapter": 74,
        "verse": 33,
        "juz": 29,
        "hizb": 230,
        "manzil": 7,
        "ruku": 511,
        "word_number_in_verse": 2,
        "language_code": "en",
        "text": "when",
        "root_word": "إِذۡ",
        "global_word_sequence_number": 74434,
        "global_verse_sequence_number": 5528
    },
    {
        "chapter": 74,
        "verse": 33,
        "juz": 29,
        "hizb": 230,
        "manzil": 7,
        "ruku": 511,
        "word_number_in_verse": 3,
        "language_code": "en",
        "text": "it departs",
        "root_word": "أَدۡبَرَ",
        "global_word_sequence_number": 74435,
        "global_verse_sequence_number": 5528
    },
    {
        "chapter": 74,
        "verse": 34,
        "juz": 29,
        "hizb": 230,
        "manzil": 7,
        "ruku": 511,
        "word_number_in_verse": 1,
        "language_code": "en",
        "text": "And the morning",
        "root_word": "وَالصُّبۡحِ",
        "global_word_sequence_number": 74436,
        "global_verse_sequence_number": 5529
    },
    {
        "chapter": 74,
        "verse": 34,
        "juz": 29,
        "hizb": 230,
        "manzil": 7,
        "ruku": 511,
        "word_number_in_verse": 2,
        "language_code": "en",
        "text": "when",
        "root_word": "إِذَآ",
        "global_word_sequence_number": 74437,
        "global_verse_sequence_number": 5529
    },
    {
        "chapter": 74,
        "verse": 34,
        "juz": 29,
        "hizb": 230,
        "manzil": 7,
        "ruku": 511,
        "word_number_in_verse": 3,
        "language_code": "en",
        "text": "it brightens",
        "root_word": "أَسۡفَرَ",
        "global_word_sequence_number": 74438,
        "global_verse_sequence_number": 5529
    },
    {
        "chapter": 74,
        "verse": 35,
        "juz": 29,
        "hizb": 230,
        "manzil": 7,
        "ruku": 511,
        "word_number_in_verse": 1,
        "language_code": "en",
        "text": "Indeed it",
        "root_word": "إِنَّهَا",
        "global_word_sequence_number": 74439,
        "global_verse_sequence_number": 5530
    },
    {
        "chapter": 74,
        "verse": 35,
        "juz": 29,
        "hizb": 230,
        "manzil": 7,
        "ruku": 511,
        "word_number_in_verse": 2,
        "language_code": "en",
        "text": "(is) surely one",
        "root_word": "لَإِحۡدَى",
        "global_word_sequence_number": 74440,
        "global_verse_sequence_number": 5530
    },
    {
        "chapter": 74,
        "verse": 35,
        "juz": 29,
        "hizb": 230,
        "manzil": 7,
        "ruku": 511,
        "word_number_in_verse": 3,
        "language_code": "en",
        "text": "(of) the greatest",
        "root_word": "الۡكُبَرِ",
        "global_word_sequence_number": 74441,
        "global_verse_sequence_number": 5530
    },
    {
        "chapter": 74,
        "verse": 36,
        "juz": 29,
        "hizb": 230,
        "manzil": 7,
        "ruku": 511,
        "word_number_in_verse": 1,
        "language_code": "en",
        "text": "A warning",
        "root_word": "نَذِيرٗا",
        "global_word_sequence_number": 74442,
        "global_verse_sequence_number": 5531
    },
    {
        "chapter": 74,
        "verse": 36,
        "juz": 29,
        "hizb": 230,
        "manzil": 7,
        "ruku": 511,
        "word_number_in_verse": 2,
        "language_code": "en",
        "text": "to (the) human being",
        "root_word": "لِّلۡبَشَرِ",
        "global_word_sequence_number": 74443,
        "global_verse_sequence_number": 5531
    },
    {
        "chapter": 74,
        "verse": 37,
        "juz": 29,
        "hizb": 230,
        "manzil": 7,
        "ruku": 511,
        "word_number_in_verse": 1,
        "language_code": "en",
        "text": "To whoever",
        "root_word": "لِمَن",
        "global_word_sequence_number": 74444,
        "global_verse_sequence_number": 5532
    },
    {
        "chapter": 74,
        "verse": 37,
        "juz": 29,
        "hizb": 230,
        "manzil": 7,
        "ruku": 511,
        "word_number_in_verse": 2,
        "language_code": "en",
        "text": "wills",
        "root_word": "شَآءَ",
        "global_word_sequence_number": 74445,
        "global_verse_sequence_number": 5532
    },
    {
        "chapter": 74,
        "verse": 37,
        "juz": 29,
        "hizb": 230,
        "manzil": 7,
        "ruku": 511,
        "word_number_in_verse": 3,
        "language_code": "en",
        "text": "among you",
        "root_word": "مِنكُمۡ",
        "global_word_sequence_number": 74446,
        "global_verse_sequence_number": 5532
    },
    {
        "chapter": 74,
        "verse": 37,
        "juz": 29,
        "hizb": 230,
        "manzil": 7,
        "ruku": 511,
        "word_number_in_verse": 4,
        "language_code": "en",
        "text": "to",
        "root_word": "أَن",
        "global_word_sequence_number": 74447,
        "global_verse_sequence_number": 5532
    },
    {
        "chapter": 74,
        "verse": 37,
        "juz": 29,
        "hizb": 230,
        "manzil": 7,
        "ruku": 511,
        "word_number_in_verse": 5,
        "language_code": "en",
        "text": "proceed",
        "root_word": "يَتَقَدَّمَ",
        "global_word_sequence_number": 74448,
        "global_verse_sequence_number": 5532
    },
    {
        "chapter": 74,
        "verse": 37,
        "juz": 29,
        "hizb": 230,
        "manzil": 7,
        "ruku": 511,
        "word_number_in_verse": 6,
        "language_code": "en",
        "text": "or",
        "root_word": "أَوۡ",
        "global_word_sequence_number": 74449,
        "global_verse_sequence_number": 5532
    },
    {
        "chapter": 74,
        "verse": 37,
        "juz": 29,
        "hizb": 230,
        "manzil": 7,
        "ruku": 511,
        "word_number_in_verse": 7,
        "language_code": "en",
        "text": "stay behind",
        "root_word": "يَتَأَخَّرَ",
        "global_word_sequence_number": 74450,
        "global_verse_sequence_number": 5532
    },
    {
        "chapter": 74,
        "verse": 38,
        "juz": 29,
        "hizb": 230,
        "manzil": 7,
        "ruku": 511,
        "word_number_in_verse": 1,
        "language_code": "en",
        "text": "Every",
        "root_word": "كُلُّ",
        "global_word_sequence_number": 74451,
        "global_verse_sequence_number": 5533
    },
    {
        "chapter": 74,
        "verse": 38,
        "juz": 29,
        "hizb": 230,
        "manzil": 7,
        "ruku": 511,
        "word_number_in_verse": 2,
        "language_code": "en",
        "text": "soul",
        "root_word": "نَفۡسِۭ",
        "global_word_sequence_number": 74452,
        "global_verse_sequence_number": 5533
    },
    {
        "chapter": 74,
        "verse": 38,
        "juz": 29,
        "hizb": 230,
        "manzil": 7,
        "ruku": 511,
        "word_number_in_verse": 3,
        "language_code": "en",
        "text": "for what",
        "root_word": "بِمَا",
        "global_word_sequence_number": 74453,
        "global_verse_sequence_number": 5533
    },
    {
        "chapter": 74,
        "verse": 38,
        "juz": 29,
        "hizb": 230,
        "manzil": 7,
        "ruku": 511,
        "word_number_in_verse": 4,
        "language_code": "en",
        "text": "it has earned",
        "root_word": "كَسَبَتۡ",
        "global_word_sequence_number": 74454,
        "global_verse_sequence_number": 5533
    },
    {
        "chapter": 74,
        "verse": 38,
        "juz": 29,
        "hizb": 230,
        "manzil": 7,
        "ruku": 511,
        "word_number_in_verse": 5,
        "language_code": "en",
        "text": "(is) pledged",
        "root_word": "رَهِينَةٌ",
        "global_word_sequence_number": 74455,
        "global_verse_sequence_number": 5533
    },
    {
        "chapter": 74,
        "verse": 39,
        "juz": 29,
        "hizb": 230,
        "manzil": 7,
        "ruku": 511,
        "word_number_in_verse": 1,
        "language_code": "en",
        "text": "Except",
        "root_word": "إِلَّآ",
        "global_word_sequence_number": 74456,
        "global_verse_sequence_number": 5534
    },
    {
        "chapter": 74,
        "verse": 39,
        "juz": 29,
        "hizb": 230,
        "manzil": 7,
        "ruku": 511,
        "word_number_in_verse": 2,
        "language_code": "en",
        "text": "(the) companions",
        "root_word": "أَصۡحَٰبَ",
        "global_word_sequence_number": 74457,
        "global_verse_sequence_number": 5534
    },
    {
        "chapter": 74,
        "verse": 39,
        "juz": 29,
        "hizb": 230,
        "manzil": 7,
        "ruku": 511,
        "word_number_in_verse": 3,
        "language_code": "en",
        "text": "(of) the right",
        "root_word": "الۡيَمِينِ",
        "global_word_sequence_number": 74458,
        "global_verse_sequence_number": 5534
    },
    {
        "chapter": 74,
        "verse": 40,
        "juz": 29,
        "hizb": 230,
        "manzil": 7,
        "ruku": 511,
        "word_number_in_verse": 1,
        "language_code": "en",
        "text": "In",
        "root_word": "فِي",
        "global_word_sequence_number": 74459,
        "global_verse_sequence_number": 5535
    },
    {
        "chapter": 74,
        "verse": 40,
        "juz": 29,
        "hizb": 230,
        "manzil": 7,
        "ruku": 511,
        "word_number_in_verse": 2,
        "language_code": "en",
        "text": "Gardens",
        "root_word": "جَنَّٰتٖ",
        "global_word_sequence_number": 74460,
        "global_verse_sequence_number": 5535
    },
    {
        "chapter": 74,
        "verse": 40,
        "juz": 29,
        "hizb": 230,
        "manzil": 7,
        "ruku": 511,
        "word_number_in_verse": 3,
        "language_code": "en",
        "text": "asking each other",
        "root_word": "يَتَسَآءَلُونَ",
        "global_word_sequence_number": 74461,
        "global_verse_sequence_number": 5535
    },
    {
        "chapter": 74,
        "verse": 41,
        "juz": 29,
        "hizb": 230,
        "manzil": 7,
        "ruku": 511,
        "word_number_in_verse": 1,
        "language_code": "en",
        "text": "About",
        "root_word": "عَنِ",
        "global_word_sequence_number": 74462,
        "global_verse_sequence_number": 5536
    },
    {
        "chapter": 74,
        "verse": 41,
        "juz": 29,
        "hizb": 230,
        "manzil": 7,
        "ruku": 511,
        "word_number_in_verse": 2,
        "language_code": "en",
        "text": "the criminals",
        "root_word": "الۡمُجۡرِمِينَ",
        "global_word_sequence_number": 74463,
        "global_verse_sequence_number": 5536
    },
    {
        "chapter": 74,
        "verse": 42,
        "juz": 29,
        "hizb": 230,
        "manzil": 7,
        "ruku": 511,
        "word_number_in_verse": 1,
        "language_code": "en",
        "text": "What",
        "root_word": "مَا",
        "global_word_sequence_number": 74464,
        "global_verse_sequence_number": 5537
    },
    {
        "chapter": 74,
        "verse": 42,
        "juz": 29,
        "hizb": 230,
        "manzil": 7,
        "ruku": 511,
        "word_number_in_verse": 2,
        "language_code": "en",
        "text": "led you",
        "root_word": "سَلَكَكُمۡ",
        "global_word_sequence_number": 74465,
        "global_verse_sequence_number": 5537
    },
    {
        "chapter": 74,
        "verse": 42,
        "juz": 29,
        "hizb": 230,
        "manzil": 7,
        "ruku": 511,
        "word_number_in_verse": 3,
        "language_code": "en",
        "text": "into",
        "root_word": "فِي",
        "global_word_sequence_number": 74466,
        "global_verse_sequence_number": 5537
    },
    {
        "chapter": 74,
        "verse": 42,
        "juz": 29,
        "hizb": 230,
        "manzil": 7,
        "ruku": 511,
        "word_number_in_verse": 4,
        "language_code": "en",
        "text": "Hell",
        "root_word": "سَقَرَ",
        "global_word_sequence_number": 74467,
        "global_verse_sequence_number": 5537
    },
    {
        "chapter": 74,
        "verse": 43,
        "juz": 29,
        "hizb": 230,
        "manzil": 7,
        "ruku": 511,
        "word_number_in_verse": 1,
        "language_code": "en",
        "text": "They will say",
        "root_word": "قَالُواْ",
        "global_word_sequence_number": 74468,
        "global_verse_sequence_number": 5538
    },
    {
        "chapter": 74,
        "verse": 43,
        "juz": 29,
        "hizb": 230,
        "manzil": 7,
        "ruku": 511,
        "word_number_in_verse": 2,
        "language_code": "en",
        "text": "Not",
        "root_word": "لَمۡ",
        "global_word_sequence_number": 74469,
        "global_verse_sequence_number": 5538
    },
    {
        "chapter": 74,
        "verse": 43,
        "juz": 29,
        "hizb": 230,
        "manzil": 7,
        "ruku": 511,
        "word_number_in_verse": 3,
        "language_code": "en",
        "text": "we were",
        "root_word": "نَكُ",
        "global_word_sequence_number": 74470,
        "global_verse_sequence_number": 5538
    },
    {
        "chapter": 74,
        "verse": 43,
        "juz": 29,
        "hizb": 230,
        "manzil": 7,
        "ruku": 511,
        "word_number_in_verse": 4,
        "language_code": "en",
        "text": "of",
        "root_word": "مِنَ",
        "global_word_sequence_number": 74471,
        "global_verse_sequence_number": 5538
    },
    {
        "chapter": 74,
        "verse": 43,
        "juz": 29,
        "hizb": 230,
        "manzil": 7,
        "ruku": 511,
        "word_number_in_verse": 5,
        "language_code": "en",
        "text": "those who prayed",
        "root_word": "الۡمُصَلِّينَ",
        "global_word_sequence_number": 74472,
        "global_verse_sequence_number": 5538
    },
    {
        "chapter": 74,
        "verse": 44,
        "juz": 29,
        "hizb": 230,
        "manzil": 7,
        "ruku": 511,
        "word_number_in_verse": 1,
        "language_code": "en",
        "text": "And not",
        "root_word": "وَلَمۡ",
        "global_word_sequence_number": 74473,
        "global_verse_sequence_number": 5539
    },
    {
        "chapter": 74,
        "verse": 44,
        "juz": 29,
        "hizb": 230,
        "manzil": 7,
        "ruku": 511,
        "word_number_in_verse": 2,
        "language_code": "en",
        "text": "we used to",
        "root_word": "نَكُ",
        "global_word_sequence_number": 74474,
        "global_verse_sequence_number": 5539
    },
    {
        "chapter": 74,
        "verse": 44,
        "juz": 29,
        "hizb": 230,
        "manzil": 7,
        "ruku": 511,
        "word_number_in_verse": 3,
        "language_code": "en",
        "text": "feed",
        "root_word": "نُطۡعِمُ",
        "global_word_sequence_number": 74475,
        "global_verse_sequence_number": 5539
    },
    {
        "chapter": 74,
        "verse": 44,
        "juz": 29,
        "hizb": 230,
        "manzil": 7,
        "ruku": 511,
        "word_number_in_verse": 4,
        "language_code": "en",
        "text": "the poor",
        "root_word": "الۡمِسۡكِينَ",
        "global_word_sequence_number": 74476,
        "global_verse_sequence_number": 5539
    },
    {
        "chapter": 74,
        "verse": 45,
        "juz": 29,
        "hizb": 230,
        "manzil": 7,
        "ruku": 511,
        "word_number_in_verse": 1,
        "language_code": "en",
        "text": "And we used to",
        "root_word": "وَكُنَّا",
        "global_word_sequence_number": 74477,
        "global_verse_sequence_number": 5540
    },
    {
        "chapter": 74,
        "verse": 45,
        "juz": 29,
        "hizb": 230,
        "manzil": 7,
        "ruku": 511,
        "word_number_in_verse": 2,
        "language_code": "en",
        "text": "indulge in vain talk",
        "root_word": "نَخُوضُ",
        "global_word_sequence_number": 74478,
        "global_verse_sequence_number": 5540
    },
    {
        "chapter": 74,
        "verse": 45,
        "juz": 29,
        "hizb": 230,
        "manzil": 7,
        "ruku": 511,
        "word_number_in_verse": 3,
        "language_code": "en",
        "text": "with",
        "root_word": "مَعَ",
        "global_word_sequence_number": 74479,
        "global_verse_sequence_number": 5540
    },
    {
        "chapter": 74,
        "verse": 45,
        "juz": 29,
        "hizb": 230,
        "manzil": 7,
        "ruku": 511,
        "word_number_in_verse": 4,
        "language_code": "en",
        "text": "the vain talkers",
        "root_word": "الۡخَآئِضِينَ",
        "global_word_sequence_number": 74480,
        "global_verse_sequence_number": 5540
    },
    {
        "chapter": 74,
        "verse": 46,
        "juz": 29,
        "hizb": 230,
        "manzil": 7,
        "ruku": 511,
        "word_number_in_verse": 1,
        "language_code": "en",
        "text": "And we used to",
        "root_word": "وَكُنَّا",
        "global_word_sequence_number": 74481,
        "global_verse_sequence_number": 5541
    },
    {
        "chapter": 74,
        "verse": 46,
        "juz": 29,
        "hizb": 230,
        "manzil": 7,
        "ruku": 511,
        "word_number_in_verse": 2,
        "language_code": "en",
        "text": "deny",
        "root_word": "نُكَذِّبُ",
        "global_word_sequence_number": 74482,
        "global_verse_sequence_number": 5541
    },
    {
        "chapter": 74,
        "verse": 46,
        "juz": 29,
        "hizb": 230,
        "manzil": 7,
        "ruku": 511,
        "word_number_in_verse": 3,
        "language_code": "en",
        "text": "(the) Day",
        "root_word": "بِيَوۡمِ",
        "global_word_sequence_number": 74483,
        "global_verse_sequence_number": 5541
    },
    {
        "chapter": 74,
        "verse": 46,
        "juz": 29,
        "hizb": 230,
        "manzil": 7,
        "ruku": 511,
        "word_number_in_verse": 4,
        "language_code": "en",
        "text": "(of) the Judgment",
        "root_word": "الدِّينِ",
        "global_word_sequence_number": 74484,
        "global_verse_sequence_number": 5541
    },
    {
        "chapter": 74,
        "verse": 47,
        "juz": 29,
        "hizb": 230,
        "manzil": 7,
        "ruku": 511,
        "word_number_in_verse": 1,
        "language_code": "en",
        "text": "Until",
        "root_word": "حَتَّىٰٓ",
        "global_word_sequence_number": 74485,
        "global_verse_sequence_number": 5542
    },
    {
        "chapter": 74,
        "verse": 47,
        "juz": 29,
        "hizb": 230,
        "manzil": 7,
        "ruku": 511,
        "word_number_in_verse": 2,
        "language_code": "en",
        "text": "came to us",
        "root_word": "أَتَىٰنَا",
        "global_word_sequence_number": 74486,
        "global_verse_sequence_number": 5542
    },
    {
        "chapter": 74,
        "verse": 47,
        "juz": 29,
        "hizb": 230,
        "manzil": 7,
        "ruku": 511,
        "word_number_in_verse": 3,
        "language_code": "en",
        "text": "the certainty",
        "root_word": "الۡيَقِينُ",
        "global_word_sequence_number": 74487,
        "global_verse_sequence_number": 5542
    },
    {
        "chapter": 74,
        "verse": 48,
        "juz": 29,
        "hizb": 230,
        "manzil": 7,
        "ruku": 511,
        "word_number_in_verse": 1,
        "language_code": "en",
        "text": "Then not",
        "root_word": "فَمَا",
        "global_word_sequence_number": 74488,
        "global_verse_sequence_number": 5543
    },
    {
        "chapter": 74,
        "verse": 48,
        "juz": 29,
        "hizb": 230,
        "manzil": 7,
        "ruku": 511,
        "word_number_in_verse": 2,
        "language_code": "en",
        "text": "will benefit them",
        "root_word": "تَنفَعُهُمۡ",
        "global_word_sequence_number": 74489,
        "global_verse_sequence_number": 5543
    },
    {
        "chapter": 74,
        "verse": 48,
        "juz": 29,
        "hizb": 230,
        "manzil": 7,
        "ruku": 511,
        "word_number_in_verse": 3,
        "language_code": "en",
        "text": "intercession",
        "root_word": "شَفَٰعَةُ",
        "global_word_sequence_number": 74490,
        "global_verse_sequence_number": 5543
    },
    {
        "chapter": 74,
        "verse": 48,
        "juz": 29,
        "hizb": 230,
        "manzil": 7,
        "ruku": 511,
        "word_number_in_verse": 4,
        "language_code": "en",
        "text": "(of) the intercessors",
        "root_word": "الشَّٰفِعِينَ",
        "global_word_sequence_number": 74491,
        "global_verse_sequence_number": 5543
    },
    {
        "chapter": 74,
        "verse": 49,
        "juz": 29,
        "hizb": 230,
        "manzil": 7,
        "ruku": 511,
        "word_number_in_verse": 1,
        "language_code": "en",
        "text": "Then what",
        "root_word": "فَمَا",
        "global_word_sequence_number": 74492,
        "global_verse_sequence_number": 5544
    },
    {
        "chapter": 74,
        "verse": 49,
        "juz": 29,
        "hizb": 230,
        "manzil": 7,
        "ruku": 511,
        "word_number_in_verse": 2,
        "language_code": "en",
        "text": "(is) for them",
        "root_word": "لَهُمۡ",
        "global_word_sequence_number": 74493,
        "global_verse_sequence_number": 5544
    },
    {
        "chapter": 74,
        "verse": 49,
        "juz": 29,
        "hizb": 230,
        "manzil": 7,
        "ruku": 511,
        "word_number_in_verse": 3,
        "language_code": "en",
        "text": "(that) from",
        "root_word": "عَنِ",
        "global_word_sequence_number": 74494,
        "global_verse_sequence_number": 5544
    },
    {
        "chapter": 74,
        "verse": 49,
        "juz": 29,
        "hizb": 230,
        "manzil": 7,
        "ruku": 511,
        "word_number_in_verse": 4,
        "language_code": "en",
        "text": "the Reminder",
        "root_word": "التَّذۡكِرَةِ",
        "global_word_sequence_number": 74495,
        "global_verse_sequence_number": 5544
    },
    {
        "chapter": 74,
        "verse": 49,
        "juz": 29,
        "hizb": 230,
        "manzil": 7,
        "ruku": 511,
        "word_number_in_verse": 5,
        "language_code": "en",
        "text": "they (are) turning away",
        "root_word": "مُعۡرِضِينَ",
        "global_word_sequence_number": 74496,
        "global_verse_sequence_number": 5544
    },
    {
        "chapter": 74,
        "verse": 50,
        "juz": 29,
        "hizb": 230,
        "manzil": 7,
        "ruku": 511,
        "word_number_in_verse": 1,
        "language_code": "en",
        "text": "As if they (were)",
        "root_word": "كَأَنَّهُمۡ",
        "global_word_sequence_number": 74497,
        "global_verse_sequence_number": 5545
    },
    {
        "chapter": 74,
        "verse": 50,
        "juz": 29,
        "hizb": 230,
        "manzil": 7,
        "ruku": 511,
        "word_number_in_verse": 2,
        "language_code": "en",
        "text": "donkeys",
        "root_word": "حُمُرٞ",
        "global_word_sequence_number": 74498,
        "global_verse_sequence_number": 5545
    },
    {
        "chapter": 74,
        "verse": 50,
        "juz": 29,
        "hizb": 230,
        "manzil": 7,
        "ruku": 511,
        "word_number_in_verse": 3,
        "language_code": "en",
        "text": "frightened",
        "root_word": "مُّسۡتَنفِرَةٞ",
        "global_word_sequence_number": 74499,
        "global_verse_sequence_number": 5545
    },
    {
        "chapter": 74,
        "verse": 51,
        "juz": 29,
        "hizb": 230,
        "manzil": 7,
        "ruku": 511,
        "word_number_in_verse": 1,
        "language_code": "en",
        "text": "Fleeing",
        "root_word": "فَرَّتۡ",
        "global_word_sequence_number": 74500,
        "global_verse_sequence_number": 5546
    },
    {
        "chapter": 74,
        "verse": 51,
        "juz": 29,
        "hizb": 230,
        "manzil": 7,
        "ruku": 511,
        "word_number_in_verse": 2,
        "language_code": "en",
        "text": "from",
        "root_word": "مِن",
        "global_word_sequence_number": 74501,
        "global_verse_sequence_number": 5546
    },
    {
        "chapter": 74,
        "verse": 51,
        "juz": 29,
        "hizb": 230,
        "manzil": 7,
        "ruku": 511,
        "word_number_in_verse": 3,
        "language_code": "en",
        "text": "a lion",
        "root_word": "قَسۡوَرَةِۭ",
        "global_word_sequence_number": 74502,
        "global_verse_sequence_number": 5546
    },
    {
        "chapter": 74,
        "verse": 52,
        "juz": 29,
        "hizb": 230,
        "manzil": 7,
        "ruku": 511,
        "word_number_in_verse": 1,
        "language_code": "en",
        "text": "Nay",
        "root_word": "بَلۡ",
        "global_word_sequence_number": 74503,
        "global_verse_sequence_number": 5547
    },
    {
        "chapter": 74,
        "verse": 52,
        "juz": 29,
        "hizb": 230,
        "manzil": 7,
        "ruku": 511,
        "word_number_in_verse": 2,
        "language_code": "en",
        "text": "Desires",
        "root_word": "يُرِيدُ",
        "global_word_sequence_number": 74504,
        "global_verse_sequence_number": 5547
    },
    {
        "chapter": 74,
        "verse": 52,
        "juz": 29,
        "hizb": 230,
        "manzil": 7,
        "ruku": 511,
        "word_number_in_verse": 3,
        "language_code": "en",
        "text": "every",
        "root_word": "كُلُّ",
        "global_word_sequence_number": 74505,
        "global_verse_sequence_number": 5547
    },
    {
        "chapter": 74,
        "verse": 52,
        "juz": 29,
        "hizb": 230,
        "manzil": 7,
        "ruku": 511,
        "word_number_in_verse": 4,
        "language_code": "en",
        "text": "person",
        "root_word": "امۡرِيٕٖ",
        "global_word_sequence_number": 74506,
        "global_verse_sequence_number": 5547
    },
    {
        "chapter": 74,
        "verse": 52,
        "juz": 29,
        "hizb": 230,
        "manzil": 7,
        "ruku": 511,
        "word_number_in_verse": 5,
        "language_code": "en",
        "text": "of them",
        "root_word": "مِّنۡهُمۡ",
        "global_word_sequence_number": 74507,
        "global_verse_sequence_number": 5547
    },
    {
        "chapter": 74,
        "verse": 52,
        "juz": 29,
        "hizb": 230,
        "manzil": 7,
        "ruku": 511,
        "word_number_in_verse": 6,
        "language_code": "en",
        "text": "that",
        "root_word": "أَن",
        "global_word_sequence_number": 74508,
        "global_verse_sequence_number": 5547
    },
    {
        "chapter": 74,
        "verse": 52,
        "juz": 29,
        "hizb": 230,
        "manzil": 7,
        "ruku": 511,
        "word_number_in_verse": 7,
        "language_code": "en",
        "text": "he may be given",
        "root_word": "يُؤۡتَىٰ",
        "global_word_sequence_number": 74509,
        "global_verse_sequence_number": 5547
    },
    {
        "chapter": 74,
        "verse": 52,
        "juz": 29,
        "hizb": 230,
        "manzil": 7,
        "ruku": 511,
        "word_number_in_verse": 8,
        "language_code": "en",
        "text": "pages",
        "root_word": "صُحُفٗا",
        "global_word_sequence_number": 74510,
        "global_verse_sequence_number": 5547
    },
    {
        "chapter": 74,
        "verse": 52,
        "juz": 29,
        "hizb": 230,
        "manzil": 7,
        "ruku": 511,
        "word_number_in_verse": 9,
        "language_code": "en",
        "text": "spread out",
        "root_word": "مُّنَشَّرَةٗ",
        "global_word_sequence_number": 74511,
        "global_verse_sequence_number": 5547
    },
    {
        "chapter": 74,
        "verse": 53,
        "juz": 29,
        "hizb": 230,
        "manzil": 7,
        "ruku": 511,
        "word_number_in_verse": 1,
        "language_code": "en",
        "text": "Nay",
        "root_word": "كـَلَّاۖ",
        "global_word_sequence_number": 74512,
        "global_verse_sequence_number": 5548
    },
    {
        "chapter": 74,
        "verse": 53,
        "juz": 29,
        "hizb": 230,
        "manzil": 7,
        "ruku": 511,
        "word_number_in_verse": 2,
        "language_code": "en",
        "text": "But",
        "root_word": "بَل",
        "global_word_sequence_number": 74513,
        "global_verse_sequence_number": 5548
    },
    {
        "chapter": 74,
        "verse": 53,
        "juz": 29,
        "hizb": 230,
        "manzil": 7,
        "ruku": 511,
        "word_number_in_verse": 3,
        "language_code": "en",
        "text": "not",
        "root_word": "لَّا",
        "global_word_sequence_number": 74514,
        "global_verse_sequence_number": 5548
    },
    {
        "chapter": 74,
        "verse": 53,
        "juz": 29,
        "hizb": 230,
        "manzil": 7,
        "ruku": 511,
        "word_number_in_verse": 4,
        "language_code": "en",
        "text": "they fear",
        "root_word": "يَخَافُونَ",
        "global_word_sequence_number": 74515,
        "global_verse_sequence_number": 5548
    },
    {
        "chapter": 74,
        "verse": 53,
        "juz": 29,
        "hizb": 230,
        "manzil": 7,
        "ruku": 511,
        "word_number_in_verse": 5,
        "language_code": "en",
        "text": "the Hereafter",
        "root_word": "الۡأٓخِرَةَ",
        "global_word_sequence_number": 74516,
        "global_verse_sequence_number": 5548
    },
    {
        "chapter": 74,
        "verse": 54,
        "juz": 29,
        "hizb": 230,
        "manzil": 7,
        "ruku": 511,
        "word_number_in_verse": 1,
        "language_code": "en",
        "text": "Nay",
        "root_word": "كـَلَّآ",
        "global_word_sequence_number": 74517,
        "global_verse_sequence_number": 5549
    },
    {
        "chapter": 74,
        "verse": 54,
        "juz": 29,
        "hizb": 230,
        "manzil": 7,
        "ruku": 511,
        "word_number_in_verse": 2,
        "language_code": "en",
        "text": "Indeed it",
        "root_word": "إِنَّهُۥ",
        "global_word_sequence_number": 74518,
        "global_verse_sequence_number": 5549
    },
    {
        "chapter": 74,
        "verse": 54,
        "juz": 29,
        "hizb": 230,
        "manzil": 7,
        "ruku": 511,
        "word_number_in_verse": 3,
        "language_code": "en",
        "text": "(is) a Reminder",
        "root_word": "تَذۡكِرَةٞ",
        "global_word_sequence_number": 74519,
        "global_verse_sequence_number": 5549
    },
    {
        "chapter": 74,
        "verse": 55,
        "juz": 29,
        "hizb": 230,
        "manzil": 7,
        "ruku": 511,
        "word_number_in_verse": 1,
        "language_code": "en",
        "text": "So whoever",
        "root_word": "فَمَن",
        "global_word_sequence_number": 74520,
        "global_verse_sequence_number": 5550
    },
    {
        "chapter": 74,
        "verse": 55,
        "juz": 29,
        "hizb": 230,
        "manzil": 7,
        "ruku": 511,
        "word_number_in_verse": 2,
        "language_code": "en",
        "text": "wills",
        "root_word": "شَآءَ",
        "global_word_sequence_number": 74521,
        "global_verse_sequence_number": 5550
    },
    {
        "chapter": 74,
        "verse": 55,
        "juz": 29,
        "hizb": 230,
        "manzil": 7,
        "ruku": 511,
        "word_number_in_verse": 3,
        "language_code": "en",
        "text": "(may) pay heed to it",
        "root_word": "ذَكَرَهُۥ",
        "global_word_sequence_number": 74522,
        "global_verse_sequence_number": 5550
    },
    {
        "chapter": 74,
        "verse": 56,
        "juz": 29,
        "hizb": 230,
        "manzil": 7,
        "ruku": 511,
        "word_number_in_verse": 1,
        "language_code": "en",
        "text": "And not",
        "root_word": "وَمَا",
        "global_word_sequence_number": 74523,
        "global_verse_sequence_number": 5551
    },
    {
        "chapter": 74,
        "verse": 56,
        "juz": 29,
        "hizb": 230,
        "manzil": 7,
        "ruku": 511,
        "word_number_in_verse": 2,
        "language_code": "en",
        "text": "will pay heed",
        "root_word": "يَذۡكُرُونَ",
        "global_word_sequence_number": 74524,
        "global_verse_sequence_number": 5551
    },
    {
        "chapter": 74,
        "verse": 56,
        "juz": 29,
        "hizb": 230,
        "manzil": 7,
        "ruku": 511,
        "word_number_in_verse": 3,
        "language_code": "en",
        "text": "except",
        "root_word": "إِلَّآ",
        "global_word_sequence_number": 74525,
        "global_verse_sequence_number": 5551
    },
    {
        "chapter": 74,
        "verse": 56,
        "juz": 29,
        "hizb": 230,
        "manzil": 7,
        "ruku": 511,
        "word_number_in_verse": 4,
        "language_code": "en",
        "text": "that",
        "root_word": "أَن",
        "global_word_sequence_number": 74526,
        "global_verse_sequence_number": 5551
    },
    {
        "chapter": 74,
        "verse": 56,
        "juz": 29,
        "hizb": 230,
        "manzil": 7,
        "ruku": 511,
        "word_number_in_verse": 5,
        "language_code": "en",
        "text": "wills",
        "root_word": "يَشَآءَ",
        "global_word_sequence_number": 74527,
        "global_verse_sequence_number": 5551
    },
    {
        "chapter": 74,
        "verse": 56,
        "juz": 29,
        "hizb": 230,
        "manzil": 7,
        "ruku": 511,
        "word_number_in_verse": 6,
        "language_code": "en",
        "text": "Allah",
        "root_word": "اللَّهُۚ",
        "global_word_sequence_number": 74528,
        "global_verse_sequence_number": 5551
    },
    {
        "chapter": 74,
        "verse": 56,
        "juz": 29,
        "hizb": 230,
        "manzil": 7,
        "ruku": 511,
        "word_number_in_verse": 7,
        "language_code": "en",
        "text": "He",
        "root_word": "هُوَ",
        "global_word_sequence_number": 74529,
        "global_verse_sequence_number": 5551
    },
    {
        "chapter": 74,
        "verse": 56,
        "juz": 29,
        "hizb": 230,
        "manzil": 7,
        "ruku": 511,
        "word_number_in_verse": 8,
        "language_code": "en",
        "text": "(is) worthy",
        "root_word": "أَهۡلُ",
        "global_word_sequence_number": 74530,
        "global_verse_sequence_number": 5551
    },
    {
        "chapter": 74,
        "verse": 56,
        "juz": 29,
        "hizb": 230,
        "manzil": 7,
        "ruku": 511,
        "word_number_in_verse": 9,
        "language_code": "en",
        "text": "to be feared",
        "root_word": "التَّقۡوَىٰ",
        "global_word_sequence_number": 74531,
        "global_verse_sequence_number": 5551
    },
    {
        "chapter": 74,
        "verse": 56,
        "juz": 29,
        "hizb": 230,
        "manzil": 7,
        "ruku": 511,
        "word_number_in_verse": 10,
        "language_code": "en",
        "text": "and worthy",
        "root_word": "وَأَهۡلُ",
        "global_word_sequence_number": 74532,
        "global_verse_sequence_number": 5551
    },
    {
        "chapter": 74,
        "verse": 56,
        "juz": 29,
        "hizb": 230,
        "manzil": 7,
        "ruku": 511,
        "word_number_in_verse": 11,
        "language_code": "en",
        "text": "to forgive",
        "root_word": "الۡمَغۡفِرَةِ",
        "global_word_sequence_number": 74533,
        "global_verse_sequence_number": 5551
    }
]