[
    {
        "chapter": 75,
        "verse": 1,
        "juz": 29,
        "hizb": 231,
        "manzil": 7,
        "ruku": 512,
        "word_number_in_verse": 1,
        "language_code": "en",
        "text": "Nay",
        "root_word": "لَآ",
        "global_word_sequence_number": 74534,
        "global_verse_sequence_number": 5552
    },
    {
        "chapter": 75,
        "verse": 1,
        "juz": 29,
        "hizb": 231,
        "manzil": 7,
        "ruku": 512,
        "word_number_in_verse": 2,
        "language_code": "en",
        "text": "I swear",
        "root_word": "أُقۡسِمُ",
        "global_word_sequence_number": 74535,
        "global_verse_sequence_number": 5552
    },
    {
        "chapter": 75,
        "verse": 1,
        "juz": 29,
        "hizb": 231,
        "manzil": 7,
        "ruku": 512,
        "word_number_in_verse": 3,
        "language_code": "en",
        "text": "by (the) Day",
        "root_word": "بِيَوۡمِ",
        "global_word_sequence_number": 74536,
        "global_verse_sequence_number": 5552
    },
    {
        "chapter": 75,
        "verse": 1,
        "juz": 29,
        "hizb": 231,
        "manzil": 7,
        "ruku": 512,
        "word_number_in_verse": 4,
        "language_code": "en",
        "text": "(of) the Resurrection",
        "root_word": "الۡقِيَٰمَةِ",
        "global_word_sequence_number": 74537,
        "global_verse_sequence_number": 5552
    },
    {
        "chapter": 75,
        "verse": 2,
        "juz": 29,
        "hizb": 231,
        "manzil": 7,
        "ruku": 512,
        "word_number_in_verse": 1,
        "language_code": "en",
        "text": "And nay",
        "root_word": "وَلَآ",
        "global_word_sequence_number": 74538,
        "global_verse_sequence_number": 5553
    },
    {
        "chapter": 75,
        "verse": 2,
        "juz": 29,
        "hizb": 231,
        "manzil": 7,
        "ruku": 512,
        "word_number_in_verse": 2,
        "language_code": "en",
        "text": "I swear",
        "root_word": "أُقۡسِمُ",
        "global_word_sequence_number": 74539,
        "global_verse_sequence_number": 5553
    },
    {
        "chapter": 75,
        "verse": 2,
        "juz": 29,
        "hizb": 231,
        "manzil": 7,
        "ruku": 512,
        "word_number_in_verse": 3,
        "language_code": "en",
        "text": "by the soul",
        "root_word": "بِالنَّفۡسِ",
        "global_word_sequence_number": 74540,
        "global_verse_sequence_number": 5553
    },
    {
        "chapter": 75,
        "verse": 2,
        "juz": 29,
        "hizb": 231,
        "manzil": 7,
        "ruku": 512,
        "word_number_in_verse": 4,
        "language_code": "en",
        "text": "self-accusing",
        "root_word": "اللَّوَّامَةِ",
        "global_word_sequence_number": 74541,
        "global_verse_sequence_number": 5553
    },
    {
        "chapter": 75,
        "verse": 3,
        "juz": 29,
        "hizb": 231,
        "manzil": 7,
        "ruku": 512,
        "word_number_in_verse": 1,
        "language_code": "en",
        "text": "Does think",
        "root_word": "أَيَحۡسَبُ",
        "global_word_sequence_number": 74542,
        "global_verse_sequence_number": 5554
    },
    {
        "chapter": 75,
        "verse": 3,
        "juz": 29,
        "hizb": 231,
        "manzil": 7,
        "ruku": 512,
        "word_number_in_verse": 2,
        "language_code": "en",
        "text": "[the] man",
        "root_word": "الۡإِنسَٰنُ",
        "global_word_sequence_number": 74543,
        "global_verse_sequence_number": 5554
    },
    {
        "chapter": 75,
        "verse": 3,
        "juz": 29,
        "hizb": 231,
        "manzil": 7,
        "ruku": 512,
        "word_number_in_verse": 3,
        "language_code": "en",
        "text": "that not",
        "root_word": "أَلَّن",
        "global_word_sequence_number": 74544,
        "global_verse_sequence_number": 5554
    },
    {
        "chapter": 75,
        "verse": 3,
        "juz": 29,
        "hizb": 231,
        "manzil": 7,
        "ruku": 512,
        "word_number_in_verse": 4,
        "language_code": "en",
        "text": "We will assemble",
        "root_word": "نَّجۡمَعَ",
        "global_word_sequence_number": 74545,
        "global_verse_sequence_number": 5554
    },
    {
        "chapter": 75,
        "verse": 3,
        "juz": 29,
        "hizb": 231,
        "manzil": 7,
        "ruku": 512,
        "word_number_in_verse": 5,
        "language_code": "en",
        "text": "his bones",
        "root_word": "عِظَامَهُۥ",
        "global_word_sequence_number": 74546,
        "global_verse_sequence_number": 5554
    },
    {
        "chapter": 75,
        "verse": 4,
        "juz": 29,
        "hizb": 231,
        "manzil": 7,
        "ruku": 512,
        "word_number_in_verse": 1,
        "language_code": "en",
        "text": "Nay",
        "root_word": "بَلَىٰ",
        "global_word_sequence_number": 74547,
        "global_verse_sequence_number": 5555
    },
    {
        "chapter": 75,
        "verse": 4,
        "juz": 29,
        "hizb": 231,
        "manzil": 7,
        "ruku": 512,
        "word_number_in_verse": 2,
        "language_code": "en",
        "text": "(We are) Able",
        "root_word": "قَٰدِرِينَ",
        "global_word_sequence_number": 74548,
        "global_verse_sequence_number": 5555
    },
    {
        "chapter": 75,
        "verse": 4,
        "juz": 29,
        "hizb": 231,
        "manzil": 7,
        "ruku": 512,
        "word_number_in_verse": 3,
        "language_code": "en",
        "text": "on",
        "root_word": "عَلَىٰٓ",
        "global_word_sequence_number": 74549,
        "global_verse_sequence_number": 5555
    },
    {
        "chapter": 75,
        "verse": 4,
        "juz": 29,
        "hizb": 231,
        "manzil": 7,
        "ruku": 512,
        "word_number_in_verse": 4,
        "language_code": "en",
        "text": "that",
        "root_word": "أَن",
        "global_word_sequence_number": 74550,
        "global_verse_sequence_number": 5555
    },
    {
        "chapter": 75,
        "verse": 4,
        "juz": 29,
        "hizb": 231,
        "manzil": 7,
        "ruku": 512,
        "word_number_in_verse": 5,
        "language_code": "en",
        "text": "We can restore",
        "root_word": "نُّسَوِّيَ",
        "global_word_sequence_number": 74551,
        "global_verse_sequence_number": 5555
    },
    {
        "chapter": 75,
        "verse": 4,
        "juz": 29,
        "hizb": 231,
        "manzil": 7,
        "ruku": 512,
        "word_number_in_verse": 6,
        "language_code": "en",
        "text": "his fingertips",
        "root_word": "بَنَانَهُۥ",
        "global_word_sequence_number": 74552,
        "global_verse_sequence_number": 5555
    },
    {
        "chapter": 75,
        "verse": 5,
        "juz": 29,
        "hizb": 231,
        "manzil": 7,
        "ruku": 512,
        "word_number_in_verse": 1,
        "language_code": "en",
        "text": "Nay",
        "root_word": "بَلۡ",
        "global_word_sequence_number": 74553,
        "global_verse_sequence_number": 5556
    },
    {
        "chapter": 75,
        "verse": 5,
        "juz": 29,
        "hizb": 231,
        "manzil": 7,
        "ruku": 512,
        "word_number_in_verse": 2,
        "language_code": "en",
        "text": "Desires",
        "root_word": "يُرِيدُ",
        "global_word_sequence_number": 74554,
        "global_verse_sequence_number": 5556
    },
    {
        "chapter": 75,
        "verse": 5,
        "juz": 29,
        "hizb": 231,
        "manzil": 7,
        "ruku": 512,
        "word_number_in_verse": 3,
        "language_code": "en",
        "text": "[the] man",
        "root_word": "الۡإِنسَٰنُ",
        "global_word_sequence_number": 74555,
        "global_verse_sequence_number": 5556
    },
    {
        "chapter": 75,
        "verse": 5,
        "juz": 29,
        "hizb": 231,
        "manzil": 7,
        "ruku": 512,
        "word_number_in_verse": 4,
        "language_code": "en",
        "text": "to give (the) lie",
        "root_word": "لِيَفۡجُرَ",
        "global_word_sequence_number": 74556,
        "global_verse_sequence_number": 5556
    },
    {
        "chapter": 75,
        "verse": 5,
        "juz": 29,
        "hizb": 231,
        "manzil": 7,
        "ruku": 512,
        "word_number_in_verse": 5,
        "language_code": "en",
        "text": "(to) what is before him",
        "root_word": "أَمَامَهُۥ",
        "global_word_sequence_number": 74557,
        "global_verse_sequence_number": 5556
    },
    {
        "chapter": 75,
        "verse": 6,
        "juz": 29,
        "hizb": 231,
        "manzil": 7,
        "ruku": 512,
        "word_number_in_verse": 1,
        "language_code": "en",
        "text": "He asks",
        "root_word": "يَسۡـَٔلُ",
        "global_word_sequence_number": 74558,
        "global_verse_sequence_number": 5557
    },
    {
        "chapter": 75,
        "verse": 6,
        "juz": 29,
        "hizb": 231,
        "manzil": 7,
        "ruku": 512,
        "word_number_in_verse": 2,
        "language_code": "en",
        "text": "When",
        "root_word": "أَيَّانَ",
        "global_word_sequence_number": 74559,
        "global_verse_sequence_number": 5557
    },
    {
        "chapter": 75,
        "verse": 6,
        "juz": 29,
        "hizb": 231,
        "manzil": 7,
        "ruku": 512,
        "word_number_in_verse": 3,
        "language_code": "en",
        "text": "(is the) Day",
        "root_word": "يَوۡمُ",
        "global_word_sequence_number": 74560,
        "global_verse_sequence_number": 5557
    },
    {
        "chapter": 75,
        "verse": 6,
        "juz": 29,
        "hizb": 231,
        "manzil": 7,
        "ruku": 512,
        "word_number_in_verse": 4,
        "language_code": "en",
        "text": "(of) the Resurrection",
        "root_word": "الۡقِيَٰمَةِ",
        "global_word_sequence_number": 74561,
        "global_verse_sequence_number": 5557
    },
    {
        "chapter": 75,
        "verse": 7,
        "juz": 29,
        "hizb": 231,
        "manzil": 7,
        "ruku": 512,
        "word_number_in_verse": 1,
        "language_code": "en",
        "text": "So when",
        "root_word": "فَإِذَا",
        "global_word_sequence_number": 74562,
        "global_verse_sequence_number": 5558
    },
    {
        "chapter": 75,
        "verse": 7,
        "juz": 29,
        "hizb": 231,
        "manzil": 7,
        "ruku": 512,
        "word_number_in_verse": 2,
        "language_code": "en",
        "text": "is dazzled",
        "root_word": "بَرِقَ",
        "global_word_sequence_number": 74563,
        "global_verse_sequence_number": 5558
    },
    {
        "chapter": 75,
        "verse": 7,
        "juz": 29,
        "hizb": 231,
        "manzil": 7,
        "ruku": 512,
        "word_number_in_verse": 3,
        "language_code": "en",
        "text": "the vision",
        "root_word": "الۡبَصَرُ",
        "global_word_sequence_number": 74564,
        "global_verse_sequence_number": 5558
    },
    {
        "chapter": 75,
        "verse": 8,
        "juz": 29,
        "hizb": 231,
        "manzil": 7,
        "ruku": 512,
        "word_number_in_verse": 1,
        "language_code": "en",
        "text": "And becomes dark",
        "root_word": "وَخَسَفَ",
        "global_word_sequence_number": 74565,
        "global_verse_sequence_number": 5559
    },
    {
        "chapter": 75,
        "verse": 8,
        "juz": 29,
        "hizb": 231,
        "manzil": 7,
        "ruku": 512,
        "word_number_in_verse": 2,
        "language_code": "en",
        "text": "the moon",
        "root_word": "الۡقَمَرُ",
        "global_word_sequence_number": 74566,
        "global_verse_sequence_number": 5559
    },
    {
        "chapter": 75,
        "verse": 9,
        "juz": 29,
        "hizb": 231,
        "manzil": 7,
        "ruku": 512,
        "word_number_in_verse": 1,
        "language_code": "en",
        "text": "And are joined",
        "root_word": "وَجُمِعَ",
        "global_word_sequence_number": 74567,
        "global_verse_sequence_number": 5560
    },
    {
        "chapter": 75,
        "verse": 9,
        "juz": 29,
        "hizb": 231,
        "manzil": 7,
        "ruku": 512,
        "word_number_in_verse": 2,
        "language_code": "en",
        "text": "the sun",
        "root_word": "الشَّمۡسُ",
        "global_word_sequence_number": 74568,
        "global_verse_sequence_number": 5560
    },
    {
        "chapter": 75,
        "verse": 9,
        "juz": 29,
        "hizb": 231,
        "manzil": 7,
        "ruku": 512,
        "word_number_in_verse": 3,
        "language_code": "en",
        "text": "and the moon",
        "root_word": "وَالۡقَمَرُ",
        "global_word_sequence_number": 74569,
        "global_verse_sequence_number": 5560
    },
    {
        "chapter": 75,
        "verse": 10,
        "juz": 29,
        "hizb": 231,
        "manzil": 7,
        "ruku": 512,
        "word_number_in_verse": 1,
        "language_code": "en",
        "text": "Will say",
        "root_word": "يَقُولُ",
        "global_word_sequence_number": 74570,
        "global_verse_sequence_number": 5561
    },
    {
        "chapter": 75,
        "verse": 10,
        "juz": 29,
        "hizb": 231,
        "manzil": 7,
        "ruku": 512,
        "word_number_in_verse": 2,
        "language_code": "en",
        "text": "[the] man",
        "root_word": "الۡإِنسَٰنُ",
        "global_word_sequence_number": 74571,
        "global_verse_sequence_number": 5561
    },
    {
        "chapter": 75,
        "verse": 10,
        "juz": 29,
        "hizb": 231,
        "manzil": 7,
        "ruku": 512,
        "word_number_in_verse": 3,
        "language_code": "en",
        "text": "that Day",
        "root_word": "يَوۡمَئِذٍ",
        "global_word_sequence_number": 74572,
        "global_verse_sequence_number": 5561
    },
    {
        "chapter": 75,
        "verse": 10,
        "juz": 29,
        "hizb": 231,
        "manzil": 7,
        "ruku": 512,
        "word_number_in_verse": 4,
        "language_code": "en",
        "text": "Where",
        "root_word": "أَيۡنَ",
        "global_word_sequence_number": 74573,
        "global_verse_sequence_number": 5561
    },
    {
        "chapter": 75,
        "verse": 10,
        "juz": 29,
        "hizb": 231,
        "manzil": 7,
        "ruku": 512,
        "word_number_in_verse": 5,
        "language_code": "en",
        "text": "(is) the escape",
        "root_word": "الۡمَفَرُّ",
        "global_word_sequence_number": 74574,
        "global_verse_sequence_number": 5561
    },
    {
        "chapter": 75,
        "verse": 11,
        "juz": 29,
        "hizb": 231,
        "manzil": 7,
        "ruku": 512,
        "word_number_in_verse": 1,
        "language_code": "en",
        "text": "By no means",
        "root_word": "كـَلَّا",
        "global_word_sequence_number": 74575,
        "global_verse_sequence_number": 5562
    },
    {
        "chapter": 75,
        "verse": 11,
        "juz": 29,
        "hizb": 231,
        "manzil": 7,
        "ruku": 512,
        "word_number_in_verse": 2,
        "language_code": "en",
        "text": "(There is) no",
        "root_word": "لَا",
        "global_word_sequence_number": 74576,
        "global_verse_sequence_number": 5562
    },
    {
        "chapter": 75,
        "verse": 11,
        "juz": 29,
        "hizb": 231,
        "manzil": 7,
        "ruku": 512,
        "word_number_in_verse": 3,
        "language_code": "en",
        "text": "refuge",
        "root_word": "وَزَرَ",
        "global_word_sequence_number": 74577,
        "global_verse_sequence_number": 5562
    },
    {
        "chapter": 75,
        "verse": 12,
        "juz": 29,
        "hizb": 231,
        "manzil": 7,
        "ruku": 512,
        "word_number_in_verse": 1,
        "language_code": "en",
        "text": "To",
        "root_word": "إِلَىٰ",
        "global_word_sequence_number": 74578,
        "global_verse_sequence_number": 5563
    },
    {
        "chapter": 75,
        "verse": 12,
        "juz": 29,
        "hizb": 231,
        "manzil": 7,
        "ruku": 512,
        "word_number_in_verse": 2,
        "language_code": "en",
        "text": "your Lord",
        "root_word": "رَبِّكَ",
        "global_word_sequence_number": 74579,
        "global_verse_sequence_number": 5563
    },
    {
        "chapter": 75,
        "verse": 12,
        "juz": 29,
        "hizb": 231,
        "manzil": 7,
        "ruku": 512,
        "word_number_in_verse": 3,
        "language_code": "en",
        "text": "that Day",
        "root_word": "يَوۡمَئِذٍ",
        "global_word_sequence_number": 74580,
        "global_verse_sequence_number": 5563
    },
    {
        "chapter": 75,
        "verse": 12,
        "juz": 29,
        "hizb": 231,
        "manzil": 7,
        "ruku": 512,
        "word_number_in_verse": 4,
        "language_code": "en",
        "text": "(is) the place of rest",
        "root_word": "الۡمُسۡتَقَرُّ",
        "global_word_sequence_number": 74581,
        "global_verse_sequence_number": 5563
    },
    {
        "chapter": 75,
        "verse": 13,
        "juz": 29,
        "hizb": 231,
        "manzil": 7,
        "ruku": 512,
        "word_number_in_verse": 1,
        "language_code": "en",
        "text": "Will be informed",
        "root_word": "يُنَبَّؤُاْ",
        "global_word_sequence_number": 74582,
        "global_verse_sequence_number": 5564
    },
    {
        "chapter": 75,
        "verse": 13,
        "juz": 29,
        "hizb": 231,
        "manzil": 7,
        "ruku": 512,
        "word_number_in_verse": 2,
        "language_code": "en",
        "text": "[the] man",
        "root_word": "الۡإِنسَٰنُ",
        "global_word_sequence_number": 74583,
        "global_verse_sequence_number": 5564
    },
    {
        "chapter": 75,
        "verse": 13,
        "juz": 29,
        "hizb": 231,
        "manzil": 7,
        "ruku": 512,
        "word_number_in_verse": 3,
        "language_code": "en",
        "text": "that Day",
        "root_word": "يَوۡمَئِذِۭ",
        "global_word_sequence_number": 74584,
        "global_verse_sequence_number": 5564
    },
    {
        "chapter": 75,
        "verse": 13,
        "juz": 29,
        "hizb": 231,
        "manzil": 7,
        "ruku": 512,
        "word_number_in_verse": 4,
        "language_code": "en",
        "text": "of what",
        "root_word": "بِمَا",
        "global_word_sequence_number": 74585,
        "global_verse_sequence_number": 5564
    },
    {
        "chapter": 75,
        "verse": 13,
        "juz": 29,
        "hizb": 231,
        "manzil": 7,
        "ruku": 512,
        "word_number_in_verse": 5,
        "language_code": "en",
        "text": "he sent forth",
        "root_word": "قَدَّمَ",
        "global_word_sequence_number": 74586,
        "global_verse_sequence_number": 5564
    },
    {
        "chapter": 75,
        "verse": 13,
        "juz": 29,
        "hizb": 231,
        "manzil": 7,
        "ruku": 512,
        "word_number_in_verse": 6,
        "language_code": "en",
        "text": "and kept back",
        "root_word": "وَأَخَّرَ",
        "global_word_sequence_number": 74587,
        "global_verse_sequence_number": 5564
    },
    {
        "chapter": 75,
        "verse": 14,
        "juz": 29,
        "hizb": 231,
        "manzil": 7,
        "ruku": 512,
        "word_number_in_verse": 1,
        "language_code": "en",
        "text": "Nay",
        "root_word": "بَلِ",
        "global_word_sequence_number": 74588,
        "global_verse_sequence_number": 5565
    },
    {
        "chapter": 75,
        "verse": 14,
        "juz": 29,
        "hizb": 231,
        "manzil": 7,
        "ruku": 512,
        "word_number_in_verse": 2,
        "language_code": "en",
        "text": "[The] man",
        "root_word": "الۡإِنسَٰنُ",
        "global_word_sequence_number": 74589,
        "global_verse_sequence_number": 5565
    },
    {
        "chapter": 75,
        "verse": 14,
        "juz": 29,
        "hizb": 231,
        "manzil": 7,
        "ruku": 512,
        "word_number_in_verse": 3,
        "language_code": "en",
        "text": "against",
        "root_word": "عَلَىٰ",
        "global_word_sequence_number": 74590,
        "global_verse_sequence_number": 5565
    },
    {
        "chapter": 75,
        "verse": 14,
        "juz": 29,
        "hizb": 231,
        "manzil": 7,
        "ruku": 512,
        "word_number_in_verse": 4,
        "language_code": "en",
        "text": "himself",
        "root_word": "نَفۡسِهِۦ",
        "global_word_sequence_number": 74591,
        "global_verse_sequence_number": 5565
    },
    {
        "chapter": 75,
        "verse": 14,
        "juz": 29,
        "hizb": 231,
        "manzil": 7,
        "ruku": 512,
        "word_number_in_verse": 5,
        "language_code": "en",
        "text": "(will be) a witness",
        "root_word": "بَصِيرَةٞ",
        "global_word_sequence_number": 74592,
        "global_verse_sequence_number": 5565
    },
    {
        "chapter": 75,
        "verse": 15,
        "juz": 29,
        "hizb": 231,
        "manzil": 7,
        "ruku": 512,
        "word_number_in_verse": 1,
        "language_code": "en",
        "text": "Even if",
        "root_word": "وَلَوۡ",
        "global_word_sequence_number": 74593,
        "global_verse_sequence_number": 5566
    },
    {
        "chapter": 75,
        "verse": 15,
        "juz": 29,
        "hizb": 231,
        "manzil": 7,
        "ruku": 512,
        "word_number_in_verse": 2,
        "language_code": "en",
        "text": "he presents",
        "root_word": "أَلۡقَىٰ",
        "global_word_sequence_number": 74594,
        "global_verse_sequence_number": 5566
    },
    {
        "chapter": 75,
        "verse": 15,
        "juz": 29,
        "hizb": 231,
        "manzil": 7,
        "ruku": 512,
        "word_number_in_verse": 3,
        "language_code": "en",
        "text": "his excuses",
        "root_word": "مَعَاذِيرَهُۥ",
        "global_word_sequence_number": 74595,
        "global_verse_sequence_number": 5566
    },
    {
        "chapter": 75,
        "verse": 16,
        "juz": 29,
        "hizb": 231,
        "manzil": 7,
        "ruku": 512,
        "word_number_in_verse": 1,
        "language_code": "en",
        "text": "Not",
        "root_word": "لَا",
        "global_word_sequence_number": 74596,
        "global_verse_sequence_number": 5567
    },
    {
        "chapter": 75,
        "verse": 16,
        "juz": 29,
        "hizb": 231,
        "manzil": 7,
        "ruku": 512,
        "word_number_in_verse": 2,
        "language_code": "en",
        "text": "move",
        "root_word": "تُحَرِّكۡ",
        "global_word_sequence_number": 74597,
        "global_verse_sequence_number": 5567
    },
    {
        "chapter": 75,
        "verse": 16,
        "juz": 29,
        "hizb": 231,
        "manzil": 7,
        "ruku": 512,
        "word_number_in_verse": 3,
        "language_code": "en",
        "text": "with it",
        "root_word": "بِهِۦ",
        "global_word_sequence_number": 74598,
        "global_verse_sequence_number": 5567
    },
    {
        "chapter": 75,
        "verse": 16,
        "juz": 29,
        "hizb": 231,
        "manzil": 7,
        "ruku": 512,
        "word_number_in_verse": 4,
        "language_code": "en",
        "text": "your tongue",
        "root_word": "لِسَانَكَ",
        "global_word_sequence_number": 74599,
        "global_verse_sequence_number": 5567
    },
    {
        "chapter": 75,
        "verse": 16,
        "juz": 29,
        "hizb": 231,
        "manzil": 7,
        "ruku": 512,
        "word_number_in_verse": 5,
        "language_code": "en",
        "text": "to hasten",
        "root_word": "لِتَعۡجَلَ",
        "global_word_sequence_number": 74600,
        "global_verse_sequence_number": 5567
    },
    {
        "chapter": 75,
        "verse": 16,
        "juz": 29,
        "hizb": 231,
        "manzil": 7,
        "ruku": 512,
        "word_number_in_verse": 6,
        "language_code": "en",
        "text": "with it",
        "root_word": "بِهِۦٓ",
        "global_word_sequence_number": 74601,
        "global_verse_sequence_number": 5567
    },
    {
        "chapter": 75,
        "verse": 17,
        "juz": 29,
        "hizb": 231,
        "manzil": 7,
        "ruku": 512,
        "word_number_in_verse": 1,
        "language_code": "en",
        "text": "Indeed",
        "root_word": "إِنَّ",
        "global_word_sequence_number": 74602,
        "global_verse_sequence_number": 5568
    },
    {
        "chapter": 75,
        "verse": 17,
        "juz": 29,
        "hizb": 231,
        "manzil": 7,
        "ruku": 512,
        "word_number_in_verse": 2,
        "language_code": "en",
        "text": "upon Us",
        "root_word": "عَلَيۡنَا",
        "global_word_sequence_number": 74603,
        "global_verse_sequence_number": 5568
    },
    {
        "chapter": 75,
        "verse": 17,
        "juz": 29,
        "hizb": 231,
        "manzil": 7,
        "ruku": 512,
        "word_number_in_verse": 3,
        "language_code": "en",
        "text": "(is) its collection",
        "root_word": "جَمۡعَهُۥ",
        "global_word_sequence_number": 74604,
        "global_verse_sequence_number": 5568
    },
    {
        "chapter": 75,
        "verse": 17,
        "juz": 29,
        "hizb": 231,
        "manzil": 7,
        "ruku": 512,
        "word_number_in_verse": 4,
        "language_code": "en",
        "text": "and its recitation",
        "root_word": "وَقُرۡءَانَهُۥ",
        "global_word_sequence_number": 74605,
        "global_verse_sequence_number": 5568
    },
    {
        "chapter": 75,
        "verse": 18,
        "juz": 29,
        "hizb": 231,
        "manzil": 7,
        "ruku": 512,
        "word_number_in_verse": 1,
        "language_code": "en",
        "text": "And when",
        "root_word": "فَإِذَا",
        "global_word_sequence_number": 74606,
        "global_verse_sequence_number": 5569
    },
    {
        "chapter": 75,
        "verse": 18,
        "juz": 29,
        "hizb": 231,
        "manzil": 7,
        "ruku": 512,
        "word_number_in_verse": 2,
        "language_code": "en",
        "text": "We have recited it",
        "root_word": "قَرَأۡنَٰهُ",
        "global_word_sequence_number": 74607,
        "global_verse_sequence_number": 5569
    },
    {
        "chapter": 75,
        "verse": 18,
        "juz": 29,
        "hizb": 231,
        "manzil": 7,
        "ruku": 512,
        "word_number_in_verse": 3,
        "language_code": "en",
        "text": "then follow",
        "root_word": "فَاتَّبِعۡ",
        "global_word_sequence_number": 74608,
        "global_verse_sequence_number": 5569
    },
    {
        "chapter": 75,
        "verse": 18,
        "juz": 29,
        "hizb": 231,
        "manzil": 7,
        "ruku": 512,
        "word_number_in_verse": 4,
        "language_code": "en",
        "text": "its recitation",
        "root_word": "قُرۡءَانَهُۥ",
        "global_word_sequence_number": 74609,
        "global_verse_sequence_number": 5569
    },
    {
        "chapter": 75,
        "verse": 19,
        "juz": 29,
        "hizb": 231,
        "manzil": 7,
        "ruku": 512,
        "word_number_in_verse": 1,
        "language_code": "en",
        "text": "Then",
        "root_word": "ثُمَّ",
        "global_word_sequence_number": 74610,
        "global_verse_sequence_number": 5570
    },
    {
        "chapter": 75,
        "verse": 19,
        "juz": 29,
        "hizb": 231,
        "manzil": 7,
        "ruku": 512,
        "word_number_in_verse": 2,
        "language_code": "en",
        "text": "indeed",
        "root_word": "إِنَّ",
        "global_word_sequence_number": 74611,
        "global_verse_sequence_number": 5570
    },
    {
        "chapter": 75,
        "verse": 19,
        "juz": 29,
        "hizb": 231,
        "manzil": 7,
        "ruku": 512,
        "word_number_in_verse": 3,
        "language_code": "en",
        "text": "upon Us",
        "root_word": "عَلَيۡنَا",
        "global_word_sequence_number": 74612,
        "global_verse_sequence_number": 5570
    },
    {
        "chapter": 75,
        "verse": 19,
        "juz": 29,
        "hizb": 231,
        "manzil": 7,
        "ruku": 512,
        "word_number_in_verse": 4,
        "language_code": "en",
        "text": "(is) its explanation",
        "root_word": "بَيَانَهُۥ",
        "global_word_sequence_number": 74613,
        "global_verse_sequence_number": 5570
    },
    {
        "chapter": 75,
        "verse": 20,
        "juz": 29,
        "hizb": 231,
        "manzil": 7,
        "ruku": 512,
        "word_number_in_verse": 1,
        "language_code": "en",
        "text": "No",
        "root_word": "كـَلَّا",
        "global_word_sequence_number": 74614,
        "global_verse_sequence_number": 5571
    },
    {
        "chapter": 75,
        "verse": 20,
        "juz": 29,
        "hizb": 231,
        "manzil": 7,
        "ruku": 512,
        "word_number_in_verse": 2,
        "language_code": "en",
        "text": "But",
        "root_word": "بَلۡ",
        "global_word_sequence_number": 74615,
        "global_verse_sequence_number": 5571
    },
    {
        "chapter": 75,
        "verse": 20,
        "juz": 29,
        "hizb": 231,
        "manzil": 7,
        "ruku": 512,
        "word_number_in_verse": 3,
        "language_code": "en",
        "text": "you love",
        "root_word": "تُحِبُّونَ",
        "global_word_sequence_number": 74616,
        "global_verse_sequence_number": 5571
    },
    {
        "chapter": 75,
        "verse": 20,
        "juz": 29,
        "hizb": 231,
        "manzil": 7,
        "ruku": 512,
        "word_number_in_verse": 4,
        "language_code": "en",
        "text": "the immediate",
        "root_word": "الۡعَاجِلَةَ",
        "global_word_sequence_number": 74617,
        "global_verse_sequence_number": 5571
    },
    {
        "chapter": 75,
        "verse": 21,
        "juz": 29,
        "hizb": 231,
        "manzil": 7,
        "ruku": 512,
        "word_number_in_verse": 1,
        "language_code": "en",
        "text": "And leave",
        "root_word": "وَتَذَرُونَ",
        "global_word_sequence_number": 74618,
        "global_verse_sequence_number": 5572
    },
    {
        "chapter": 75,
        "verse": 21,
        "juz": 29,
        "hizb": 231,
        "manzil": 7,
        "ruku": 512,
        "word_number_in_verse": 2,
        "language_code": "en",
        "text": "the Hereafter",
        "root_word": "الۡأٓخِرَةَ",
        "global_word_sequence_number": 74619,
        "global_verse_sequence_number": 5572
    },
    {
        "chapter": 75,
        "verse": 22,
        "juz": 29,
        "hizb": 231,
        "manzil": 7,
        "ruku": 512,
        "word_number_in_verse": 1,
        "language_code": "en",
        "text": "Faces",
        "root_word": "وُجُوهٞ",
        "global_word_sequence_number": 74620,
        "global_verse_sequence_number": 5573
    },
    {
        "chapter": 75,
        "verse": 22,
        "juz": 29,
        "hizb": 231,
        "manzil": 7,
        "ruku": 512,
        "word_number_in_verse": 2,
        "language_code": "en",
        "text": "that Day",
        "root_word": "يَوۡمَئِذٖ",
        "global_word_sequence_number": 74621,
        "global_verse_sequence_number": 5573
    },
    {
        "chapter": 75,
        "verse": 22,
        "juz": 29,
        "hizb": 231,
        "manzil": 7,
        "ruku": 512,
        "word_number_in_verse": 3,
        "language_code": "en",
        "text": "(will be) radiant",
        "root_word": "نَّاضِرَةٌ",
        "global_word_sequence_number": 74622,
        "global_verse_sequence_number": 5573
    },
    {
        "chapter": 75,
        "verse": 23,
        "juz": 29,
        "hizb": 231,
        "manzil": 7,
        "ruku": 512,
        "word_number_in_verse": 1,
        "language_code": "en",
        "text": "Towards",
        "root_word": "إِلَىٰ",
        "global_word_sequence_number": 74623,
        "global_verse_sequence_number": 5574
    },
    {
        "chapter": 75,
        "verse": 23,
        "juz": 29,
        "hizb": 231,
        "manzil": 7,
        "ruku": 512,
        "word_number_in_verse": 2,
        "language_code": "en",
        "text": "their Lord",
        "root_word": "رَبِّهَا",
        "global_word_sequence_number": 74624,
        "global_verse_sequence_number": 5574
    },
    {
        "chapter": 75,
        "verse": 23,
        "juz": 29,
        "hizb": 231,
        "manzil": 7,
        "ruku": 512,
        "word_number_in_verse": 3,
        "language_code": "en",
        "text": "looking",
        "root_word": "نَاظِرَةٞ",
        "global_word_sequence_number": 74625,
        "global_verse_sequence_number": 5574
    },
    {
        "chapter": 75,
        "verse": 24,
        "juz": 29,
        "hizb": 231,
        "manzil": 7,
        "ruku": 512,
        "word_number_in_verse": 1,
        "language_code": "en",
        "text": "And faces",
        "root_word": "وَوُجُوهٞ",
        "global_word_sequence_number": 74626,
        "global_verse_sequence_number": 5575
    },
    {
        "chapter": 75,
        "verse": 24,
        "juz": 29,
        "hizb": 231,
        "manzil": 7,
        "ruku": 512,
        "word_number_in_verse": 2,
        "language_code": "en",
        "text": "that Day",
        "root_word": "يَوۡمَئِذِۭ",
        "global_word_sequence_number": 74627,
        "global_verse_sequence_number": 5575
    },
    {
        "chapter": 75,
        "verse": 24,
        "juz": 29,
        "hizb": 231,
        "manzil": 7,
        "ruku": 512,
        "word_number_in_verse": 3,
        "language_code": "en",
        "text": "(will be) distorted",
        "root_word": "بَاسِرَةٞ",
        "global_word_sequence_number": 74628,
        "global_verse_sequence_number": 5575
    },
    {
        "chapter": 75,
        "verse": 25,
        "juz": 29,
        "hizb": 231,
        "manzil": 7,
        "ruku": 512,
        "word_number_in_verse": 1,
        "language_code": "en",
        "text": "Thinking",
        "root_word": "تَظُنُّ",
        "global_word_sequence_number": 74629,
        "global_verse_sequence_number": 5576
    },
    {
        "chapter": 75,
        "verse": 25,
        "juz": 29,
        "hizb": 231,
        "manzil": 7,
        "ruku": 512,
        "word_number_in_verse": 2,
        "language_code": "en",
        "text": "that",
        "root_word": "أَن",
        "global_word_sequence_number": 74630,
        "global_verse_sequence_number": 5576
    },
    {
        "chapter": 75,
        "verse": 25,
        "juz": 29,
        "hizb": 231,
        "manzil": 7,
        "ruku": 512,
        "word_number_in_verse": 3,
        "language_code": "en",
        "text": "will be done",
        "root_word": "يُفۡعَلَ",
        "global_word_sequence_number": 74631,
        "global_verse_sequence_number": 5576
    },
    {
        "chapter": 75,
        "verse": 25,
        "juz": 29,
        "hizb": 231,
        "manzil": 7,
        "ruku": 512,
        "word_number_in_verse": 4,
        "language_code": "en",
        "text": "to them",
        "root_word": "بِهَا",
        "global_word_sequence_number": 74632,
        "global_verse_sequence_number": 5576
    },
    {
        "chapter": 75,
        "verse": 25,
        "juz": 29,
        "hizb": 231,
        "manzil": 7,
        "ruku": 512,
        "word_number_in_verse": 5,
        "language_code": "en",
        "text": "backbreaking",
        "root_word": "فَاقِرَةٞ",
        "global_word_sequence_number": 74633,
        "global_verse_sequence_number": 5576
    },
    {
        "chapter": 75,
        "verse": 26,
        "juz": 29,
        "hizb": 231,
        "manzil": 7,
        "ruku": 512,
        "word_number_in_verse": 1,
        "language_code": "en",
        "text": "No",
        "root_word": "كـَلَّآ",
        "global_word_sequence_number": 74634,
        "global_verse_sequence_number": 5577
    },
    {
        "chapter": 75,
        "verse": 26,
        "juz": 29,
        "hizb": 231,
        "manzil": 7,
        "ruku": 512,
        "word_number_in_verse": 2,
        "language_code": "en",
        "text": "When",
        "root_word": "إِذَا",
        "global_word_sequence_number": 74635,
        "global_verse_sequence_number": 5577
    },
    {
        "chapter": 75,
        "verse": 26,
        "juz": 29,
        "hizb": 231,
        "manzil": 7,
        "ruku": 512,
        "word_number_in_verse": 3,
        "language_code": "en",
        "text": "it reaches",
        "root_word": "بَلَغَتِ",
        "global_word_sequence_number": 74636,
        "global_verse_sequence_number": 5577
    },
    {
        "chapter": 75,
        "verse": 26,
        "juz": 29,
        "hizb": 231,
        "manzil": 7,
        "ruku": 512,
        "word_number_in_verse": 4,
        "language_code": "en",
        "text": "the collar bones",
        "root_word": "التَّرَاقِيَ",
        "global_word_sequence_number": 74637,
        "global_verse_sequence_number": 5577
    },
    {
        "chapter": 75,
        "verse": 27,
        "juz": 29,
        "hizb": 231,
        "manzil": 7,
        "ruku": 512,
        "word_number_in_verse": 1,
        "language_code": "en",
        "text": "And it is said",
        "root_word": "وَقِيلَ",
        "global_word_sequence_number": 74638,
        "global_verse_sequence_number": 5578
    },
    {
        "chapter": 75,
        "verse": 27,
        "juz": 29,
        "hizb": 231,
        "manzil": 7,
        "ruku": 512,
        "word_number_in_verse": 2,
        "language_code": "en",
        "text": "Who",
        "root_word": "مَنۡۜ",
        "global_word_sequence_number": 74639,
        "global_verse_sequence_number": 5578
    },
    {
        "chapter": 75,
        "verse": 27,
        "juz": 29,
        "hizb": 231,
        "manzil": 7,
        "ruku": 512,
        "word_number_in_verse": 3,
        "language_code": "en",
        "text": "(will) cure",
        "root_word": "رَاقٖ",
        "global_word_sequence_number": 74640,
        "global_verse_sequence_number": 5578
    },
    {
        "chapter": 75,
        "verse": 28,
        "juz": 29,
        "hizb": 231,
        "manzil": 7,
        "ruku": 512,
        "word_number_in_verse": 1,
        "language_code": "en",
        "text": "And he is certain",
        "root_word": "وَظَنَّ",
        "global_word_sequence_number": 74641,
        "global_verse_sequence_number": 5579
    },
    {
        "chapter": 75,
        "verse": 28,
        "juz": 29,
        "hizb": 231,
        "manzil": 7,
        "ruku": 512,
        "word_number_in_verse": 2,
        "language_code": "en",
        "text": "that it",
        "root_word": "أَنَّهُ",
        "global_word_sequence_number": 74642,
        "global_verse_sequence_number": 5579
    },
    {
        "chapter": 75,
        "verse": 28,
        "juz": 29,
        "hizb": 231,
        "manzil": 7,
        "ruku": 512,
        "word_number_in_verse": 3,
        "language_code": "en",
        "text": "(is) the parting",
        "root_word": "الۡفِرَاقُ",
        "global_word_sequence_number": 74643,
        "global_verse_sequence_number": 5579
    },
    {
        "chapter": 75,
        "verse": 29,
        "juz": 29,
        "hizb": 231,
        "manzil": 7,
        "ruku": 512,
        "word_number_in_verse": 1,
        "language_code": "en",
        "text": "And is wound",
        "root_word": "وَالۡتَفَّتِ",
        "global_word_sequence_number": 74644,
        "global_verse_sequence_number": 5580
    },
    {
        "chapter": 75,
        "verse": 29,
        "juz": 29,
        "hizb": 231,
        "manzil": 7,
        "ruku": 512,
        "word_number_in_verse": 2,
        "language_code": "en",
        "text": "the leg",
        "root_word": "السَّاقُ",
        "global_word_sequence_number": 74645,
        "global_verse_sequence_number": 5580
    },
    {
        "chapter": 75,
        "verse": 29,
        "juz": 29,
        "hizb": 231,
        "manzil": 7,
        "ruku": 512,
        "word_number_in_verse": 3,
        "language_code": "en",
        "text": "about the leg",
        "root_word": "بِالسَّاقِ",
        "global_word_sequence_number": 74646,
        "global_verse_sequence_number": 5580
    },
    {
        "chapter": 75,
        "verse": 30,
        "juz": 29,
        "hizb": 231,
        "manzil": 7,
        "ruku": 512,
        "word_number_in_verse": 1,
        "language_code": "en",
        "text": "To",
        "root_word": "إِلَىٰ",
        "global_word_sequence_number": 74647,
        "global_verse_sequence_number": 5581
    },
    {
        "chapter": 75,
        "verse": 30,
        "juz": 29,
        "hizb": 231,
        "manzil": 7,
        "ruku": 512,
        "word_number_in_verse": 2,
        "language_code": "en",
        "text": "your Lord",
        "root_word": "رَبِّكَ",
        "global_word_sequence_number": 74648,
        "global_verse_sequence_number": 5581
    },
    {
        "chapter": 75,
        "verse": 30,
        "juz": 29,
        "hizb": 231,
        "manzil": 7,
        "ruku": 512,
        "word_number_in_verse": 3,
        "language_code": "en",
        "text": "that Day",
        "root_word": "يَوۡمَئِذٍ",
        "global_word_sequence_number": 74649,
        "global_verse_sequence_number": 5581
    },
    {
        "chapter": 75,
        "verse": 30,
        "juz": 29,
        "hizb": 231,
        "manzil": 7,
        "ruku": 512,
        "word_number_in_verse": 4,
        "language_code": "en",
        "text": "(will be) the driving",
        "root_word": "الۡمَسَاقُ",
        "global_word_sequence_number": 74650,
        "global_verse_sequence_number": 5581
    },
    {
        "chapter": 75,
        "verse": 31,
        "juz": 29,
        "hizb": 231,
        "manzil": 7,
        "ruku": 513,
        "word_number_in_verse": 1,
        "language_code": "en",
        "text": "And not",
        "root_word": "فَلَا",
        "global_word_sequence_number": 74651,
        "global_verse_sequence_number": 5582
    },
    {
        "chapter": 75,
        "verse": 31,
        "juz": 29,
        "hizb": 231,
        "manzil": 7,
        "ruku": 513,
        "word_number_in_verse": 2,
        "language_code": "en",
        "text": "he accepted (the) truth",
        "root_word": "صَدَّقَ",
        "global_word_sequence_number": 74652,
        "global_verse_sequence_number": 5582
    },
    {
        "chapter": 75,
        "verse": 31,
        "juz": 29,
        "hizb": 231,
        "manzil": 7,
        "ruku": 513,
        "word_number_in_verse": 3,
        "language_code": "en",
        "text": "and not",
        "root_word": "وَلَا",
        "global_word_sequence_number": 74653,
        "global_verse_sequence_number": 5582
    },
    {
        "chapter": 75,
        "verse": 31,
        "juz": 29,
        "hizb": 231,
        "manzil": 7,
        "ruku": 513,
        "word_number_in_verse": 4,
        "language_code": "en",
        "text": "he prayed",
        "root_word": "صَلَّىٰ",
        "global_word_sequence_number": 74654,
        "global_verse_sequence_number": 5582
    },
    {
        "chapter": 75,
        "verse": 32,
        "juz": 29,
        "hizb": 231,
        "manzil": 7,
        "ruku": 513,
        "word_number_in_verse": 1,
        "language_code": "en",
        "text": "But",
        "root_word": "وَلَٰكِن",
        "global_word_sequence_number": 74655,
        "global_verse_sequence_number": 5583
    },
    {
        "chapter": 75,
        "verse": 32,
        "juz": 29,
        "hizb": 231,
        "manzil": 7,
        "ruku": 513,
        "word_number_in_verse": 2,
        "language_code": "en",
        "text": "he denied",
        "root_word": "كَذَّبَ",
        "global_word_sequence_number": 74656,
        "global_verse_sequence_number": 5583
    },
    {
        "chapter": 75,
        "verse": 32,
        "juz": 29,
        "hizb": 231,
        "manzil": 7,
        "ruku": 513,
        "word_number_in_verse": 3,
        "language_code": "en",
        "text": "and turned away",
        "root_word": "وَتَوَلَّىٰ",
        "global_word_sequence_number": 74657,
        "global_verse_sequence_number": 5583
    },
    {
        "chapter": 75,
        "verse": 33,
        "juz": 29,
        "hizb": 231,
        "manzil": 7,
        "ruku": 513,
        "word_number_in_verse": 1,
        "language_code": "en",
        "text": "Then",
        "root_word": "ثُمَّ",
        "global_word_sequence_number": 74658,
        "global_verse_sequence_number": 5584
    },
    {
        "chapter": 75,
        "verse": 33,
        "juz": 29,
        "hizb": 231,
        "manzil": 7,
        "ruku": 513,
        "word_number_in_verse": 2,
        "language_code": "en",
        "text": "he went",
        "root_word": "ذَهَبَ",
        "global_word_sequence_number": 74659,
        "global_verse_sequence_number": 5584
    },
    {
        "chapter": 75,
        "verse": 33,
        "juz": 29,
        "hizb": 231,
        "manzil": 7,
        "ruku": 513,
        "word_number_in_verse": 3,
        "language_code": "en",
        "text": "to",
        "root_word": "إِلَىٰٓ",
        "global_word_sequence_number": 74660,
        "global_verse_sequence_number": 5584
    },
    {
        "chapter": 75,
        "verse": 33,
        "juz": 29,
        "hizb": 231,
        "manzil": 7,
        "ruku": 513,
        "word_number_in_verse": 4,
        "language_code": "en",
        "text": "his family",
        "root_word": "أَهۡلِهِۦ",
        "global_word_sequence_number": 74661,
        "global_verse_sequence_number": 5584
    },
    {
        "chapter": 75,
        "verse": 33,
        "juz": 29,
        "hizb": 231,
        "manzil": 7,
        "ruku": 513,
        "word_number_in_verse": 5,
        "language_code": "en",
        "text": "swaggering",
        "root_word": "يَتَمَطَّىٰٓ",
        "global_word_sequence_number": 74662,
        "global_verse_sequence_number": 5584
    },
    {
        "chapter": 75,
        "verse": 34,
        "juz": 29,
        "hizb": 231,
        "manzil": 7,
        "ruku": 513,
        "word_number_in_verse": 1,
        "language_code": "en",
        "text": "Woe",
        "root_word": "أَوۡلَىٰ",
        "global_word_sequence_number": 74663,
        "global_verse_sequence_number": 5585
    },
    {
        "chapter": 75,
        "verse": 34,
        "juz": 29,
        "hizb": 231,
        "manzil": 7,
        "ruku": 513,
        "word_number_in_verse": 2,
        "language_code": "en",
        "text": "to you",
        "root_word": "لَكَ",
        "global_word_sequence_number": 74664,
        "global_verse_sequence_number": 5585
    },
    {
        "chapter": 75,
        "verse": 34,
        "juz": 29,
        "hizb": 231,
        "manzil": 7,
        "ruku": 513,
        "word_number_in_verse": 3,
        "language_code": "en",
        "text": "and woe",
        "root_word": "فَأَوۡلَىٰ",
        "global_word_sequence_number": 74665,
        "global_verse_sequence_number": 5585
    },
    {
        "chapter": 75,
        "verse": 35,
        "juz": 29,
        "hizb": 231,
        "manzil": 7,
        "ruku": 513,
        "word_number_in_verse": 1,
        "language_code": "en",
        "text": "Then",
        "root_word": "ثُمَّ",
        "global_word_sequence_number": 74666,
        "global_verse_sequence_number": 5586
    },
    {
        "chapter": 75,
        "verse": 35,
        "juz": 29,
        "hizb": 231,
        "manzil": 7,
        "ruku": 513,
        "word_number_in_verse": 2,
        "language_code": "en",
        "text": "woe",
        "root_word": "أَوۡلَىٰ",
        "global_word_sequence_number": 74667,
        "global_verse_sequence_number": 5586
    },
    {
        "chapter": 75,
        "verse": 35,
        "juz": 29,
        "hizb": 231,
        "manzil": 7,
        "ruku": 513,
        "word_number_in_verse": 3,
        "language_code": "en",
        "text": "to you",
        "root_word": "لَكَ",
        "global_word_sequence_number": 74668,
        "global_verse_sequence_number": 5586
    },
    {
        "chapter": 75,
        "verse": 35,
        "juz": 29,
        "hizb": 231,
        "manzil": 7,
        "ruku": 513,
        "word_number_in_verse": 4,
        "language_code": "en",
        "text": "and woe",
        "root_word": "فَأَوۡلَىٰٓ",
        "global_word_sequence_number": 74669,
        "global_verse_sequence_number": 5586
    },
    {
        "chapter": 75,
        "verse": 36,
        "juz": 29,
        "hizb": 231,
        "manzil": 7,
        "ruku": 513,
        "word_number_in_verse": 1,
        "language_code": "en",
        "text": "Does think",
        "root_word": "أَيَحۡسَبُ",
        "global_word_sequence_number": 74670,
        "global_verse_sequence_number": 5587
    },
    {
        "chapter": 75,
        "verse": 36,
        "juz": 29,
        "hizb": 231,
        "manzil": 7,
        "ruku": 513,
        "word_number_in_verse": 2,
        "language_code": "en",
        "text": "man",
        "root_word": "الۡإِنسَٰنُ",
        "global_word_sequence_number": 74671,
        "global_verse_sequence_number": 5587
    },
    {
        "chapter": 75,
        "verse": 36,
        "juz": 29,
        "hizb": 231,
        "manzil": 7,
        "ruku": 513,
        "word_number_in_verse": 3,
        "language_code": "en",
        "text": "that",
        "root_word": "أَن",
        "global_word_sequence_number": 74672,
        "global_verse_sequence_number": 5587
    },
    {
        "chapter": 75,
        "verse": 36,
        "juz": 29,
        "hizb": 231,
        "manzil": 7,
        "ruku": 513,
        "word_number_in_verse": 4,
        "language_code": "en",
        "text": "he will be left",
        "root_word": "يُتۡرَكَ",
        "global_word_sequence_number": 74673,
        "global_verse_sequence_number": 5587
    },
    {
        "chapter": 75,
        "verse": 36,
        "juz": 29,
        "hizb": 231,
        "manzil": 7,
        "ruku": 513,
        "word_number_in_verse": 5,
        "language_code": "en",
        "text": "neglected",
        "root_word": "سُدًى",
        "global_word_sequence_number": 74674,
        "global_verse_sequence_number": 5587
    },
    {
        "chapter": 75,
        "verse": 37,
        "juz": 29,
        "hizb": 231,
        "manzil": 7,
        "ruku": 513,
        "word_number_in_verse": 1,
        "language_code": "en",
        "text": "Was not",
        "root_word": "أَلَمۡ",
        "global_word_sequence_number": 74675,
        "global_verse_sequence_number": 5588
    },
    {
        "chapter": 75,
        "verse": 37,
        "juz": 29,
        "hizb": 231,
        "manzil": 7,
        "ruku": 513,
        "word_number_in_verse": 2,
        "language_code": "en",
        "text": "he",
        "root_word": "يَكُ",
        "global_word_sequence_number": 74676,
        "global_verse_sequence_number": 5588
    },
    {
        "chapter": 75,
        "verse": 37,
        "juz": 29,
        "hizb": 231,
        "manzil": 7,
        "ruku": 513,
        "word_number_in_verse": 3,
        "language_code": "en",
        "text": "a semen-drop",
        "root_word": "نُطۡفَةٗ",
        "global_word_sequence_number": 74677,
        "global_verse_sequence_number": 5588
    },
    {
        "chapter": 75,
        "verse": 37,
        "juz": 29,
        "hizb": 231,
        "manzil": 7,
        "ruku": 513,
        "word_number_in_verse": 4,
        "language_code": "en",
        "text": "of",
        "root_word": "مِّن",
        "global_word_sequence_number": 74678,
        "global_verse_sequence_number": 5588
    },
    {
        "chapter": 75,
        "verse": 37,
        "juz": 29,
        "hizb": 231,
        "manzil": 7,
        "ruku": 513,
        "word_number_in_verse": 5,
        "language_code": "en",
        "text": "semen",
        "root_word": "مَّنِيّٖ",
        "global_word_sequence_number": 74679,
        "global_verse_sequence_number": 5588
    },
    {
        "chapter": 75,
        "verse": 37,
        "juz": 29,
        "hizb": 231,
        "manzil": 7,
        "ruku": 513,
        "word_number_in_verse": 6,
        "language_code": "en",
        "text": "emitted",
        "root_word": "يُمۡنَىٰ",
        "global_word_sequence_number": 74680,
        "global_verse_sequence_number": 5588
    },
    {
        "chapter": 75,
        "verse": 38,
        "juz": 29,
        "hizb": 231,
        "manzil": 7,
        "ruku": 513,
        "word_number_in_verse": 1,
        "language_code": "en",
        "text": "Then",
        "root_word": "ثُمَّ",
        "global_word_sequence_number": 74681,
        "global_verse_sequence_number": 5589
    },
    {
        "chapter": 75,
        "verse": 38,
        "juz": 29,
        "hizb": 231,
        "manzil": 7,
        "ruku": 513,
        "word_number_in_verse": 2,
        "language_code": "en",
        "text": "he was",
        "root_word": "كَانَ",
        "global_word_sequence_number": 74682,
        "global_verse_sequence_number": 5589
    },
    {
        "chapter": 75,
        "verse": 38,
        "juz": 29,
        "hizb": 231,
        "manzil": 7,
        "ruku": 513,
        "word_number_in_verse": 3,
        "language_code": "en",
        "text": "a clinging substance",
        "root_word": "عَلَقَةٗ",
        "global_word_sequence_number": 74683,
        "global_verse_sequence_number": 5589
    },
    {
        "chapter": 75,
        "verse": 38,
        "juz": 29,
        "hizb": 231,
        "manzil": 7,
        "ruku": 513,
        "word_number_in_verse": 4,
        "language_code": "en",
        "text": "then He created",
        "root_word": "فَخَلَقَ",
        "global_word_sequence_number": 74684,
        "global_verse_sequence_number": 5589
    },
    {
        "chapter": 75,
        "verse": 38,
        "juz": 29,
        "hizb": 231,
        "manzil": 7,
        "ruku": 513,
        "word_number_in_verse": 5,
        "language_code": "en",
        "text": "and proportioned",
        "root_word": "فَسَوَّىٰ",
        "global_word_sequence_number": 74685,
        "global_verse_sequence_number": 5589
    },
    {
        "chapter": 75,
        "verse": 39,
        "juz": 29,
        "hizb": 231,
        "manzil": 7,
        "ruku": 513,
        "word_number_in_verse": 1,
        "language_code": "en",
        "text": "Then made",
        "root_word": "فَجَعَلَ",
        "global_word_sequence_number": 74686,
        "global_verse_sequence_number": 5590
    },
    {
        "chapter": 75,
        "verse": 39,
        "juz": 29,
        "hizb": 231,
        "manzil": 7,
        "ruku": 513,
        "word_number_in_verse": 2,
        "language_code": "en",
        "text": "of him",
        "root_word": "مِنۡهُ",
        "global_word_sequence_number": 74687,
        "global_verse_sequence_number": 5590
    },
    {
        "chapter": 75,
        "verse": 39,
        "juz": 29,
        "hizb": 231,
        "manzil": 7,
        "ruku": 513,
        "word_number_in_verse": 3,
        "language_code": "en",
        "text": "two kinds",
        "root_word": "الزَّوۡجَيۡنِ",
        "global_word_sequence_number": 74688,
        "global_verse_sequence_number": 5590
    },
    {
        "chapter": 75,
        "verse": 39,
        "juz": 29,
        "hizb": 231,
        "manzil": 7,
        "ruku": 513,
        "word_number_in_verse": 4,
        "language_code": "en",
        "text": "(the) male",
        "root_word": "الذَّكَرَ",
        "global_word_sequence_number": 74689,
        "global_verse_sequence_number": 5590
    },
    {
        "chapter": 75,
        "verse": 39,
        "juz": 29,
        "hizb": 231,
        "manzil": 7,
        "ruku": 513,
        "word_number_in_verse": 5,
        "language_code": "en",
        "text": "and the female",
        "root_word": "وَالۡأُنثَىٰٓ",
        "global_word_sequence_number": 74690,
        "global_verse_sequence_number": 5590
    },
    {
        "chapter": 75,
        "verse": 40,
        "juz": 29,
        "hizb": 231,
        "manzil": 7,
        "ruku": 513,
        "word_number_in_verse": 1,
        "language_code": "en",
        "text": "Is not",
        "root_word": "أَلَيۡسَ",
        "global_word_sequence_number": 74691,
        "global_verse_sequence_number": 5591
    },
    {
        "chapter": 75,
        "verse": 40,
        "juz": 29,
        "hizb": 231,
        "manzil": 7,
        "ruku": 513,
        "word_number_in_verse": 2,
        "language_code": "en",
        "text": "[that]",
        "root_word": "ذَٰلِكَ",
        "global_word_sequence_number": 74692,
        "global_verse_sequence_number": 5591
    },
    {
        "chapter": 75,
        "verse": 40,
        "juz": 29,
        "hizb": 231,
        "manzil": 7,
        "ruku": 513,
        "word_number_in_verse": 3,
        "language_code": "en",
        "text": "(He) Able",
        "root_word": "بِقَٰدِرٍ",
        "global_word_sequence_number": 74693,
        "global_verse_sequence_number": 5591
    },
    {
        "chapter": 75,
        "verse": 40,
        "juz": 29,
        "hizb": 231,
        "manzil": 7,
        "ruku": 513,
        "word_number_in_verse": 4,
        "language_code": "en",
        "text": "[over]",
        "root_word": "عَلَىٰٓ",
        "global_word_sequence_number": 74694,
        "global_verse_sequence_number": 5591
    },
    {
        "chapter": 75,
        "verse": 40,
        "juz": 29,
        "hizb": 231,
        "manzil": 7,
        "ruku": 513,
        "word_number_in_verse": 5,
        "language_code": "en",
        "text": "to",
        "root_word": "أَن",
        "global_word_sequence_number": 74695,
        "global_verse_sequence_number": 5591
    },
    {
        "chapter": 75,
        "verse": 40,
        "juz": 29,
        "hizb": 231,
        "manzil": 7,
        "ruku": 513,
        "word_number_in_verse": 6,
        "language_code": "en",
        "text": "give life",
        "root_word": "يُحۡـِۧيَ",
        "global_word_sequence_number": 74696,
        "global_verse_sequence_number": 5591
    },
    {
        "chapter": 75,
        "verse": 40,
        "juz": 29,
        "hizb": 231,
        "manzil": 7,
        "ruku": 513,
        "word_number_in_verse": 7,
        "language_code": "en",
        "text": "(to) the dead",
        "root_word": "الۡمَوۡتَىٰ",
        "global_word_sequence_number": 74697,
        "global_verse_sequence_number": 5591
    }
]