[
    {
        "chapter": 76,
        "verse": 1,
        "juz": 29,
        "hizb": 231,
        "manzil": 7,
        "ruku": 514,
        "word_number_in_verse": 1,
        "language_code": "en",
        "text": "Has",
        "root_word": "هَلۡ",
        "global_word_sequence_number": 74698,
        "global_verse_sequence_number": 5592
    },
    {
        "chapter": 76,
        "verse": 1,
        "juz": 29,
        "hizb": 231,
        "manzil": 7,
        "ruku": 514,
        "word_number_in_verse": 2,
        "language_code": "en",
        "text": "(there) come",
        "root_word": "أَتَىٰ",
        "global_word_sequence_number": 74699,
        "global_verse_sequence_number": 5592
    },
    {
        "chapter": 76,
        "verse": 1,
        "juz": 29,
        "hizb": 231,
        "manzil": 7,
        "ruku": 514,
        "word_number_in_verse": 3,
        "language_code": "en",
        "text": "upon",
        "root_word": "عَلَى",
        "global_word_sequence_number": 74700,
        "global_verse_sequence_number": 5592
    },
    {
        "chapter": 76,
        "verse": 1,
        "juz": 29,
        "hizb": 231,
        "manzil": 7,
        "ruku": 514,
        "word_number_in_verse": 4,
        "language_code": "en",
        "text": "man",
        "root_word": "الۡإِنسَٰنِ",
        "global_word_sequence_number": 74701,
        "global_verse_sequence_number": 5592
    },
    {
        "chapter": 76,
        "verse": 1,
        "juz": 29,
        "hizb": 231,
        "manzil": 7,
        "ruku": 514,
        "word_number_in_verse": 5,
        "language_code": "en",
        "text": "a period",
        "root_word": "حِينٞ",
        "global_word_sequence_number": 74702,
        "global_verse_sequence_number": 5592
    },
    {
        "chapter": 76,
        "verse": 1,
        "juz": 29,
        "hizb": 231,
        "manzil": 7,
        "ruku": 514,
        "word_number_in_verse": 6,
        "language_code": "en",
        "text": "of",
        "root_word": "مِّنَ",
        "global_word_sequence_number": 74703,
        "global_verse_sequence_number": 5592
    },
    {
        "chapter": 76,
        "verse": 1,
        "juz": 29,
        "hizb": 231,
        "manzil": 7,
        "ruku": 514,
        "word_number_in_verse": 7,
        "language_code": "en",
        "text": "time",
        "root_word": "الدَّهۡرِ",
        "global_word_sequence_number": 74704,
        "global_verse_sequence_number": 5592
    },
    {
        "chapter": 76,
        "verse": 1,
        "juz": 29,
        "hizb": 231,
        "manzil": 7,
        "ruku": 514,
        "word_number_in_verse": 8,
        "language_code": "en",
        "text": "not",
        "root_word": "لَمۡ",
        "global_word_sequence_number": 74705,
        "global_verse_sequence_number": 5592
    },
    {
        "chapter": 76,
        "verse": 1,
        "juz": 29,
        "hizb": 231,
        "manzil": 7,
        "ruku": 514,
        "word_number_in_verse": 9,
        "language_code": "en",
        "text": "he was",
        "root_word": "يَكُن",
        "global_word_sequence_number": 74706,
        "global_verse_sequence_number": 5592
    },
    {
        "chapter": 76,
        "verse": 1,
        "juz": 29,
        "hizb": 231,
        "manzil": 7,
        "ruku": 514,
        "word_number_in_verse": 10,
        "language_code": "en",
        "text": "a thing",
        "root_word": "شَيۡـٔٗا",
        "global_word_sequence_number": 74707,
        "global_verse_sequence_number": 5592
    },
    {
        "chapter": 76,
        "verse": 1,
        "juz": 29,
        "hizb": 231,
        "manzil": 7,
        "ruku": 514,
        "word_number_in_verse": 11,
        "language_code": "en",
        "text": "mentioned",
        "root_word": "مَّذۡكُورًا",
        "global_word_sequence_number": 74708,
        "global_verse_sequence_number": 5592
    },
    {
        "chapter": 76,
        "verse": 2,
        "juz": 29,
        "hizb": 231,
        "manzil": 7,
        "ruku": 514,
        "word_number_in_verse": 1,
        "language_code": "en",
        "text": "Indeed We",
        "root_word": "إِنَّا",
        "global_word_sequence_number": 74709,
        "global_verse_sequence_number": 5593
    },
    {
        "chapter": 76,
        "verse": 2,
        "juz": 29,
        "hizb": 231,
        "manzil": 7,
        "ruku": 514,
        "word_number_in_verse": 2,
        "language_code": "en",
        "text": "[We] created",
        "root_word": "خَلَقۡنَا",
        "global_word_sequence_number": 74710,
        "global_verse_sequence_number": 5593
    },
    {
        "chapter": 76,
        "verse": 2,
        "juz": 29,
        "hizb": 231,
        "manzil": 7,
        "ruku": 514,
        "word_number_in_verse": 3,
        "language_code": "en",
        "text": "man",
        "root_word": "الۡإِنسَٰنَ",
        "global_word_sequence_number": 74711,
        "global_verse_sequence_number": 5593
    },
    {
        "chapter": 76,
        "verse": 2,
        "juz": 29,
        "hizb": 231,
        "manzil": 7,
        "ruku": 514,
        "word_number_in_verse": 4,
        "language_code": "en",
        "text": "from",
        "root_word": "مِن",
        "global_word_sequence_number": 74712,
        "global_verse_sequence_number": 5593
    },
    {
        "chapter": 76,
        "verse": 2,
        "juz": 29,
        "hizb": 231,
        "manzil": 7,
        "ruku": 514,
        "word_number_in_verse": 5,
        "language_code": "en",
        "text": "a semen-drop",
        "root_word": "نُّطۡفَةٍ",
        "global_word_sequence_number": 74713,
        "global_verse_sequence_number": 5593
    },
    {
        "chapter": 76,
        "verse": 2,
        "juz": 29,
        "hizb": 231,
        "manzil": 7,
        "ruku": 514,
        "word_number_in_verse": 6,
        "language_code": "en",
        "text": "a mixture",
        "root_word": "أَمۡشَاجٖ",
        "global_word_sequence_number": 74714,
        "global_verse_sequence_number": 5593
    },
    {
        "chapter": 76,
        "verse": 2,
        "juz": 29,
        "hizb": 231,
        "manzil": 7,
        "ruku": 514,
        "word_number_in_verse": 7,
        "language_code": "en",
        "text": "(that) We test him",
        "root_word": "نَّبۡتَلِيهِ",
        "global_word_sequence_number": 74715,
        "global_verse_sequence_number": 5593
    },
    {
        "chapter": 76,
        "verse": 2,
        "juz": 29,
        "hizb": 231,
        "manzil": 7,
        "ruku": 514,
        "word_number_in_verse": 8,
        "language_code": "en",
        "text": "so We made (for) him",
        "root_word": "فَجَعَلۡنَٰهُ",
        "global_word_sequence_number": 74716,
        "global_verse_sequence_number": 5593
    },
    {
        "chapter": 76,
        "verse": 2,
        "juz": 29,
        "hizb": 231,
        "manzil": 7,
        "ruku": 514,
        "word_number_in_verse": 9,
        "language_code": "en",
        "text": "hearing",
        "root_word": "سَمِيعَۢا",
        "global_word_sequence_number": 74717,
        "global_verse_sequence_number": 5593
    },
    {
        "chapter": 76,
        "verse": 2,
        "juz": 29,
        "hizb": 231,
        "manzil": 7,
        "ruku": 514,
        "word_number_in_verse": 10,
        "language_code": "en",
        "text": "and sight",
        "root_word": "بَصِيرًا",
        "global_word_sequence_number": 74718,
        "global_verse_sequence_number": 5593
    },
    {
        "chapter": 76,
        "verse": 3,
        "juz": 29,
        "hizb": 231,
        "manzil": 7,
        "ruku": 514,
        "word_number_in_verse": 1,
        "language_code": "en",
        "text": "Indeed We",
        "root_word": "إِنَّا",
        "global_word_sequence_number": 74719,
        "global_verse_sequence_number": 5594
    },
    {
        "chapter": 76,
        "verse": 3,
        "juz": 29,
        "hizb": 231,
        "manzil": 7,
        "ruku": 514,
        "word_number_in_verse": 2,
        "language_code": "en",
        "text": "guided him",
        "root_word": "هَدَيۡنَٰهُ",
        "global_word_sequence_number": 74720,
        "global_verse_sequence_number": 5594
    },
    {
        "chapter": 76,
        "verse": 3,
        "juz": 29,
        "hizb": 231,
        "manzil": 7,
        "ruku": 514,
        "word_number_in_verse": 3,
        "language_code": "en",
        "text": "(to) the way",
        "root_word": "السَّبِيلَ",
        "global_word_sequence_number": 74721,
        "global_verse_sequence_number": 5594
    },
    {
        "chapter": 76,
        "verse": 3,
        "juz": 29,
        "hizb": 231,
        "manzil": 7,
        "ruku": 514,
        "word_number_in_verse": 4,
        "language_code": "en",
        "text": "whether",
        "root_word": "إِمَّا",
        "global_word_sequence_number": 74722,
        "global_verse_sequence_number": 5594
    },
    {
        "chapter": 76,
        "verse": 3,
        "juz": 29,
        "hizb": 231,
        "manzil": 7,
        "ruku": 514,
        "word_number_in_verse": 5,
        "language_code": "en",
        "text": "(he) be grateful",
        "root_word": "شَاكِرٗا",
        "global_word_sequence_number": 74723,
        "global_verse_sequence_number": 5594
    },
    {
        "chapter": 76,
        "verse": 3,
        "juz": 29,
        "hizb": 231,
        "manzil": 7,
        "ruku": 514,
        "word_number_in_verse": 6,
        "language_code": "en",
        "text": "and whether",
        "root_word": "وَإِمَّا",
        "global_word_sequence_number": 74724,
        "global_verse_sequence_number": 5594
    },
    {
        "chapter": 76,
        "verse": 3,
        "juz": 29,
        "hizb": 231,
        "manzil": 7,
        "ruku": 514,
        "word_number_in_verse": 7,
        "language_code": "en",
        "text": "(he) be ungrateful",
        "root_word": "كَفُورًا",
        "global_word_sequence_number": 74725,
        "global_verse_sequence_number": 5594
    },
    {
        "chapter": 76,
        "verse": 4,
        "juz": 29,
        "hizb": 231,
        "manzil": 7,
        "ruku": 514,
        "word_number_in_verse": 1,
        "language_code": "en",
        "text": "Indeed We",
        "root_word": "إِنَّآ",
        "global_word_sequence_number": 74726,
        "global_verse_sequence_number": 5595
    },
    {
        "chapter": 76,
        "verse": 4,
        "juz": 29,
        "hizb": 231,
        "manzil": 7,
        "ruku": 514,
        "word_number_in_verse": 2,
        "language_code": "en",
        "text": "[We] have prepared",
        "root_word": "أَعۡتَدۡنَا",
        "global_word_sequence_number": 74727,
        "global_verse_sequence_number": 5595
    },
    {
        "chapter": 76,
        "verse": 4,
        "juz": 29,
        "hizb": 231,
        "manzil": 7,
        "ruku": 514,
        "word_number_in_verse": 3,
        "language_code": "en",
        "text": "for the disbelievers",
        "root_word": "لِلۡكَٰفِرِينَ",
        "global_word_sequence_number": 74728,
        "global_verse_sequence_number": 5595
    },
    {
        "chapter": 76,
        "verse": 4,
        "juz": 29,
        "hizb": 231,
        "manzil": 7,
        "ruku": 514,
        "word_number_in_verse": 4,
        "language_code": "en",
        "text": "chains",
        "root_word": "سَلَٰسِلَاْ",
        "global_word_sequence_number": 74729,
        "global_verse_sequence_number": 5595
    },
    {
        "chapter": 76,
        "verse": 4,
        "juz": 29,
        "hizb": 231,
        "manzil": 7,
        "ruku": 514,
        "word_number_in_verse": 5,
        "language_code": "en",
        "text": "and shackles",
        "root_word": "وَأَغۡلَٰلٗا",
        "global_word_sequence_number": 74730,
        "global_verse_sequence_number": 5595
    },
    {
        "chapter": 76,
        "verse": 4,
        "juz": 29,
        "hizb": 231,
        "manzil": 7,
        "ruku": 514,
        "word_number_in_verse": 6,
        "language_code": "en",
        "text": "and a Blazing Fire",
        "root_word": "وَسَعِيرًا",
        "global_word_sequence_number": 74731,
        "global_verse_sequence_number": 5595
    },
    {
        "chapter": 76,
        "verse": 5,
        "juz": 29,
        "hizb": 231,
        "manzil": 7,
        "ruku": 514,
        "word_number_in_verse": 1,
        "language_code": "en",
        "text": "Indeed",
        "root_word": "إِنَّ",
        "global_word_sequence_number": 74732,
        "global_verse_sequence_number": 5596
    },
    {
        "chapter": 76,
        "verse": 5,
        "juz": 29,
        "hizb": 231,
        "manzil": 7,
        "ruku": 514,
        "word_number_in_verse": 2,
        "language_code": "en",
        "text": "the righteous",
        "root_word": "الۡأَبۡرَارَ",
        "global_word_sequence_number": 74733,
        "global_verse_sequence_number": 5596
    },
    {
        "chapter": 76,
        "verse": 5,
        "juz": 29,
        "hizb": 231,
        "manzil": 7,
        "ruku": 514,
        "word_number_in_verse": 3,
        "language_code": "en",
        "text": "will drink",
        "root_word": "يَشۡرَبُونَ",
        "global_word_sequence_number": 74734,
        "global_verse_sequence_number": 5596
    },
    {
        "chapter": 76,
        "verse": 5,
        "juz": 29,
        "hizb": 231,
        "manzil": 7,
        "ruku": 514,
        "word_number_in_verse": 4,
        "language_code": "en",
        "text": "from",
        "root_word": "مِن",
        "global_word_sequence_number": 74735,
        "global_verse_sequence_number": 5596
    },
    {
        "chapter": 76,
        "verse": 5,
        "juz": 29,
        "hizb": 231,
        "manzil": 7,
        "ruku": 514,
        "word_number_in_verse": 5,
        "language_code": "en",
        "text": "a cup",
        "root_word": "كَأۡسٖ",
        "global_word_sequence_number": 74736,
        "global_verse_sequence_number": 5596
    },
    {
        "chapter": 76,
        "verse": 5,
        "juz": 29,
        "hizb": 231,
        "manzil": 7,
        "ruku": 514,
        "word_number_in_verse": 6,
        "language_code": "en",
        "text": "is",
        "root_word": "كَانَ",
        "global_word_sequence_number": 74737,
        "global_verse_sequence_number": 5596
    },
    {
        "chapter": 76,
        "verse": 5,
        "juz": 29,
        "hizb": 231,
        "manzil": 7,
        "ruku": 514,
        "word_number_in_verse": 7,
        "language_code": "en",
        "text": "its mixture",
        "root_word": "مِزَاجُهَا",
        "global_word_sequence_number": 74738,
        "global_verse_sequence_number": 5596
    },
    {
        "chapter": 76,
        "verse": 5,
        "juz": 29,
        "hizb": 231,
        "manzil": 7,
        "ruku": 514,
        "word_number_in_verse": 8,
        "language_code": "en",
        "text": "(of) Kafur",
        "root_word": "كَافُورًا",
        "global_word_sequence_number": 74739,
        "global_verse_sequence_number": 5596
    },
    {
        "chapter": 76,
        "verse": 6,
        "juz": 29,
        "hizb": 231,
        "manzil": 7,
        "ruku": 514,
        "word_number_in_verse": 1,
        "language_code": "en",
        "text": "A spring",
        "root_word": "عَيۡنٗا",
        "global_word_sequence_number": 74740,
        "global_verse_sequence_number": 5597
    },
    {
        "chapter": 76,
        "verse": 6,
        "juz": 29,
        "hizb": 231,
        "manzil": 7,
        "ruku": 514,
        "word_number_in_verse": 2,
        "language_code": "en",
        "text": "will drink",
        "root_word": "يَشۡرَبُ",
        "global_word_sequence_number": 74741,
        "global_verse_sequence_number": 5597
    },
    {
        "chapter": 76,
        "verse": 6,
        "juz": 29,
        "hizb": 231,
        "manzil": 7,
        "ruku": 514,
        "word_number_in_verse": 3,
        "language_code": "en",
        "text": "from it",
        "root_word": "بِهَا",
        "global_word_sequence_number": 74742,
        "global_verse_sequence_number": 5597
    },
    {
        "chapter": 76,
        "verse": 6,
        "juz": 29,
        "hizb": 231,
        "manzil": 7,
        "ruku": 514,
        "word_number_in_verse": 4,
        "language_code": "en",
        "text": "(the) slaves",
        "root_word": "عِبَادُ",
        "global_word_sequence_number": 74743,
        "global_verse_sequence_number": 5597
    },
    {
        "chapter": 76,
        "verse": 6,
        "juz": 29,
        "hizb": 231,
        "manzil": 7,
        "ruku": 514,
        "word_number_in_verse": 5,
        "language_code": "en",
        "text": "(of) Allah",
        "root_word": "اللَّهِ",
        "global_word_sequence_number": 74744,
        "global_verse_sequence_number": 5597
    },
    {
        "chapter": 76,
        "verse": 6,
        "juz": 29,
        "hizb": 231,
        "manzil": 7,
        "ruku": 514,
        "word_number_in_verse": 6,
        "language_code": "en",
        "text": "causing it to gush forth",
        "root_word": "يُفَجِّرُونَهَا",
        "global_word_sequence_number": 74745,
        "global_verse_sequence_number": 5597
    },
    {
        "chapter": 76,
        "verse": 6,
        "juz": 29,
        "hizb": 231,
        "manzil": 7,
        "ruku": 514,
        "word_number_in_verse": 7,
        "language_code": "en",
        "text": "abundantly",
        "root_word": "تَفۡجِيرٗا",
        "global_word_sequence_number": 74746,
        "global_verse_sequence_number": 5597
    },
    {
        "chapter": 76,
        "verse": 7,
        "juz": 29,
        "hizb": 231,
        "manzil": 7,
        "ruku": 514,
        "word_number_in_verse": 1,
        "language_code": "en",
        "text": "They fulfill",
        "root_word": "يُوفُونَ",
        "global_word_sequence_number": 74747,
        "global_verse_sequence_number": 5598
    },
    {
        "chapter": 76,
        "verse": 7,
        "juz": 29,
        "hizb": 231,
        "manzil": 7,
        "ruku": 514,
        "word_number_in_verse": 2,
        "language_code": "en",
        "text": "the vows",
        "root_word": "بِالنَّذۡرِ",
        "global_word_sequence_number": 74748,
        "global_verse_sequence_number": 5598
    },
    {
        "chapter": 76,
        "verse": 7,
        "juz": 29,
        "hizb": 231,
        "manzil": 7,
        "ruku": 514,
        "word_number_in_verse": 3,
        "language_code": "en",
        "text": "and fear",
        "root_word": "وَيَخَافُونَ",
        "global_word_sequence_number": 74749,
        "global_verse_sequence_number": 5598
    },
    {
        "chapter": 76,
        "verse": 7,
        "juz": 29,
        "hizb": 231,
        "manzil": 7,
        "ruku": 514,
        "word_number_in_verse": 4,
        "language_code": "en",
        "text": "a Day",
        "root_word": "يَوۡمٗا",
        "global_word_sequence_number": 74750,
        "global_verse_sequence_number": 5598
    },
    {
        "chapter": 76,
        "verse": 7,
        "juz": 29,
        "hizb": 231,
        "manzil": 7,
        "ruku": 514,
        "word_number_in_verse": 5,
        "language_code": "en",
        "text": "(which) is",
        "root_word": "كَانَ",
        "global_word_sequence_number": 74751,
        "global_verse_sequence_number": 5598
    },
    {
        "chapter": 76,
        "verse": 7,
        "juz": 29,
        "hizb": 231,
        "manzil": 7,
        "ruku": 514,
        "word_number_in_verse": 6,
        "language_code": "en",
        "text": "its evil",
        "root_word": "شَرُّهُۥ",
        "global_word_sequence_number": 74752,
        "global_verse_sequence_number": 5598
    },
    {
        "chapter": 76,
        "verse": 7,
        "juz": 29,
        "hizb": 231,
        "manzil": 7,
        "ruku": 514,
        "word_number_in_verse": 7,
        "language_code": "en",
        "text": "widespread",
        "root_word": "مُسۡتَطِيرٗا",
        "global_word_sequence_number": 74753,
        "global_verse_sequence_number": 5598
    },
    {
        "chapter": 76,
        "verse": 8,
        "juz": 29,
        "hizb": 231,
        "manzil": 7,
        "ruku": 514,
        "word_number_in_verse": 1,
        "language_code": "en",
        "text": "And they feed",
        "root_word": "وَيُطۡعِمُونَ",
        "global_word_sequence_number": 74754,
        "global_verse_sequence_number": 5599
    },
    {
        "chapter": 76,
        "verse": 8,
        "juz": 29,
        "hizb": 231,
        "manzil": 7,
        "ruku": 514,
        "word_number_in_verse": 2,
        "language_code": "en",
        "text": "the food",
        "root_word": "الطَّعَامَ",
        "global_word_sequence_number": 74755,
        "global_verse_sequence_number": 5599
    },
    {
        "chapter": 76,
        "verse": 8,
        "juz": 29,
        "hizb": 231,
        "manzil": 7,
        "ruku": 514,
        "word_number_in_verse": 3,
        "language_code": "en",
        "text": "in spite of",
        "root_word": "عَلَىٰ",
        "global_word_sequence_number": 74756,
        "global_verse_sequence_number": 5599
    },
    {
        "chapter": 76,
        "verse": 8,
        "juz": 29,
        "hizb": 231,
        "manzil": 7,
        "ruku": 514,
        "word_number_in_verse": 4,
        "language_code": "en",
        "text": "love (for) it",
        "root_word": "حُبِّهِۦ",
        "global_word_sequence_number": 74757,
        "global_verse_sequence_number": 5599
    },
    {
        "chapter": 76,
        "verse": 8,
        "juz": 29,
        "hizb": 231,
        "manzil": 7,
        "ruku": 514,
        "word_number_in_verse": 5,
        "language_code": "en",
        "text": "(to the) needy",
        "root_word": "مِسۡكِينٗا",
        "global_word_sequence_number": 74758,
        "global_verse_sequence_number": 5599
    },
    {
        "chapter": 76,
        "verse": 8,
        "juz": 29,
        "hizb": 231,
        "manzil": 7,
        "ruku": 514,
        "word_number_in_verse": 6,
        "language_code": "en",
        "text": "and (the) orphan",
        "root_word": "وَيَتِيمٗا",
        "global_word_sequence_number": 74759,
        "global_verse_sequence_number": 5599
    },
    {
        "chapter": 76,
        "verse": 8,
        "juz": 29,
        "hizb": 231,
        "manzil": 7,
        "ruku": 514,
        "word_number_in_verse": 7,
        "language_code": "en",
        "text": "and (the) captive",
        "root_word": "وَأَسِيرًا",
        "global_word_sequence_number": 74760,
        "global_verse_sequence_number": 5599
    },
    {
        "chapter": 76,
        "verse": 9,
        "juz": 29,
        "hizb": 231,
        "manzil": 7,
        "ruku": 514,
        "word_number_in_verse": 1,
        "language_code": "en",
        "text": "Only",
        "root_word": "إِنَّمَا",
        "global_word_sequence_number": 74761,
        "global_verse_sequence_number": 5600
    },
    {
        "chapter": 76,
        "verse": 9,
        "juz": 29,
        "hizb": 231,
        "manzil": 7,
        "ruku": 514,
        "word_number_in_verse": 2,
        "language_code": "en",
        "text": "we feed you",
        "root_word": "نُطۡعِمُكُمۡ",
        "global_word_sequence_number": 74762,
        "global_verse_sequence_number": 5600
    },
    {
        "chapter": 76,
        "verse": 9,
        "juz": 29,
        "hizb": 231,
        "manzil": 7,
        "ruku": 514,
        "word_number_in_verse": 3,
        "language_code": "en",
        "text": "for (the) Countenance",
        "root_word": "لِوَجۡهِ",
        "global_word_sequence_number": 74763,
        "global_verse_sequence_number": 5600
    },
    {
        "chapter": 76,
        "verse": 9,
        "juz": 29,
        "hizb": 231,
        "manzil": 7,
        "ruku": 514,
        "word_number_in_verse": 4,
        "language_code": "en",
        "text": "(of) Allah",
        "root_word": "اللَّهِ",
        "global_word_sequence_number": 74764,
        "global_verse_sequence_number": 5600
    },
    {
        "chapter": 76,
        "verse": 9,
        "juz": 29,
        "hizb": 231,
        "manzil": 7,
        "ruku": 514,
        "word_number_in_verse": 5,
        "language_code": "en",
        "text": "Not",
        "root_word": "لَا",
        "global_word_sequence_number": 74765,
        "global_verse_sequence_number": 5600
    },
    {
        "chapter": 76,
        "verse": 9,
        "juz": 29,
        "hizb": 231,
        "manzil": 7,
        "ruku": 514,
        "word_number_in_verse": 6,
        "language_code": "en",
        "text": "we desire",
        "root_word": "نُرِيدُ",
        "global_word_sequence_number": 74766,
        "global_verse_sequence_number": 5600
    },
    {
        "chapter": 76,
        "verse": 9,
        "juz": 29,
        "hizb": 231,
        "manzil": 7,
        "ruku": 514,
        "word_number_in_verse": 7,
        "language_code": "en",
        "text": "from you",
        "root_word": "مِنكُمۡ",
        "global_word_sequence_number": 74767,
        "global_verse_sequence_number": 5600
    },
    {
        "chapter": 76,
        "verse": 9,
        "juz": 29,
        "hizb": 231,
        "manzil": 7,
        "ruku": 514,
        "word_number_in_verse": 8,
        "language_code": "en",
        "text": "any reward",
        "root_word": "جَزَآءٗ",
        "global_word_sequence_number": 74768,
        "global_verse_sequence_number": 5600
    },
    {
        "chapter": 76,
        "verse": 9,
        "juz": 29,
        "hizb": 231,
        "manzil": 7,
        "ruku": 514,
        "word_number_in_verse": 9,
        "language_code": "en",
        "text": "and not",
        "root_word": "وَلَا",
        "global_word_sequence_number": 74769,
        "global_verse_sequence_number": 5600
    },
    {
        "chapter": 76,
        "verse": 9,
        "juz": 29,
        "hizb": 231,
        "manzil": 7,
        "ruku": 514,
        "word_number_in_verse": 10,
        "language_code": "en",
        "text": "thanks",
        "root_word": "شُكُورًا",
        "global_word_sequence_number": 74770,
        "global_verse_sequence_number": 5600
    },
    {
        "chapter": 76,
        "verse": 10,
        "juz": 29,
        "hizb": 231,
        "manzil": 7,
        "ruku": 514,
        "word_number_in_verse": 1,
        "language_code": "en",
        "text": "Indeed we",
        "root_word": "إِنَّا",
        "global_word_sequence_number": 74771,
        "global_verse_sequence_number": 5601
    },
    {
        "chapter": 76,
        "verse": 10,
        "juz": 29,
        "hizb": 231,
        "manzil": 7,
        "ruku": 514,
        "word_number_in_verse": 2,
        "language_code": "en",
        "text": "fear",
        "root_word": "نَخَافُ",
        "global_word_sequence_number": 74772,
        "global_verse_sequence_number": 5601
    },
    {
        "chapter": 76,
        "verse": 10,
        "juz": 29,
        "hizb": 231,
        "manzil": 7,
        "ruku": 514,
        "word_number_in_verse": 3,
        "language_code": "en",
        "text": "from",
        "root_word": "مِن",
        "global_word_sequence_number": 74773,
        "global_verse_sequence_number": 5601
    },
    {
        "chapter": 76,
        "verse": 10,
        "juz": 29,
        "hizb": 231,
        "manzil": 7,
        "ruku": 514,
        "word_number_in_verse": 4,
        "language_code": "en",
        "text": "our Lord",
        "root_word": "رَّبِّنَا",
        "global_word_sequence_number": 74774,
        "global_verse_sequence_number": 5601
    },
    {
        "chapter": 76,
        "verse": 10,
        "juz": 29,
        "hizb": 231,
        "manzil": 7,
        "ruku": 514,
        "word_number_in_verse": 5,
        "language_code": "en",
        "text": "a Day",
        "root_word": "يَوۡمًا",
        "global_word_sequence_number": 74775,
        "global_verse_sequence_number": 5601
    },
    {
        "chapter": 76,
        "verse": 10,
        "juz": 29,
        "hizb": 231,
        "manzil": 7,
        "ruku": 514,
        "word_number_in_verse": 6,
        "language_code": "en",
        "text": "harsh",
        "root_word": "عَبُوسٗا",
        "global_word_sequence_number": 74776,
        "global_verse_sequence_number": 5601
    },
    {
        "chapter": 76,
        "verse": 10,
        "juz": 29,
        "hizb": 231,
        "manzil": 7,
        "ruku": 514,
        "word_number_in_verse": 7,
        "language_code": "en",
        "text": "and distressful",
        "root_word": "قَمۡطَرِيرٗا",
        "global_word_sequence_number": 74777,
        "global_verse_sequence_number": 5601
    },
    {
        "chapter": 76,
        "verse": 11,
        "juz": 29,
        "hizb": 231,
        "manzil": 7,
        "ruku": 514,
        "word_number_in_verse": 1,
        "language_code": "en",
        "text": "But will protect them",
        "root_word": "فَوَقَىٰهُمُ",
        "global_word_sequence_number": 74778,
        "global_verse_sequence_number": 5602
    },
    {
        "chapter": 76,
        "verse": 11,
        "juz": 29,
        "hizb": 231,
        "manzil": 7,
        "ruku": 514,
        "word_number_in_verse": 2,
        "language_code": "en",
        "text": "Allah",
        "root_word": "اللَّهُ",
        "global_word_sequence_number": 74779,
        "global_verse_sequence_number": 5602
    },
    {
        "chapter": 76,
        "verse": 11,
        "juz": 29,
        "hizb": 231,
        "manzil": 7,
        "ruku": 514,
        "word_number_in_verse": 3,
        "language_code": "en",
        "text": "(from the) evil",
        "root_word": "شَرَّ",
        "global_word_sequence_number": 74780,
        "global_verse_sequence_number": 5602
    },
    {
        "chapter": 76,
        "verse": 11,
        "juz": 29,
        "hizb": 231,
        "manzil": 7,
        "ruku": 514,
        "word_number_in_verse": 4,
        "language_code": "en",
        "text": "(of) that",
        "root_word": "ذَٰلِكَ",
        "global_word_sequence_number": 74781,
        "global_verse_sequence_number": 5602
    },
    {
        "chapter": 76,
        "verse": 11,
        "juz": 29,
        "hizb": 231,
        "manzil": 7,
        "ruku": 514,
        "word_number_in_verse": 5,
        "language_code": "en",
        "text": "Day",
        "root_word": "الۡيَوۡمِ",
        "global_word_sequence_number": 74782,
        "global_verse_sequence_number": 5602
    },
    {
        "chapter": 76,
        "verse": 11,
        "juz": 29,
        "hizb": 231,
        "manzil": 7,
        "ruku": 514,
        "word_number_in_verse": 6,
        "language_code": "en",
        "text": "and will cause them to meet",
        "root_word": "وَلَقَّىٰهُمۡ",
        "global_word_sequence_number": 74783,
        "global_verse_sequence_number": 5602
    },
    {
        "chapter": 76,
        "verse": 11,
        "juz": 29,
        "hizb": 231,
        "manzil": 7,
        "ruku": 514,
        "word_number_in_verse": 7,
        "language_code": "en",
        "text": "radiance",
        "root_word": "نَضۡرَةٗ",
        "global_word_sequence_number": 74784,
        "global_verse_sequence_number": 5602
    },
    {
        "chapter": 76,
        "verse": 11,
        "juz": 29,
        "hizb": 231,
        "manzil": 7,
        "ruku": 514,
        "word_number_in_verse": 8,
        "language_code": "en",
        "text": "and happiness",
        "root_word": "وَسُرُورٗا",
        "global_word_sequence_number": 74785,
        "global_verse_sequence_number": 5602
    },
    {
        "chapter": 76,
        "verse": 12,
        "juz": 29,
        "hizb": 231,
        "manzil": 7,
        "ruku": 514,
        "word_number_in_verse": 1,
        "language_code": "en",
        "text": "And will reward them",
        "root_word": "وَجَزَىٰهُم",
        "global_word_sequence_number": 74786,
        "global_verse_sequence_number": 5603
    },
    {
        "chapter": 76,
        "verse": 12,
        "juz": 29,
        "hizb": 231,
        "manzil": 7,
        "ruku": 514,
        "word_number_in_verse": 2,
        "language_code": "en",
        "text": "because",
        "root_word": "بِمَا",
        "global_word_sequence_number": 74787,
        "global_verse_sequence_number": 5603
    },
    {
        "chapter": 76,
        "verse": 12,
        "juz": 29,
        "hizb": 231,
        "manzil": 7,
        "ruku": 514,
        "word_number_in_verse": 3,
        "language_code": "en",
        "text": "they were patient",
        "root_word": "صَبَرُواْ",
        "global_word_sequence_number": 74788,
        "global_verse_sequence_number": 5603
    },
    {
        "chapter": 76,
        "verse": 12,
        "juz": 29,
        "hizb": 231,
        "manzil": 7,
        "ruku": 514,
        "word_number_in_verse": 4,
        "language_code": "en",
        "text": "(with) a Garden",
        "root_word": "جَنَّةٗ",
        "global_word_sequence_number": 74789,
        "global_verse_sequence_number": 5603
    },
    {
        "chapter": 76,
        "verse": 12,
        "juz": 29,
        "hizb": 231,
        "manzil": 7,
        "ruku": 514,
        "word_number_in_verse": 5,
        "language_code": "en",
        "text": "and silk",
        "root_word": "وَحَرِيرٗا",
        "global_word_sequence_number": 74790,
        "global_verse_sequence_number": 5603
    },
    {
        "chapter": 76,
        "verse": 13,
        "juz": 29,
        "hizb": 231,
        "manzil": 7,
        "ruku": 514,
        "word_number_in_verse": 1,
        "language_code": "en",
        "text": "Reclining",
        "root_word": "مُّتَّكِـِٔينَ",
        "global_word_sequence_number": 74791,
        "global_verse_sequence_number": 5604
    },
    {
        "chapter": 76,
        "verse": 13,
        "juz": 29,
        "hizb": 231,
        "manzil": 7,
        "ruku": 514,
        "word_number_in_verse": 2,
        "language_code": "en",
        "text": "therein",
        "root_word": "فِيهَا",
        "global_word_sequence_number": 74792,
        "global_verse_sequence_number": 5604
    },
    {
        "chapter": 76,
        "verse": 13,
        "juz": 29,
        "hizb": 231,
        "manzil": 7,
        "ruku": 514,
        "word_number_in_verse": 3,
        "language_code": "en",
        "text": "on",
        "root_word": "عَلَى",
        "global_word_sequence_number": 74793,
        "global_verse_sequence_number": 5604
    },
    {
        "chapter": 76,
        "verse": 13,
        "juz": 29,
        "hizb": 231,
        "manzil": 7,
        "ruku": 514,
        "word_number_in_verse": 4,
        "language_code": "en",
        "text": "couches",
        "root_word": "الۡأَرَآئِكِۖ",
        "global_word_sequence_number": 74794,
        "global_verse_sequence_number": 5604
    },
    {
        "chapter": 76,
        "verse": 13,
        "juz": 29,
        "hizb": 231,
        "manzil": 7,
        "ruku": 514,
        "word_number_in_verse": 5,
        "language_code": "en",
        "text": "Not",
        "root_word": "لَا",
        "global_word_sequence_number": 74795,
        "global_verse_sequence_number": 5604
    },
    {
        "chapter": 76,
        "verse": 13,
        "juz": 29,
        "hizb": 231,
        "manzil": 7,
        "ruku": 514,
        "word_number_in_verse": 6,
        "language_code": "en",
        "text": "they will see",
        "root_word": "يَرَوۡنَ",
        "global_word_sequence_number": 74796,
        "global_verse_sequence_number": 5604
    },
    {
        "chapter": 76,
        "verse": 13,
        "juz": 29,
        "hizb": 231,
        "manzil": 7,
        "ruku": 514,
        "word_number_in_verse": 7,
        "language_code": "en",
        "text": "therein",
        "root_word": "فِيهَا",
        "global_word_sequence_number": 74797,
        "global_verse_sequence_number": 5604
    },
    {
        "chapter": 76,
        "verse": 13,
        "juz": 29,
        "hizb": 231,
        "manzil": 7,
        "ruku": 514,
        "word_number_in_verse": 8,
        "language_code": "en",
        "text": "sun",
        "root_word": "شَمۡسٗا",
        "global_word_sequence_number": 74798,
        "global_verse_sequence_number": 5604
    },
    {
        "chapter": 76,
        "verse": 13,
        "juz": 29,
        "hizb": 231,
        "manzil": 7,
        "ruku": 514,
        "word_number_in_verse": 9,
        "language_code": "en",
        "text": "and not",
        "root_word": "وَلَا",
        "global_word_sequence_number": 74799,
        "global_verse_sequence_number": 5604
    },
    {
        "chapter": 76,
        "verse": 13,
        "juz": 29,
        "hizb": 231,
        "manzil": 7,
        "ruku": 514,
        "word_number_in_verse": 10,
        "language_code": "en",
        "text": "freezing cold",
        "root_word": "زَمۡهَرِيرٗا",
        "global_word_sequence_number": 74800,
        "global_verse_sequence_number": 5604
    },
    {
        "chapter": 76,
        "verse": 14,
        "juz": 29,
        "hizb": 231,
        "manzil": 7,
        "ruku": 514,
        "word_number_in_verse": 1,
        "language_code": "en",
        "text": "And near",
        "root_word": "وَدَانِيَةً",
        "global_word_sequence_number": 74801,
        "global_verse_sequence_number": 5605
    },
    {
        "chapter": 76,
        "verse": 14,
        "juz": 29,
        "hizb": 231,
        "manzil": 7,
        "ruku": 514,
        "word_number_in_verse": 2,
        "language_code": "en",
        "text": "above them",
        "root_word": "عَلَيۡهِمۡ",
        "global_word_sequence_number": 74802,
        "global_verse_sequence_number": 5605
    },
    {
        "chapter": 76,
        "verse": 14,
        "juz": 29,
        "hizb": 231,
        "manzil": 7,
        "ruku": 514,
        "word_number_in_verse": 3,
        "language_code": "en",
        "text": "(are) its shades",
        "root_word": "ظِلَٰلُهَا",
        "global_word_sequence_number": 74803,
        "global_verse_sequence_number": 5605
    },
    {
        "chapter": 76,
        "verse": 14,
        "juz": 29,
        "hizb": 231,
        "manzil": 7,
        "ruku": 514,
        "word_number_in_verse": 4,
        "language_code": "en",
        "text": "and will hang low",
        "root_word": "وَذُلِّلَتۡ",
        "global_word_sequence_number": 74804,
        "global_verse_sequence_number": 5605
    },
    {
        "chapter": 76,
        "verse": 14,
        "juz": 29,
        "hizb": 231,
        "manzil": 7,
        "ruku": 514,
        "word_number_in_verse": 5,
        "language_code": "en",
        "text": "its cluster of fruits",
        "root_word": "قُطُوفُهَا",
        "global_word_sequence_number": 74805,
        "global_verse_sequence_number": 5605
    },
    {
        "chapter": 76,
        "verse": 14,
        "juz": 29,
        "hizb": 231,
        "manzil": 7,
        "ruku": 514,
        "word_number_in_verse": 6,
        "language_code": "en",
        "text": "dangling low",
        "root_word": "تَذۡلِيلٗا",
        "global_word_sequence_number": 74806,
        "global_verse_sequence_number": 5605
    },
    {
        "chapter": 76,
        "verse": 15,
        "juz": 29,
        "hizb": 231,
        "manzil": 7,
        "ruku": 514,
        "word_number_in_verse": 1,
        "language_code": "en",
        "text": "And will be circulated",
        "root_word": "وَيُطَافُ",
        "global_word_sequence_number": 74807,
        "global_verse_sequence_number": 5606
    },
    {
        "chapter": 76,
        "verse": 15,
        "juz": 29,
        "hizb": 231,
        "manzil": 7,
        "ruku": 514,
        "word_number_in_verse": 2,
        "language_code": "en",
        "text": "among them",
        "root_word": "عَلَيۡهِم",
        "global_word_sequence_number": 74808,
        "global_verse_sequence_number": 5606
    },
    {
        "chapter": 76,
        "verse": 15,
        "juz": 29,
        "hizb": 231,
        "manzil": 7,
        "ruku": 514,
        "word_number_in_verse": 3,
        "language_code": "en",
        "text": "vessels",
        "root_word": "بِـَٔانِيَةٖ",
        "global_word_sequence_number": 74809,
        "global_verse_sequence_number": 5606
    },
    {
        "chapter": 76,
        "verse": 15,
        "juz": 29,
        "hizb": 231,
        "manzil": 7,
        "ruku": 514,
        "word_number_in_verse": 4,
        "language_code": "en",
        "text": "of",
        "root_word": "مِّن",
        "global_word_sequence_number": 74810,
        "global_verse_sequence_number": 5606
    },
    {
        "chapter": 76,
        "verse": 15,
        "juz": 29,
        "hizb": 231,
        "manzil": 7,
        "ruku": 514,
        "word_number_in_verse": 5,
        "language_code": "en",
        "text": "silver",
        "root_word": "فِضَّةٖ",
        "global_word_sequence_number": 74811,
        "global_verse_sequence_number": 5606
    },
    {
        "chapter": 76,
        "verse": 15,
        "juz": 29,
        "hizb": 231,
        "manzil": 7,
        "ruku": 514,
        "word_number_in_verse": 6,
        "language_code": "en",
        "text": "and cups",
        "root_word": "وَأَكۡوَابٖ",
        "global_word_sequence_number": 74812,
        "global_verse_sequence_number": 5606
    },
    {
        "chapter": 76,
        "verse": 15,
        "juz": 29,
        "hizb": 231,
        "manzil": 7,
        "ruku": 514,
        "word_number_in_verse": 7,
        "language_code": "en",
        "text": "(that) are",
        "root_word": "كَانَتۡ",
        "global_word_sequence_number": 74813,
        "global_verse_sequence_number": 5606
    },
    {
        "chapter": 76,
        "verse": 15,
        "juz": 29,
        "hizb": 231,
        "manzil": 7,
        "ruku": 514,
        "word_number_in_verse": 8,
        "language_code": "en",
        "text": "(of) crystal",
        "root_word": "قَوَارِيرَا۠",
        "global_word_sequence_number": 74814,
        "global_verse_sequence_number": 5606
    },
    {
        "chapter": 76,
        "verse": 16,
        "juz": 29,
        "hizb": 231,
        "manzil": 7,
        "ruku": 514,
        "word_number_in_verse": 1,
        "language_code": "en",
        "text": "Crystal-clear",
        "root_word": "قَوَارِيرَاْ",
        "global_word_sequence_number": 74815,
        "global_verse_sequence_number": 5607
    },
    {
        "chapter": 76,
        "verse": 16,
        "juz": 29,
        "hizb": 231,
        "manzil": 7,
        "ruku": 514,
        "word_number_in_verse": 2,
        "language_code": "en",
        "text": "of",
        "root_word": "مِن",
        "global_word_sequence_number": 74816,
        "global_verse_sequence_number": 5607
    },
    {
        "chapter": 76,
        "verse": 16,
        "juz": 29,
        "hizb": 231,
        "manzil": 7,
        "ruku": 514,
        "word_number_in_verse": 3,
        "language_code": "en",
        "text": "silver",
        "root_word": "فِضَّةٖ",
        "global_word_sequence_number": 74817,
        "global_verse_sequence_number": 5607
    },
    {
        "chapter": 76,
        "verse": 16,
        "juz": 29,
        "hizb": 231,
        "manzil": 7,
        "ruku": 514,
        "word_number_in_verse": 4,
        "language_code": "en",
        "text": "They will determine its",
        "root_word": "قَدَّرُوهَا",
        "global_word_sequence_number": 74818,
        "global_verse_sequence_number": 5607
    },
    {
        "chapter": 76,
        "verse": 16,
        "juz": 29,
        "hizb": 231,
        "manzil": 7,
        "ruku": 514,
        "word_number_in_verse": 5,
        "language_code": "en",
        "text": "measure",
        "root_word": "تَقۡدِيرٗا",
        "global_word_sequence_number": 74819,
        "global_verse_sequence_number": 5607
    },
    {
        "chapter": 76,
        "verse": 17,
        "juz": 29,
        "hizb": 231,
        "manzil": 7,
        "ruku": 514,
        "word_number_in_verse": 1,
        "language_code": "en",
        "text": "And they will be given to drink",
        "root_word": "وَيُسۡقَوۡنَ",
        "global_word_sequence_number": 74820,
        "global_verse_sequence_number": 5608
    },
    {
        "chapter": 76,
        "verse": 17,
        "juz": 29,
        "hizb": 231,
        "manzil": 7,
        "ruku": 514,
        "word_number_in_verse": 2,
        "language_code": "en",
        "text": "therein",
        "root_word": "فِيهَا",
        "global_word_sequence_number": 74821,
        "global_verse_sequence_number": 5608
    },
    {
        "chapter": 76,
        "verse": 17,
        "juz": 29,
        "hizb": 231,
        "manzil": 7,
        "ruku": 514,
        "word_number_in_verse": 3,
        "language_code": "en",
        "text": "a cup",
        "root_word": "كَأۡسٗا",
        "global_word_sequence_number": 74822,
        "global_verse_sequence_number": 5608
    },
    {
        "chapter": 76,
        "verse": 17,
        "juz": 29,
        "hizb": 231,
        "manzil": 7,
        "ruku": 514,
        "word_number_in_verse": 4,
        "language_code": "en",
        "text": "is",
        "root_word": "كَانَ",
        "global_word_sequence_number": 74823,
        "global_verse_sequence_number": 5608
    },
    {
        "chapter": 76,
        "verse": 17,
        "juz": 29,
        "hizb": 231,
        "manzil": 7,
        "ruku": 514,
        "word_number_in_verse": 5,
        "language_code": "en",
        "text": "its mixture",
        "root_word": "مِزَاجُهَا",
        "global_word_sequence_number": 74824,
        "global_verse_sequence_number": 5608
    },
    {
        "chapter": 76,
        "verse": 17,
        "juz": 29,
        "hizb": 231,
        "manzil": 7,
        "ruku": 514,
        "word_number_in_verse": 6,
        "language_code": "en",
        "text": "(of) Zanjabil",
        "root_word": "زَنجَبِيلًا",
        "global_word_sequence_number": 74825,
        "global_verse_sequence_number": 5608
    },
    {
        "chapter": 76,
        "verse": 18,
        "juz": 29,
        "hizb": 231,
        "manzil": 7,
        "ruku": 514,
        "word_number_in_verse": 1,
        "language_code": "en",
        "text": "A spring",
        "root_word": "عَيۡنٗا",
        "global_word_sequence_number": 74826,
        "global_verse_sequence_number": 5609
    },
    {
        "chapter": 76,
        "verse": 18,
        "juz": 29,
        "hizb": 231,
        "manzil": 7,
        "ruku": 514,
        "word_number_in_verse": 2,
        "language_code": "en",
        "text": "therein",
        "root_word": "فِيهَا",
        "global_word_sequence_number": 74827,
        "global_verse_sequence_number": 5609
    },
    {
        "chapter": 76,
        "verse": 18,
        "juz": 29,
        "hizb": 231,
        "manzil": 7,
        "ruku": 514,
        "word_number_in_verse": 3,
        "language_code": "en",
        "text": "named",
        "root_word": "تُسَمَّىٰ",
        "global_word_sequence_number": 74828,
        "global_verse_sequence_number": 5609
    },
    {
        "chapter": 76,
        "verse": 18,
        "juz": 29,
        "hizb": 231,
        "manzil": 7,
        "ruku": 514,
        "word_number_in_verse": 4,
        "language_code": "en",
        "text": "Salsabil",
        "root_word": "سَلۡسَبِيلٗا",
        "global_word_sequence_number": 74829,
        "global_verse_sequence_number": 5609
    },
    {
        "chapter": 76,
        "verse": 19,
        "juz": 29,
        "hizb": 232,
        "manzil": 7,
        "ruku": 514,
        "word_number_in_verse": 1,
        "language_code": "en",
        "text": "And will circulate",
        "root_word": "۞وَيَطُوفُ",
        "global_word_sequence_number": 74830,
        "global_verse_sequence_number": 5610
    },
    {
        "chapter": 76,
        "verse": 19,
        "juz": 29,
        "hizb": 232,
        "manzil": 7,
        "ruku": 514,
        "word_number_in_verse": 2,
        "language_code": "en",
        "text": "among them",
        "root_word": "عَلَيۡهِمۡ",
        "global_word_sequence_number": 74831,
        "global_verse_sequence_number": 5610
    },
    {
        "chapter": 76,
        "verse": 19,
        "juz": 29,
        "hizb": 232,
        "manzil": 7,
        "ruku": 514,
        "word_number_in_verse": 3,
        "language_code": "en",
        "text": "young boys",
        "root_word": "وِلۡدَٰنٞ",
        "global_word_sequence_number": 74832,
        "global_verse_sequence_number": 5610
    },
    {
        "chapter": 76,
        "verse": 19,
        "juz": 29,
        "hizb": 232,
        "manzil": 7,
        "ruku": 514,
        "word_number_in_verse": 4,
        "language_code": "en",
        "text": "made eternal",
        "root_word": "مُّخَلَّدُونَ",
        "global_word_sequence_number": 74833,
        "global_verse_sequence_number": 5610
    },
    {
        "chapter": 76,
        "verse": 19,
        "juz": 29,
        "hizb": 232,
        "manzil": 7,
        "ruku": 514,
        "word_number_in_verse": 5,
        "language_code": "en",
        "text": "When",
        "root_word": "إِذَا",
        "global_word_sequence_number": 74834,
        "global_verse_sequence_number": 5610
    },
    {
        "chapter": 76,
        "verse": 19,
        "juz": 29,
        "hizb": 232,
        "manzil": 7,
        "ruku": 514,
        "word_number_in_verse": 6,
        "language_code": "en",
        "text": "you see them",
        "root_word": "رَأَيۡتَهُمۡ",
        "global_word_sequence_number": 74835,
        "global_verse_sequence_number": 5610
    },
    {
        "chapter": 76,
        "verse": 19,
        "juz": 29,
        "hizb": 232,
        "manzil": 7,
        "ruku": 514,
        "word_number_in_verse": 7,
        "language_code": "en",
        "text": "you would think them",
        "root_word": "حَسِبۡتَهُمۡ",
        "global_word_sequence_number": 74836,
        "global_verse_sequence_number": 5610
    },
    {
        "chapter": 76,
        "verse": 19,
        "juz": 29,
        "hizb": 232,
        "manzil": 7,
        "ruku": 514,
        "word_number_in_verse": 8,
        "language_code": "en",
        "text": "(to be) pearls",
        "root_word": "لُؤۡلُؤٗا",
        "global_word_sequence_number": 74837,
        "global_verse_sequence_number": 5610
    },
    {
        "chapter": 76,
        "verse": 19,
        "juz": 29,
        "hizb": 232,
        "manzil": 7,
        "ruku": 514,
        "word_number_in_verse": 9,
        "language_code": "en",
        "text": "scattered",
        "root_word": "مَّنثُورٗا",
        "global_word_sequence_number": 74838,
        "global_verse_sequence_number": 5610
    },
    {
        "chapter": 76,
        "verse": 20,
        "juz": 29,
        "hizb": 232,
        "manzil": 7,
        "ruku": 514,
        "word_number_in_verse": 1,
        "language_code": "en",
        "text": "And when",
        "root_word": "وَإِذَا",
        "global_word_sequence_number": 74839,
        "global_verse_sequence_number": 5611
    },
    {
        "chapter": 76,
        "verse": 20,
        "juz": 29,
        "hizb": 232,
        "manzil": 7,
        "ruku": 514,
        "word_number_in_verse": 2,
        "language_code": "en",
        "text": "you look",
        "root_word": "رَأَيۡتَ",
        "global_word_sequence_number": 74840,
        "global_verse_sequence_number": 5611
    },
    {
        "chapter": 76,
        "verse": 20,
        "juz": 29,
        "hizb": 232,
        "manzil": 7,
        "ruku": 514,
        "word_number_in_verse": 3,
        "language_code": "en",
        "text": "then",
        "root_word": "ثَمَّ",
        "global_word_sequence_number": 74841,
        "global_verse_sequence_number": 5611
    },
    {
        "chapter": 76,
        "verse": 20,
        "juz": 29,
        "hizb": 232,
        "manzil": 7,
        "ruku": 514,
        "word_number_in_verse": 4,
        "language_code": "en",
        "text": "you will see",
        "root_word": "رَأَيۡتَ",
        "global_word_sequence_number": 74842,
        "global_verse_sequence_number": 5611
    },
    {
        "chapter": 76,
        "verse": 20,
        "juz": 29,
        "hizb": 232,
        "manzil": 7,
        "ruku": 514,
        "word_number_in_verse": 5,
        "language_code": "en",
        "text": "blessings",
        "root_word": "نَعِيمٗا",
        "global_word_sequence_number": 74843,
        "global_verse_sequence_number": 5611
    },
    {
        "chapter": 76,
        "verse": 20,
        "juz": 29,
        "hizb": 232,
        "manzil": 7,
        "ruku": 514,
        "word_number_in_verse": 6,
        "language_code": "en",
        "text": "and a kingdom",
        "root_word": "وَمُلۡكٗا",
        "global_word_sequence_number": 74844,
        "global_verse_sequence_number": 5611
    },
    {
        "chapter": 76,
        "verse": 20,
        "juz": 29,
        "hizb": 232,
        "manzil": 7,
        "ruku": 514,
        "word_number_in_verse": 7,
        "language_code": "en",
        "text": "great",
        "root_word": "كَبِيرًا",
        "global_word_sequence_number": 74845,
        "global_verse_sequence_number": 5611
    },
    {
        "chapter": 76,
        "verse": 21,
        "juz": 29,
        "hizb": 232,
        "manzil": 7,
        "ruku": 514,
        "word_number_in_verse": 1,
        "language_code": "en",
        "text": "Upon them",
        "root_word": "عَٰلِيَهُمۡ",
        "global_word_sequence_number": 74846,
        "global_verse_sequence_number": 5612
    },
    {
        "chapter": 76,
        "verse": 21,
        "juz": 29,
        "hizb": 232,
        "manzil": 7,
        "ruku": 514,
        "word_number_in_verse": 2,
        "language_code": "en",
        "text": "(will be) garments",
        "root_word": "ثِيَابُ",
        "global_word_sequence_number": 74847,
        "global_verse_sequence_number": 5612
    },
    {
        "chapter": 76,
        "verse": 21,
        "juz": 29,
        "hizb": 232,
        "manzil": 7,
        "ruku": 514,
        "word_number_in_verse": 3,
        "language_code": "en",
        "text": "(of) fine silk",
        "root_word": "سُندُسٍ",
        "global_word_sequence_number": 74848,
        "global_verse_sequence_number": 5612
    },
    {
        "chapter": 76,
        "verse": 21,
        "juz": 29,
        "hizb": 232,
        "manzil": 7,
        "ruku": 514,
        "word_number_in_verse": 4,
        "language_code": "en",
        "text": "green",
        "root_word": "خُضۡرٞ",
        "global_word_sequence_number": 74849,
        "global_verse_sequence_number": 5612
    },
    {
        "chapter": 76,
        "verse": 21,
        "juz": 29,
        "hizb": 232,
        "manzil": 7,
        "ruku": 514,
        "word_number_in_verse": 5,
        "language_code": "en",
        "text": "and heavy brocade",
        "root_word": "وَإِسۡتَبۡرَقٞۖ",
        "global_word_sequence_number": 74850,
        "global_verse_sequence_number": 5612
    },
    {
        "chapter": 76,
        "verse": 21,
        "juz": 29,
        "hizb": 232,
        "manzil": 7,
        "ruku": 514,
        "word_number_in_verse": 6,
        "language_code": "en",
        "text": "And they will be adorned",
        "root_word": "وَحُلُّوٓاْ",
        "global_word_sequence_number": 74851,
        "global_verse_sequence_number": 5612
    },
    {
        "chapter": 76,
        "verse": 21,
        "juz": 29,
        "hizb": 232,
        "manzil": 7,
        "ruku": 514,
        "word_number_in_verse": 7,
        "language_code": "en",
        "text": "(with) bracelets",
        "root_word": "أَسَاوِرَ",
        "global_word_sequence_number": 74852,
        "global_verse_sequence_number": 5612
    },
    {
        "chapter": 76,
        "verse": 21,
        "juz": 29,
        "hizb": 232,
        "manzil": 7,
        "ruku": 514,
        "word_number_in_verse": 8,
        "language_code": "en",
        "text": "of",
        "root_word": "مِن",
        "global_word_sequence_number": 74853,
        "global_verse_sequence_number": 5612
    },
    {
        "chapter": 76,
        "verse": 21,
        "juz": 29,
        "hizb": 232,
        "manzil": 7,
        "ruku": 514,
        "word_number_in_verse": 9,
        "language_code": "en",
        "text": "silver",
        "root_word": "فِضَّةٖ",
        "global_word_sequence_number": 74854,
        "global_verse_sequence_number": 5612
    },
    {
        "chapter": 76,
        "verse": 21,
        "juz": 29,
        "hizb": 232,
        "manzil": 7,
        "ruku": 514,
        "word_number_in_verse": 10,
        "language_code": "en",
        "text": "and will give them to drink",
        "root_word": "وَسَقَىٰهُمۡ",
        "global_word_sequence_number": 74855,
        "global_verse_sequence_number": 5612
    },
    {
        "chapter": 76,
        "verse": 21,
        "juz": 29,
        "hizb": 232,
        "manzil": 7,
        "ruku": 514,
        "word_number_in_verse": 11,
        "language_code": "en",
        "text": "their Lord",
        "root_word": "رَبُّهُمۡ",
        "global_word_sequence_number": 74856,
        "global_verse_sequence_number": 5612
    },
    {
        "chapter": 76,
        "verse": 21,
        "juz": 29,
        "hizb": 232,
        "manzil": 7,
        "ruku": 514,
        "word_number_in_verse": 12,
        "language_code": "en",
        "text": "a drink",
        "root_word": "شَرَابٗا",
        "global_word_sequence_number": 74857,
        "global_verse_sequence_number": 5612
    },
    {
        "chapter": 76,
        "verse": 21,
        "juz": 29,
        "hizb": 232,
        "manzil": 7,
        "ruku": 514,
        "word_number_in_verse": 13,
        "language_code": "en",
        "text": "pure",
        "root_word": "طَهُورًا",
        "global_word_sequence_number": 74858,
        "global_verse_sequence_number": 5612
    },
    {
        "chapter": 76,
        "verse": 22,
        "juz": 29,
        "hizb": 232,
        "manzil": 7,
        "ruku": 514,
        "word_number_in_verse": 1,
        "language_code": "en",
        "text": "Indeed",
        "root_word": "إِنَّ",
        "global_word_sequence_number": 74859,
        "global_verse_sequence_number": 5613
    },
    {
        "chapter": 76,
        "verse": 22,
        "juz": 29,
        "hizb": 232,
        "manzil": 7,
        "ruku": 514,
        "word_number_in_verse": 2,
        "language_code": "en",
        "text": "this",
        "root_word": "هَٰذَا",
        "global_word_sequence_number": 74860,
        "global_verse_sequence_number": 5613
    },
    {
        "chapter": 76,
        "verse": 22,
        "juz": 29,
        "hizb": 232,
        "manzil": 7,
        "ruku": 514,
        "word_number_in_verse": 3,
        "language_code": "en",
        "text": "is",
        "root_word": "كَانَ",
        "global_word_sequence_number": 74861,
        "global_verse_sequence_number": 5613
    },
    {
        "chapter": 76,
        "verse": 22,
        "juz": 29,
        "hizb": 232,
        "manzil": 7,
        "ruku": 514,
        "word_number_in_verse": 4,
        "language_code": "en",
        "text": "for you",
        "root_word": "لَكُمۡ",
        "global_word_sequence_number": 74862,
        "global_verse_sequence_number": 5613
    },
    {
        "chapter": 76,
        "verse": 22,
        "juz": 29,
        "hizb": 232,
        "manzil": 7,
        "ruku": 514,
        "word_number_in_verse": 5,
        "language_code": "en",
        "text": "a reward",
        "root_word": "جَزَآءٗ",
        "global_word_sequence_number": 74863,
        "global_verse_sequence_number": 5613
    },
    {
        "chapter": 76,
        "verse": 22,
        "juz": 29,
        "hizb": 232,
        "manzil": 7,
        "ruku": 514,
        "word_number_in_verse": 6,
        "language_code": "en",
        "text": "and has been",
        "root_word": "وَكَانَ",
        "global_word_sequence_number": 74864,
        "global_verse_sequence_number": 5613
    },
    {
        "chapter": 76,
        "verse": 22,
        "juz": 29,
        "hizb": 232,
        "manzil": 7,
        "ruku": 514,
        "word_number_in_verse": 7,
        "language_code": "en",
        "text": "your effort",
        "root_word": "سَعۡيُكُم",
        "global_word_sequence_number": 74865,
        "global_verse_sequence_number": 5613
    },
    {
        "chapter": 76,
        "verse": 22,
        "juz": 29,
        "hizb": 232,
        "manzil": 7,
        "ruku": 514,
        "word_number_in_verse": 8,
        "language_code": "en",
        "text": "appreciated",
        "root_word": "مَّشۡكُورًا",
        "global_word_sequence_number": 74866,
        "global_verse_sequence_number": 5613
    },
    {
        "chapter": 76,
        "verse": 23,
        "juz": 29,
        "hizb": 232,
        "manzil": 7,
        "ruku": 515,
        "word_number_in_verse": 1,
        "language_code": "en",
        "text": "Indeed We",
        "root_word": "إِنَّا",
        "global_word_sequence_number": 74867,
        "global_verse_sequence_number": 5614
    },
    {
        "chapter": 76,
        "verse": 23,
        "juz": 29,
        "hizb": 232,
        "manzil": 7,
        "ruku": 515,
        "word_number_in_verse": 2,
        "language_code": "en",
        "text": "[We]",
        "root_word": "نَحۡنُ",
        "global_word_sequence_number": 74868,
        "global_verse_sequence_number": 5614
    },
    {
        "chapter": 76,
        "verse": 23,
        "juz": 29,
        "hizb": 232,
        "manzil": 7,
        "ruku": 515,
        "word_number_in_verse": 3,
        "language_code": "en",
        "text": "[We] revealed",
        "root_word": "نَزَّلۡنَا",
        "global_word_sequence_number": 74869,
        "global_verse_sequence_number": 5614
    },
    {
        "chapter": 76,
        "verse": 23,
        "juz": 29,
        "hizb": 232,
        "manzil": 7,
        "ruku": 515,
        "word_number_in_verse": 4,
        "language_code": "en",
        "text": "to you",
        "root_word": "عَلَيۡكَ",
        "global_word_sequence_number": 74870,
        "global_verse_sequence_number": 5614
    },
    {
        "chapter": 76,
        "verse": 23,
        "juz": 29,
        "hizb": 232,
        "manzil": 7,
        "ruku": 515,
        "word_number_in_verse": 5,
        "language_code": "en",
        "text": "the Quran",
        "root_word": "الۡقُرۡءَانَ",
        "global_word_sequence_number": 74871,
        "global_verse_sequence_number": 5614
    },
    {
        "chapter": 76,
        "verse": 23,
        "juz": 29,
        "hizb": 232,
        "manzil": 7,
        "ruku": 515,
        "word_number_in_verse": 6,
        "language_code": "en",
        "text": "progressively",
        "root_word": "تَنزِيلٗا",
        "global_word_sequence_number": 74872,
        "global_verse_sequence_number": 5614
    },
    {
        "chapter": 76,
        "verse": 24,
        "juz": 29,
        "hizb": 232,
        "manzil": 7,
        "ruku": 515,
        "word_number_in_verse": 1,
        "language_code": "en",
        "text": "So be patient",
        "root_word": "فَاصۡبِرۡ",
        "global_word_sequence_number": 74873,
        "global_verse_sequence_number": 5615
    },
    {
        "chapter": 76,
        "verse": 24,
        "juz": 29,
        "hizb": 232,
        "manzil": 7,
        "ruku": 515,
        "word_number_in_verse": 2,
        "language_code": "en",
        "text": "for (the) Command",
        "root_word": "لِحُكۡمِ",
        "global_word_sequence_number": 74874,
        "global_verse_sequence_number": 5615
    },
    {
        "chapter": 76,
        "verse": 24,
        "juz": 29,
        "hizb": 232,
        "manzil": 7,
        "ruku": 515,
        "word_number_in_verse": 3,
        "language_code": "en",
        "text": "(of) your Lord",
        "root_word": "رَبِّكَ",
        "global_word_sequence_number": 74875,
        "global_verse_sequence_number": 5615
    },
    {
        "chapter": 76,
        "verse": 24,
        "juz": 29,
        "hizb": 232,
        "manzil": 7,
        "ruku": 515,
        "word_number_in_verse": 4,
        "language_code": "en",
        "text": "and (do) not",
        "root_word": "وَلَا",
        "global_word_sequence_number": 74876,
        "global_verse_sequence_number": 5615
    },
    {
        "chapter": 76,
        "verse": 24,
        "juz": 29,
        "hizb": 232,
        "manzil": 7,
        "ruku": 515,
        "word_number_in_verse": 5,
        "language_code": "en",
        "text": "obey",
        "root_word": "تُطِعۡ",
        "global_word_sequence_number": 74877,
        "global_verse_sequence_number": 5615
    },
    {
        "chapter": 76,
        "verse": 24,
        "juz": 29,
        "hizb": 232,
        "manzil": 7,
        "ruku": 515,
        "word_number_in_verse": 6,
        "language_code": "en",
        "text": "from them",
        "root_word": "مِنۡهُمۡ",
        "global_word_sequence_number": 74878,
        "global_verse_sequence_number": 5615
    },
    {
        "chapter": 76,
        "verse": 24,
        "juz": 29,
        "hizb": 232,
        "manzil": 7,
        "ruku": 515,
        "word_number_in_verse": 7,
        "language_code": "en",
        "text": "any sinner",
        "root_word": "ءَاثِمًا",
        "global_word_sequence_number": 74879,
        "global_verse_sequence_number": 5615
    },
    {
        "chapter": 76,
        "verse": 24,
        "juz": 29,
        "hizb": 232,
        "manzil": 7,
        "ruku": 515,
        "word_number_in_verse": 8,
        "language_code": "en",
        "text": "or",
        "root_word": "أَوۡ",
        "global_word_sequence_number": 74880,
        "global_verse_sequence_number": 5615
    },
    {
        "chapter": 76,
        "verse": 24,
        "juz": 29,
        "hizb": 232,
        "manzil": 7,
        "ruku": 515,
        "word_number_in_verse": 9,
        "language_code": "en",
        "text": "disbeliever",
        "root_word": "كَفُورٗا",
        "global_word_sequence_number": 74881,
        "global_verse_sequence_number": 5615
    },
    {
        "chapter": 76,
        "verse": 25,
        "juz": 29,
        "hizb": 232,
        "manzil": 7,
        "ruku": 515,
        "word_number_in_verse": 1,
        "language_code": "en",
        "text": "And remember",
        "root_word": "وَاذۡكُرِ",
        "global_word_sequence_number": 74882,
        "global_verse_sequence_number": 5616
    },
    {
        "chapter": 76,
        "verse": 25,
        "juz": 29,
        "hizb": 232,
        "manzil": 7,
        "ruku": 515,
        "word_number_in_verse": 2,
        "language_code": "en",
        "text": "(the) name",
        "root_word": "اسۡمَ",
        "global_word_sequence_number": 74883,
        "global_verse_sequence_number": 5616
    },
    {
        "chapter": 76,
        "verse": 25,
        "juz": 29,
        "hizb": 232,
        "manzil": 7,
        "ruku": 515,
        "word_number_in_verse": 3,
        "language_code": "en",
        "text": "(of) your Lord",
        "root_word": "رَبِّكَ",
        "global_word_sequence_number": 74884,
        "global_verse_sequence_number": 5616
    },
    {
        "chapter": 76,
        "verse": 25,
        "juz": 29,
        "hizb": 232,
        "manzil": 7,
        "ruku": 515,
        "word_number_in_verse": 4,
        "language_code": "en",
        "text": "morning",
        "root_word": "بُكۡرَةٗ",
        "global_word_sequence_number": 74885,
        "global_verse_sequence_number": 5616
    },
    {
        "chapter": 76,
        "verse": 25,
        "juz": 29,
        "hizb": 232,
        "manzil": 7,
        "ruku": 515,
        "word_number_in_verse": 5,
        "language_code": "en",
        "text": "and evening",
        "root_word": "وَأَصِيلٗا",
        "global_word_sequence_number": 74886,
        "global_verse_sequence_number": 5616
    },
    {
        "chapter": 76,
        "verse": 26,
        "juz": 29,
        "hizb": 232,
        "manzil": 7,
        "ruku": 515,
        "word_number_in_verse": 1,
        "language_code": "en",
        "text": "And of",
        "root_word": "وَمِنَ",
        "global_word_sequence_number": 74887,
        "global_verse_sequence_number": 5617
    },
    {
        "chapter": 76,
        "verse": 26,
        "juz": 29,
        "hizb": 232,
        "manzil": 7,
        "ruku": 515,
        "word_number_in_verse": 2,
        "language_code": "en",
        "text": "the night",
        "root_word": "الَّيۡلِ",
        "global_word_sequence_number": 74888,
        "global_verse_sequence_number": 5617
    },
    {
        "chapter": 76,
        "verse": 26,
        "juz": 29,
        "hizb": 232,
        "manzil": 7,
        "ruku": 515,
        "word_number_in_verse": 3,
        "language_code": "en",
        "text": "prostrate",
        "root_word": "فَاسۡجُدۡ",
        "global_word_sequence_number": 74889,
        "global_verse_sequence_number": 5617
    },
    {
        "chapter": 76,
        "verse": 26,
        "juz": 29,
        "hizb": 232,
        "manzil": 7,
        "ruku": 515,
        "word_number_in_verse": 4,
        "language_code": "en",
        "text": "to Him",
        "root_word": "لَهُۥ",
        "global_word_sequence_number": 74890,
        "global_verse_sequence_number": 5617
    },
    {
        "chapter": 76,
        "verse": 26,
        "juz": 29,
        "hizb": 232,
        "manzil": 7,
        "ruku": 515,
        "word_number_in_verse": 5,
        "language_code": "en",
        "text": "and glorify Him",
        "root_word": "وَسَبِّحۡهُ",
        "global_word_sequence_number": 74891,
        "global_verse_sequence_number": 5617
    },
    {
        "chapter": 76,
        "verse": 26,
        "juz": 29,
        "hizb": 232,
        "manzil": 7,
        "ruku": 515,
        "word_number_in_verse": 6,
        "language_code": "en",
        "text": "a night",
        "root_word": "لَيۡلٗا",
        "global_word_sequence_number": 74892,
        "global_verse_sequence_number": 5617
    },
    {
        "chapter": 76,
        "verse": 26,
        "juz": 29,
        "hizb": 232,
        "manzil": 7,
        "ruku": 515,
        "word_number_in_verse": 7,
        "language_code": "en",
        "text": "long",
        "root_word": "طَوِيلًا",
        "global_word_sequence_number": 74893,
        "global_verse_sequence_number": 5617
    },
    {
        "chapter": 76,
        "verse": 27,
        "juz": 29,
        "hizb": 232,
        "manzil": 7,
        "ruku": 515,
        "word_number_in_verse": 1,
        "language_code": "en",
        "text": "Indeed",
        "root_word": "إِنَّ",
        "global_word_sequence_number": 74894,
        "global_verse_sequence_number": 5618
    },
    {
        "chapter": 76,
        "verse": 27,
        "juz": 29,
        "hizb": 232,
        "manzil": 7,
        "ruku": 515,
        "word_number_in_verse": 2,
        "language_code": "en",
        "text": "these",
        "root_word": "هَٰٓؤُلَآءِ",
        "global_word_sequence_number": 74895,
        "global_verse_sequence_number": 5618
    },
    {
        "chapter": 76,
        "verse": 27,
        "juz": 29,
        "hizb": 232,
        "manzil": 7,
        "ruku": 515,
        "word_number_in_verse": 3,
        "language_code": "en",
        "text": "love",
        "root_word": "يُحِبُّونَ",
        "global_word_sequence_number": 74896,
        "global_verse_sequence_number": 5618
    },
    {
        "chapter": 76,
        "verse": 27,
        "juz": 29,
        "hizb": 232,
        "manzil": 7,
        "ruku": 515,
        "word_number_in_verse": 4,
        "language_code": "en",
        "text": "the immediate",
        "root_word": "الۡعَاجِلَةَ",
        "global_word_sequence_number": 74897,
        "global_verse_sequence_number": 5618
    },
    {
        "chapter": 76,
        "verse": 27,
        "juz": 29,
        "hizb": 232,
        "manzil": 7,
        "ruku": 515,
        "word_number_in_verse": 5,
        "language_code": "en",
        "text": "and leave",
        "root_word": "وَيَذَرُونَ",
        "global_word_sequence_number": 74898,
        "global_verse_sequence_number": 5618
    },
    {
        "chapter": 76,
        "verse": 27,
        "juz": 29,
        "hizb": 232,
        "manzil": 7,
        "ruku": 515,
        "word_number_in_verse": 6,
        "language_code": "en",
        "text": "behind them",
        "root_word": "وَرَآءَهُمۡ",
        "global_word_sequence_number": 74899,
        "global_verse_sequence_number": 5618
    },
    {
        "chapter": 76,
        "verse": 27,
        "juz": 29,
        "hizb": 232,
        "manzil": 7,
        "ruku": 515,
        "word_number_in_verse": 7,
        "language_code": "en",
        "text": "a Day",
        "root_word": "يَوۡمٗا",
        "global_word_sequence_number": 74900,
        "global_verse_sequence_number": 5618
    },
    {
        "chapter": 76,
        "verse": 27,
        "juz": 29,
        "hizb": 232,
        "manzil": 7,
        "ruku": 515,
        "word_number_in_verse": 8,
        "language_code": "en",
        "text": "grave",
        "root_word": "ثَقِيلٗا",
        "global_word_sequence_number": 74901,
        "global_verse_sequence_number": 5618
    },
    {
        "chapter": 76,
        "verse": 28,
        "juz": 29,
        "hizb": 232,
        "manzil": 7,
        "ruku": 515,
        "word_number_in_verse": 1,
        "language_code": "en",
        "text": "We",
        "root_word": "نَّحۡنُ",
        "global_word_sequence_number": 74902,
        "global_verse_sequence_number": 5619
    },
    {
        "chapter": 76,
        "verse": 28,
        "juz": 29,
        "hizb": 232,
        "manzil": 7,
        "ruku": 515,
        "word_number_in_verse": 2,
        "language_code": "en",
        "text": "created them",
        "root_word": "خَلَقۡنَٰهُمۡ",
        "global_word_sequence_number": 74903,
        "global_verse_sequence_number": 5619
    },
    {
        "chapter": 76,
        "verse": 28,
        "juz": 29,
        "hizb": 232,
        "manzil": 7,
        "ruku": 515,
        "word_number_in_verse": 3,
        "language_code": "en",
        "text": "and We strengthened",
        "root_word": "وَشَدَدۡنَآ",
        "global_word_sequence_number": 74904,
        "global_verse_sequence_number": 5619
    },
    {
        "chapter": 76,
        "verse": 28,
        "juz": 29,
        "hizb": 232,
        "manzil": 7,
        "ruku": 515,
        "word_number_in_verse": 4,
        "language_code": "en",
        "text": "their forms",
        "root_word": "أَسۡرَهُمۡۖ",
        "global_word_sequence_number": 74905,
        "global_verse_sequence_number": 5619
    },
    {
        "chapter": 76,
        "verse": 28,
        "juz": 29,
        "hizb": 232,
        "manzil": 7,
        "ruku": 515,
        "word_number_in_verse": 5,
        "language_code": "en",
        "text": "and when",
        "root_word": "وَإِذَا",
        "global_word_sequence_number": 74906,
        "global_verse_sequence_number": 5619
    },
    {
        "chapter": 76,
        "verse": 28,
        "juz": 29,
        "hizb": 232,
        "manzil": 7,
        "ruku": 515,
        "word_number_in_verse": 6,
        "language_code": "en",
        "text": "We will",
        "root_word": "شِئۡنَا",
        "global_word_sequence_number": 74907,
        "global_verse_sequence_number": 5619
    },
    {
        "chapter": 76,
        "verse": 28,
        "juz": 29,
        "hizb": 232,
        "manzil": 7,
        "ruku": 515,
        "word_number_in_verse": 7,
        "language_code": "en",
        "text": "We can change",
        "root_word": "بَدَّلۡنَآ",
        "global_word_sequence_number": 74908,
        "global_verse_sequence_number": 5619
    },
    {
        "chapter": 76,
        "verse": 28,
        "juz": 29,
        "hizb": 232,
        "manzil": 7,
        "ruku": 515,
        "word_number_in_verse": 8,
        "language_code": "en",
        "text": "their likeness[es]",
        "root_word": "أَمۡثَٰلَهُمۡ",
        "global_word_sequence_number": 74909,
        "global_verse_sequence_number": 5619
    },
    {
        "chapter": 76,
        "verse": 28,
        "juz": 29,
        "hizb": 232,
        "manzil": 7,
        "ruku": 515,
        "word_number_in_verse": 9,
        "language_code": "en",
        "text": "(with) a change",
        "root_word": "تَبۡدِيلًا",
        "global_word_sequence_number": 74910,
        "global_verse_sequence_number": 5619
    },
    {
        "chapter": 76,
        "verse": 29,
        "juz": 29,
        "hizb": 232,
        "manzil": 7,
        "ruku": 515,
        "word_number_in_verse": 1,
        "language_code": "en",
        "text": "Indeed",
        "root_word": "إِنَّ",
        "global_word_sequence_number": 74911,
        "global_verse_sequence_number": 5620
    },
    {
        "chapter": 76,
        "verse": 29,
        "juz": 29,
        "hizb": 232,
        "manzil": 7,
        "ruku": 515,
        "word_number_in_verse": 2,
        "language_code": "en",
        "text": "this",
        "root_word": "هَٰذِهِۦ",
        "global_word_sequence_number": 74912,
        "global_verse_sequence_number": 5620
    },
    {
        "chapter": 76,
        "verse": 29,
        "juz": 29,
        "hizb": 232,
        "manzil": 7,
        "ruku": 515,
        "word_number_in_verse": 3,
        "language_code": "en",
        "text": "(is) a reminder",
        "root_word": "تَذۡكِرَةٞۖ",
        "global_word_sequence_number": 74913,
        "global_verse_sequence_number": 5620
    },
    {
        "chapter": 76,
        "verse": 29,
        "juz": 29,
        "hizb": 232,
        "manzil": 7,
        "ruku": 515,
        "word_number_in_verse": 4,
        "language_code": "en",
        "text": "so whoever",
        "root_word": "فَمَن",
        "global_word_sequence_number": 74914,
        "global_verse_sequence_number": 5620
    },
    {
        "chapter": 76,
        "verse": 29,
        "juz": 29,
        "hizb": 232,
        "manzil": 7,
        "ruku": 515,
        "word_number_in_verse": 5,
        "language_code": "en",
        "text": "wills",
        "root_word": "شَآءَ",
        "global_word_sequence_number": 74915,
        "global_verse_sequence_number": 5620
    },
    {
        "chapter": 76,
        "verse": 29,
        "juz": 29,
        "hizb": 232,
        "manzil": 7,
        "ruku": 515,
        "word_number_in_verse": 6,
        "language_code": "en",
        "text": "let him take",
        "root_word": "اتَّخَذَ",
        "global_word_sequence_number": 74916,
        "global_verse_sequence_number": 5620
    },
    {
        "chapter": 76,
        "verse": 29,
        "juz": 29,
        "hizb": 232,
        "manzil": 7,
        "ruku": 515,
        "word_number_in_verse": 7,
        "language_code": "en",
        "text": "to",
        "root_word": "إِلَىٰ",
        "global_word_sequence_number": 74917,
        "global_verse_sequence_number": 5620
    },
    {
        "chapter": 76,
        "verse": 29,
        "juz": 29,
        "hizb": 232,
        "manzil": 7,
        "ruku": 515,
        "word_number_in_verse": 8,
        "language_code": "en",
        "text": "his Lord",
        "root_word": "رَبِّهِۦ",
        "global_word_sequence_number": 74918,
        "global_verse_sequence_number": 5620
    },
    {
        "chapter": 76,
        "verse": 29,
        "juz": 29,
        "hizb": 232,
        "manzil": 7,
        "ruku": 515,
        "word_number_in_verse": 9,
        "language_code": "en",
        "text": "a way",
        "root_word": "سَبِيلٗا",
        "global_word_sequence_number": 74919,
        "global_verse_sequence_number": 5620
    },
    {
        "chapter": 76,
        "verse": 30,
        "juz": 29,
        "hizb": 232,
        "manzil": 7,
        "ruku": 515,
        "word_number_in_verse": 1,
        "language_code": "en",
        "text": "And not",
        "root_word": "وَمَا",
        "global_word_sequence_number": 74920,
        "global_verse_sequence_number": 5621
    },
    {
        "chapter": 76,
        "verse": 30,
        "juz": 29,
        "hizb": 232,
        "manzil": 7,
        "ruku": 515,
        "word_number_in_verse": 2,
        "language_code": "en",
        "text": "you will",
        "root_word": "تَشَآءُونَ",
        "global_word_sequence_number": 74921,
        "global_verse_sequence_number": 5621
    },
    {
        "chapter": 76,
        "verse": 30,
        "juz": 29,
        "hizb": 232,
        "manzil": 7,
        "ruku": 515,
        "word_number_in_verse": 3,
        "language_code": "en",
        "text": "except",
        "root_word": "إِلَّآ",
        "global_word_sequence_number": 74922,
        "global_verse_sequence_number": 5621
    },
    {
        "chapter": 76,
        "verse": 30,
        "juz": 29,
        "hizb": 232,
        "manzil": 7,
        "ruku": 515,
        "word_number_in_verse": 4,
        "language_code": "en",
        "text": "that",
        "root_word": "أَن",
        "global_word_sequence_number": 74923,
        "global_verse_sequence_number": 5621
    },
    {
        "chapter": 76,
        "verse": 30,
        "juz": 29,
        "hizb": 232,
        "manzil": 7,
        "ruku": 515,
        "word_number_in_verse": 5,
        "language_code": "en",
        "text": "wills",
        "root_word": "يَشَآءَ",
        "global_word_sequence_number": 74924,
        "global_verse_sequence_number": 5621
    },
    {
        "chapter": 76,
        "verse": 30,
        "juz": 29,
        "hizb": 232,
        "manzil": 7,
        "ruku": 515,
        "word_number_in_verse": 6,
        "language_code": "en",
        "text": "Allah",
        "root_word": "اللَّهُۚ",
        "global_word_sequence_number": 74925,
        "global_verse_sequence_number": 5621
    },
    {
        "chapter": 76,
        "verse": 30,
        "juz": 29,
        "hizb": 232,
        "manzil": 7,
        "ruku": 515,
        "word_number_in_verse": 7,
        "language_code": "en",
        "text": "Indeed",
        "root_word": "إِنَّ",
        "global_word_sequence_number": 74926,
        "global_verse_sequence_number": 5621
    },
    {
        "chapter": 76,
        "verse": 30,
        "juz": 29,
        "hizb": 232,
        "manzil": 7,
        "ruku": 515,
        "word_number_in_verse": 8,
        "language_code": "en",
        "text": "Allah",
        "root_word": "اللَّهَ",
        "global_word_sequence_number": 74927,
        "global_verse_sequence_number": 5621
    },
    {
        "chapter": 76,
        "verse": 30,
        "juz": 29,
        "hizb": 232,
        "manzil": 7,
        "ruku": 515,
        "word_number_in_verse": 9,
        "language_code": "en",
        "text": "is",
        "root_word": "كَانَ",
        "global_word_sequence_number": 74928,
        "global_verse_sequence_number": 5621
    },
    {
        "chapter": 76,
        "verse": 30,
        "juz": 29,
        "hizb": 232,
        "manzil": 7,
        "ruku": 515,
        "word_number_in_verse": 10,
        "language_code": "en",
        "text": "All-Knower",
        "root_word": "عَلِيمًا",
        "global_word_sequence_number": 74929,
        "global_verse_sequence_number": 5621
    },
    {
        "chapter": 76,
        "verse": 30,
        "juz": 29,
        "hizb": 232,
        "manzil": 7,
        "ruku": 515,
        "word_number_in_verse": 11,
        "language_code": "en",
        "text": "All-Wise",
        "root_word": "حَكِيمٗا",
        "global_word_sequence_number": 74930,
        "global_verse_sequence_number": 5621
    },
    {
        "chapter": 76,
        "verse": 31,
        "juz": 29,
        "hizb": 232,
        "manzil": 7,
        "ruku": 515,
        "word_number_in_verse": 1,
        "language_code": "en",
        "text": "He admits",
        "root_word": "يُدۡخِلُ",
        "global_word_sequence_number": 74931,
        "global_verse_sequence_number": 5622
    },
    {
        "chapter": 76,
        "verse": 31,
        "juz": 29,
        "hizb": 232,
        "manzil": 7,
        "ruku": 515,
        "word_number_in_verse": 2,
        "language_code": "en",
        "text": "whom",
        "root_word": "مَن",
        "global_word_sequence_number": 74932,
        "global_verse_sequence_number": 5622
    },
    {
        "chapter": 76,
        "verse": 31,
        "juz": 29,
        "hizb": 232,
        "manzil": 7,
        "ruku": 515,
        "word_number_in_verse": 3,
        "language_code": "en",
        "text": "He wills",
        "root_word": "يَشَآءُ",
        "global_word_sequence_number": 74933,
        "global_verse_sequence_number": 5622
    },
    {
        "chapter": 76,
        "verse": 31,
        "juz": 29,
        "hizb": 232,
        "manzil": 7,
        "ruku": 515,
        "word_number_in_verse": 4,
        "language_code": "en",
        "text": "into",
        "root_word": "فِي",
        "global_word_sequence_number": 74934,
        "global_verse_sequence_number": 5622
    },
    {
        "chapter": 76,
        "verse": 31,
        "juz": 29,
        "hizb": 232,
        "manzil": 7,
        "ruku": 515,
        "word_number_in_verse": 5,
        "language_code": "en",
        "text": "His mercy",
        "root_word": "رَحۡمَتِهِۦۚ",
        "global_word_sequence_number": 74935,
        "global_verse_sequence_number": 5622
    },
    {
        "chapter": 76,
        "verse": 31,
        "juz": 29,
        "hizb": 232,
        "manzil": 7,
        "ruku": 515,
        "word_number_in_verse": 6,
        "language_code": "en",
        "text": "but (for) the wrongdoers",
        "root_word": "وَالظَّٰلِمِينَ",
        "global_word_sequence_number": 74936,
        "global_verse_sequence_number": 5622
    },
    {
        "chapter": 76,
        "verse": 31,
        "juz": 29,
        "hizb": 232,
        "manzil": 7,
        "ruku": 515,
        "word_number_in_verse": 7,
        "language_code": "en",
        "text": "He has prepared",
        "root_word": "أَعَدَّ",
        "global_word_sequence_number": 74937,
        "global_verse_sequence_number": 5622
    },
    {
        "chapter": 76,
        "verse": 31,
        "juz": 29,
        "hizb": 232,
        "manzil": 7,
        "ruku": 515,
        "word_number_in_verse": 8,
        "language_code": "en",
        "text": "for them",
        "root_word": "لَهُمۡ",
        "global_word_sequence_number": 74938,
        "global_verse_sequence_number": 5622
    },
    {
        "chapter": 76,
        "verse": 31,
        "juz": 29,
        "hizb": 232,
        "manzil": 7,
        "ruku": 515,
        "word_number_in_verse": 9,
        "language_code": "en",
        "text": "a punishment",
        "root_word": "عَذَابًا",
        "global_word_sequence_number": 74939,
        "global_verse_sequence_number": 5622
    },
    {
        "chapter": 76,
        "verse": 31,
        "juz": 29,
        "hizb": 232,
        "manzil": 7,
        "ruku": 515,
        "word_number_in_verse": 10,
        "language_code": "en",
        "text": "painful",
        "root_word": "أَلِيمَۢا",
        "global_word_sequence_number": 74940,
        "global_verse_sequence_number": 5622
    }
]