[
    {
        "chapter": 77,
        "verse": 1,
        "juz": 29,
        "hizb": 232,
        "manzil": 7,
        "ruku": 516,
        "word_number_in_verse": 1,
        "language_code": "en",
        "text": "By the ones sent forth",
        "root_word": "وَالۡمُرۡسَلَٰتِ",
        "global_word_sequence_number": 74941,
        "global_verse_sequence_number": 5623
    },
    {
        "chapter": 77,
        "verse": 1,
        "juz": 29,
        "hizb": 232,
        "manzil": 7,
        "ruku": 516,
        "word_number_in_verse": 2,
        "language_code": "en",
        "text": "one after another",
        "root_word": "عُرۡفٗا",
        "global_word_sequence_number": 74942,
        "global_verse_sequence_number": 5623
    },
    {
        "chapter": 77,
        "verse": 2,
        "juz": 29,
        "hizb": 232,
        "manzil": 7,
        "ruku": 516,
        "word_number_in_verse": 1,
        "language_code": "en",
        "text": "And the winds that blow",
        "root_word": "فَالۡعَٰصِفَٰتِ",
        "global_word_sequence_number": 74943,
        "global_verse_sequence_number": 5624
    },
    {
        "chapter": 77,
        "verse": 2,
        "juz": 29,
        "hizb": 232,
        "manzil": 7,
        "ruku": 516,
        "word_number_in_verse": 2,
        "language_code": "en",
        "text": "violently",
        "root_word": "عَصۡفٗا",
        "global_word_sequence_number": 74944,
        "global_verse_sequence_number": 5624
    },
    {
        "chapter": 77,
        "verse": 3,
        "juz": 29,
        "hizb": 232,
        "manzil": 7,
        "ruku": 516,
        "word_number_in_verse": 1,
        "language_code": "en",
        "text": "And the ones that scatter",
        "root_word": "وَالنَّٰشِرَٰتِ",
        "global_word_sequence_number": 74945,
        "global_verse_sequence_number": 5625
    },
    {
        "chapter": 77,
        "verse": 3,
        "juz": 29,
        "hizb": 232,
        "manzil": 7,
        "ruku": 516,
        "word_number_in_verse": 2,
        "language_code": "en",
        "text": "far and wide",
        "root_word": "نَشۡرٗا",
        "global_word_sequence_number": 74946,
        "global_verse_sequence_number": 5625
    },
    {
        "chapter": 77,
        "verse": 4,
        "juz": 29,
        "hizb": 232,
        "manzil": 7,
        "ruku": 516,
        "word_number_in_verse": 1,
        "language_code": "en",
        "text": "And those who separate",
        "root_word": "فَالۡفَٰرِقَٰتِ",
        "global_word_sequence_number": 74947,
        "global_verse_sequence_number": 5626
    },
    {
        "chapter": 77,
        "verse": 4,
        "juz": 29,
        "hizb": 232,
        "manzil": 7,
        "ruku": 516,
        "word_number_in_verse": 2,
        "language_code": "en",
        "text": "(by the) Criterion",
        "root_word": "فَرۡقٗا",
        "global_word_sequence_number": 74948,
        "global_verse_sequence_number": 5626
    },
    {
        "chapter": 77,
        "verse": 5,
        "juz": 29,
        "hizb": 232,
        "manzil": 7,
        "ruku": 516,
        "word_number_in_verse": 1,
        "language_code": "en",
        "text": "And those who bring down",
        "root_word": "فَالۡمُلۡقِيَٰتِ",
        "global_word_sequence_number": 74949,
        "global_verse_sequence_number": 5627
    },
    {
        "chapter": 77,
        "verse": 5,
        "juz": 29,
        "hizb": 232,
        "manzil": 7,
        "ruku": 516,
        "word_number_in_verse": 2,
        "language_code": "en",
        "text": "(the) Reminder",
        "root_word": "ذِكۡرًا",
        "global_word_sequence_number": 74950,
        "global_verse_sequence_number": 5627
    },
    {
        "chapter": 77,
        "verse": 6,
        "juz": 29,
        "hizb": 232,
        "manzil": 7,
        "ruku": 516,
        "word_number_in_verse": 1,
        "language_code": "en",
        "text": "(As) justification",
        "root_word": "عُذۡرًا",
        "global_word_sequence_number": 74951,
        "global_verse_sequence_number": 5628
    },
    {
        "chapter": 77,
        "verse": 6,
        "juz": 29,
        "hizb": 232,
        "manzil": 7,
        "ruku": 516,
        "word_number_in_verse": 2,
        "language_code": "en",
        "text": "or",
        "root_word": "أَوۡ",
        "global_word_sequence_number": 74952,
        "global_verse_sequence_number": 5628
    },
    {
        "chapter": 77,
        "verse": 6,
        "juz": 29,
        "hizb": 232,
        "manzil": 7,
        "ruku": 516,
        "word_number_in_verse": 3,
        "language_code": "en",
        "text": "warning",
        "root_word": "نُذۡرًا",
        "global_word_sequence_number": 74953,
        "global_verse_sequence_number": 5628
    },
    {
        "chapter": 77,
        "verse": 7,
        "juz": 29,
        "hizb": 232,
        "manzil": 7,
        "ruku": 516,
        "word_number_in_verse": 1,
        "language_code": "en",
        "text": "Indeed what",
        "root_word": "إِنَّمَا",
        "global_word_sequence_number": 74954,
        "global_verse_sequence_number": 5629
    },
    {
        "chapter": 77,
        "verse": 7,
        "juz": 29,
        "hizb": 232,
        "manzil": 7,
        "ruku": 516,
        "word_number_in_verse": 2,
        "language_code": "en",
        "text": "you are promised",
        "root_word": "تُوعَدُونَ",
        "global_word_sequence_number": 74955,
        "global_verse_sequence_number": 5629
    },
    {
        "chapter": 77,
        "verse": 7,
        "juz": 29,
        "hizb": 232,
        "manzil": 7,
        "ruku": 516,
        "word_number_in_verse": 3,
        "language_code": "en",
        "text": "will surely occur",
        "root_word": "لَوَٰقِعٞ",
        "global_word_sequence_number": 74956,
        "global_verse_sequence_number": 5629
    },
    {
        "chapter": 77,
        "verse": 8,
        "juz": 29,
        "hizb": 232,
        "manzil": 7,
        "ruku": 516,
        "word_number_in_verse": 1,
        "language_code": "en",
        "text": "So when",
        "root_word": "فَإِذَا",
        "global_word_sequence_number": 74957,
        "global_verse_sequence_number": 5630
    },
    {
        "chapter": 77,
        "verse": 8,
        "juz": 29,
        "hizb": 232,
        "manzil": 7,
        "ruku": 516,
        "word_number_in_verse": 2,
        "language_code": "en",
        "text": "the stars",
        "root_word": "النُّجُومُ",
        "global_word_sequence_number": 74958,
        "global_verse_sequence_number": 5630
    },
    {
        "chapter": 77,
        "verse": 8,
        "juz": 29,
        "hizb": 232,
        "manzil": 7,
        "ruku": 516,
        "word_number_in_verse": 3,
        "language_code": "en",
        "text": "are obliterated",
        "root_word": "طُمِسَتۡ",
        "global_word_sequence_number": 74959,
        "global_verse_sequence_number": 5630
    },
    {
        "chapter": 77,
        "verse": 9,
        "juz": 29,
        "hizb": 232,
        "manzil": 7,
        "ruku": 516,
        "word_number_in_verse": 1,
        "language_code": "en",
        "text": "And when",
        "root_word": "وَإِذَا",
        "global_word_sequence_number": 74960,
        "global_verse_sequence_number": 5631
    },
    {
        "chapter": 77,
        "verse": 9,
        "juz": 29,
        "hizb": 232,
        "manzil": 7,
        "ruku": 516,
        "word_number_in_verse": 2,
        "language_code": "en",
        "text": "the heaven",
        "root_word": "السَّمَآءُ",
        "global_word_sequence_number": 74961,
        "global_verse_sequence_number": 5631
    },
    {
        "chapter": 77,
        "verse": 9,
        "juz": 29,
        "hizb": 232,
        "manzil": 7,
        "ruku": 516,
        "word_number_in_verse": 3,
        "language_code": "en",
        "text": "is cleft asunder",
        "root_word": "فُرِجَتۡ",
        "global_word_sequence_number": 74962,
        "global_verse_sequence_number": 5631
    },
    {
        "chapter": 77,
        "verse": 10,
        "juz": 29,
        "hizb": 232,
        "manzil": 7,
        "ruku": 516,
        "word_number_in_verse": 1,
        "language_code": "en",
        "text": "And when",
        "root_word": "وَإِذَا",
        "global_word_sequence_number": 74963,
        "global_verse_sequence_number": 5632
    },
    {
        "chapter": 77,
        "verse": 10,
        "juz": 29,
        "hizb": 232,
        "manzil": 7,
        "ruku": 516,
        "word_number_in_verse": 2,
        "language_code": "en",
        "text": "the mountains",
        "root_word": "الۡجِبَالُ",
        "global_word_sequence_number": 74964,
        "global_verse_sequence_number": 5632
    },
    {
        "chapter": 77,
        "verse": 10,
        "juz": 29,
        "hizb": 232,
        "manzil": 7,
        "ruku": 516,
        "word_number_in_verse": 3,
        "language_code": "en",
        "text": "are blown away",
        "root_word": "نُسِفَتۡ",
        "global_word_sequence_number": 74965,
        "global_verse_sequence_number": 5632
    },
    {
        "chapter": 77,
        "verse": 11,
        "juz": 29,
        "hizb": 232,
        "manzil": 7,
        "ruku": 516,
        "word_number_in_verse": 1,
        "language_code": "en",
        "text": "And when",
        "root_word": "وَإِذَا",
        "global_word_sequence_number": 74966,
        "global_verse_sequence_number": 5633
    },
    {
        "chapter": 77,
        "verse": 11,
        "juz": 29,
        "hizb": 232,
        "manzil": 7,
        "ruku": 516,
        "word_number_in_verse": 2,
        "language_code": "en",
        "text": "the Messengers",
        "root_word": "الرُّسُلُ",
        "global_word_sequence_number": 74967,
        "global_verse_sequence_number": 5633
    },
    {
        "chapter": 77,
        "verse": 11,
        "juz": 29,
        "hizb": 232,
        "manzil": 7,
        "ruku": 516,
        "word_number_in_verse": 3,
        "language_code": "en",
        "text": "are gathered to their appointed time",
        "root_word": "أُقِّتَتۡ",
        "global_word_sequence_number": 74968,
        "global_verse_sequence_number": 5633
    },
    {
        "chapter": 77,
        "verse": 12,
        "juz": 29,
        "hizb": 232,
        "manzil": 7,
        "ruku": 516,
        "word_number_in_verse": 1,
        "language_code": "en",
        "text": "For what",
        "root_word": "لِأَيِّ",
        "global_word_sequence_number": 74969,
        "global_verse_sequence_number": 5634
    },
    {
        "chapter": 77,
        "verse": 12,
        "juz": 29,
        "hizb": 232,
        "manzil": 7,
        "ruku": 516,
        "word_number_in_verse": 2,
        "language_code": "en",
        "text": "Day",
        "root_word": "يَوۡمٍ",
        "global_word_sequence_number": 74970,
        "global_verse_sequence_number": 5634
    },
    {
        "chapter": 77,
        "verse": 12,
        "juz": 29,
        "hizb": 232,
        "manzil": 7,
        "ruku": 516,
        "word_number_in_verse": 3,
        "language_code": "en",
        "text": "are (these) postponed",
        "root_word": "أُجِّلَتۡ",
        "global_word_sequence_number": 74971,
        "global_verse_sequence_number": 5634
    },
    {
        "chapter": 77,
        "verse": 13,
        "juz": 29,
        "hizb": 232,
        "manzil": 7,
        "ruku": 516,
        "word_number_in_verse": 1,
        "language_code": "en",
        "text": "For (the) Day",
        "root_word": "لِيَوۡمِ",
        "global_word_sequence_number": 74972,
        "global_verse_sequence_number": 5635
    },
    {
        "chapter": 77,
        "verse": 13,
        "juz": 29,
        "hizb": 232,
        "manzil": 7,
        "ruku": 516,
        "word_number_in_verse": 2,
        "language_code": "en",
        "text": "(of) Judgment",
        "root_word": "الۡفَصۡلِ",
        "global_word_sequence_number": 74973,
        "global_verse_sequence_number": 5635
    },
    {
        "chapter": 77,
        "verse": 14,
        "juz": 29,
        "hizb": 232,
        "manzil": 7,
        "ruku": 516,
        "word_number_in_verse": 1,
        "language_code": "en",
        "text": "And what",
        "root_word": "وَمَآ",
        "global_word_sequence_number": 74974,
        "global_verse_sequence_number": 5636
    },
    {
        "chapter": 77,
        "verse": 14,
        "juz": 29,
        "hizb": 232,
        "manzil": 7,
        "ruku": 516,
        "word_number_in_verse": 2,
        "language_code": "en",
        "text": "will make you know",
        "root_word": "أَدۡرَىٰكَ",
        "global_word_sequence_number": 74975,
        "global_verse_sequence_number": 5636
    },
    {
        "chapter": 77,
        "verse": 14,
        "juz": 29,
        "hizb": 232,
        "manzil": 7,
        "ruku": 516,
        "word_number_in_verse": 3,
        "language_code": "en",
        "text": "what",
        "root_word": "مَا",
        "global_word_sequence_number": 74976,
        "global_verse_sequence_number": 5636
    },
    {
        "chapter": 77,
        "verse": 14,
        "juz": 29,
        "hizb": 232,
        "manzil": 7,
        "ruku": 516,
        "word_number_in_verse": 4,
        "language_code": "en",
        "text": "(is the) Day",
        "root_word": "يَوۡمُ",
        "global_word_sequence_number": 74977,
        "global_verse_sequence_number": 5636
    },
    {
        "chapter": 77,
        "verse": 14,
        "juz": 29,
        "hizb": 232,
        "manzil": 7,
        "ruku": 516,
        "word_number_in_verse": 5,
        "language_code": "en",
        "text": "(of) the Judgment",
        "root_word": "الۡفَصۡلِ",
        "global_word_sequence_number": 74978,
        "global_verse_sequence_number": 5636
    },
    {
        "chapter": 77,
        "verse": 15,
        "juz": 29,
        "hizb": 232,
        "manzil": 7,
        "ruku": 516,
        "word_number_in_verse": 1,
        "language_code": "en",
        "text": "Woe",
        "root_word": "وَيۡلٞ",
        "global_word_sequence_number": 74979,
        "global_verse_sequence_number": 5637
    },
    {
        "chapter": 77,
        "verse": 15,
        "juz": 29,
        "hizb": 232,
        "manzil": 7,
        "ruku": 516,
        "word_number_in_verse": 2,
        "language_code": "en",
        "text": "that Day",
        "root_word": "يَوۡمَئِذٖ",
        "global_word_sequence_number": 74980,
        "global_verse_sequence_number": 5637
    },
    {
        "chapter": 77,
        "verse": 15,
        "juz": 29,
        "hizb": 232,
        "manzil": 7,
        "ruku": 516,
        "word_number_in_verse": 3,
        "language_code": "en",
        "text": "to the deniers",
        "root_word": "لِّلۡمُكَذِّبِينَ",
        "global_word_sequence_number": 74981,
        "global_verse_sequence_number": 5637
    },
    {
        "chapter": 77,
        "verse": 16,
        "juz": 29,
        "hizb": 232,
        "manzil": 7,
        "ruku": 516,
        "word_number_in_verse": 1,
        "language_code": "en",
        "text": "Did not",
        "root_word": "أَلَمۡ",
        "global_word_sequence_number": 74982,
        "global_verse_sequence_number": 5638
    },
    {
        "chapter": 77,
        "verse": 16,
        "juz": 29,
        "hizb": 232,
        "manzil": 7,
        "ruku": 516,
        "word_number_in_verse": 2,
        "language_code": "en",
        "text": "We destroy",
        "root_word": "نُهۡلِكِ",
        "global_word_sequence_number": 74983,
        "global_verse_sequence_number": 5638
    },
    {
        "chapter": 77,
        "verse": 16,
        "juz": 29,
        "hizb": 232,
        "manzil": 7,
        "ruku": 516,
        "word_number_in_verse": 3,
        "language_code": "en",
        "text": "the former (people)",
        "root_word": "الۡأَوَّلِينَ",
        "global_word_sequence_number": 74984,
        "global_verse_sequence_number": 5638
    },
    {
        "chapter": 77,
        "verse": 17,
        "juz": 29,
        "hizb": 232,
        "manzil": 7,
        "ruku": 516,
        "word_number_in_verse": 1,
        "language_code": "en",
        "text": "Then",
        "root_word": "ثُمَّ",
        "global_word_sequence_number": 74985,
        "global_verse_sequence_number": 5639
    },
    {
        "chapter": 77,
        "verse": 17,
        "juz": 29,
        "hizb": 232,
        "manzil": 7,
        "ruku": 516,
        "word_number_in_verse": 2,
        "language_code": "en",
        "text": "We follow them up",
        "root_word": "نُتۡبِعُهُمُ",
        "global_word_sequence_number": 74986,
        "global_verse_sequence_number": 5639
    },
    {
        "chapter": 77,
        "verse": 17,
        "juz": 29,
        "hizb": 232,
        "manzil": 7,
        "ruku": 516,
        "word_number_in_verse": 3,
        "language_code": "en",
        "text": "(with) the later ones",
        "root_word": "الۡأٓخِرِينَ",
        "global_word_sequence_number": 74987,
        "global_verse_sequence_number": 5639
    },
    {
        "chapter": 77,
        "verse": 18,
        "juz": 29,
        "hizb": 232,
        "manzil": 7,
        "ruku": 516,
        "word_number_in_verse": 1,
        "language_code": "en",
        "text": "Thus",
        "root_word": "كَذَٰلِكَ",
        "global_word_sequence_number": 74988,
        "global_verse_sequence_number": 5640
    },
    {
        "chapter": 77,
        "verse": 18,
        "juz": 29,
        "hizb": 232,
        "manzil": 7,
        "ruku": 516,
        "word_number_in_verse": 2,
        "language_code": "en",
        "text": "We deal",
        "root_word": "نَفۡعَلُ",
        "global_word_sequence_number": 74989,
        "global_verse_sequence_number": 5640
    },
    {
        "chapter": 77,
        "verse": 18,
        "juz": 29,
        "hizb": 232,
        "manzil": 7,
        "ruku": 516,
        "word_number_in_verse": 3,
        "language_code": "en",
        "text": "with the criminals",
        "root_word": "بِالۡمُجۡرِمِينَ",
        "global_word_sequence_number": 74990,
        "global_verse_sequence_number": 5640
    },
    {
        "chapter": 77,
        "verse": 19,
        "juz": 29,
        "hizb": 232,
        "manzil": 7,
        "ruku": 516,
        "word_number_in_verse": 1,
        "language_code": "en",
        "text": "Woe",
        "root_word": "وَيۡلٞ",
        "global_word_sequence_number": 74991,
        "global_verse_sequence_number": 5641
    },
    {
        "chapter": 77,
        "verse": 19,
        "juz": 29,
        "hizb": 232,
        "manzil": 7,
        "ruku": 516,
        "word_number_in_verse": 2,
        "language_code": "en",
        "text": "that Day",
        "root_word": "يَوۡمَئِذٖ",
        "global_word_sequence_number": 74992,
        "global_verse_sequence_number": 5641
    },
    {
        "chapter": 77,
        "verse": 19,
        "juz": 29,
        "hizb": 232,
        "manzil": 7,
        "ruku": 516,
        "word_number_in_verse": 3,
        "language_code": "en",
        "text": "to the deniers",
        "root_word": "لِّلۡمُكَذِّبِينَ",
        "global_word_sequence_number": 74993,
        "global_verse_sequence_number": 5641
    },
    {
        "chapter": 77,
        "verse": 20,
        "juz": 29,
        "hizb": 232,
        "manzil": 7,
        "ruku": 516,
        "word_number_in_verse": 1,
        "language_code": "en",
        "text": "Did not",
        "root_word": "أَلَمۡ",
        "global_word_sequence_number": 74994,
        "global_verse_sequence_number": 5642
    },
    {
        "chapter": 77,
        "verse": 20,
        "juz": 29,
        "hizb": 232,
        "manzil": 7,
        "ruku": 516,
        "word_number_in_verse": 2,
        "language_code": "en",
        "text": "We create you",
        "root_word": "نَخۡلُقكُّم",
        "global_word_sequence_number": 74995,
        "global_verse_sequence_number": 5642
    },
    {
        "chapter": 77,
        "verse": 20,
        "juz": 29,
        "hizb": 232,
        "manzil": 7,
        "ruku": 516,
        "word_number_in_verse": 3,
        "language_code": "en",
        "text": "from",
        "root_word": "مِّن",
        "global_word_sequence_number": 74996,
        "global_verse_sequence_number": 5642
    },
    {
        "chapter": 77,
        "verse": 20,
        "juz": 29,
        "hizb": 232,
        "manzil": 7,
        "ruku": 516,
        "word_number_in_verse": 4,
        "language_code": "en",
        "text": "a water",
        "root_word": "مَّآءٖ",
        "global_word_sequence_number": 74997,
        "global_verse_sequence_number": 5642
    },
    {
        "chapter": 77,
        "verse": 20,
        "juz": 29,
        "hizb": 232,
        "manzil": 7,
        "ruku": 516,
        "word_number_in_verse": 5,
        "language_code": "en",
        "text": "despicable",
        "root_word": "مَّهِينٖ",
        "global_word_sequence_number": 74998,
        "global_verse_sequence_number": 5642
    },
    {
        "chapter": 77,
        "verse": 21,
        "juz": 29,
        "hizb": 232,
        "manzil": 7,
        "ruku": 516,
        "word_number_in_verse": 1,
        "language_code": "en",
        "text": "Then We placed it",
        "root_word": "فَجَعَلۡنَٰهُ",
        "global_word_sequence_number": 74999,
        "global_verse_sequence_number": 5643
    },
    {
        "chapter": 77,
        "verse": 21,
        "juz": 29,
        "hizb": 232,
        "manzil": 7,
        "ruku": 516,
        "word_number_in_verse": 2,
        "language_code": "en",
        "text": "in",
        "root_word": "فِي",
        "global_word_sequence_number": 75000,
        "global_verse_sequence_number": 5643
    },
    {
        "chapter": 77,
        "verse": 21,
        "juz": 29,
        "hizb": 232,
        "manzil": 7,
        "ruku": 516,
        "word_number_in_verse": 3,
        "language_code": "en",
        "text": "an abode",
        "root_word": "قَرَارٖ",
        "global_word_sequence_number": 75001,
        "global_verse_sequence_number": 5643
    },
    {
        "chapter": 77,
        "verse": 21,
        "juz": 29,
        "hizb": 232,
        "manzil": 7,
        "ruku": 516,
        "word_number_in_verse": 4,
        "language_code": "en",
        "text": "safe",
        "root_word": "مَّكِينٍ",
        "global_word_sequence_number": 75002,
        "global_verse_sequence_number": 5643
    },
    {
        "chapter": 77,
        "verse": 22,
        "juz": 29,
        "hizb": 232,
        "manzil": 7,
        "ruku": 516,
        "word_number_in_verse": 1,
        "language_code": "en",
        "text": "For",
        "root_word": "إِلَىٰ",
        "global_word_sequence_number": 75003,
        "global_verse_sequence_number": 5644
    },
    {
        "chapter": 77,
        "verse": 22,
        "juz": 29,
        "hizb": 232,
        "manzil": 7,
        "ruku": 516,
        "word_number_in_verse": 2,
        "language_code": "en",
        "text": "a period",
        "root_word": "قَدَرٖ",
        "global_word_sequence_number": 75004,
        "global_verse_sequence_number": 5644
    },
    {
        "chapter": 77,
        "verse": 22,
        "juz": 29,
        "hizb": 232,
        "manzil": 7,
        "ruku": 516,
        "word_number_in_verse": 3,
        "language_code": "en",
        "text": "known",
        "root_word": "مَّعۡلُومٖ",
        "global_word_sequence_number": 75005,
        "global_verse_sequence_number": 5644
    },
    {
        "chapter": 77,
        "verse": 23,
        "juz": 29,
        "hizb": 232,
        "manzil": 7,
        "ruku": 516,
        "word_number_in_verse": 1,
        "language_code": "en",
        "text": "So We measured",
        "root_word": "فَقَدَرۡنَا",
        "global_word_sequence_number": 75006,
        "global_verse_sequence_number": 5645
    },
    {
        "chapter": 77,
        "verse": 23,
        "juz": 29,
        "hizb": 232,
        "manzil": 7,
        "ruku": 516,
        "word_number_in_verse": 2,
        "language_code": "en",
        "text": "and Best",
        "root_word": "فَنِعۡمَ",
        "global_word_sequence_number": 75007,
        "global_verse_sequence_number": 5645
    },
    {
        "chapter": 77,
        "verse": 23,
        "juz": 29,
        "hizb": 232,
        "manzil": 7,
        "ruku": 516,
        "word_number_in_verse": 3,
        "language_code": "en",
        "text": "(are We to) measure",
        "root_word": "الۡقَٰدِرُونَ",
        "global_word_sequence_number": 75008,
        "global_verse_sequence_number": 5645
    },
    {
        "chapter": 77,
        "verse": 24,
        "juz": 29,
        "hizb": 232,
        "manzil": 7,
        "ruku": 516,
        "word_number_in_verse": 1,
        "language_code": "en",
        "text": "Woe",
        "root_word": "وَيۡلٞ",
        "global_word_sequence_number": 75009,
        "global_verse_sequence_number": 5646
    },
    {
        "chapter": 77,
        "verse": 24,
        "juz": 29,
        "hizb": 232,
        "manzil": 7,
        "ruku": 516,
        "word_number_in_verse": 2,
        "language_code": "en",
        "text": "that Day",
        "root_word": "يَوۡمَئِذٖ",
        "global_word_sequence_number": 75010,
        "global_verse_sequence_number": 5646
    },
    {
        "chapter": 77,
        "verse": 24,
        "juz": 29,
        "hizb": 232,
        "manzil": 7,
        "ruku": 516,
        "word_number_in_verse": 3,
        "language_code": "en",
        "text": "to the deniers",
        "root_word": "لِّلۡمُكَذِّبِينَ",
        "global_word_sequence_number": 75011,
        "global_verse_sequence_number": 5646
    },
    {
        "chapter": 77,
        "verse": 25,
        "juz": 29,
        "hizb": 232,
        "manzil": 7,
        "ruku": 516,
        "word_number_in_verse": 1,
        "language_code": "en",
        "text": "Have not",
        "root_word": "أَلَمۡ",
        "global_word_sequence_number": 75012,
        "global_verse_sequence_number": 5647
    },
    {
        "chapter": 77,
        "verse": 25,
        "juz": 29,
        "hizb": 232,
        "manzil": 7,
        "ruku": 516,
        "word_number_in_verse": 2,
        "language_code": "en",
        "text": "We made",
        "root_word": "نَجۡعَلِ",
        "global_word_sequence_number": 75013,
        "global_verse_sequence_number": 5647
    },
    {
        "chapter": 77,
        "verse": 25,
        "juz": 29,
        "hizb": 232,
        "manzil": 7,
        "ruku": 516,
        "word_number_in_verse": 3,
        "language_code": "en",
        "text": "the earth",
        "root_word": "الۡأَرۡضَ",
        "global_word_sequence_number": 75014,
        "global_verse_sequence_number": 5647
    },
    {
        "chapter": 77,
        "verse": 25,
        "juz": 29,
        "hizb": 232,
        "manzil": 7,
        "ruku": 516,
        "word_number_in_verse": 4,
        "language_code": "en",
        "text": "a receptacle",
        "root_word": "كِفَاتًا",
        "global_word_sequence_number": 75015,
        "global_verse_sequence_number": 5647
    },
    {
        "chapter": 77,
        "verse": 26,
        "juz": 29,
        "hizb": 232,
        "manzil": 7,
        "ruku": 516,
        "word_number_in_verse": 1,
        "language_code": "en",
        "text": "(For the) living",
        "root_word": "أَحۡيَآءٗ",
        "global_word_sequence_number": 75016,
        "global_verse_sequence_number": 5648
    },
    {
        "chapter": 77,
        "verse": 26,
        "juz": 29,
        "hizb": 232,
        "manzil": 7,
        "ruku": 516,
        "word_number_in_verse": 2,
        "language_code": "en",
        "text": "and (the) dead",
        "root_word": "وَأَمۡوَٰتٗا",
        "global_word_sequence_number": 75017,
        "global_verse_sequence_number": 5648
    },
    {
        "chapter": 77,
        "verse": 27,
        "juz": 29,
        "hizb": 232,
        "manzil": 7,
        "ruku": 516,
        "word_number_in_verse": 1,
        "language_code": "en",
        "text": "And We made",
        "root_word": "وَجَعَلۡنَا",
        "global_word_sequence_number": 75018,
        "global_verse_sequence_number": 5649
    },
    {
        "chapter": 77,
        "verse": 27,
        "juz": 29,
        "hizb": 232,
        "manzil": 7,
        "ruku": 516,
        "word_number_in_verse": 2,
        "language_code": "en",
        "text": "therein",
        "root_word": "فِيهَا",
        "global_word_sequence_number": 75019,
        "global_verse_sequence_number": 5649
    },
    {
        "chapter": 77,
        "verse": 27,
        "juz": 29,
        "hizb": 232,
        "manzil": 7,
        "ruku": 516,
        "word_number_in_verse": 3,
        "language_code": "en",
        "text": "firmly set mountains",
        "root_word": "رَوَٰسِيَ",
        "global_word_sequence_number": 75020,
        "global_verse_sequence_number": 5649
    },
    {
        "chapter": 77,
        "verse": 27,
        "juz": 29,
        "hizb": 232,
        "manzil": 7,
        "ruku": 516,
        "word_number_in_verse": 4,
        "language_code": "en",
        "text": "lofty",
        "root_word": "شَٰمِخَٰتٖ",
        "global_word_sequence_number": 75021,
        "global_verse_sequence_number": 5649
    },
    {
        "chapter": 77,
        "verse": 27,
        "juz": 29,
        "hizb": 232,
        "manzil": 7,
        "ruku": 516,
        "word_number_in_verse": 5,
        "language_code": "en",
        "text": "and We gave you to drink",
        "root_word": "وَأَسۡقَيۡنَٰكُم",
        "global_word_sequence_number": 75022,
        "global_verse_sequence_number": 5649
    },
    {
        "chapter": 77,
        "verse": 27,
        "juz": 29,
        "hizb": 232,
        "manzil": 7,
        "ruku": 516,
        "word_number_in_verse": 6,
        "language_code": "en",
        "text": "water",
        "root_word": "مَّآءٗ",
        "global_word_sequence_number": 75023,
        "global_verse_sequence_number": 5649
    },
    {
        "chapter": 77,
        "verse": 27,
        "juz": 29,
        "hizb": 232,
        "manzil": 7,
        "ruku": 516,
        "word_number_in_verse": 7,
        "language_code": "en",
        "text": "sweet",
        "root_word": "فُرَاتٗا",
        "global_word_sequence_number": 75024,
        "global_verse_sequence_number": 5649
    },
    {
        "chapter": 77,
        "verse": 28,
        "juz": 29,
        "hizb": 232,
        "manzil": 7,
        "ruku": 516,
        "word_number_in_verse": 1,
        "language_code": "en",
        "text": "Woe",
        "root_word": "وَيۡلٞ",
        "global_word_sequence_number": 75025,
        "global_verse_sequence_number": 5650
    },
    {
        "chapter": 77,
        "verse": 28,
        "juz": 29,
        "hizb": 232,
        "manzil": 7,
        "ruku": 516,
        "word_number_in_verse": 2,
        "language_code": "en",
        "text": "that Day",
        "root_word": "يَوۡمَئِذٖ",
        "global_word_sequence_number": 75026,
        "global_verse_sequence_number": 5650
    },
    {
        "chapter": 77,
        "verse": 28,
        "juz": 29,
        "hizb": 232,
        "manzil": 7,
        "ruku": 516,
        "word_number_in_verse": 3,
        "language_code": "en",
        "text": "to the deniers",
        "root_word": "لِّلۡمُكَذِّبِينَ",
        "global_word_sequence_number": 75027,
        "global_verse_sequence_number": 5650
    },
    {
        "chapter": 77,
        "verse": 29,
        "juz": 29,
        "hizb": 232,
        "manzil": 7,
        "ruku": 516,
        "word_number_in_verse": 1,
        "language_code": "en",
        "text": "Proceed",
        "root_word": "انطَلِقُوٓاْ",
        "global_word_sequence_number": 75028,
        "global_verse_sequence_number": 5651
    },
    {
        "chapter": 77,
        "verse": 29,
        "juz": 29,
        "hizb": 232,
        "manzil": 7,
        "ruku": 516,
        "word_number_in_verse": 2,
        "language_code": "en",
        "text": "to",
        "root_word": "إِلَىٰ",
        "global_word_sequence_number": 75029,
        "global_verse_sequence_number": 5651
    },
    {
        "chapter": 77,
        "verse": 29,
        "juz": 29,
        "hizb": 232,
        "manzil": 7,
        "ruku": 516,
        "word_number_in_verse": 3,
        "language_code": "en",
        "text": "what",
        "root_word": "مَا",
        "global_word_sequence_number": 75030,
        "global_verse_sequence_number": 5651
    },
    {
        "chapter": 77,
        "verse": 29,
        "juz": 29,
        "hizb": 232,
        "manzil": 7,
        "ruku": 516,
        "word_number_in_verse": 4,
        "language_code": "en",
        "text": "you used to",
        "root_word": "كُنتُم",
        "global_word_sequence_number": 75031,
        "global_verse_sequence_number": 5651
    },
    {
        "chapter": 77,
        "verse": 29,
        "juz": 29,
        "hizb": 232,
        "manzil": 7,
        "ruku": 516,
        "word_number_in_verse": 5,
        "language_code": "en",
        "text": "in it",
        "root_word": "بِهِۦ",
        "global_word_sequence_number": 75032,
        "global_verse_sequence_number": 5651
    },
    {
        "chapter": 77,
        "verse": 29,
        "juz": 29,
        "hizb": 232,
        "manzil": 7,
        "ruku": 516,
        "word_number_in_verse": 6,
        "language_code": "en",
        "text": "deny",
        "root_word": "تُكَذِّبُونَ",
        "global_word_sequence_number": 75033,
        "global_verse_sequence_number": 5651
    },
    {
        "chapter": 77,
        "verse": 30,
        "juz": 29,
        "hizb": 232,
        "manzil": 7,
        "ruku": 516,
        "word_number_in_verse": 1,
        "language_code": "en",
        "text": "Proceed",
        "root_word": "انطَلِقُوٓاْ",
        "global_word_sequence_number": 75034,
        "global_verse_sequence_number": 5652
    },
    {
        "chapter": 77,
        "verse": 30,
        "juz": 29,
        "hizb": 232,
        "manzil": 7,
        "ruku": 516,
        "word_number_in_verse": 2,
        "language_code": "en",
        "text": "to",
        "root_word": "إِلَىٰ",
        "global_word_sequence_number": 75035,
        "global_verse_sequence_number": 5652
    },
    {
        "chapter": 77,
        "verse": 30,
        "juz": 29,
        "hizb": 232,
        "manzil": 7,
        "ruku": 516,
        "word_number_in_verse": 3,
        "language_code": "en",
        "text": "a shadow",
        "root_word": "ظِلّٖ",
        "global_word_sequence_number": 75036,
        "global_verse_sequence_number": 5652
    },
    {
        "chapter": 77,
        "verse": 30,
        "juz": 29,
        "hizb": 232,
        "manzil": 7,
        "ruku": 516,
        "word_number_in_verse": 4,
        "language_code": "en",
        "text": "having",
        "root_word": "ذِي",
        "global_word_sequence_number": 75037,
        "global_verse_sequence_number": 5652
    },
    {
        "chapter": 77,
        "verse": 30,
        "juz": 29,
        "hizb": 232,
        "manzil": 7,
        "ruku": 516,
        "word_number_in_verse": 5,
        "language_code": "en",
        "text": "three",
        "root_word": "ثَلَٰثِ",
        "global_word_sequence_number": 75038,
        "global_verse_sequence_number": 5652
    },
    {
        "chapter": 77,
        "verse": 30,
        "juz": 29,
        "hizb": 232,
        "manzil": 7,
        "ruku": 516,
        "word_number_in_verse": 6,
        "language_code": "en",
        "text": "columns",
        "root_word": "شُعَبٖ",
        "global_word_sequence_number": 75039,
        "global_verse_sequence_number": 5652
    },
    {
        "chapter": 77,
        "verse": 31,
        "juz": 29,
        "hizb": 232,
        "manzil": 7,
        "ruku": 516,
        "word_number_in_verse": 1,
        "language_code": "en",
        "text": "No",
        "root_word": "لَّا",
        "global_word_sequence_number": 75040,
        "global_verse_sequence_number": 5653
    },
    {
        "chapter": 77,
        "verse": 31,
        "juz": 29,
        "hizb": 232,
        "manzil": 7,
        "ruku": 516,
        "word_number_in_verse": 2,
        "language_code": "en",
        "text": "cool shade",
        "root_word": "ظَلِيلٖ",
        "global_word_sequence_number": 75041,
        "global_verse_sequence_number": 5653
    },
    {
        "chapter": 77,
        "verse": 31,
        "juz": 29,
        "hizb": 232,
        "manzil": 7,
        "ruku": 516,
        "word_number_in_verse": 3,
        "language_code": "en",
        "text": "and not",
        "root_word": "وَلَا",
        "global_word_sequence_number": 75042,
        "global_verse_sequence_number": 5653
    },
    {
        "chapter": 77,
        "verse": 31,
        "juz": 29,
        "hizb": 232,
        "manzil": 7,
        "ruku": 516,
        "word_number_in_verse": 4,
        "language_code": "en",
        "text": "availing",
        "root_word": "يُغۡنِي",
        "global_word_sequence_number": 75043,
        "global_verse_sequence_number": 5653
    },
    {
        "chapter": 77,
        "verse": 31,
        "juz": 29,
        "hizb": 232,
        "manzil": 7,
        "ruku": 516,
        "word_number_in_verse": 5,
        "language_code": "en",
        "text": "against",
        "root_word": "مِنَ",
        "global_word_sequence_number": 75044,
        "global_verse_sequence_number": 5653
    },
    {
        "chapter": 77,
        "verse": 31,
        "juz": 29,
        "hizb": 232,
        "manzil": 7,
        "ruku": 516,
        "word_number_in_verse": 6,
        "language_code": "en",
        "text": "the flame",
        "root_word": "اللَّهَبِ",
        "global_word_sequence_number": 75045,
        "global_verse_sequence_number": 5653
    },
    {
        "chapter": 77,
        "verse": 32,
        "juz": 29,
        "hizb": 232,
        "manzil": 7,
        "ruku": 516,
        "word_number_in_verse": 1,
        "language_code": "en",
        "text": "Indeed it",
        "root_word": "إِنَّهَا",
        "global_word_sequence_number": 75046,
        "global_verse_sequence_number": 5654
    },
    {
        "chapter": 77,
        "verse": 32,
        "juz": 29,
        "hizb": 232,
        "manzil": 7,
        "ruku": 516,
        "word_number_in_verse": 2,
        "language_code": "en",
        "text": "throws up",
        "root_word": "تَرۡمِي",
        "global_word_sequence_number": 75047,
        "global_verse_sequence_number": 5654
    },
    {
        "chapter": 77,
        "verse": 32,
        "juz": 29,
        "hizb": 232,
        "manzil": 7,
        "ruku": 516,
        "word_number_in_verse": 3,
        "language_code": "en",
        "text": "sparks",
        "root_word": "بِشَرَرٖ",
        "global_word_sequence_number": 75048,
        "global_verse_sequence_number": 5654
    },
    {
        "chapter": 77,
        "verse": 32,
        "juz": 29,
        "hizb": 232,
        "manzil": 7,
        "ruku": 516,
        "word_number_in_verse": 4,
        "language_code": "en",
        "text": "as the fortress",
        "root_word": "كَالۡقَصۡرِ",
        "global_word_sequence_number": 75049,
        "global_verse_sequence_number": 5654
    },
    {
        "chapter": 77,
        "verse": 33,
        "juz": 29,
        "hizb": 232,
        "manzil": 7,
        "ruku": 516,
        "word_number_in_verse": 1,
        "language_code": "en",
        "text": "As if they (were)",
        "root_word": "كَأَنَّهُۥ",
        "global_word_sequence_number": 75050,
        "global_verse_sequence_number": 5655
    },
    {
        "chapter": 77,
        "verse": 33,
        "juz": 29,
        "hizb": 232,
        "manzil": 7,
        "ruku": 516,
        "word_number_in_verse": 2,
        "language_code": "en",
        "text": "camels",
        "root_word": "جِمَٰلَتٞ",
        "global_word_sequence_number": 75051,
        "global_verse_sequence_number": 5655
    },
    {
        "chapter": 77,
        "verse": 33,
        "juz": 29,
        "hizb": 232,
        "manzil": 7,
        "ruku": 516,
        "word_number_in_verse": 3,
        "language_code": "en",
        "text": "yellow",
        "root_word": "صُفۡرٞ",
        "global_word_sequence_number": 75052,
        "global_verse_sequence_number": 5655
    },
    {
        "chapter": 77,
        "verse": 34,
        "juz": 29,
        "hizb": 232,
        "manzil": 7,
        "ruku": 516,
        "word_number_in_verse": 1,
        "language_code": "en",
        "text": "Woe",
        "root_word": "وَيۡلٞ",
        "global_word_sequence_number": 75053,
        "global_verse_sequence_number": 5656
    },
    {
        "chapter": 77,
        "verse": 34,
        "juz": 29,
        "hizb": 232,
        "manzil": 7,
        "ruku": 516,
        "word_number_in_verse": 2,
        "language_code": "en",
        "text": "that Day",
        "root_word": "يَوۡمَئِذٖ",
        "global_word_sequence_number": 75054,
        "global_verse_sequence_number": 5656
    },
    {
        "chapter": 77,
        "verse": 34,
        "juz": 29,
        "hizb": 232,
        "manzil": 7,
        "ruku": 516,
        "word_number_in_verse": 3,
        "language_code": "en",
        "text": "to the deniers",
        "root_word": "لِّلۡمُكَذِّبِينَ",
        "global_word_sequence_number": 75055,
        "global_verse_sequence_number": 5656
    },
    {
        "chapter": 77,
        "verse": 35,
        "juz": 29,
        "hizb": 232,
        "manzil": 7,
        "ruku": 516,
        "word_number_in_verse": 1,
        "language_code": "en",
        "text": "This",
        "root_word": "هَٰذَا",
        "global_word_sequence_number": 75056,
        "global_verse_sequence_number": 5657
    },
    {
        "chapter": 77,
        "verse": 35,
        "juz": 29,
        "hizb": 232,
        "manzil": 7,
        "ruku": 516,
        "word_number_in_verse": 2,
        "language_code": "en",
        "text": "(is) a Day",
        "root_word": "يَوۡمُ",
        "global_word_sequence_number": 75057,
        "global_verse_sequence_number": 5657
    },
    {
        "chapter": 77,
        "verse": 35,
        "juz": 29,
        "hizb": 232,
        "manzil": 7,
        "ruku": 516,
        "word_number_in_verse": 3,
        "language_code": "en",
        "text": "not",
        "root_word": "لَا",
        "global_word_sequence_number": 75058,
        "global_verse_sequence_number": 5657
    },
    {
        "chapter": 77,
        "verse": 35,
        "juz": 29,
        "hizb": 232,
        "manzil": 7,
        "ruku": 516,
        "word_number_in_verse": 4,
        "language_code": "en",
        "text": "they will speak",
        "root_word": "يَنطِقُونَ",
        "global_word_sequence_number": 75059,
        "global_verse_sequence_number": 5657
    },
    {
        "chapter": 77,
        "verse": 36,
        "juz": 29,
        "hizb": 232,
        "manzil": 7,
        "ruku": 516,
        "word_number_in_verse": 1,
        "language_code": "en",
        "text": "And not",
        "root_word": "وَلَا",
        "global_word_sequence_number": 75060,
        "global_verse_sequence_number": 5658
    },
    {
        "chapter": 77,
        "verse": 36,
        "juz": 29,
        "hizb": 232,
        "manzil": 7,
        "ruku": 516,
        "word_number_in_verse": 2,
        "language_code": "en",
        "text": "will it be permitted",
        "root_word": "يُؤۡذَنُ",
        "global_word_sequence_number": 75061,
        "global_verse_sequence_number": 5658
    },
    {
        "chapter": 77,
        "verse": 36,
        "juz": 29,
        "hizb": 232,
        "manzil": 7,
        "ruku": 516,
        "word_number_in_verse": 3,
        "language_code": "en",
        "text": "for them",
        "root_word": "لَهُمۡ",
        "global_word_sequence_number": 75062,
        "global_verse_sequence_number": 5658
    },
    {
        "chapter": 77,
        "verse": 36,
        "juz": 29,
        "hizb": 232,
        "manzil": 7,
        "ruku": 516,
        "word_number_in_verse": 4,
        "language_code": "en",
        "text": "to make excuses",
        "root_word": "فَيَعۡتَذِرُونَ",
        "global_word_sequence_number": 75063,
        "global_verse_sequence_number": 5658
    },
    {
        "chapter": 77,
        "verse": 37,
        "juz": 29,
        "hizb": 232,
        "manzil": 7,
        "ruku": 516,
        "word_number_in_verse": 1,
        "language_code": "en",
        "text": "Woe",
        "root_word": "وَيۡلٞ",
        "global_word_sequence_number": 75064,
        "global_verse_sequence_number": 5659
    },
    {
        "chapter": 77,
        "verse": 37,
        "juz": 29,
        "hizb": 232,
        "manzil": 7,
        "ruku": 516,
        "word_number_in_verse": 2,
        "language_code": "en",
        "text": "that Day",
        "root_word": "يَوۡمَئِذٖ",
        "global_word_sequence_number": 75065,
        "global_verse_sequence_number": 5659
    },
    {
        "chapter": 77,
        "verse": 37,
        "juz": 29,
        "hizb": 232,
        "manzil": 7,
        "ruku": 516,
        "word_number_in_verse": 3,
        "language_code": "en",
        "text": "to the deniers",
        "root_word": "لِّلۡمُكَذِّبِينَ",
        "global_word_sequence_number": 75066,
        "global_verse_sequence_number": 5659
    },
    {
        "chapter": 77,
        "verse": 38,
        "juz": 29,
        "hizb": 232,
        "manzil": 7,
        "ruku": 516,
        "word_number_in_verse": 1,
        "language_code": "en",
        "text": "This",
        "root_word": "هَٰذَا",
        "global_word_sequence_number": 75067,
        "global_verse_sequence_number": 5660
    },
    {
        "chapter": 77,
        "verse": 38,
        "juz": 29,
        "hizb": 232,
        "manzil": 7,
        "ruku": 516,
        "word_number_in_verse": 2,
        "language_code": "en",
        "text": "(is the) Day",
        "root_word": "يَوۡمُ",
        "global_word_sequence_number": 75068,
        "global_verse_sequence_number": 5660
    },
    {
        "chapter": 77,
        "verse": 38,
        "juz": 29,
        "hizb": 232,
        "manzil": 7,
        "ruku": 516,
        "word_number_in_verse": 3,
        "language_code": "en",
        "text": "(of) Judgment",
        "root_word": "الۡفَصۡلِۖ",
        "global_word_sequence_number": 75069,
        "global_verse_sequence_number": 5660
    },
    {
        "chapter": 77,
        "verse": 38,
        "juz": 29,
        "hizb": 232,
        "manzil": 7,
        "ruku": 516,
        "word_number_in_verse": 4,
        "language_code": "en",
        "text": "We have gathered you",
        "root_word": "جَمَعۡنَٰكُمۡ",
        "global_word_sequence_number": 75070,
        "global_verse_sequence_number": 5660
    },
    {
        "chapter": 77,
        "verse": 38,
        "juz": 29,
        "hizb": 232,
        "manzil": 7,
        "ruku": 516,
        "word_number_in_verse": 5,
        "language_code": "en",
        "text": "and the former (people)",
        "root_word": "وَالۡأَوَّلِينَ",
        "global_word_sequence_number": 75071,
        "global_verse_sequence_number": 5660
    },
    {
        "chapter": 77,
        "verse": 39,
        "juz": 29,
        "hizb": 232,
        "manzil": 7,
        "ruku": 516,
        "word_number_in_verse": 1,
        "language_code": "en",
        "text": "So if",
        "root_word": "فَإِن",
        "global_word_sequence_number": 75072,
        "global_verse_sequence_number": 5661
    },
    {
        "chapter": 77,
        "verse": 39,
        "juz": 29,
        "hizb": 232,
        "manzil": 7,
        "ruku": 516,
        "word_number_in_verse": 2,
        "language_code": "en",
        "text": "is",
        "root_word": "كَانَ",
        "global_word_sequence_number": 75073,
        "global_verse_sequence_number": 5661
    },
    {
        "chapter": 77,
        "verse": 39,
        "juz": 29,
        "hizb": 232,
        "manzil": 7,
        "ruku": 516,
        "word_number_in_verse": 3,
        "language_code": "en",
        "text": "for you",
        "root_word": "لَكُمۡ",
        "global_word_sequence_number": 75074,
        "global_verse_sequence_number": 5661
    },
    {
        "chapter": 77,
        "verse": 39,
        "juz": 29,
        "hizb": 232,
        "manzil": 7,
        "ruku": 516,
        "word_number_in_verse": 4,
        "language_code": "en",
        "text": "a plan",
        "root_word": "كَيۡدٞ",
        "global_word_sequence_number": 75075,
        "global_verse_sequence_number": 5661
    },
    {
        "chapter": 77,
        "verse": 39,
        "juz": 29,
        "hizb": 232,
        "manzil": 7,
        "ruku": 516,
        "word_number_in_verse": 5,
        "language_code": "en",
        "text": "then plan against Me",
        "root_word": "فَكِيدُونِ",
        "global_word_sequence_number": 75076,
        "global_verse_sequence_number": 5661
    },
    {
        "chapter": 77,
        "verse": 40,
        "juz": 29,
        "hizb": 232,
        "manzil": 7,
        "ruku": 516,
        "word_number_in_verse": 1,
        "language_code": "en",
        "text": "Woe",
        "root_word": "وَيۡلٞ",
        "global_word_sequence_number": 75077,
        "global_verse_sequence_number": 5662
    },
    {
        "chapter": 77,
        "verse": 40,
        "juz": 29,
        "hizb": 232,
        "manzil": 7,
        "ruku": 516,
        "word_number_in_verse": 2,
        "language_code": "en",
        "text": "that Day",
        "root_word": "يَوۡمَئِذٖ",
        "global_word_sequence_number": 75078,
        "global_verse_sequence_number": 5662
    },
    {
        "chapter": 77,
        "verse": 40,
        "juz": 29,
        "hizb": 232,
        "manzil": 7,
        "ruku": 516,
        "word_number_in_verse": 3,
        "language_code": "en",
        "text": "to the deniers",
        "root_word": "لِّلۡمُكَذِّبِينَ",
        "global_word_sequence_number": 75079,
        "global_verse_sequence_number": 5662
    },
    {
        "chapter": 77,
        "verse": 41,
        "juz": 29,
        "hizb": 232,
        "manzil": 7,
        "ruku": 517,
        "word_number_in_verse": 1,
        "language_code": "en",
        "text": "Indeed",
        "root_word": "إِنَّ",
        "global_word_sequence_number": 75080,
        "global_verse_sequence_number": 5663
    },
    {
        "chapter": 77,
        "verse": 41,
        "juz": 29,
        "hizb": 232,
        "manzil": 7,
        "ruku": 517,
        "word_number_in_verse": 2,
        "language_code": "en",
        "text": "the righteous",
        "root_word": "الۡمُتَّقِينَ",
        "global_word_sequence_number": 75081,
        "global_verse_sequence_number": 5663
    },
    {
        "chapter": 77,
        "verse": 41,
        "juz": 29,
        "hizb": 232,
        "manzil": 7,
        "ruku": 517,
        "word_number_in_verse": 3,
        "language_code": "en",
        "text": "(will be) in",
        "root_word": "فِي",
        "global_word_sequence_number": 75082,
        "global_verse_sequence_number": 5663
    },
    {
        "chapter": 77,
        "verse": 41,
        "juz": 29,
        "hizb": 232,
        "manzil": 7,
        "ruku": 517,
        "word_number_in_verse": 4,
        "language_code": "en",
        "text": "shades",
        "root_word": "ظِلَٰلٖ",
        "global_word_sequence_number": 75083,
        "global_verse_sequence_number": 5663
    },
    {
        "chapter": 77,
        "verse": 41,
        "juz": 29,
        "hizb": 232,
        "manzil": 7,
        "ruku": 517,
        "word_number_in_verse": 5,
        "language_code": "en",
        "text": "and springs",
        "root_word": "وَعُيُونٖ",
        "global_word_sequence_number": 75084,
        "global_verse_sequence_number": 5663
    },
    {
        "chapter": 77,
        "verse": 42,
        "juz": 29,
        "hizb": 232,
        "manzil": 7,
        "ruku": 517,
        "word_number_in_verse": 1,
        "language_code": "en",
        "text": "And fruits",
        "root_word": "وَفَوَٰكِهَ",
        "global_word_sequence_number": 75085,
        "global_verse_sequence_number": 5664
    },
    {
        "chapter": 77,
        "verse": 42,
        "juz": 29,
        "hizb": 232,
        "manzil": 7,
        "ruku": 517,
        "word_number_in_verse": 2,
        "language_code": "en",
        "text": "from what",
        "root_word": "مِمَّا",
        "global_word_sequence_number": 75086,
        "global_verse_sequence_number": 5664
    },
    {
        "chapter": 77,
        "verse": 42,
        "juz": 29,
        "hizb": 232,
        "manzil": 7,
        "ruku": 517,
        "word_number_in_verse": 3,
        "language_code": "en",
        "text": "they desire",
        "root_word": "يَشۡتَهُونَ",
        "global_word_sequence_number": 75087,
        "global_verse_sequence_number": 5664
    },
    {
        "chapter": 77,
        "verse": 43,
        "juz": 29,
        "hizb": 232,
        "manzil": 7,
        "ruku": 517,
        "word_number_in_verse": 1,
        "language_code": "en",
        "text": "Eat",
        "root_word": "كُلُواْ",
        "global_word_sequence_number": 75088,
        "global_verse_sequence_number": 5665
    },
    {
        "chapter": 77,
        "verse": 43,
        "juz": 29,
        "hizb": 232,
        "manzil": 7,
        "ruku": 517,
        "word_number_in_verse": 2,
        "language_code": "en",
        "text": "and drink",
        "root_word": "وَاشۡرَبُواْ",
        "global_word_sequence_number": 75089,
        "global_verse_sequence_number": 5665
    },
    {
        "chapter": 77,
        "verse": 43,
        "juz": 29,
        "hizb": 232,
        "manzil": 7,
        "ruku": 517,
        "word_number_in_verse": 3,
        "language_code": "en",
        "text": "(in) satisfaction",
        "root_word": "هَنِيٓـَٔۢا",
        "global_word_sequence_number": 75090,
        "global_verse_sequence_number": 5665
    },
    {
        "chapter": 77,
        "verse": 43,
        "juz": 29,
        "hizb": 232,
        "manzil": 7,
        "ruku": 517,
        "word_number_in_verse": 4,
        "language_code": "en",
        "text": "for what",
        "root_word": "بِمَا",
        "global_word_sequence_number": 75091,
        "global_verse_sequence_number": 5665
    },
    {
        "chapter": 77,
        "verse": 43,
        "juz": 29,
        "hizb": 232,
        "manzil": 7,
        "ruku": 517,
        "word_number_in_verse": 5,
        "language_code": "en",
        "text": "you used to",
        "root_word": "كُنتُمۡ",
        "global_word_sequence_number": 75092,
        "global_verse_sequence_number": 5665
    },
    {
        "chapter": 77,
        "verse": 43,
        "juz": 29,
        "hizb": 232,
        "manzil": 7,
        "ruku": 517,
        "word_number_in_verse": 6,
        "language_code": "en",
        "text": "do",
        "root_word": "تَعۡمَلُونَ",
        "global_word_sequence_number": 75093,
        "global_verse_sequence_number": 5665
    },
    {
        "chapter": 77,
        "verse": 44,
        "juz": 29,
        "hizb": 232,
        "manzil": 7,
        "ruku": 517,
        "word_number_in_verse": 1,
        "language_code": "en",
        "text": "Indeed We",
        "root_word": "إِنَّا",
        "global_word_sequence_number": 75094,
        "global_verse_sequence_number": 5666
    },
    {
        "chapter": 77,
        "verse": 44,
        "juz": 29,
        "hizb": 232,
        "manzil": 7,
        "ruku": 517,
        "word_number_in_verse": 2,
        "language_code": "en",
        "text": "thus",
        "root_word": "كَذَٰلِكَ",
        "global_word_sequence_number": 75095,
        "global_verse_sequence_number": 5666
    },
    {
        "chapter": 77,
        "verse": 44,
        "juz": 29,
        "hizb": 232,
        "manzil": 7,
        "ruku": 517,
        "word_number_in_verse": 3,
        "language_code": "en",
        "text": "reward",
        "root_word": "نَجۡزِي",
        "global_word_sequence_number": 75096,
        "global_verse_sequence_number": 5666
    },
    {
        "chapter": 77,
        "verse": 44,
        "juz": 29,
        "hizb": 232,
        "manzil": 7,
        "ruku": 517,
        "word_number_in_verse": 4,
        "language_code": "en",
        "text": "the good-doers",
        "root_word": "الۡمُحۡسِنِينَ",
        "global_word_sequence_number": 75097,
        "global_verse_sequence_number": 5666
    },
    {
        "chapter": 77,
        "verse": 45,
        "juz": 29,
        "hizb": 232,
        "manzil": 7,
        "ruku": 517,
        "word_number_in_verse": 1,
        "language_code": "en",
        "text": "Woe",
        "root_word": "وَيۡلٞ",
        "global_word_sequence_number": 75098,
        "global_verse_sequence_number": 5667
    },
    {
        "chapter": 77,
        "verse": 45,
        "juz": 29,
        "hizb": 232,
        "manzil": 7,
        "ruku": 517,
        "word_number_in_verse": 2,
        "language_code": "en",
        "text": "that Day",
        "root_word": "يَوۡمَئِذٖ",
        "global_word_sequence_number": 75099,
        "global_verse_sequence_number": 5667
    },
    {
        "chapter": 77,
        "verse": 45,
        "juz": 29,
        "hizb": 232,
        "manzil": 7,
        "ruku": 517,
        "word_number_in_verse": 3,
        "language_code": "en",
        "text": "to the deniers",
        "root_word": "لِّلۡمُكَذِّبِينَ",
        "global_word_sequence_number": 75100,
        "global_verse_sequence_number": 5667
    },
    {
        "chapter": 77,
        "verse": 46,
        "juz": 29,
        "hizb": 232,
        "manzil": 7,
        "ruku": 517,
        "word_number_in_verse": 1,
        "language_code": "en",
        "text": "Eat",
        "root_word": "كُلُواْ",
        "global_word_sequence_number": 75101,
        "global_verse_sequence_number": 5668
    },
    {
        "chapter": 77,
        "verse": 46,
        "juz": 29,
        "hizb": 232,
        "manzil": 7,
        "ruku": 517,
        "word_number_in_verse": 2,
        "language_code": "en",
        "text": "and enjoy yourselves",
        "root_word": "وَتَمَتَّعُواْ",
        "global_word_sequence_number": 75102,
        "global_verse_sequence_number": 5668
    },
    {
        "chapter": 77,
        "verse": 46,
        "juz": 29,
        "hizb": 232,
        "manzil": 7,
        "ruku": 517,
        "word_number_in_verse": 3,
        "language_code": "en",
        "text": "a little",
        "root_word": "قَلِيلًا",
        "global_word_sequence_number": 75103,
        "global_verse_sequence_number": 5668
    },
    {
        "chapter": 77,
        "verse": 46,
        "juz": 29,
        "hizb": 232,
        "manzil": 7,
        "ruku": 517,
        "word_number_in_verse": 4,
        "language_code": "en",
        "text": "indeed you",
        "root_word": "إِنَّكُم",
        "global_word_sequence_number": 75104,
        "global_verse_sequence_number": 5668
    },
    {
        "chapter": 77,
        "verse": 46,
        "juz": 29,
        "hizb": 232,
        "manzil": 7,
        "ruku": 517,
        "word_number_in_verse": 5,
        "language_code": "en",
        "text": "(are) criminals",
        "root_word": "مُّجۡرِمُونَ",
        "global_word_sequence_number": 75105,
        "global_verse_sequence_number": 5668
    },
    {
        "chapter": 77,
        "verse": 47,
        "juz": 29,
        "hizb": 232,
        "manzil": 7,
        "ruku": 517,
        "word_number_in_verse": 1,
        "language_code": "en",
        "text": "Woe",
        "root_word": "وَيۡلٞ",
        "global_word_sequence_number": 75106,
        "global_verse_sequence_number": 5669
    },
    {
        "chapter": 77,
        "verse": 47,
        "juz": 29,
        "hizb": 232,
        "manzil": 7,
        "ruku": 517,
        "word_number_in_verse": 2,
        "language_code": "en",
        "text": "that Day",
        "root_word": "يَوۡمَئِذٖ",
        "global_word_sequence_number": 75107,
        "global_verse_sequence_number": 5669
    },
    {
        "chapter": 77,
        "verse": 47,
        "juz": 29,
        "hizb": 232,
        "manzil": 7,
        "ruku": 517,
        "word_number_in_verse": 3,
        "language_code": "en",
        "text": "to the deniers",
        "root_word": "لِّلۡمُكَذِّبِينَ",
        "global_word_sequence_number": 75108,
        "global_verse_sequence_number": 5669
    },
    {
        "chapter": 77,
        "verse": 48,
        "juz": 29,
        "hizb": 232,
        "manzil": 7,
        "ruku": 517,
        "word_number_in_verse": 1,
        "language_code": "en",
        "text": "And when",
        "root_word": "وَإِذَا",
        "global_word_sequence_number": 75109,
        "global_verse_sequence_number": 5670
    },
    {
        "chapter": 77,
        "verse": 48,
        "juz": 29,
        "hizb": 232,
        "manzil": 7,
        "ruku": 517,
        "word_number_in_verse": 2,
        "language_code": "en",
        "text": "it is said",
        "root_word": "قِيلَ",
        "global_word_sequence_number": 75110,
        "global_verse_sequence_number": 5670
    },
    {
        "chapter": 77,
        "verse": 48,
        "juz": 29,
        "hizb": 232,
        "manzil": 7,
        "ruku": 517,
        "word_number_in_verse": 3,
        "language_code": "en",
        "text": "to them",
        "root_word": "لَهُمُ",
        "global_word_sequence_number": 75111,
        "global_verse_sequence_number": 5670
    },
    {
        "chapter": 77,
        "verse": 48,
        "juz": 29,
        "hizb": 232,
        "manzil": 7,
        "ruku": 517,
        "word_number_in_verse": 4,
        "language_code": "en",
        "text": "Bow",
        "root_word": "ارۡكَعُواْ",
        "global_word_sequence_number": 75112,
        "global_verse_sequence_number": 5670
    },
    {
        "chapter": 77,
        "verse": 48,
        "juz": 29,
        "hizb": 232,
        "manzil": 7,
        "ruku": 517,
        "word_number_in_verse": 5,
        "language_code": "en",
        "text": "not",
        "root_word": "لَا",
        "global_word_sequence_number": 75113,
        "global_verse_sequence_number": 5670
    },
    {
        "chapter": 77,
        "verse": 48,
        "juz": 29,
        "hizb": 232,
        "manzil": 7,
        "ruku": 517,
        "word_number_in_verse": 6,
        "language_code": "en",
        "text": "they bow",
        "root_word": "يَرۡكَعُونَ",
        "global_word_sequence_number": 75114,
        "global_verse_sequence_number": 5670
    },
    {
        "chapter": 77,
        "verse": 49,
        "juz": 29,
        "hizb": 232,
        "manzil": 7,
        "ruku": 517,
        "word_number_in_verse": 1,
        "language_code": "en",
        "text": "Woe",
        "root_word": "وَيۡلٞ",
        "global_word_sequence_number": 75115,
        "global_verse_sequence_number": 5671
    },
    {
        "chapter": 77,
        "verse": 49,
        "juz": 29,
        "hizb": 232,
        "manzil": 7,
        "ruku": 517,
        "word_number_in_verse": 2,
        "language_code": "en",
        "text": "that Day",
        "root_word": "يَوۡمَئِذٖ",
        "global_word_sequence_number": 75116,
        "global_verse_sequence_number": 5671
    },
    {
        "chapter": 77,
        "verse": 49,
        "juz": 29,
        "hizb": 232,
        "manzil": 7,
        "ruku": 517,
        "word_number_in_verse": 3,
        "language_code": "en",
        "text": "to the deniers",
        "root_word": "لِّلۡمُكَذِّبِينَ",
        "global_word_sequence_number": 75117,
        "global_verse_sequence_number": 5671
    },
    {
        "chapter": 77,
        "verse": 50,
        "juz": 29,
        "hizb": 232,
        "manzil": 7,
        "ruku": 517,
        "word_number_in_verse": 1,
        "language_code": "en",
        "text": "Then in what",
        "root_word": "فَبِأَيِّ",
        "global_word_sequence_number": 75118,
        "global_verse_sequence_number": 5672
    },
    {
        "chapter": 77,
        "verse": 50,
        "juz": 29,
        "hizb": 232,
        "manzil": 7,
        "ruku": 517,
        "word_number_in_verse": 2,
        "language_code": "en",
        "text": "statement",
        "root_word": "حَدِيثِۭ",
        "global_word_sequence_number": 75119,
        "global_verse_sequence_number": 5672
    },
    {
        "chapter": 77,
        "verse": 50,
        "juz": 29,
        "hizb": 232,
        "manzil": 7,
        "ruku": 517,
        "word_number_in_verse": 3,
        "language_code": "en",
        "text": "after it",
        "root_word": "بَعۡدَهُۥ",
        "global_word_sequence_number": 75120,
        "global_verse_sequence_number": 5672
    },
    {
        "chapter": 77,
        "verse": 50,
        "juz": 29,
        "hizb": 232,
        "manzil": 7,
        "ruku": 517,
        "word_number_in_verse": 4,
        "language_code": "en",
        "text": "will they believe",
        "root_word": "يُؤۡمِنُونَ",
        "global_word_sequence_number": 75121,
        "global_verse_sequence_number": 5672
    }
]