[
    {
        "chapter": 78,
        "verse": 1,
        "juz": 30,
        "hizb": 233,
        "manzil": 7,
        "ruku": 518,
        "word_number_in_verse": 1,
        "language_code": "en",
        "text": "About what",
        "root_word": "عَمَّ",
        "global_word_sequence_number": 75122,
        "global_verse_sequence_number": 5673
    },
    {
        "chapter": 78,
        "verse": 1,
        "juz": 30,
        "hizb": 233,
        "manzil": 7,
        "ruku": 518,
        "word_number_in_verse": 2,
        "language_code": "en",
        "text": "are they asking one another",
        "root_word": "يَتَسَآءَلُونَ",
        "global_word_sequence_number": 75123,
        "global_verse_sequence_number": 5673
    },
    {
        "chapter": 78,
        "verse": 2,
        "juz": 30,
        "hizb": 233,
        "manzil": 7,
        "ruku": 518,
        "word_number_in_verse": 1,
        "language_code": "en",
        "text": "About",
        "root_word": "عَنِ",
        "global_word_sequence_number": 75124,
        "global_verse_sequence_number": 5674
    },
    {
        "chapter": 78,
        "verse": 2,
        "juz": 30,
        "hizb": 233,
        "manzil": 7,
        "ruku": 518,
        "word_number_in_verse": 2,
        "language_code": "en",
        "text": "the News",
        "root_word": "النَّبَإِ",
        "global_word_sequence_number": 75125,
        "global_verse_sequence_number": 5674
    },
    {
        "chapter": 78,
        "verse": 2,
        "juz": 30,
        "hizb": 233,
        "manzil": 7,
        "ruku": 518,
        "word_number_in_verse": 3,
        "language_code": "en",
        "text": "the Great",
        "root_word": "الۡعَظِيمِ",
        "global_word_sequence_number": 75126,
        "global_verse_sequence_number": 5674
    },
    {
        "chapter": 78,
        "verse": 3,
        "juz": 30,
        "hizb": 233,
        "manzil": 7,
        "ruku": 518,
        "word_number_in_verse": 1,
        "language_code": "en",
        "text": "(About) which",
        "root_word": "الَّذِي",
        "global_word_sequence_number": 75127,
        "global_verse_sequence_number": 5675
    },
    {
        "chapter": 78,
        "verse": 3,
        "juz": 30,
        "hizb": 233,
        "manzil": 7,
        "ruku": 518,
        "word_number_in_verse": 2,
        "language_code": "en",
        "text": "they",
        "root_word": "هُمۡ",
        "global_word_sequence_number": 75128,
        "global_verse_sequence_number": 5675
    },
    {
        "chapter": 78,
        "verse": 3,
        "juz": 30,
        "hizb": 233,
        "manzil": 7,
        "ruku": 518,
        "word_number_in_verse": 3,
        "language_code": "en",
        "text": "(are) concerning it",
        "root_word": "فِيهِ",
        "global_word_sequence_number": 75129,
        "global_verse_sequence_number": 5675
    },
    {
        "chapter": 78,
        "verse": 3,
        "juz": 30,
        "hizb": 233,
        "manzil": 7,
        "ruku": 518,
        "word_number_in_verse": 4,
        "language_code": "en",
        "text": "(in) disagreement",
        "root_word": "مُخۡتَلِفُونَ",
        "global_word_sequence_number": 75130,
        "global_verse_sequence_number": 5675
    },
    {
        "chapter": 78,
        "verse": 4,
        "juz": 30,
        "hizb": 233,
        "manzil": 7,
        "ruku": 518,
        "word_number_in_verse": 1,
        "language_code": "en",
        "text": "Nay",
        "root_word": "كـَلَّا",
        "global_word_sequence_number": 75131,
        "global_verse_sequence_number": 5676
    },
    {
        "chapter": 78,
        "verse": 4,
        "juz": 30,
        "hizb": 233,
        "manzil": 7,
        "ruku": 518,
        "word_number_in_verse": 2,
        "language_code": "en",
        "text": "(soon) they will know",
        "root_word": "سَيَعۡلَمُونَ",
        "global_word_sequence_number": 75132,
        "global_verse_sequence_number": 5676
    },
    {
        "chapter": 78,
        "verse": 5,
        "juz": 30,
        "hizb": 233,
        "manzil": 7,
        "ruku": 518,
        "word_number_in_verse": 1,
        "language_code": "en",
        "text": "Then",
        "root_word": "ثُمَّ",
        "global_word_sequence_number": 75133,
        "global_verse_sequence_number": 5677
    },
    {
        "chapter": 78,
        "verse": 5,
        "juz": 30,
        "hizb": 233,
        "manzil": 7,
        "ruku": 518,
        "word_number_in_verse": 2,
        "language_code": "en",
        "text": "Nay",
        "root_word": "كـَلَّا",
        "global_word_sequence_number": 75134,
        "global_verse_sequence_number": 5677
    },
    {
        "chapter": 78,
        "verse": 5,
        "juz": 30,
        "hizb": 233,
        "manzil": 7,
        "ruku": 518,
        "word_number_in_verse": 3,
        "language_code": "en",
        "text": "(soon) they will know",
        "root_word": "سَيَعۡلَمُونَ",
        "global_word_sequence_number": 75135,
        "global_verse_sequence_number": 5677
    },
    {
        "chapter": 78,
        "verse": 6,
        "juz": 30,
        "hizb": 233,
        "manzil": 7,
        "ruku": 518,
        "word_number_in_verse": 1,
        "language_code": "en",
        "text": "Have not",
        "root_word": "أَلَمۡ",
        "global_word_sequence_number": 75136,
        "global_verse_sequence_number": 5678
    },
    {
        "chapter": 78,
        "verse": 6,
        "juz": 30,
        "hizb": 233,
        "manzil": 7,
        "ruku": 518,
        "word_number_in_verse": 2,
        "language_code": "en",
        "text": "We made",
        "root_word": "نَجۡعَلِ",
        "global_word_sequence_number": 75137,
        "global_verse_sequence_number": 5678
    },
    {
        "chapter": 78,
        "verse": 6,
        "juz": 30,
        "hizb": 233,
        "manzil": 7,
        "ruku": 518,
        "word_number_in_verse": 3,
        "language_code": "en",
        "text": "the earth",
        "root_word": "الۡأَرۡضَ",
        "global_word_sequence_number": 75138,
        "global_verse_sequence_number": 5678
    },
    {
        "chapter": 78,
        "verse": 6,
        "juz": 30,
        "hizb": 233,
        "manzil": 7,
        "ruku": 518,
        "word_number_in_verse": 4,
        "language_code": "en",
        "text": "a resting place",
        "root_word": "مِهَٰدٗا",
        "global_word_sequence_number": 75139,
        "global_verse_sequence_number": 5678
    },
    {
        "chapter": 78,
        "verse": 7,
        "juz": 30,
        "hizb": 233,
        "manzil": 7,
        "ruku": 518,
        "word_number_in_verse": 1,
        "language_code": "en",
        "text": "And the mountains",
        "root_word": "وَالۡجِبَالَ",
        "global_word_sequence_number": 75140,
        "global_verse_sequence_number": 5679
    },
    {
        "chapter": 78,
        "verse": 7,
        "juz": 30,
        "hizb": 233,
        "manzil": 7,
        "ruku": 518,
        "word_number_in_verse": 2,
        "language_code": "en",
        "text": "(as) pegs",
        "root_word": "أَوۡتَادٗا",
        "global_word_sequence_number": 75141,
        "global_verse_sequence_number": 5679
    },
    {
        "chapter": 78,
        "verse": 8,
        "juz": 30,
        "hizb": 233,
        "manzil": 7,
        "ruku": 518,
        "word_number_in_verse": 1,
        "language_code": "en",
        "text": "And We created you",
        "root_word": "وَخَلَقۡنَٰكُمۡ",
        "global_word_sequence_number": 75142,
        "global_verse_sequence_number": 5680
    },
    {
        "chapter": 78,
        "verse": 8,
        "juz": 30,
        "hizb": 233,
        "manzil": 7,
        "ruku": 518,
        "word_number_in_verse": 2,
        "language_code": "en",
        "text": "(in) pairs",
        "root_word": "أَزۡوَٰجٗا",
        "global_word_sequence_number": 75143,
        "global_verse_sequence_number": 5680
    },
    {
        "chapter": 78,
        "verse": 9,
        "juz": 30,
        "hizb": 233,
        "manzil": 7,
        "ruku": 518,
        "word_number_in_verse": 1,
        "language_code": "en",
        "text": "And We made",
        "root_word": "وَجَعَلۡنَا",
        "global_word_sequence_number": 75144,
        "global_verse_sequence_number": 5681
    },
    {
        "chapter": 78,
        "verse": 9,
        "juz": 30,
        "hizb": 233,
        "manzil": 7,
        "ruku": 518,
        "word_number_in_verse": 2,
        "language_code": "en",
        "text": "your sleep",
        "root_word": "نَوۡمَكُمۡ",
        "global_word_sequence_number": 75145,
        "global_verse_sequence_number": 5681
    },
    {
        "chapter": 78,
        "verse": 9,
        "juz": 30,
        "hizb": 233,
        "manzil": 7,
        "ruku": 518,
        "word_number_in_verse": 3,
        "language_code": "en",
        "text": "(for) rest",
        "root_word": "سُبَاتٗا",
        "global_word_sequence_number": 75146,
        "global_verse_sequence_number": 5681
    },
    {
        "chapter": 78,
        "verse": 10,
        "juz": 30,
        "hizb": 233,
        "manzil": 7,
        "ruku": 518,
        "word_number_in_verse": 1,
        "language_code": "en",
        "text": "And We made",
        "root_word": "وَجَعَلۡنَا",
        "global_word_sequence_number": 75147,
        "global_verse_sequence_number": 5682
    },
    {
        "chapter": 78,
        "verse": 10,
        "juz": 30,
        "hizb": 233,
        "manzil": 7,
        "ruku": 518,
        "word_number_in_verse": 2,
        "language_code": "en",
        "text": "the night",
        "root_word": "الَّيۡلَ",
        "global_word_sequence_number": 75148,
        "global_verse_sequence_number": 5682
    },
    {
        "chapter": 78,
        "verse": 10,
        "juz": 30,
        "hizb": 233,
        "manzil": 7,
        "ruku": 518,
        "word_number_in_verse": 3,
        "language_code": "en",
        "text": "(as) covering",
        "root_word": "لِبَاسٗا",
        "global_word_sequence_number": 75149,
        "global_verse_sequence_number": 5682
    },
    {
        "chapter": 78,
        "verse": 11,
        "juz": 30,
        "hizb": 233,
        "manzil": 7,
        "ruku": 518,
        "word_number_in_verse": 1,
        "language_code": "en",
        "text": "And We made",
        "root_word": "وَجَعَلۡنَا",
        "global_word_sequence_number": 75150,
        "global_verse_sequence_number": 5683
    },
    {
        "chapter": 78,
        "verse": 11,
        "juz": 30,
        "hizb": 233,
        "manzil": 7,
        "ruku": 518,
        "word_number_in_verse": 2,
        "language_code": "en",
        "text": "the day",
        "root_word": "النَّهَارَ",
        "global_word_sequence_number": 75151,
        "global_verse_sequence_number": 5683
    },
    {
        "chapter": 78,
        "verse": 11,
        "juz": 30,
        "hizb": 233,
        "manzil": 7,
        "ruku": 518,
        "word_number_in_verse": 3,
        "language_code": "en",
        "text": "(for) livelihood",
        "root_word": "مَعَاشٗا",
        "global_word_sequence_number": 75152,
        "global_verse_sequence_number": 5683
    },
    {
        "chapter": 78,
        "verse": 12,
        "juz": 30,
        "hizb": 233,
        "manzil": 7,
        "ruku": 518,
        "word_number_in_verse": 1,
        "language_code": "en",
        "text": "And We constructed",
        "root_word": "وَبَنَيۡنَا",
        "global_word_sequence_number": 75153,
        "global_verse_sequence_number": 5684
    },
    {
        "chapter": 78,
        "verse": 12,
        "juz": 30,
        "hizb": 233,
        "manzil": 7,
        "ruku": 518,
        "word_number_in_verse": 2,
        "language_code": "en",
        "text": "over you",
        "root_word": "فَوۡقَكُمۡ",
        "global_word_sequence_number": 75154,
        "global_verse_sequence_number": 5684
    },
    {
        "chapter": 78,
        "verse": 12,
        "juz": 30,
        "hizb": 233,
        "manzil": 7,
        "ruku": 518,
        "word_number_in_verse": 3,
        "language_code": "en",
        "text": "seven",
        "root_word": "سَبۡعٗا",
        "global_word_sequence_number": 75155,
        "global_verse_sequence_number": 5684
    },
    {
        "chapter": 78,
        "verse": 12,
        "juz": 30,
        "hizb": 233,
        "manzil": 7,
        "ruku": 518,
        "word_number_in_verse": 4,
        "language_code": "en",
        "text": "strong",
        "root_word": "شِدَادٗا",
        "global_word_sequence_number": 75156,
        "global_verse_sequence_number": 5684
    },
    {
        "chapter": 78,
        "verse": 13,
        "juz": 30,
        "hizb": 233,
        "manzil": 7,
        "ruku": 518,
        "word_number_in_verse": 1,
        "language_code": "en",
        "text": "And We placed",
        "root_word": "وَجَعَلۡنَا",
        "global_word_sequence_number": 75157,
        "global_verse_sequence_number": 5685
    },
    {
        "chapter": 78,
        "verse": 13,
        "juz": 30,
        "hizb": 233,
        "manzil": 7,
        "ruku": 518,
        "word_number_in_verse": 2,
        "language_code": "en",
        "text": "a lamp",
        "root_word": "سِرَاجٗا",
        "global_word_sequence_number": 75158,
        "global_verse_sequence_number": 5685
    },
    {
        "chapter": 78,
        "verse": 13,
        "juz": 30,
        "hizb": 233,
        "manzil": 7,
        "ruku": 518,
        "word_number_in_verse": 3,
        "language_code": "en",
        "text": "burning",
        "root_word": "وَهَّاجٗا",
        "global_word_sequence_number": 75159,
        "global_verse_sequence_number": 5685
    },
    {
        "chapter": 78,
        "verse": 14,
        "juz": 30,
        "hizb": 233,
        "manzil": 7,
        "ruku": 518,
        "word_number_in_verse": 1,
        "language_code": "en",
        "text": "And We sent down",
        "root_word": "وَأَنزَلۡنَا",
        "global_word_sequence_number": 75160,
        "global_verse_sequence_number": 5686
    },
    {
        "chapter": 78,
        "verse": 14,
        "juz": 30,
        "hizb": 233,
        "manzil": 7,
        "ruku": 518,
        "word_number_in_verse": 2,
        "language_code": "en",
        "text": "from",
        "root_word": "مِنَ",
        "global_word_sequence_number": 75161,
        "global_verse_sequence_number": 5686
    },
    {
        "chapter": 78,
        "verse": 14,
        "juz": 30,
        "hizb": 233,
        "manzil": 7,
        "ruku": 518,
        "word_number_in_verse": 3,
        "language_code": "en",
        "text": "the rain clouds",
        "root_word": "الۡمُعۡصِرَٰتِ",
        "global_word_sequence_number": 75162,
        "global_verse_sequence_number": 5686
    },
    {
        "chapter": 78,
        "verse": 14,
        "juz": 30,
        "hizb": 233,
        "manzil": 7,
        "ruku": 518,
        "word_number_in_verse": 4,
        "language_code": "en",
        "text": "water",
        "root_word": "مَآءٗ",
        "global_word_sequence_number": 75163,
        "global_verse_sequence_number": 5686
    },
    {
        "chapter": 78,
        "verse": 14,
        "juz": 30,
        "hizb": 233,
        "manzil": 7,
        "ruku": 518,
        "word_number_in_verse": 5,
        "language_code": "en",
        "text": "pouring abundantly",
        "root_word": "ثَجَّاجٗا",
        "global_word_sequence_number": 75164,
        "global_verse_sequence_number": 5686
    },
    {
        "chapter": 78,
        "verse": 15,
        "juz": 30,
        "hizb": 233,
        "manzil": 7,
        "ruku": 518,
        "word_number_in_verse": 1,
        "language_code": "en",
        "text": "That We may bring forth",
        "root_word": "لِّنُخۡرِجَ",
        "global_word_sequence_number": 75165,
        "global_verse_sequence_number": 5687
    },
    {
        "chapter": 78,
        "verse": 15,
        "juz": 30,
        "hizb": 233,
        "manzil": 7,
        "ruku": 518,
        "word_number_in_verse": 2,
        "language_code": "en",
        "text": "thereby",
        "root_word": "بِهِۦ",
        "global_word_sequence_number": 75166,
        "global_verse_sequence_number": 5687
    },
    {
        "chapter": 78,
        "verse": 15,
        "juz": 30,
        "hizb": 233,
        "manzil": 7,
        "ruku": 518,
        "word_number_in_verse": 3,
        "language_code": "en",
        "text": "grain",
        "root_word": "حَبّٗا",
        "global_word_sequence_number": 75167,
        "global_verse_sequence_number": 5687
    },
    {
        "chapter": 78,
        "verse": 15,
        "juz": 30,
        "hizb": 233,
        "manzil": 7,
        "ruku": 518,
        "word_number_in_verse": 4,
        "language_code": "en",
        "text": "and vegetation",
        "root_word": "وَنَبَاتٗا",
        "global_word_sequence_number": 75168,
        "global_verse_sequence_number": 5687
    },
    {
        "chapter": 78,
        "verse": 16,
        "juz": 30,
        "hizb": 233,
        "manzil": 7,
        "ruku": 518,
        "word_number_in_verse": 1,
        "language_code": "en",
        "text": "And gardens",
        "root_word": "وَجَنَّٰتٍ",
        "global_word_sequence_number": 75169,
        "global_verse_sequence_number": 5688
    },
    {
        "chapter": 78,
        "verse": 16,
        "juz": 30,
        "hizb": 233,
        "manzil": 7,
        "ruku": 518,
        "word_number_in_verse": 2,
        "language_code": "en",
        "text": "(of) thick foliage",
        "root_word": "أَلۡفَافًا",
        "global_word_sequence_number": 75170,
        "global_verse_sequence_number": 5688
    },
    {
        "chapter": 78,
        "verse": 17,
        "juz": 30,
        "hizb": 233,
        "manzil": 7,
        "ruku": 518,
        "word_number_in_verse": 1,
        "language_code": "en",
        "text": "Indeed",
        "root_word": "إِنَّ",
        "global_word_sequence_number": 75171,
        "global_verse_sequence_number": 5689
    },
    {
        "chapter": 78,
        "verse": 17,
        "juz": 30,
        "hizb": 233,
        "manzil": 7,
        "ruku": 518,
        "word_number_in_verse": 2,
        "language_code": "en",
        "text": "(the) Day",
        "root_word": "يَوۡمَ",
        "global_word_sequence_number": 75172,
        "global_verse_sequence_number": 5689
    },
    {
        "chapter": 78,
        "verse": 17,
        "juz": 30,
        "hizb": 233,
        "manzil": 7,
        "ruku": 518,
        "word_number_in_verse": 3,
        "language_code": "en",
        "text": "(of) the Judgment",
        "root_word": "الۡفَصۡلِ",
        "global_word_sequence_number": 75173,
        "global_verse_sequence_number": 5689
    },
    {
        "chapter": 78,
        "verse": 17,
        "juz": 30,
        "hizb": 233,
        "manzil": 7,
        "ruku": 518,
        "word_number_in_verse": 4,
        "language_code": "en",
        "text": "is",
        "root_word": "كَانَ",
        "global_word_sequence_number": 75174,
        "global_verse_sequence_number": 5689
    },
    {
        "chapter": 78,
        "verse": 17,
        "juz": 30,
        "hizb": 233,
        "manzil": 7,
        "ruku": 518,
        "word_number_in_verse": 5,
        "language_code": "en",
        "text": "an appointed time",
        "root_word": "مِيقَٰتٗا",
        "global_word_sequence_number": 75175,
        "global_verse_sequence_number": 5689
    },
    {
        "chapter": 78,
        "verse": 18,
        "juz": 30,
        "hizb": 233,
        "manzil": 7,
        "ruku": 518,
        "word_number_in_verse": 1,
        "language_code": "en",
        "text": "(The) Day",
        "root_word": "يَوۡمَ",
        "global_word_sequence_number": 75176,
        "global_verse_sequence_number": 5690
    },
    {
        "chapter": 78,
        "verse": 18,
        "juz": 30,
        "hizb": 233,
        "manzil": 7,
        "ruku": 518,
        "word_number_in_verse": 2,
        "language_code": "en",
        "text": "(in which) shall be blown",
        "root_word": "يُنفَخُ",
        "global_word_sequence_number": 75177,
        "global_verse_sequence_number": 5690
    },
    {
        "chapter": 78,
        "verse": 18,
        "juz": 30,
        "hizb": 233,
        "manzil": 7,
        "ruku": 518,
        "word_number_in_verse": 3,
        "language_code": "en",
        "text": "in",
        "root_word": "فِي",
        "global_word_sequence_number": 75178,
        "global_verse_sequence_number": 5690
    },
    {
        "chapter": 78,
        "verse": 18,
        "juz": 30,
        "hizb": 233,
        "manzil": 7,
        "ruku": 518,
        "word_number_in_verse": 4,
        "language_code": "en",
        "text": "the trumpet",
        "root_word": "الصُّورِ",
        "global_word_sequence_number": 75179,
        "global_verse_sequence_number": 5690
    },
    {
        "chapter": 78,
        "verse": 18,
        "juz": 30,
        "hizb": 233,
        "manzil": 7,
        "ruku": 518,
        "word_number_in_verse": 5,
        "language_code": "en",
        "text": "and you will come forth",
        "root_word": "فَتَأۡتُونَ",
        "global_word_sequence_number": 75180,
        "global_verse_sequence_number": 5690
    },
    {
        "chapter": 78,
        "verse": 18,
        "juz": 30,
        "hizb": 233,
        "manzil": 7,
        "ruku": 518,
        "word_number_in_verse": 6,
        "language_code": "en",
        "text": "(in) crowds",
        "root_word": "أَفۡوَاجٗا",
        "global_word_sequence_number": 75181,
        "global_verse_sequence_number": 5690
    },
    {
        "chapter": 78,
        "verse": 19,
        "juz": 30,
        "hizb": 233,
        "manzil": 7,
        "ruku": 518,
        "word_number_in_verse": 1,
        "language_code": "en",
        "text": "And is opened",
        "root_word": "وَفُتِحَتِ",
        "global_word_sequence_number": 75182,
        "global_verse_sequence_number": 5691
    },
    {
        "chapter": 78,
        "verse": 19,
        "juz": 30,
        "hizb": 233,
        "manzil": 7,
        "ruku": 518,
        "word_number_in_verse": 2,
        "language_code": "en",
        "text": "the heaven",
        "root_word": "السَّمَآءُ",
        "global_word_sequence_number": 75183,
        "global_verse_sequence_number": 5691
    },
    {
        "chapter": 78,
        "verse": 19,
        "juz": 30,
        "hizb": 233,
        "manzil": 7,
        "ruku": 518,
        "word_number_in_verse": 3,
        "language_code": "en",
        "text": "and becomes",
        "root_word": "فَكَانَتۡ",
        "global_word_sequence_number": 75184,
        "global_verse_sequence_number": 5691
    },
    {
        "chapter": 78,
        "verse": 19,
        "juz": 30,
        "hizb": 233,
        "manzil": 7,
        "ruku": 518,
        "word_number_in_verse": 4,
        "language_code": "en",
        "text": "gateways",
        "root_word": "أَبۡوَٰبٗا",
        "global_word_sequence_number": 75185,
        "global_verse_sequence_number": 5691
    },
    {
        "chapter": 78,
        "verse": 20,
        "juz": 30,
        "hizb": 233,
        "manzil": 7,
        "ruku": 518,
        "word_number_in_verse": 1,
        "language_code": "en",
        "text": "And are moved",
        "root_word": "وَسُيِّرَتِ",
        "global_word_sequence_number": 75186,
        "global_verse_sequence_number": 5692
    },
    {
        "chapter": 78,
        "verse": 20,
        "juz": 30,
        "hizb": 233,
        "manzil": 7,
        "ruku": 518,
        "word_number_in_verse": 2,
        "language_code": "en",
        "text": "the mountains",
        "root_word": "الۡجِبَالُ",
        "global_word_sequence_number": 75187,
        "global_verse_sequence_number": 5692
    },
    {
        "chapter": 78,
        "verse": 20,
        "juz": 30,
        "hizb": 233,
        "manzil": 7,
        "ruku": 518,
        "word_number_in_verse": 3,
        "language_code": "en",
        "text": "and become",
        "root_word": "فَكَانَتۡ",
        "global_word_sequence_number": 75188,
        "global_verse_sequence_number": 5692
    },
    {
        "chapter": 78,
        "verse": 20,
        "juz": 30,
        "hizb": 233,
        "manzil": 7,
        "ruku": 518,
        "word_number_in_verse": 4,
        "language_code": "en",
        "text": "a mirage",
        "root_word": "سَرَابًا",
        "global_word_sequence_number": 75189,
        "global_verse_sequence_number": 5692
    },
    {
        "chapter": 78,
        "verse": 21,
        "juz": 30,
        "hizb": 233,
        "manzil": 7,
        "ruku": 518,
        "word_number_in_verse": 1,
        "language_code": "en",
        "text": "Indeed",
        "root_word": "إِنَّ",
        "global_word_sequence_number": 75190,
        "global_verse_sequence_number": 5693
    },
    {
        "chapter": 78,
        "verse": 21,
        "juz": 30,
        "hizb": 233,
        "manzil": 7,
        "ruku": 518,
        "word_number_in_verse": 2,
        "language_code": "en",
        "text": "Hell",
        "root_word": "جَهَنَّمَ",
        "global_word_sequence_number": 75191,
        "global_verse_sequence_number": 5693
    },
    {
        "chapter": 78,
        "verse": 21,
        "juz": 30,
        "hizb": 233,
        "manzil": 7,
        "ruku": 518,
        "word_number_in_verse": 3,
        "language_code": "en",
        "text": "is",
        "root_word": "كَانَتۡ",
        "global_word_sequence_number": 75192,
        "global_verse_sequence_number": 5693
    },
    {
        "chapter": 78,
        "verse": 21,
        "juz": 30,
        "hizb": 233,
        "manzil": 7,
        "ruku": 518,
        "word_number_in_verse": 4,
        "language_code": "en",
        "text": "lying in wait",
        "root_word": "مِرۡصَادٗا",
        "global_word_sequence_number": 75193,
        "global_verse_sequence_number": 5693
    },
    {
        "chapter": 78,
        "verse": 22,
        "juz": 30,
        "hizb": 233,
        "manzil": 7,
        "ruku": 518,
        "word_number_in_verse": 1,
        "language_code": "en",
        "text": "For the transgressors",
        "root_word": "لِّلطَّٰغِينَ",
        "global_word_sequence_number": 75194,
        "global_verse_sequence_number": 5694
    },
    {
        "chapter": 78,
        "verse": 22,
        "juz": 30,
        "hizb": 233,
        "manzil": 7,
        "ruku": 518,
        "word_number_in_verse": 2,
        "language_code": "en",
        "text": "a place of return",
        "root_word": "مَـَٔابٗا",
        "global_word_sequence_number": 75195,
        "global_verse_sequence_number": 5694
    },
    {
        "chapter": 78,
        "verse": 23,
        "juz": 30,
        "hizb": 233,
        "manzil": 7,
        "ruku": 518,
        "word_number_in_verse": 1,
        "language_code": "en",
        "text": "(They will) be remaining",
        "root_word": "لَّٰبِثِينَ",
        "global_word_sequence_number": 75196,
        "global_verse_sequence_number": 5695
    },
    {
        "chapter": 78,
        "verse": 23,
        "juz": 30,
        "hizb": 233,
        "manzil": 7,
        "ruku": 518,
        "word_number_in_verse": 2,
        "language_code": "en",
        "text": "therein",
        "root_word": "فِيهَآ",
        "global_word_sequence_number": 75197,
        "global_verse_sequence_number": 5695
    },
    {
        "chapter": 78,
        "verse": 23,
        "juz": 30,
        "hizb": 233,
        "manzil": 7,
        "ruku": 518,
        "word_number_in_verse": 3,
        "language_code": "en",
        "text": "(for) ages",
        "root_word": "أَحۡقَابٗا",
        "global_word_sequence_number": 75198,
        "global_verse_sequence_number": 5695
    },
    {
        "chapter": 78,
        "verse": 24,
        "juz": 30,
        "hizb": 233,
        "manzil": 7,
        "ruku": 518,
        "word_number_in_verse": 1,
        "language_code": "en",
        "text": "Not",
        "root_word": "لَّا",
        "global_word_sequence_number": 75199,
        "global_verse_sequence_number": 5696
    },
    {
        "chapter": 78,
        "verse": 24,
        "juz": 30,
        "hizb": 233,
        "manzil": 7,
        "ruku": 518,
        "word_number_in_verse": 2,
        "language_code": "en",
        "text": "they will taste",
        "root_word": "يَذُوقُونَ",
        "global_word_sequence_number": 75200,
        "global_verse_sequence_number": 5696
    },
    {
        "chapter": 78,
        "verse": 24,
        "juz": 30,
        "hizb": 233,
        "manzil": 7,
        "ruku": 518,
        "word_number_in_verse": 3,
        "language_code": "en",
        "text": "therein",
        "root_word": "فِيهَا",
        "global_word_sequence_number": 75201,
        "global_verse_sequence_number": 5696
    },
    {
        "chapter": 78,
        "verse": 24,
        "juz": 30,
        "hizb": 233,
        "manzil": 7,
        "ruku": 518,
        "word_number_in_verse": 4,
        "language_code": "en",
        "text": "coolness",
        "root_word": "بَرۡدٗا",
        "global_word_sequence_number": 75202,
        "global_verse_sequence_number": 5696
    },
    {
        "chapter": 78,
        "verse": 24,
        "juz": 30,
        "hizb": 233,
        "manzil": 7,
        "ruku": 518,
        "word_number_in_verse": 5,
        "language_code": "en",
        "text": "and not",
        "root_word": "وَلَا",
        "global_word_sequence_number": 75203,
        "global_verse_sequence_number": 5696
    },
    {
        "chapter": 78,
        "verse": 24,
        "juz": 30,
        "hizb": 233,
        "manzil": 7,
        "ruku": 518,
        "word_number_in_verse": 6,
        "language_code": "en",
        "text": "any drink",
        "root_word": "شَرَابًا",
        "global_word_sequence_number": 75204,
        "global_verse_sequence_number": 5696
    },
    {
        "chapter": 78,
        "verse": 25,
        "juz": 30,
        "hizb": 233,
        "manzil": 7,
        "ruku": 518,
        "word_number_in_verse": 1,
        "language_code": "en",
        "text": "Except",
        "root_word": "إِلَّا",
        "global_word_sequence_number": 75205,
        "global_verse_sequence_number": 5697
    },
    {
        "chapter": 78,
        "verse": 25,
        "juz": 30,
        "hizb": 233,
        "manzil": 7,
        "ruku": 518,
        "word_number_in_verse": 2,
        "language_code": "en",
        "text": "scalding water",
        "root_word": "حَمِيمٗا",
        "global_word_sequence_number": 75206,
        "global_verse_sequence_number": 5697
    },
    {
        "chapter": 78,
        "verse": 25,
        "juz": 30,
        "hizb": 233,
        "manzil": 7,
        "ruku": 518,
        "word_number_in_verse": 3,
        "language_code": "en",
        "text": "and purulence",
        "root_word": "وَغَسَّاقٗا",
        "global_word_sequence_number": 75207,
        "global_verse_sequence_number": 5697
    },
    {
        "chapter": 78,
        "verse": 26,
        "juz": 30,
        "hizb": 233,
        "manzil": 7,
        "ruku": 518,
        "word_number_in_verse": 1,
        "language_code": "en",
        "text": "A recompense",
        "root_word": "جَزَآءٗ",
        "global_word_sequence_number": 75208,
        "global_verse_sequence_number": 5698
    },
    {
        "chapter": 78,
        "verse": 26,
        "juz": 30,
        "hizb": 233,
        "manzil": 7,
        "ruku": 518,
        "word_number_in_verse": 2,
        "language_code": "en",
        "text": "appropriate",
        "root_word": "وِفَاقًا",
        "global_word_sequence_number": 75209,
        "global_verse_sequence_number": 5698
    },
    {
        "chapter": 78,
        "verse": 27,
        "juz": 30,
        "hizb": 233,
        "manzil": 7,
        "ruku": 518,
        "word_number_in_verse": 1,
        "language_code": "en",
        "text": "Indeed they",
        "root_word": "إِنَّهُمۡ",
        "global_word_sequence_number": 75210,
        "global_verse_sequence_number": 5699
    },
    {
        "chapter": 78,
        "verse": 27,
        "juz": 30,
        "hizb": 233,
        "manzil": 7,
        "ruku": 518,
        "word_number_in_verse": 2,
        "language_code": "en",
        "text": "were",
        "root_word": "كَانُواْ",
        "global_word_sequence_number": 75211,
        "global_verse_sequence_number": 5699
    },
    {
        "chapter": 78,
        "verse": 27,
        "juz": 30,
        "hizb": 233,
        "manzil": 7,
        "ruku": 518,
        "word_number_in_verse": 3,
        "language_code": "en",
        "text": "not",
        "root_word": "لَا",
        "global_word_sequence_number": 75212,
        "global_verse_sequence_number": 5699
    },
    {
        "chapter": 78,
        "verse": 27,
        "juz": 30,
        "hizb": 233,
        "manzil": 7,
        "ruku": 518,
        "word_number_in_verse": 4,
        "language_code": "en",
        "text": "expecting",
        "root_word": "يَرۡجُونَ",
        "global_word_sequence_number": 75213,
        "global_verse_sequence_number": 5699
    },
    {
        "chapter": 78,
        "verse": 27,
        "juz": 30,
        "hizb": 233,
        "manzil": 7,
        "ruku": 518,
        "word_number_in_verse": 5,
        "language_code": "en",
        "text": "an account",
        "root_word": "حِسَابٗا",
        "global_word_sequence_number": 75214,
        "global_verse_sequence_number": 5699
    },
    {
        "chapter": 78,
        "verse": 28,
        "juz": 30,
        "hizb": 233,
        "manzil": 7,
        "ruku": 518,
        "word_number_in_verse": 1,
        "language_code": "en",
        "text": "And they denied",
        "root_word": "وَكَذَّبُواْ",
        "global_word_sequence_number": 75215,
        "global_verse_sequence_number": 5700
    },
    {
        "chapter": 78,
        "verse": 28,
        "juz": 30,
        "hizb": 233,
        "manzil": 7,
        "ruku": 518,
        "word_number_in_verse": 2,
        "language_code": "en",
        "text": "Our Signs",
        "root_word": "بِـَٔايَٰتِنَا",
        "global_word_sequence_number": 75216,
        "global_verse_sequence_number": 5700
    },
    {
        "chapter": 78,
        "verse": 28,
        "juz": 30,
        "hizb": 233,
        "manzil": 7,
        "ruku": 518,
        "word_number_in_verse": 3,
        "language_code": "en",
        "text": "(with) denial",
        "root_word": "كِذَّابٗا",
        "global_word_sequence_number": 75217,
        "global_verse_sequence_number": 5700
    },
    {
        "chapter": 78,
        "verse": 29,
        "juz": 30,
        "hizb": 233,
        "manzil": 7,
        "ruku": 518,
        "word_number_in_verse": 1,
        "language_code": "en",
        "text": "And every",
        "root_word": "وَكُلَّ",
        "global_word_sequence_number": 75218,
        "global_verse_sequence_number": 5701
    },
    {
        "chapter": 78,
        "verse": 29,
        "juz": 30,
        "hizb": 233,
        "manzil": 7,
        "ruku": 518,
        "word_number_in_verse": 2,
        "language_code": "en",
        "text": "thing",
        "root_word": "شَيۡءٍ",
        "global_word_sequence_number": 75219,
        "global_verse_sequence_number": 5701
    },
    {
        "chapter": 78,
        "verse": 29,
        "juz": 30,
        "hizb": 233,
        "manzil": 7,
        "ruku": 518,
        "word_number_in_verse": 3,
        "language_code": "en",
        "text": "We have enumerated it",
        "root_word": "أَحۡصَيۡنَٰهُ",
        "global_word_sequence_number": 75220,
        "global_verse_sequence_number": 5701
    },
    {
        "chapter": 78,
        "verse": 29,
        "juz": 30,
        "hizb": 233,
        "manzil": 7,
        "ruku": 518,
        "word_number_in_verse": 4,
        "language_code": "en",
        "text": "(in) a Book",
        "root_word": "كِتَٰبٗا",
        "global_word_sequence_number": 75221,
        "global_verse_sequence_number": 5701
    },
    {
        "chapter": 78,
        "verse": 30,
        "juz": 30,
        "hizb": 233,
        "manzil": 7,
        "ruku": 518,
        "word_number_in_verse": 1,
        "language_code": "en",
        "text": "So taste",
        "root_word": "فَذُوقُواْ",
        "global_word_sequence_number": 75222,
        "global_verse_sequence_number": 5702
    },
    {
        "chapter": 78,
        "verse": 30,
        "juz": 30,
        "hizb": 233,
        "manzil": 7,
        "ruku": 518,
        "word_number_in_verse": 2,
        "language_code": "en",
        "text": "and never",
        "root_word": "فَلَن",
        "global_word_sequence_number": 75223,
        "global_verse_sequence_number": 5702
    },
    {
        "chapter": 78,
        "verse": 30,
        "juz": 30,
        "hizb": 233,
        "manzil": 7,
        "ruku": 518,
        "word_number_in_verse": 3,
        "language_code": "en",
        "text": "We will increase you",
        "root_word": "نَّزِيدَكُمۡ",
        "global_word_sequence_number": 75224,
        "global_verse_sequence_number": 5702
    },
    {
        "chapter": 78,
        "verse": 30,
        "juz": 30,
        "hizb": 233,
        "manzil": 7,
        "ruku": 518,
        "word_number_in_verse": 4,
        "language_code": "en",
        "text": "except",
        "root_word": "إِلَّا",
        "global_word_sequence_number": 75225,
        "global_verse_sequence_number": 5702
    },
    {
        "chapter": 78,
        "verse": 30,
        "juz": 30,
        "hizb": 233,
        "manzil": 7,
        "ruku": 518,
        "word_number_in_verse": 5,
        "language_code": "en",
        "text": "(in) punishment",
        "root_word": "عَذَابًا",
        "global_word_sequence_number": 75226,
        "global_verse_sequence_number": 5702
    },
    {
        "chapter": 78,
        "verse": 31,
        "juz": 30,
        "hizb": 233,
        "manzil": 7,
        "ruku": 519,
        "word_number_in_verse": 1,
        "language_code": "en",
        "text": "Indeed",
        "root_word": "إِنَّ",
        "global_word_sequence_number": 75227,
        "global_verse_sequence_number": 5703
    },
    {
        "chapter": 78,
        "verse": 31,
        "juz": 30,
        "hizb": 233,
        "manzil": 7,
        "ruku": 519,
        "word_number_in_verse": 2,
        "language_code": "en",
        "text": "for the righteous",
        "root_word": "لِلۡمُتَّقِينَ",
        "global_word_sequence_number": 75228,
        "global_verse_sequence_number": 5703
    },
    {
        "chapter": 78,
        "verse": 31,
        "juz": 30,
        "hizb": 233,
        "manzil": 7,
        "ruku": 519,
        "word_number_in_verse": 3,
        "language_code": "en",
        "text": "(is) success",
        "root_word": "مَفَازًا",
        "global_word_sequence_number": 75229,
        "global_verse_sequence_number": 5703
    },
    {
        "chapter": 78,
        "verse": 32,
        "juz": 30,
        "hizb": 233,
        "manzil": 7,
        "ruku": 519,
        "word_number_in_verse": 1,
        "language_code": "en",
        "text": "Gardens",
        "root_word": "حَدَآئِقَ",
        "global_word_sequence_number": 75230,
        "global_verse_sequence_number": 5704
    },
    {
        "chapter": 78,
        "verse": 32,
        "juz": 30,
        "hizb": 233,
        "manzil": 7,
        "ruku": 519,
        "word_number_in_verse": 2,
        "language_code": "en",
        "text": "and grapevines",
        "root_word": "وَأَعۡنَٰبٗا",
        "global_word_sequence_number": 75231,
        "global_verse_sequence_number": 5704
    },
    {
        "chapter": 78,
        "verse": 33,
        "juz": 30,
        "hizb": 233,
        "manzil": 7,
        "ruku": 519,
        "word_number_in_verse": 1,
        "language_code": "en",
        "text": "And splendid companions",
        "root_word": "وَكَوَاعِبَ",
        "global_word_sequence_number": 75232,
        "global_verse_sequence_number": 5705
    },
    {
        "chapter": 78,
        "verse": 33,
        "juz": 30,
        "hizb": 233,
        "manzil": 7,
        "ruku": 519,
        "word_number_in_verse": 2,
        "language_code": "en",
        "text": "well-matched",
        "root_word": "أَتۡرَابٗا",
        "global_word_sequence_number": 75233,
        "global_verse_sequence_number": 5705
    },
    {
        "chapter": 78,
        "verse": 34,
        "juz": 30,
        "hizb": 233,
        "manzil": 7,
        "ruku": 519,
        "word_number_in_verse": 1,
        "language_code": "en",
        "text": "And a cup",
        "root_word": "وَكَأۡسٗا",
        "global_word_sequence_number": 75234,
        "global_verse_sequence_number": 5706
    },
    {
        "chapter": 78,
        "verse": 34,
        "juz": 30,
        "hizb": 233,
        "manzil": 7,
        "ruku": 519,
        "word_number_in_verse": 2,
        "language_code": "en",
        "text": "full",
        "root_word": "دِهَاقٗا",
        "global_word_sequence_number": 75235,
        "global_verse_sequence_number": 5706
    },
    {
        "chapter": 78,
        "verse": 35,
        "juz": 30,
        "hizb": 233,
        "manzil": 7,
        "ruku": 519,
        "word_number_in_verse": 1,
        "language_code": "en",
        "text": "Not",
        "root_word": "لَّا",
        "global_word_sequence_number": 75236,
        "global_verse_sequence_number": 5707
    },
    {
        "chapter": 78,
        "verse": 35,
        "juz": 30,
        "hizb": 233,
        "manzil": 7,
        "ruku": 519,
        "word_number_in_verse": 2,
        "language_code": "en",
        "text": "they will hear",
        "root_word": "يَسۡمَعُونَ",
        "global_word_sequence_number": 75237,
        "global_verse_sequence_number": 5707
    },
    {
        "chapter": 78,
        "verse": 35,
        "juz": 30,
        "hizb": 233,
        "manzil": 7,
        "ruku": 519,
        "word_number_in_verse": 3,
        "language_code": "en",
        "text": "therein",
        "root_word": "فِيهَا",
        "global_word_sequence_number": 75238,
        "global_verse_sequence_number": 5707
    },
    {
        "chapter": 78,
        "verse": 35,
        "juz": 30,
        "hizb": 233,
        "manzil": 7,
        "ruku": 519,
        "word_number_in_verse": 4,
        "language_code": "en",
        "text": "any vain talk",
        "root_word": "لَغۡوٗا",
        "global_word_sequence_number": 75239,
        "global_verse_sequence_number": 5707
    },
    {
        "chapter": 78,
        "verse": 35,
        "juz": 30,
        "hizb": 233,
        "manzil": 7,
        "ruku": 519,
        "word_number_in_verse": 5,
        "language_code": "en",
        "text": "and not",
        "root_word": "وَلَا",
        "global_word_sequence_number": 75240,
        "global_verse_sequence_number": 5707
    },
    {
        "chapter": 78,
        "verse": 35,
        "juz": 30,
        "hizb": 233,
        "manzil": 7,
        "ruku": 519,
        "word_number_in_verse": 6,
        "language_code": "en",
        "text": "any falsehood",
        "root_word": "كِذَّٰبٗا",
        "global_word_sequence_number": 75241,
        "global_verse_sequence_number": 5707
    },
    {
        "chapter": 78,
        "verse": 36,
        "juz": 30,
        "hizb": 233,
        "manzil": 7,
        "ruku": 519,
        "word_number_in_verse": 1,
        "language_code": "en",
        "text": "(As) a reward",
        "root_word": "جَزَآءٗ",
        "global_word_sequence_number": 75242,
        "global_verse_sequence_number": 5708
    },
    {
        "chapter": 78,
        "verse": 36,
        "juz": 30,
        "hizb": 233,
        "manzil": 7,
        "ruku": 519,
        "word_number_in_verse": 2,
        "language_code": "en",
        "text": "from",
        "root_word": "مِّن",
        "global_word_sequence_number": 75243,
        "global_verse_sequence_number": 5708
    },
    {
        "chapter": 78,
        "verse": 36,
        "juz": 30,
        "hizb": 233,
        "manzil": 7,
        "ruku": 519,
        "word_number_in_verse": 3,
        "language_code": "en",
        "text": "your Lord",
        "root_word": "رَّبِّكَ",
        "global_word_sequence_number": 75244,
        "global_verse_sequence_number": 5708
    },
    {
        "chapter": 78,
        "verse": 36,
        "juz": 30,
        "hizb": 233,
        "manzil": 7,
        "ruku": 519,
        "word_number_in_verse": 4,
        "language_code": "en",
        "text": "a gift",
        "root_word": "عَطَآءً",
        "global_word_sequence_number": 75245,
        "global_verse_sequence_number": 5708
    },
    {
        "chapter": 78,
        "verse": 36,
        "juz": 30,
        "hizb": 233,
        "manzil": 7,
        "ruku": 519,
        "word_number_in_verse": 5,
        "language_code": "en",
        "text": "(according to) account",
        "root_word": "حِسَابٗا",
        "global_word_sequence_number": 75246,
        "global_verse_sequence_number": 5708
    },
    {
        "chapter": 78,
        "verse": 37,
        "juz": 30,
        "hizb": 233,
        "manzil": 7,
        "ruku": 519,
        "word_number_in_verse": 1,
        "language_code": "en",
        "text": "Lord",
        "root_word": "رَّبِّ",
        "global_word_sequence_number": 75247,
        "global_verse_sequence_number": 5709
    },
    {
        "chapter": 78,
        "verse": 37,
        "juz": 30,
        "hizb": 233,
        "manzil": 7,
        "ruku": 519,
        "word_number_in_verse": 2,
        "language_code": "en",
        "text": "(of) the heavens",
        "root_word": "السَّمَٰوَٰتِ",
        "global_word_sequence_number": 75248,
        "global_verse_sequence_number": 5709
    },
    {
        "chapter": 78,
        "verse": 37,
        "juz": 30,
        "hizb": 233,
        "manzil": 7,
        "ruku": 519,
        "word_number_in_verse": 3,
        "language_code": "en",
        "text": "and the earth",
        "root_word": "وَالۡأَرۡضِ",
        "global_word_sequence_number": 75249,
        "global_verse_sequence_number": 5709
    },
    {
        "chapter": 78,
        "verse": 37,
        "juz": 30,
        "hizb": 233,
        "manzil": 7,
        "ruku": 519,
        "word_number_in_verse": 4,
        "language_code": "en",
        "text": "and whatever",
        "root_word": "وَمَا",
        "global_word_sequence_number": 75250,
        "global_verse_sequence_number": 5709
    },
    {
        "chapter": 78,
        "verse": 37,
        "juz": 30,
        "hizb": 233,
        "manzil": 7,
        "ruku": 519,
        "word_number_in_verse": 5,
        "language_code": "en",
        "text": "(is) between both of them",
        "root_word": "بَيۡنَهُمَا",
        "global_word_sequence_number": 75251,
        "global_verse_sequence_number": 5709
    },
    {
        "chapter": 78,
        "verse": 37,
        "juz": 30,
        "hizb": 233,
        "manzil": 7,
        "ruku": 519,
        "word_number_in_verse": 6,
        "language_code": "en",
        "text": "the Most Gracious",
        "root_word": "الرَّحۡمَٰنِۖ",
        "global_word_sequence_number": 75252,
        "global_verse_sequence_number": 5709
    },
    {
        "chapter": 78,
        "verse": 37,
        "juz": 30,
        "hizb": 233,
        "manzil": 7,
        "ruku": 519,
        "word_number_in_verse": 7,
        "language_code": "en",
        "text": "not",
        "root_word": "لَا",
        "global_word_sequence_number": 75253,
        "global_verse_sequence_number": 5709
    },
    {
        "chapter": 78,
        "verse": 37,
        "juz": 30,
        "hizb": 233,
        "manzil": 7,
        "ruku": 519,
        "word_number_in_verse": 8,
        "language_code": "en",
        "text": "they have power",
        "root_word": "يَمۡلِكُونَ",
        "global_word_sequence_number": 75254,
        "global_verse_sequence_number": 5709
    },
    {
        "chapter": 78,
        "verse": 37,
        "juz": 30,
        "hizb": 233,
        "manzil": 7,
        "ruku": 519,
        "word_number_in_verse": 9,
        "language_code": "en",
        "text": "from Him",
        "root_word": "مِنۡهُ",
        "global_word_sequence_number": 75255,
        "global_verse_sequence_number": 5709
    },
    {
        "chapter": 78,
        "verse": 37,
        "juz": 30,
        "hizb": 233,
        "manzil": 7,
        "ruku": 519,
        "word_number_in_verse": 10,
        "language_code": "en",
        "text": "(to) address",
        "root_word": "خِطَابٗا",
        "global_word_sequence_number": 75256,
        "global_verse_sequence_number": 5709
    },
    {
        "chapter": 78,
        "verse": 38,
        "juz": 30,
        "hizb": 233,
        "manzil": 7,
        "ruku": 519,
        "word_number_in_verse": 1,
        "language_code": "en",
        "text": "(The) Day",
        "root_word": "يَوۡمَ",
        "global_word_sequence_number": 75257,
        "global_verse_sequence_number": 5710
    },
    {
        "chapter": 78,
        "verse": 38,
        "juz": 30,
        "hizb": 233,
        "manzil": 7,
        "ruku": 519,
        "word_number_in_verse": 2,
        "language_code": "en",
        "text": "will stand",
        "root_word": "يَقُومُ",
        "global_word_sequence_number": 75258,
        "global_verse_sequence_number": 5710
    },
    {
        "chapter": 78,
        "verse": 38,
        "juz": 30,
        "hizb": 233,
        "manzil": 7,
        "ruku": 519,
        "word_number_in_verse": 3,
        "language_code": "en",
        "text": "the Spirit",
        "root_word": "الرُّوحُ",
        "global_word_sequence_number": 75259,
        "global_verse_sequence_number": 5710
    },
    {
        "chapter": 78,
        "verse": 38,
        "juz": 30,
        "hizb": 233,
        "manzil": 7,
        "ruku": 519,
        "word_number_in_verse": 4,
        "language_code": "en",
        "text": "and the Angels",
        "root_word": "وَالۡمَلَٰٓئِكَةُ",
        "global_word_sequence_number": 75260,
        "global_verse_sequence_number": 5710
    },
    {
        "chapter": 78,
        "verse": 38,
        "juz": 30,
        "hizb": 233,
        "manzil": 7,
        "ruku": 519,
        "word_number_in_verse": 5,
        "language_code": "en",
        "text": "(in) rows",
        "root_word": "صَفّٗاۖ",
        "global_word_sequence_number": 75261,
        "global_verse_sequence_number": 5710
    },
    {
        "chapter": 78,
        "verse": 38,
        "juz": 30,
        "hizb": 233,
        "manzil": 7,
        "ruku": 519,
        "word_number_in_verse": 6,
        "language_code": "en",
        "text": "not",
        "root_word": "لَّا",
        "global_word_sequence_number": 75262,
        "global_verse_sequence_number": 5710
    },
    {
        "chapter": 78,
        "verse": 38,
        "juz": 30,
        "hizb": 233,
        "manzil": 7,
        "ruku": 519,
        "word_number_in_verse": 7,
        "language_code": "en",
        "text": "they will speak",
        "root_word": "يَتَكَلَّمُونَ",
        "global_word_sequence_number": 75263,
        "global_verse_sequence_number": 5710
    },
    {
        "chapter": 78,
        "verse": 38,
        "juz": 30,
        "hizb": 233,
        "manzil": 7,
        "ruku": 519,
        "word_number_in_verse": 8,
        "language_code": "en",
        "text": "except",
        "root_word": "إِلَّا",
        "global_word_sequence_number": 75264,
        "global_verse_sequence_number": 5710
    },
    {
        "chapter": 78,
        "verse": 38,
        "juz": 30,
        "hizb": 233,
        "manzil": 7,
        "ruku": 519,
        "word_number_in_verse": 9,
        "language_code": "en",
        "text": "(one) who",
        "root_word": "مَنۡ",
        "global_word_sequence_number": 75265,
        "global_verse_sequence_number": 5710
    },
    {
        "chapter": 78,
        "verse": 38,
        "juz": 30,
        "hizb": 233,
        "manzil": 7,
        "ruku": 519,
        "word_number_in_verse": 10,
        "language_code": "en",
        "text": "permits",
        "root_word": "أَذِنَ",
        "global_word_sequence_number": 75266,
        "global_verse_sequence_number": 5710
    },
    {
        "chapter": 78,
        "verse": 38,
        "juz": 30,
        "hizb": 233,
        "manzil": 7,
        "ruku": 519,
        "word_number_in_verse": 11,
        "language_code": "en",
        "text": "[for] him",
        "root_word": "لَهُ",
        "global_word_sequence_number": 75267,
        "global_verse_sequence_number": 5710
    },
    {
        "chapter": 78,
        "verse": 38,
        "juz": 30,
        "hizb": 233,
        "manzil": 7,
        "ruku": 519,
        "word_number_in_verse": 12,
        "language_code": "en",
        "text": "the Most Gracious",
        "root_word": "الرَّحۡمَٰنُ",
        "global_word_sequence_number": 75268,
        "global_verse_sequence_number": 5710
    },
    {
        "chapter": 78,
        "verse": 38,
        "juz": 30,
        "hizb": 233,
        "manzil": 7,
        "ruku": 519,
        "word_number_in_verse": 13,
        "language_code": "en",
        "text": "and he (will) say",
        "root_word": "وَقَالَ",
        "global_word_sequence_number": 75269,
        "global_verse_sequence_number": 5710
    },
    {
        "chapter": 78,
        "verse": 38,
        "juz": 30,
        "hizb": 233,
        "manzil": 7,
        "ruku": 519,
        "word_number_in_verse": 14,
        "language_code": "en",
        "text": "(what is) correct",
        "root_word": "صَوَابٗا",
        "global_word_sequence_number": 75270,
        "global_verse_sequence_number": 5710
    },
    {
        "chapter": 78,
        "verse": 39,
        "juz": 30,
        "hizb": 233,
        "manzil": 7,
        "ruku": 519,
        "word_number_in_verse": 1,
        "language_code": "en",
        "text": "That",
        "root_word": "ذَٰلِكَ",
        "global_word_sequence_number": 75271,
        "global_verse_sequence_number": 5711
    },
    {
        "chapter": 78,
        "verse": 39,
        "juz": 30,
        "hizb": 233,
        "manzil": 7,
        "ruku": 519,
        "word_number_in_verse": 2,
        "language_code": "en",
        "text": "(is) the Day",
        "root_word": "الۡيَوۡمُ",
        "global_word_sequence_number": 75272,
        "global_verse_sequence_number": 5711
    },
    {
        "chapter": 78,
        "verse": 39,
        "juz": 30,
        "hizb": 233,
        "manzil": 7,
        "ruku": 519,
        "word_number_in_verse": 3,
        "language_code": "en",
        "text": "the True",
        "root_word": "الۡحَقُّۖ",
        "global_word_sequence_number": 75273,
        "global_verse_sequence_number": 5711
    },
    {
        "chapter": 78,
        "verse": 39,
        "juz": 30,
        "hizb": 233,
        "manzil": 7,
        "ruku": 519,
        "word_number_in_verse": 4,
        "language_code": "en",
        "text": "So whoever",
        "root_word": "فَمَن",
        "global_word_sequence_number": 75274,
        "global_verse_sequence_number": 5711
    },
    {
        "chapter": 78,
        "verse": 39,
        "juz": 30,
        "hizb": 233,
        "manzil": 7,
        "ruku": 519,
        "word_number_in_verse": 5,
        "language_code": "en",
        "text": "wills",
        "root_word": "شَآءَ",
        "global_word_sequence_number": 75275,
        "global_verse_sequence_number": 5711
    },
    {
        "chapter": 78,
        "verse": 39,
        "juz": 30,
        "hizb": 233,
        "manzil": 7,
        "ruku": 519,
        "word_number_in_verse": 6,
        "language_code": "en",
        "text": "let him take",
        "root_word": "اتَّخَذَ",
        "global_word_sequence_number": 75276,
        "global_verse_sequence_number": 5711
    },
    {
        "chapter": 78,
        "verse": 39,
        "juz": 30,
        "hizb": 233,
        "manzil": 7,
        "ruku": 519,
        "word_number_in_verse": 7,
        "language_code": "en",
        "text": "towards",
        "root_word": "إِلَىٰ",
        "global_word_sequence_number": 75277,
        "global_verse_sequence_number": 5711
    },
    {
        "chapter": 78,
        "verse": 39,
        "juz": 30,
        "hizb": 233,
        "manzil": 7,
        "ruku": 519,
        "word_number_in_verse": 8,
        "language_code": "en",
        "text": "his Lord",
        "root_word": "رَبِّهِۦ",
        "global_word_sequence_number": 75278,
        "global_verse_sequence_number": 5711
    },
    {
        "chapter": 78,
        "verse": 39,
        "juz": 30,
        "hizb": 233,
        "manzil": 7,
        "ruku": 519,
        "word_number_in_verse": 9,
        "language_code": "en",
        "text": "a return",
        "root_word": "مَـَٔابًا",
        "global_word_sequence_number": 75279,
        "global_verse_sequence_number": 5711
    },
    {
        "chapter": 78,
        "verse": 40,
        "juz": 30,
        "hizb": 233,
        "manzil": 7,
        "ruku": 519,
        "word_number_in_verse": 1,
        "language_code": "en",
        "text": "Indeed We",
        "root_word": "إِنَّآ",
        "global_word_sequence_number": 75280,
        "global_verse_sequence_number": 5712
    },
    {
        "chapter": 78,
        "verse": 40,
        "juz": 30,
        "hizb": 233,
        "manzil": 7,
        "ruku": 519,
        "word_number_in_verse": 2,
        "language_code": "en",
        "text": "[We] have warned you",
        "root_word": "أَنذَرۡنَٰكُمۡ",
        "global_word_sequence_number": 75281,
        "global_verse_sequence_number": 5712
    },
    {
        "chapter": 78,
        "verse": 40,
        "juz": 30,
        "hizb": 233,
        "manzil": 7,
        "ruku": 519,
        "word_number_in_verse": 3,
        "language_code": "en",
        "text": "(of) a punishment",
        "root_word": "عَذَابٗا",
        "global_word_sequence_number": 75282,
        "global_verse_sequence_number": 5712
    },
    {
        "chapter": 78,
        "verse": 40,
        "juz": 30,
        "hizb": 233,
        "manzil": 7,
        "ruku": 519,
        "word_number_in_verse": 4,
        "language_code": "en",
        "text": "near",
        "root_word": "قَرِيبٗا",
        "global_word_sequence_number": 75283,
        "global_verse_sequence_number": 5712
    },
    {
        "chapter": 78,
        "verse": 40,
        "juz": 30,
        "hizb": 233,
        "manzil": 7,
        "ruku": 519,
        "word_number_in_verse": 5,
        "language_code": "en",
        "text": "(the) Day",
        "root_word": "يَوۡمَ",
        "global_word_sequence_number": 75284,
        "global_verse_sequence_number": 5712
    },
    {
        "chapter": 78,
        "verse": 40,
        "juz": 30,
        "hizb": 233,
        "manzil": 7,
        "ruku": 519,
        "word_number_in_verse": 6,
        "language_code": "en",
        "text": "will see",
        "root_word": "يَنظُرُ",
        "global_word_sequence_number": 75285,
        "global_verse_sequence_number": 5712
    },
    {
        "chapter": 78,
        "verse": 40,
        "juz": 30,
        "hizb": 233,
        "manzil": 7,
        "ruku": 519,
        "word_number_in_verse": 7,
        "language_code": "en",
        "text": "the man",
        "root_word": "الۡمَرۡءُ",
        "global_word_sequence_number": 75286,
        "global_verse_sequence_number": 5712
    },
    {
        "chapter": 78,
        "verse": 40,
        "juz": 30,
        "hizb": 233,
        "manzil": 7,
        "ruku": 519,
        "word_number_in_verse": 8,
        "language_code": "en",
        "text": "what",
        "root_word": "مَا",
        "global_word_sequence_number": 75287,
        "global_verse_sequence_number": 5712
    },
    {
        "chapter": 78,
        "verse": 40,
        "juz": 30,
        "hizb": 233,
        "manzil": 7,
        "ruku": 519,
        "word_number_in_verse": 9,
        "language_code": "en",
        "text": "have sent forth",
        "root_word": "قَدَّمَتۡ",
        "global_word_sequence_number": 75288,
        "global_verse_sequence_number": 5712
    },
    {
        "chapter": 78,
        "verse": 40,
        "juz": 30,
        "hizb": 233,
        "manzil": 7,
        "ruku": 519,
        "word_number_in_verse": 10,
        "language_code": "en",
        "text": "his hands",
        "root_word": "يَدَاهُ",
        "global_word_sequence_number": 75289,
        "global_verse_sequence_number": 5712
    },
    {
        "chapter": 78,
        "verse": 40,
        "juz": 30,
        "hizb": 233,
        "manzil": 7,
        "ruku": 519,
        "word_number_in_verse": 11,
        "language_code": "en",
        "text": "and will say",
        "root_word": "وَيَقُولُ",
        "global_word_sequence_number": 75290,
        "global_verse_sequence_number": 5712
    },
    {
        "chapter": 78,
        "verse": 40,
        "juz": 30,
        "hizb": 233,
        "manzil": 7,
        "ruku": 519,
        "word_number_in_verse": 12,
        "language_code": "en",
        "text": "the disbeliever",
        "root_word": "الۡكَافِرُ",
        "global_word_sequence_number": 75291,
        "global_verse_sequence_number": 5712
    },
    {
        "chapter": 78,
        "verse": 40,
        "juz": 30,
        "hizb": 233,
        "manzil": 7,
        "ruku": 519,
        "word_number_in_verse": 13,
        "language_code": "en",
        "text": "O I wish",
        "root_word": "يَٰلَيۡتَنِي",
        "global_word_sequence_number": 75292,
        "global_verse_sequence_number": 5712
    },
    {
        "chapter": 78,
        "verse": 40,
        "juz": 30,
        "hizb": 233,
        "manzil": 7,
        "ruku": 519,
        "word_number_in_verse": 14,
        "language_code": "en",
        "text": "I were",
        "root_word": "كُنتُ",
        "global_word_sequence_number": 75293,
        "global_verse_sequence_number": 5712
    },
    {
        "chapter": 78,
        "verse": 40,
        "juz": 30,
        "hizb": 233,
        "manzil": 7,
        "ruku": 519,
        "word_number_in_verse": 15,
        "language_code": "en",
        "text": "dust",
        "root_word": "تُرَٰبَۢا",
        "global_word_sequence_number": 75294,
        "global_verse_sequence_number": 5712
    }
]