[
    {
        "chapter": 79,
        "verse": 1,
        "juz": 30,
        "hizb": 233,
        "manzil": 7,
        "ruku": 520,
        "word_number_in_verse": 1,
        "language_code": "en",
        "text": "By those who extract",
        "root_word": "وَالنَّٰزِعَٰتِ",
        "global_word_sequence_number": 75295,
        "global_verse_sequence_number": 5713
    },
    {
        "chapter": 79,
        "verse": 1,
        "juz": 30,
        "hizb": 233,
        "manzil": 7,
        "ruku": 520,
        "word_number_in_verse": 2,
        "language_code": "en",
        "text": "violently",
        "root_word": "غَرۡقٗا",
        "global_word_sequence_number": 75296,
        "global_verse_sequence_number": 5713
    },
    {
        "chapter": 79,
        "verse": 2,
        "juz": 30,
        "hizb": 233,
        "manzil": 7,
        "ruku": 520,
        "word_number_in_verse": 1,
        "language_code": "en",
        "text": "And those who draw out",
        "root_word": "وَالنَّٰشِطَٰتِ",
        "global_word_sequence_number": 75297,
        "global_verse_sequence_number": 5714
    },
    {
        "chapter": 79,
        "verse": 2,
        "juz": 30,
        "hizb": 233,
        "manzil": 7,
        "ruku": 520,
        "word_number_in_verse": 2,
        "language_code": "en",
        "text": "gently",
        "root_word": "نَشۡطٗا",
        "global_word_sequence_number": 75298,
        "global_verse_sequence_number": 5714
    },
    {
        "chapter": 79,
        "verse": 3,
        "juz": 30,
        "hizb": 233,
        "manzil": 7,
        "ruku": 520,
        "word_number_in_verse": 1,
        "language_code": "en",
        "text": "And those who glide",
        "root_word": "وَالسَّٰبِحَٰتِ",
        "global_word_sequence_number": 75299,
        "global_verse_sequence_number": 5715
    },
    {
        "chapter": 79,
        "verse": 3,
        "juz": 30,
        "hizb": 233,
        "manzil": 7,
        "ruku": 520,
        "word_number_in_verse": 2,
        "language_code": "en",
        "text": "swimming",
        "root_word": "سَبۡحٗا",
        "global_word_sequence_number": 75300,
        "global_verse_sequence_number": 5715
    },
    {
        "chapter": 79,
        "verse": 4,
        "juz": 30,
        "hizb": 233,
        "manzil": 7,
        "ruku": 520,
        "word_number_in_verse": 1,
        "language_code": "en",
        "text": "And those who race each other",
        "root_word": "فَالسَّٰبِقَٰتِ",
        "global_word_sequence_number": 75301,
        "global_verse_sequence_number": 5716
    },
    {
        "chapter": 79,
        "verse": 4,
        "juz": 30,
        "hizb": 233,
        "manzil": 7,
        "ruku": 520,
        "word_number_in_verse": 2,
        "language_code": "en",
        "text": "(in) a race",
        "root_word": "سَبۡقٗا",
        "global_word_sequence_number": 75302,
        "global_verse_sequence_number": 5716
    },
    {
        "chapter": 79,
        "verse": 5,
        "juz": 30,
        "hizb": 233,
        "manzil": 7,
        "ruku": 520,
        "word_number_in_verse": 1,
        "language_code": "en",
        "text": "And those who arrange",
        "root_word": "فَالۡمُدَبِّرَٰتِ",
        "global_word_sequence_number": 75303,
        "global_verse_sequence_number": 5717
    },
    {
        "chapter": 79,
        "verse": 5,
        "juz": 30,
        "hizb": 233,
        "manzil": 7,
        "ruku": 520,
        "word_number_in_verse": 2,
        "language_code": "en",
        "text": "(the) matter",
        "root_word": "أَمۡرٗا",
        "global_word_sequence_number": 75304,
        "global_verse_sequence_number": 5717
    },
    {
        "chapter": 79,
        "verse": 6,
        "juz": 30,
        "hizb": 233,
        "manzil": 7,
        "ruku": 520,
        "word_number_in_verse": 1,
        "language_code": "en",
        "text": "(The) Day",
        "root_word": "يَوۡمَ",
        "global_word_sequence_number": 75305,
        "global_verse_sequence_number": 5718
    },
    {
        "chapter": 79,
        "verse": 6,
        "juz": 30,
        "hizb": 233,
        "manzil": 7,
        "ruku": 520,
        "word_number_in_verse": 2,
        "language_code": "en",
        "text": "will quake",
        "root_word": "تَرۡجُفُ",
        "global_word_sequence_number": 75306,
        "global_verse_sequence_number": 5718
    },
    {
        "chapter": 79,
        "verse": 6,
        "juz": 30,
        "hizb": 233,
        "manzil": 7,
        "ruku": 520,
        "word_number_in_verse": 3,
        "language_code": "en",
        "text": "the quaking one",
        "root_word": "الرَّاجِفَةُ",
        "global_word_sequence_number": 75307,
        "global_verse_sequence_number": 5718
    },
    {
        "chapter": 79,
        "verse": 7,
        "juz": 30,
        "hizb": 233,
        "manzil": 7,
        "ruku": 520,
        "word_number_in_verse": 1,
        "language_code": "en",
        "text": "Follows it",
        "root_word": "تَتۡبَعُهَا",
        "global_word_sequence_number": 75308,
        "global_verse_sequence_number": 5719
    },
    {
        "chapter": 79,
        "verse": 7,
        "juz": 30,
        "hizb": 233,
        "manzil": 7,
        "ruku": 520,
        "word_number_in_verse": 2,
        "language_code": "en",
        "text": "the subsequent",
        "root_word": "الرَّادِفَةُ",
        "global_word_sequence_number": 75309,
        "global_verse_sequence_number": 5719
    },
    {
        "chapter": 79,
        "verse": 8,
        "juz": 30,
        "hizb": 233,
        "manzil": 7,
        "ruku": 520,
        "word_number_in_verse": 1,
        "language_code": "en",
        "text": "Hearts",
        "root_word": "قُلُوبٞ",
        "global_word_sequence_number": 75310,
        "global_verse_sequence_number": 5720
    },
    {
        "chapter": 79,
        "verse": 8,
        "juz": 30,
        "hizb": 233,
        "manzil": 7,
        "ruku": 520,
        "word_number_in_verse": 2,
        "language_code": "en",
        "text": "that Day",
        "root_word": "يَوۡمَئِذٖ",
        "global_word_sequence_number": 75311,
        "global_verse_sequence_number": 5720
    },
    {
        "chapter": 79,
        "verse": 8,
        "juz": 30,
        "hizb": 233,
        "manzil": 7,
        "ruku": 520,
        "word_number_in_verse": 3,
        "language_code": "en",
        "text": "will palpitate",
        "root_word": "وَاجِفَةٌ",
        "global_word_sequence_number": 75312,
        "global_verse_sequence_number": 5720
    },
    {
        "chapter": 79,
        "verse": 9,
        "juz": 30,
        "hizb": 233,
        "manzil": 7,
        "ruku": 520,
        "word_number_in_verse": 1,
        "language_code": "en",
        "text": "Their eyes",
        "root_word": "أَبۡصَٰرُهَا",
        "global_word_sequence_number": 75313,
        "global_verse_sequence_number": 5721
    },
    {
        "chapter": 79,
        "verse": 9,
        "juz": 30,
        "hizb": 233,
        "manzil": 7,
        "ruku": 520,
        "word_number_in_verse": 2,
        "language_code": "en",
        "text": "humbled",
        "root_word": "خَٰشِعَةٞ",
        "global_word_sequence_number": 75314,
        "global_verse_sequence_number": 5721
    },
    {
        "chapter": 79,
        "verse": 10,
        "juz": 30,
        "hizb": 233,
        "manzil": 7,
        "ruku": 520,
        "word_number_in_verse": 1,
        "language_code": "en",
        "text": "They say",
        "root_word": "يَقُولُونَ",
        "global_word_sequence_number": 75315,
        "global_verse_sequence_number": 5722
    },
    {
        "chapter": 79,
        "verse": 10,
        "juz": 30,
        "hizb": 233,
        "manzil": 7,
        "ruku": 520,
        "word_number_in_verse": 2,
        "language_code": "en",
        "text": "Will we",
        "root_word": "أَءِنَّا",
        "global_word_sequence_number": 75316,
        "global_verse_sequence_number": 5722
    },
    {
        "chapter": 79,
        "verse": 10,
        "juz": 30,
        "hizb": 233,
        "manzil": 7,
        "ruku": 520,
        "word_number_in_verse": 3,
        "language_code": "en",
        "text": "indeed be returned",
        "root_word": "لَمَرۡدُودُونَ",
        "global_word_sequence_number": 75317,
        "global_verse_sequence_number": 5722
    },
    {
        "chapter": 79,
        "verse": 10,
        "juz": 30,
        "hizb": 233,
        "manzil": 7,
        "ruku": 520,
        "word_number_in_verse": 4,
        "language_code": "en",
        "text": "to",
        "root_word": "فِي",
        "global_word_sequence_number": 75318,
        "global_verse_sequence_number": 5722
    },
    {
        "chapter": 79,
        "verse": 10,
        "juz": 30,
        "hizb": 233,
        "manzil": 7,
        "ruku": 520,
        "word_number_in_verse": 5,
        "language_code": "en",
        "text": "the former state",
        "root_word": "الۡحَافِرَةِ",
        "global_word_sequence_number": 75319,
        "global_verse_sequence_number": 5722
    },
    {
        "chapter": 79,
        "verse": 11,
        "juz": 30,
        "hizb": 233,
        "manzil": 7,
        "ruku": 520,
        "word_number_in_verse": 1,
        "language_code": "en",
        "text": "What! When",
        "root_word": "أَءِذَا",
        "global_word_sequence_number": 75320,
        "global_verse_sequence_number": 5723
    },
    {
        "chapter": 79,
        "verse": 11,
        "juz": 30,
        "hizb": 233,
        "manzil": 7,
        "ruku": 520,
        "word_number_in_verse": 2,
        "language_code": "en",
        "text": "we are",
        "root_word": "كُنَّا",
        "global_word_sequence_number": 75321,
        "global_verse_sequence_number": 5723
    },
    {
        "chapter": 79,
        "verse": 11,
        "juz": 30,
        "hizb": 233,
        "manzil": 7,
        "ruku": 520,
        "word_number_in_verse": 3,
        "language_code": "en",
        "text": "bones",
        "root_word": "عِظَٰمٗا",
        "global_word_sequence_number": 75322,
        "global_verse_sequence_number": 5723
    },
    {
        "chapter": 79,
        "verse": 11,
        "juz": 30,
        "hizb": 233,
        "manzil": 7,
        "ruku": 520,
        "word_number_in_verse": 4,
        "language_code": "en",
        "text": "decayed",
        "root_word": "نَّخِرَةٗ",
        "global_word_sequence_number": 75323,
        "global_verse_sequence_number": 5723
    },
    {
        "chapter": 79,
        "verse": 12,
        "juz": 30,
        "hizb": 233,
        "manzil": 7,
        "ruku": 520,
        "word_number_in_verse": 1,
        "language_code": "en",
        "text": "They say",
        "root_word": "قَالُواْ",
        "global_word_sequence_number": 75324,
        "global_verse_sequence_number": 5724
    },
    {
        "chapter": 79,
        "verse": 12,
        "juz": 30,
        "hizb": 233,
        "manzil": 7,
        "ruku": 520,
        "word_number_in_verse": 2,
        "language_code": "en",
        "text": "This",
        "root_word": "تِلۡكَ",
        "global_word_sequence_number": 75325,
        "global_verse_sequence_number": 5724
    },
    {
        "chapter": 79,
        "verse": 12,
        "juz": 30,
        "hizb": 233,
        "manzil": 7,
        "ruku": 520,
        "word_number_in_verse": 3,
        "language_code": "en",
        "text": "then",
        "root_word": "إِذٗا",
        "global_word_sequence_number": 75326,
        "global_verse_sequence_number": 5724
    },
    {
        "chapter": 79,
        "verse": 12,
        "juz": 30,
        "hizb": 233,
        "manzil": 7,
        "ruku": 520,
        "word_number_in_verse": 4,
        "language_code": "en",
        "text": "(would be) a return",
        "root_word": "كَرَّةٌ",
        "global_word_sequence_number": 75327,
        "global_verse_sequence_number": 5724
    },
    {
        "chapter": 79,
        "verse": 12,
        "juz": 30,
        "hizb": 233,
        "manzil": 7,
        "ruku": 520,
        "word_number_in_verse": 5,
        "language_code": "en",
        "text": "losing",
        "root_word": "خَاسِرَةٞ",
        "global_word_sequence_number": 75328,
        "global_verse_sequence_number": 5724
    },
    {
        "chapter": 79,
        "verse": 13,
        "juz": 30,
        "hizb": 233,
        "manzil": 7,
        "ruku": 520,
        "word_number_in_verse": 1,
        "language_code": "en",
        "text": "Then only",
        "root_word": "فَإِنَّمَا",
        "global_word_sequence_number": 75329,
        "global_verse_sequence_number": 5725
    },
    {
        "chapter": 79,
        "verse": 13,
        "juz": 30,
        "hizb": 233,
        "manzil": 7,
        "ruku": 520,
        "word_number_in_verse": 2,
        "language_code": "en",
        "text": "it",
        "root_word": "هِيَ",
        "global_word_sequence_number": 75330,
        "global_verse_sequence_number": 5725
    },
    {
        "chapter": 79,
        "verse": 13,
        "juz": 30,
        "hizb": 233,
        "manzil": 7,
        "ruku": 520,
        "word_number_in_verse": 3,
        "language_code": "en",
        "text": "(will be) a shout",
        "root_word": "زَجۡرَةٞ",
        "global_word_sequence_number": 75331,
        "global_verse_sequence_number": 5725
    },
    {
        "chapter": 79,
        "verse": 13,
        "juz": 30,
        "hizb": 233,
        "manzil": 7,
        "ruku": 520,
        "word_number_in_verse": 4,
        "language_code": "en",
        "text": "single",
        "root_word": "وَٰحِدَةٞ",
        "global_word_sequence_number": 75332,
        "global_verse_sequence_number": 5725
    },
    {
        "chapter": 79,
        "verse": 14,
        "juz": 30,
        "hizb": 233,
        "manzil": 7,
        "ruku": 520,
        "word_number_in_verse": 1,
        "language_code": "en",
        "text": "And behold",
        "root_word": "فَإِذَا",
        "global_word_sequence_number": 75333,
        "global_verse_sequence_number": 5726
    },
    {
        "chapter": 79,
        "verse": 14,
        "juz": 30,
        "hizb": 233,
        "manzil": 7,
        "ruku": 520,
        "word_number_in_verse": 2,
        "language_code": "en",
        "text": "They",
        "root_word": "هُم",
        "global_word_sequence_number": 75334,
        "global_verse_sequence_number": 5726
    },
    {
        "chapter": 79,
        "verse": 14,
        "juz": 30,
        "hizb": 233,
        "manzil": 7,
        "ruku": 520,
        "word_number_in_verse": 3,
        "language_code": "en",
        "text": "(will be) awakened",
        "root_word": "بِالسَّاهِرَةِ",
        "global_word_sequence_number": 75335,
        "global_verse_sequence_number": 5726
    },
    {
        "chapter": 79,
        "verse": 15,
        "juz": 30,
        "hizb": 233,
        "manzil": 7,
        "ruku": 520,
        "word_number_in_verse": 1,
        "language_code": "en",
        "text": "Has",
        "root_word": "هَلۡ",
        "global_word_sequence_number": 75336,
        "global_verse_sequence_number": 5727
    },
    {
        "chapter": 79,
        "verse": 15,
        "juz": 30,
        "hizb": 233,
        "manzil": 7,
        "ruku": 520,
        "word_number_in_verse": 2,
        "language_code": "en",
        "text": "(there) come to you",
        "root_word": "أَتَىٰكَ",
        "global_word_sequence_number": 75337,
        "global_verse_sequence_number": 5727
    },
    {
        "chapter": 79,
        "verse": 15,
        "juz": 30,
        "hizb": 233,
        "manzil": 7,
        "ruku": 520,
        "word_number_in_verse": 3,
        "language_code": "en",
        "text": "(the) story",
        "root_word": "حَدِيثُ",
        "global_word_sequence_number": 75338,
        "global_verse_sequence_number": 5727
    },
    {
        "chapter": 79,
        "verse": 15,
        "juz": 30,
        "hizb": 233,
        "manzil": 7,
        "ruku": 520,
        "word_number_in_verse": 4,
        "language_code": "en",
        "text": "(of) Musa",
        "root_word": "مُوسَىٰٓ",
        "global_word_sequence_number": 75339,
        "global_verse_sequence_number": 5727
    },
    {
        "chapter": 79,
        "verse": 16,
        "juz": 30,
        "hizb": 233,
        "manzil": 7,
        "ruku": 520,
        "word_number_in_verse": 1,
        "language_code": "en",
        "text": "When",
        "root_word": "إِذۡ",
        "global_word_sequence_number": 75340,
        "global_verse_sequence_number": 5728
    },
    {
        "chapter": 79,
        "verse": 16,
        "juz": 30,
        "hizb": 233,
        "manzil": 7,
        "ruku": 520,
        "word_number_in_verse": 2,
        "language_code": "en",
        "text": "called him",
        "root_word": "نَادَىٰهُ",
        "global_word_sequence_number": 75341,
        "global_verse_sequence_number": 5728
    },
    {
        "chapter": 79,
        "verse": 16,
        "juz": 30,
        "hizb": 233,
        "manzil": 7,
        "ruku": 520,
        "word_number_in_verse": 3,
        "language_code": "en",
        "text": "his Lord",
        "root_word": "رَبُّهُۥ",
        "global_word_sequence_number": 75342,
        "global_verse_sequence_number": 5728
    },
    {
        "chapter": 79,
        "verse": 16,
        "juz": 30,
        "hizb": 233,
        "manzil": 7,
        "ruku": 520,
        "word_number_in_verse": 4,
        "language_code": "en",
        "text": "in the valley",
        "root_word": "بِالۡوَادِ",
        "global_word_sequence_number": 75343,
        "global_verse_sequence_number": 5728
    },
    {
        "chapter": 79,
        "verse": 16,
        "juz": 30,
        "hizb": 233,
        "manzil": 7,
        "ruku": 520,
        "word_number_in_verse": 5,
        "language_code": "en",
        "text": "the sacred",
        "root_word": "الۡمُقَدَّسِ",
        "global_word_sequence_number": 75344,
        "global_verse_sequence_number": 5728
    },
    {
        "chapter": 79,
        "verse": 16,
        "juz": 30,
        "hizb": 233,
        "manzil": 7,
        "ruku": 520,
        "word_number_in_verse": 6,
        "language_code": "en",
        "text": "(of) Tuwa",
        "root_word": "طُوًى",
        "global_word_sequence_number": 75345,
        "global_verse_sequence_number": 5728
    },
    {
        "chapter": 79,
        "verse": 17,
        "juz": 30,
        "hizb": 233,
        "manzil": 7,
        "ruku": 520,
        "word_number_in_verse": 1,
        "language_code": "en",
        "text": "Go",
        "root_word": "اذۡهَبۡ",
        "global_word_sequence_number": 75346,
        "global_verse_sequence_number": 5729
    },
    {
        "chapter": 79,
        "verse": 17,
        "juz": 30,
        "hizb": 233,
        "manzil": 7,
        "ruku": 520,
        "word_number_in_verse": 2,
        "language_code": "en",
        "text": "to",
        "root_word": "إِلَىٰ",
        "global_word_sequence_number": 75347,
        "global_verse_sequence_number": 5729
    },
    {
        "chapter": 79,
        "verse": 17,
        "juz": 30,
        "hizb": 233,
        "manzil": 7,
        "ruku": 520,
        "word_number_in_verse": 3,
        "language_code": "en",
        "text": "Firaun",
        "root_word": "فِرۡعَوۡنَ",
        "global_word_sequence_number": 75348,
        "global_verse_sequence_number": 5729
    },
    {
        "chapter": 79,
        "verse": 17,
        "juz": 30,
        "hizb": 233,
        "manzil": 7,
        "ruku": 520,
        "word_number_in_verse": 4,
        "language_code": "en",
        "text": "Indeed he",
        "root_word": "إِنَّهُۥ",
        "global_word_sequence_number": 75349,
        "global_verse_sequence_number": 5729
    },
    {
        "chapter": 79,
        "verse": 17,
        "juz": 30,
        "hizb": 233,
        "manzil": 7,
        "ruku": 520,
        "word_number_in_verse": 5,
        "language_code": "en",
        "text": "(has) transgressed",
        "root_word": "طَغَىٰ",
        "global_word_sequence_number": 75350,
        "global_verse_sequence_number": 5729
    },
    {
        "chapter": 79,
        "verse": 18,
        "juz": 30,
        "hizb": 233,
        "manzil": 7,
        "ruku": 520,
        "word_number_in_verse": 1,
        "language_code": "en",
        "text": "And say",
        "root_word": "فَقُلۡ",
        "global_word_sequence_number": 75351,
        "global_verse_sequence_number": 5730
    },
    {
        "chapter": 79,
        "verse": 18,
        "juz": 30,
        "hizb": 233,
        "manzil": 7,
        "ruku": 520,
        "word_number_in_verse": 2,
        "language_code": "en",
        "text": "Would",
        "root_word": "هَل",
        "global_word_sequence_number": 75352,
        "global_verse_sequence_number": 5730
    },
    {
        "chapter": 79,
        "verse": 18,
        "juz": 30,
        "hizb": 233,
        "manzil": 7,
        "ruku": 520,
        "word_number_in_verse": 3,
        "language_code": "en",
        "text": "[for] you",
        "root_word": "لَّكَ",
        "global_word_sequence_number": 75353,
        "global_verse_sequence_number": 5730
    },
    {
        "chapter": 79,
        "verse": 18,
        "juz": 30,
        "hizb": 233,
        "manzil": 7,
        "ruku": 520,
        "word_number_in_verse": 4,
        "language_code": "en",
        "text": "[to]",
        "root_word": "إِلَىٰٓ",
        "global_word_sequence_number": 75354,
        "global_verse_sequence_number": 5730
    },
    {
        "chapter": 79,
        "verse": 18,
        "juz": 30,
        "hizb": 233,
        "manzil": 7,
        "ruku": 520,
        "word_number_in_verse": 5,
        "language_code": "en",
        "text": "[that]",
        "root_word": "أَن",
        "global_word_sequence_number": 75355,
        "global_verse_sequence_number": 5730
    },
    {
        "chapter": 79,
        "verse": 18,
        "juz": 30,
        "hizb": 233,
        "manzil": 7,
        "ruku": 520,
        "word_number_in_verse": 6,
        "language_code": "en",
        "text": "purify yourself",
        "root_word": "تَزَكَّىٰ",
        "global_word_sequence_number": 75356,
        "global_verse_sequence_number": 5730
    },
    {
        "chapter": 79,
        "verse": 19,
        "juz": 30,
        "hizb": 233,
        "manzil": 7,
        "ruku": 520,
        "word_number_in_verse": 1,
        "language_code": "en",
        "text": "And I will guide you",
        "root_word": "وَأَهۡدِيَكَ",
        "global_word_sequence_number": 75357,
        "global_verse_sequence_number": 5731
    },
    {
        "chapter": 79,
        "verse": 19,
        "juz": 30,
        "hizb": 233,
        "manzil": 7,
        "ruku": 520,
        "word_number_in_verse": 2,
        "language_code": "en",
        "text": "to",
        "root_word": "إِلَىٰ",
        "global_word_sequence_number": 75358,
        "global_verse_sequence_number": 5731
    },
    {
        "chapter": 79,
        "verse": 19,
        "juz": 30,
        "hizb": 233,
        "manzil": 7,
        "ruku": 520,
        "word_number_in_verse": 3,
        "language_code": "en",
        "text": "your Lord",
        "root_word": "رَبِّكَ",
        "global_word_sequence_number": 75359,
        "global_verse_sequence_number": 5731
    },
    {
        "chapter": 79,
        "verse": 19,
        "juz": 30,
        "hizb": 233,
        "manzil": 7,
        "ruku": 520,
        "word_number_in_verse": 4,
        "language_code": "en",
        "text": "so you would fear",
        "root_word": "فَتَخۡشَىٰ",
        "global_word_sequence_number": 75360,
        "global_verse_sequence_number": 5731
    },
    {
        "chapter": 79,
        "verse": 20,
        "juz": 30,
        "hizb": 233,
        "manzil": 7,
        "ruku": 520,
        "word_number_in_verse": 1,
        "language_code": "en",
        "text": "Then he showed him",
        "root_word": "فَأَرَىٰهُ",
        "global_word_sequence_number": 75361,
        "global_verse_sequence_number": 5732
    },
    {
        "chapter": 79,
        "verse": 20,
        "juz": 30,
        "hizb": 233,
        "manzil": 7,
        "ruku": 520,
        "word_number_in_verse": 2,
        "language_code": "en",
        "text": "the sign",
        "root_word": "الۡأٓيَةَ",
        "global_word_sequence_number": 75362,
        "global_verse_sequence_number": 5732
    },
    {
        "chapter": 79,
        "verse": 20,
        "juz": 30,
        "hizb": 233,
        "manzil": 7,
        "ruku": 520,
        "word_number_in_verse": 3,
        "language_code": "en",
        "text": "the great",
        "root_word": "الۡكُبۡرَىٰ",
        "global_word_sequence_number": 75363,
        "global_verse_sequence_number": 5732
    },
    {
        "chapter": 79,
        "verse": 21,
        "juz": 30,
        "hizb": 233,
        "manzil": 7,
        "ruku": 520,
        "word_number_in_verse": 1,
        "language_code": "en",
        "text": "But he denied",
        "root_word": "فَكَذَّبَ",
        "global_word_sequence_number": 75364,
        "global_verse_sequence_number": 5733
    },
    {
        "chapter": 79,
        "verse": 21,
        "juz": 30,
        "hizb": 233,
        "manzil": 7,
        "ruku": 520,
        "word_number_in_verse": 2,
        "language_code": "en",
        "text": "and disobeyed",
        "root_word": "وَعَصَىٰ",
        "global_word_sequence_number": 75365,
        "global_verse_sequence_number": 5733
    },
    {
        "chapter": 79,
        "verse": 22,
        "juz": 30,
        "hizb": 233,
        "manzil": 7,
        "ruku": 520,
        "word_number_in_verse": 1,
        "language_code": "en",
        "text": "Then",
        "root_word": "ثُمَّ",
        "global_word_sequence_number": 75366,
        "global_verse_sequence_number": 5734
    },
    {
        "chapter": 79,
        "verse": 22,
        "juz": 30,
        "hizb": 233,
        "manzil": 7,
        "ruku": 520,
        "word_number_in_verse": 2,
        "language_code": "en",
        "text": "he turned his back",
        "root_word": "أَدۡبَرَ",
        "global_word_sequence_number": 75367,
        "global_verse_sequence_number": 5734
    },
    {
        "chapter": 79,
        "verse": 22,
        "juz": 30,
        "hizb": 233,
        "manzil": 7,
        "ruku": 520,
        "word_number_in_verse": 3,
        "language_code": "en",
        "text": "striving",
        "root_word": "يَسۡعَىٰ",
        "global_word_sequence_number": 75368,
        "global_verse_sequence_number": 5734
    },
    {
        "chapter": 79,
        "verse": 23,
        "juz": 30,
        "hizb": 233,
        "manzil": 7,
        "ruku": 520,
        "word_number_in_verse": 1,
        "language_code": "en",
        "text": "And he gathered",
        "root_word": "فَحَشَرَ",
        "global_word_sequence_number": 75369,
        "global_verse_sequence_number": 5735
    },
    {
        "chapter": 79,
        "verse": 23,
        "juz": 30,
        "hizb": 233,
        "manzil": 7,
        "ruku": 520,
        "word_number_in_verse": 2,
        "language_code": "en",
        "text": "and called out",
        "root_word": "فَنَادَىٰ",
        "global_word_sequence_number": 75370,
        "global_verse_sequence_number": 5735
    },
    {
        "chapter": 79,
        "verse": 24,
        "juz": 30,
        "hizb": 233,
        "manzil": 7,
        "ruku": 520,
        "word_number_in_verse": 1,
        "language_code": "en",
        "text": "Then he said",
        "root_word": "فَقَالَ",
        "global_word_sequence_number": 75371,
        "global_verse_sequence_number": 5736
    },
    {
        "chapter": 79,
        "verse": 24,
        "juz": 30,
        "hizb": 233,
        "manzil": 7,
        "ruku": 520,
        "word_number_in_verse": 2,
        "language_code": "en",
        "text": "I am",
        "root_word": "أَنَا۠",
        "global_word_sequence_number": 75372,
        "global_verse_sequence_number": 5736
    },
    {
        "chapter": 79,
        "verse": 24,
        "juz": 30,
        "hizb": 233,
        "manzil": 7,
        "ruku": 520,
        "word_number_in_verse": 3,
        "language_code": "en",
        "text": "your Lord",
        "root_word": "رَبُّكُمُ",
        "global_word_sequence_number": 75373,
        "global_verse_sequence_number": 5736
    },
    {
        "chapter": 79,
        "verse": 24,
        "juz": 30,
        "hizb": 233,
        "manzil": 7,
        "ruku": 520,
        "word_number_in_verse": 4,
        "language_code": "en",
        "text": "the Most High",
        "root_word": "الۡأَعۡلَىٰ",
        "global_word_sequence_number": 75374,
        "global_verse_sequence_number": 5736
    },
    {
        "chapter": 79,
        "verse": 25,
        "juz": 30,
        "hizb": 233,
        "manzil": 7,
        "ruku": 520,
        "word_number_in_verse": 1,
        "language_code": "en",
        "text": "So seized him",
        "root_word": "فَأَخَذَهُ",
        "global_word_sequence_number": 75375,
        "global_verse_sequence_number": 5737
    },
    {
        "chapter": 79,
        "verse": 25,
        "juz": 30,
        "hizb": 233,
        "manzil": 7,
        "ruku": 520,
        "word_number_in_verse": 2,
        "language_code": "en",
        "text": "Allah",
        "root_word": "اللَّهُ",
        "global_word_sequence_number": 75376,
        "global_verse_sequence_number": 5737
    },
    {
        "chapter": 79,
        "verse": 25,
        "juz": 30,
        "hizb": 233,
        "manzil": 7,
        "ruku": 520,
        "word_number_in_verse": 3,
        "language_code": "en",
        "text": "(with) an exemplary punishment",
        "root_word": "نَكَالَ",
        "global_word_sequence_number": 75377,
        "global_verse_sequence_number": 5737
    },
    {
        "chapter": 79,
        "verse": 25,
        "juz": 30,
        "hizb": 233,
        "manzil": 7,
        "ruku": 520,
        "word_number_in_verse": 4,
        "language_code": "en",
        "text": "(for) the last",
        "root_word": "الۡأٓخِرَةِ",
        "global_word_sequence_number": 75378,
        "global_verse_sequence_number": 5737
    },
    {
        "chapter": 79,
        "verse": 25,
        "juz": 30,
        "hizb": 233,
        "manzil": 7,
        "ruku": 520,
        "word_number_in_verse": 5,
        "language_code": "en",
        "text": "and the first",
        "root_word": "وَالۡأُولَىٰٓ",
        "global_word_sequence_number": 75379,
        "global_verse_sequence_number": 5737
    },
    {
        "chapter": 79,
        "verse": 26,
        "juz": 30,
        "hizb": 233,
        "manzil": 7,
        "ruku": 520,
        "word_number_in_verse": 1,
        "language_code": "en",
        "text": "Indeed",
        "root_word": "إِنَّ",
        "global_word_sequence_number": 75380,
        "global_verse_sequence_number": 5738
    },
    {
        "chapter": 79,
        "verse": 26,
        "juz": 30,
        "hizb": 233,
        "manzil": 7,
        "ruku": 520,
        "word_number_in_verse": 2,
        "language_code": "en",
        "text": "in",
        "root_word": "فِي",
        "global_word_sequence_number": 75381,
        "global_verse_sequence_number": 5738
    },
    {
        "chapter": 79,
        "verse": 26,
        "juz": 30,
        "hizb": 233,
        "manzil": 7,
        "ruku": 520,
        "word_number_in_verse": 3,
        "language_code": "en",
        "text": "that",
        "root_word": "ذَٰلِكَ",
        "global_word_sequence_number": 75382,
        "global_verse_sequence_number": 5738
    },
    {
        "chapter": 79,
        "verse": 26,
        "juz": 30,
        "hizb": 233,
        "manzil": 7,
        "ruku": 520,
        "word_number_in_verse": 4,
        "language_code": "en",
        "text": "surely (is) a lesson",
        "root_word": "لَعِبۡرَةٗ",
        "global_word_sequence_number": 75383,
        "global_verse_sequence_number": 5738
    },
    {
        "chapter": 79,
        "verse": 26,
        "juz": 30,
        "hizb": 233,
        "manzil": 7,
        "ruku": 520,
        "word_number_in_verse": 5,
        "language_code": "en",
        "text": "for whoever",
        "root_word": "لِّمَن",
        "global_word_sequence_number": 75384,
        "global_verse_sequence_number": 5738
    },
    {
        "chapter": 79,
        "verse": 26,
        "juz": 30,
        "hizb": 233,
        "manzil": 7,
        "ruku": 520,
        "word_number_in_verse": 6,
        "language_code": "en",
        "text": "fears",
        "root_word": "يَخۡشَىٰٓ",
        "global_word_sequence_number": 75385,
        "global_verse_sequence_number": 5738
    },
    {
        "chapter": 79,
        "verse": 27,
        "juz": 30,
        "hizb": 233,
        "manzil": 7,
        "ruku": 521,
        "word_number_in_verse": 1,
        "language_code": "en",
        "text": "Are you",
        "root_word": "ءَأَنتُمۡ",
        "global_word_sequence_number": 75386,
        "global_verse_sequence_number": 5739
    },
    {
        "chapter": 79,
        "verse": 27,
        "juz": 30,
        "hizb": 233,
        "manzil": 7,
        "ruku": 521,
        "word_number_in_verse": 2,
        "language_code": "en",
        "text": "a more difficult",
        "root_word": "أَشَدُّ",
        "global_word_sequence_number": 75387,
        "global_verse_sequence_number": 5739
    },
    {
        "chapter": 79,
        "verse": 27,
        "juz": 30,
        "hizb": 233,
        "manzil": 7,
        "ruku": 521,
        "word_number_in_verse": 3,
        "language_code": "en",
        "text": "creation",
        "root_word": "خَلۡقًا",
        "global_word_sequence_number": 75388,
        "global_verse_sequence_number": 5739
    },
    {
        "chapter": 79,
        "verse": 27,
        "juz": 30,
        "hizb": 233,
        "manzil": 7,
        "ruku": 521,
        "word_number_in_verse": 4,
        "language_code": "en",
        "text": "or",
        "root_word": "أَمِ",
        "global_word_sequence_number": 75389,
        "global_verse_sequence_number": 5739
    },
    {
        "chapter": 79,
        "verse": 27,
        "juz": 30,
        "hizb": 233,
        "manzil": 7,
        "ruku": 521,
        "word_number_in_verse": 5,
        "language_code": "en",
        "text": "the heaven",
        "root_word": "السَّمَآءُۚ",
        "global_word_sequence_number": 75390,
        "global_verse_sequence_number": 5739
    },
    {
        "chapter": 79,
        "verse": 27,
        "juz": 30,
        "hizb": 233,
        "manzil": 7,
        "ruku": 521,
        "word_number_in_verse": 6,
        "language_code": "en",
        "text": "He constructed it",
        "root_word": "بَنَىٰهَا",
        "global_word_sequence_number": 75391,
        "global_verse_sequence_number": 5739
    },
    {
        "chapter": 79,
        "verse": 28,
        "juz": 30,
        "hizb": 233,
        "manzil": 7,
        "ruku": 521,
        "word_number_in_verse": 1,
        "language_code": "en",
        "text": "He raised",
        "root_word": "رَفَعَ",
        "global_word_sequence_number": 75392,
        "global_verse_sequence_number": 5740
    },
    {
        "chapter": 79,
        "verse": 28,
        "juz": 30,
        "hizb": 233,
        "manzil": 7,
        "ruku": 521,
        "word_number_in_verse": 2,
        "language_code": "en",
        "text": "its ceiling",
        "root_word": "سَمۡكَهَا",
        "global_word_sequence_number": 75393,
        "global_verse_sequence_number": 5740
    },
    {
        "chapter": 79,
        "verse": 28,
        "juz": 30,
        "hizb": 233,
        "manzil": 7,
        "ruku": 521,
        "word_number_in_verse": 3,
        "language_code": "en",
        "text": "and proportioned it",
        "root_word": "فَسَوَّىٰهَا",
        "global_word_sequence_number": 75394,
        "global_verse_sequence_number": 5740
    },
    {
        "chapter": 79,
        "verse": 29,
        "juz": 30,
        "hizb": 233,
        "manzil": 7,
        "ruku": 521,
        "word_number_in_verse": 1,
        "language_code": "en",
        "text": "And He darkened",
        "root_word": "وَأَغۡطَشَ",
        "global_word_sequence_number": 75395,
        "global_verse_sequence_number": 5741
    },
    {
        "chapter": 79,
        "verse": 29,
        "juz": 30,
        "hizb": 233,
        "manzil": 7,
        "ruku": 521,
        "word_number_in_verse": 2,
        "language_code": "en",
        "text": "its night",
        "root_word": "لَيۡلَهَا",
        "global_word_sequence_number": 75396,
        "global_verse_sequence_number": 5741
    },
    {
        "chapter": 79,
        "verse": 29,
        "juz": 30,
        "hizb": 233,
        "manzil": 7,
        "ruku": 521,
        "word_number_in_verse": 3,
        "language_code": "en",
        "text": "and brought out",
        "root_word": "وَأَخۡرَجَ",
        "global_word_sequence_number": 75397,
        "global_verse_sequence_number": 5741
    },
    {
        "chapter": 79,
        "verse": 29,
        "juz": 30,
        "hizb": 233,
        "manzil": 7,
        "ruku": 521,
        "word_number_in_verse": 4,
        "language_code": "en",
        "text": "its brightness",
        "root_word": "ضُحَىٰهَا",
        "global_word_sequence_number": 75398,
        "global_verse_sequence_number": 5741
    },
    {
        "chapter": 79,
        "verse": 30,
        "juz": 30,
        "hizb": 233,
        "manzil": 7,
        "ruku": 521,
        "word_number_in_verse": 1,
        "language_code": "en",
        "text": "And the earth",
        "root_word": "وَالۡأَرۡضَ",
        "global_word_sequence_number": 75399,
        "global_verse_sequence_number": 5742
    },
    {
        "chapter": 79,
        "verse": 30,
        "juz": 30,
        "hizb": 233,
        "manzil": 7,
        "ruku": 521,
        "word_number_in_verse": 2,
        "language_code": "en",
        "text": "after",
        "root_word": "بَعۡدَ",
        "global_word_sequence_number": 75400,
        "global_verse_sequence_number": 5742
    },
    {
        "chapter": 79,
        "verse": 30,
        "juz": 30,
        "hizb": 233,
        "manzil": 7,
        "ruku": 521,
        "word_number_in_verse": 3,
        "language_code": "en",
        "text": "that",
        "root_word": "ذَٰلِكَ",
        "global_word_sequence_number": 75401,
        "global_verse_sequence_number": 5742
    },
    {
        "chapter": 79,
        "verse": 30,
        "juz": 30,
        "hizb": 233,
        "manzil": 7,
        "ruku": 521,
        "word_number_in_verse": 4,
        "language_code": "en",
        "text": "He spread it",
        "root_word": "دَحَىٰهَآ",
        "global_word_sequence_number": 75402,
        "global_verse_sequence_number": 5742
    },
    {
        "chapter": 79,
        "verse": 31,
        "juz": 30,
        "hizb": 233,
        "manzil": 7,
        "ruku": 521,
        "word_number_in_verse": 1,
        "language_code": "en",
        "text": "He brought forth",
        "root_word": "أَخۡرَجَ",
        "global_word_sequence_number": 75403,
        "global_verse_sequence_number": 5743
    },
    {
        "chapter": 79,
        "verse": 31,
        "juz": 30,
        "hizb": 233,
        "manzil": 7,
        "ruku": 521,
        "word_number_in_verse": 2,
        "language_code": "en",
        "text": "from it",
        "root_word": "مِنۡهَا",
        "global_word_sequence_number": 75404,
        "global_verse_sequence_number": 5743
    },
    {
        "chapter": 79,
        "verse": 31,
        "juz": 30,
        "hizb": 233,
        "manzil": 7,
        "ruku": 521,
        "word_number_in_verse": 3,
        "language_code": "en",
        "text": "its water",
        "root_word": "مَآءَهَا",
        "global_word_sequence_number": 75405,
        "global_verse_sequence_number": 5743
    },
    {
        "chapter": 79,
        "verse": 31,
        "juz": 30,
        "hizb": 233,
        "manzil": 7,
        "ruku": 521,
        "word_number_in_verse": 4,
        "language_code": "en",
        "text": "and its pasture",
        "root_word": "وَمَرۡعَىٰهَا",
        "global_word_sequence_number": 75406,
        "global_verse_sequence_number": 5743
    },
    {
        "chapter": 79,
        "verse": 32,
        "juz": 30,
        "hizb": 233,
        "manzil": 7,
        "ruku": 521,
        "word_number_in_verse": 1,
        "language_code": "en",
        "text": "And the mountains",
        "root_word": "وَالۡجِبَالَ",
        "global_word_sequence_number": 75407,
        "global_verse_sequence_number": 5744
    },
    {
        "chapter": 79,
        "verse": 32,
        "juz": 30,
        "hizb": 233,
        "manzil": 7,
        "ruku": 521,
        "word_number_in_verse": 2,
        "language_code": "en",
        "text": "He made them firm",
        "root_word": "أَرۡسَىٰهَا",
        "global_word_sequence_number": 75408,
        "global_verse_sequence_number": 5744
    },
    {
        "chapter": 79,
        "verse": 33,
        "juz": 30,
        "hizb": 233,
        "manzil": 7,
        "ruku": 521,
        "word_number_in_verse": 1,
        "language_code": "en",
        "text": "(As) a provision",
        "root_word": "مَتَٰعٗا",
        "global_word_sequence_number": 75409,
        "global_verse_sequence_number": 5745
    },
    {
        "chapter": 79,
        "verse": 33,
        "juz": 30,
        "hizb": 233,
        "manzil": 7,
        "ruku": 521,
        "word_number_in_verse": 2,
        "language_code": "en",
        "text": "for you",
        "root_word": "لَّكُمۡ",
        "global_word_sequence_number": 75410,
        "global_verse_sequence_number": 5745
    },
    {
        "chapter": 79,
        "verse": 33,
        "juz": 30,
        "hizb": 233,
        "manzil": 7,
        "ruku": 521,
        "word_number_in_verse": 3,
        "language_code": "en",
        "text": "and for your cattle",
        "root_word": "وَلِأَنۡعَٰمِكُمۡ",
        "global_word_sequence_number": 75411,
        "global_verse_sequence_number": 5745
    },
    {
        "chapter": 79,
        "verse": 34,
        "juz": 30,
        "hizb": 233,
        "manzil": 7,
        "ruku": 521,
        "word_number_in_verse": 1,
        "language_code": "en",
        "text": "But when",
        "root_word": "فَإِذَا",
        "global_word_sequence_number": 75412,
        "global_verse_sequence_number": 5746
    },
    {
        "chapter": 79,
        "verse": 34,
        "juz": 30,
        "hizb": 233,
        "manzil": 7,
        "ruku": 521,
        "word_number_in_verse": 2,
        "language_code": "en",
        "text": "comes",
        "root_word": "جَآءَتِ",
        "global_word_sequence_number": 75413,
        "global_verse_sequence_number": 5746
    },
    {
        "chapter": 79,
        "verse": 34,
        "juz": 30,
        "hizb": 233,
        "manzil": 7,
        "ruku": 521,
        "word_number_in_verse": 3,
        "language_code": "en",
        "text": "the Overwhelming Calamity",
        "root_word": "الطَّآمَّةُ",
        "global_word_sequence_number": 75414,
        "global_verse_sequence_number": 5746
    },
    {
        "chapter": 79,
        "verse": 34,
        "juz": 30,
        "hizb": 233,
        "manzil": 7,
        "ruku": 521,
        "word_number_in_verse": 4,
        "language_code": "en",
        "text": "the great",
        "root_word": "الۡكُبۡرَىٰ",
        "global_word_sequence_number": 75415,
        "global_verse_sequence_number": 5746
    },
    {
        "chapter": 79,
        "verse": 35,
        "juz": 30,
        "hizb": 233,
        "manzil": 7,
        "ruku": 521,
        "word_number_in_verse": 1,
        "language_code": "en",
        "text": "(The) Day",
        "root_word": "يَوۡمَ",
        "global_word_sequence_number": 75416,
        "global_verse_sequence_number": 5747
    },
    {
        "chapter": 79,
        "verse": 35,
        "juz": 30,
        "hizb": 233,
        "manzil": 7,
        "ruku": 521,
        "word_number_in_verse": 2,
        "language_code": "en",
        "text": "will remember",
        "root_word": "يَتَذَكَّرُ",
        "global_word_sequence_number": 75417,
        "global_verse_sequence_number": 5747
    },
    {
        "chapter": 79,
        "verse": 35,
        "juz": 30,
        "hizb": 233,
        "manzil": 7,
        "ruku": 521,
        "word_number_in_verse": 3,
        "language_code": "en",
        "text": "man",
        "root_word": "الۡإِنسَٰنُ",
        "global_word_sequence_number": 75418,
        "global_verse_sequence_number": 5747
    },
    {
        "chapter": 79,
        "verse": 35,
        "juz": 30,
        "hizb": 233,
        "manzil": 7,
        "ruku": 521,
        "word_number_in_verse": 4,
        "language_code": "en",
        "text": "what",
        "root_word": "مَا",
        "global_word_sequence_number": 75419,
        "global_verse_sequence_number": 5747
    },
    {
        "chapter": 79,
        "verse": 35,
        "juz": 30,
        "hizb": 233,
        "manzil": 7,
        "ruku": 521,
        "word_number_in_verse": 5,
        "language_code": "en",
        "text": "he strove (for)",
        "root_word": "سَعَىٰ",
        "global_word_sequence_number": 75420,
        "global_verse_sequence_number": 5747
    },
    {
        "chapter": 79,
        "verse": 36,
        "juz": 30,
        "hizb": 233,
        "manzil": 7,
        "ruku": 521,
        "word_number_in_verse": 1,
        "language_code": "en",
        "text": "And will be made manifest",
        "root_word": "وَبُرِّزَتِ",
        "global_word_sequence_number": 75421,
        "global_verse_sequence_number": 5748
    },
    {
        "chapter": 79,
        "verse": 36,
        "juz": 30,
        "hizb": 233,
        "manzil": 7,
        "ruku": 521,
        "word_number_in_verse": 2,
        "language_code": "en",
        "text": "the Hellfire",
        "root_word": "الۡجَحِيمُ",
        "global_word_sequence_number": 75422,
        "global_verse_sequence_number": 5748
    },
    {
        "chapter": 79,
        "verse": 36,
        "juz": 30,
        "hizb": 233,
        "manzil": 7,
        "ruku": 521,
        "word_number_in_verse": 3,
        "language_code": "en",
        "text": "to (him) who",
        "root_word": "لِمَن",
        "global_word_sequence_number": 75423,
        "global_verse_sequence_number": 5748
    },
    {
        "chapter": 79,
        "verse": 36,
        "juz": 30,
        "hizb": 233,
        "manzil": 7,
        "ruku": 521,
        "word_number_in_verse": 4,
        "language_code": "en",
        "text": "sees",
        "root_word": "يَرَىٰ",
        "global_word_sequence_number": 75424,
        "global_verse_sequence_number": 5748
    },
    {
        "chapter": 79,
        "verse": 37,
        "juz": 30,
        "hizb": 233,
        "manzil": 7,
        "ruku": 521,
        "word_number_in_verse": 1,
        "language_code": "en",
        "text": "Then as for",
        "root_word": "فَأَمَّا",
        "global_word_sequence_number": 75425,
        "global_verse_sequence_number": 5749
    },
    {
        "chapter": 79,
        "verse": 37,
        "juz": 30,
        "hizb": 233,
        "manzil": 7,
        "ruku": 521,
        "word_number_in_verse": 2,
        "language_code": "en",
        "text": "(him) who",
        "root_word": "مَن",
        "global_word_sequence_number": 75426,
        "global_verse_sequence_number": 5749
    },
    {
        "chapter": 79,
        "verse": 37,
        "juz": 30,
        "hizb": 233,
        "manzil": 7,
        "ruku": 521,
        "word_number_in_verse": 3,
        "language_code": "en",
        "text": "transgressed",
        "root_word": "طَغَىٰ",
        "global_word_sequence_number": 75427,
        "global_verse_sequence_number": 5749
    },
    {
        "chapter": 79,
        "verse": 38,
        "juz": 30,
        "hizb": 233,
        "manzil": 7,
        "ruku": 521,
        "word_number_in_verse": 1,
        "language_code": "en",
        "text": "And preferred",
        "root_word": "وَءَاثَرَ",
        "global_word_sequence_number": 75428,
        "global_verse_sequence_number": 5750
    },
    {
        "chapter": 79,
        "verse": 38,
        "juz": 30,
        "hizb": 233,
        "manzil": 7,
        "ruku": 521,
        "word_number_in_verse": 2,
        "language_code": "en",
        "text": "the life",
        "root_word": "الۡحَيَوٰةَ",
        "global_word_sequence_number": 75429,
        "global_verse_sequence_number": 5750
    },
    {
        "chapter": 79,
        "verse": 38,
        "juz": 30,
        "hizb": 233,
        "manzil": 7,
        "ruku": 521,
        "word_number_in_verse": 3,
        "language_code": "en",
        "text": "(of) the world",
        "root_word": "الدُّنۡيَا",
        "global_word_sequence_number": 75430,
        "global_verse_sequence_number": 5750
    },
    {
        "chapter": 79,
        "verse": 39,
        "juz": 30,
        "hizb": 233,
        "manzil": 7,
        "ruku": 521,
        "word_number_in_verse": 1,
        "language_code": "en",
        "text": "Then indeed",
        "root_word": "فَإِنَّ",
        "global_word_sequence_number": 75431,
        "global_verse_sequence_number": 5751
    },
    {
        "chapter": 79,
        "verse": 39,
        "juz": 30,
        "hizb": 233,
        "manzil": 7,
        "ruku": 521,
        "word_number_in_verse": 2,
        "language_code": "en",
        "text": "the Hellfire",
        "root_word": "الۡجَحِيمَ",
        "global_word_sequence_number": 75432,
        "global_verse_sequence_number": 5751
    },
    {
        "chapter": 79,
        "verse": 39,
        "juz": 30,
        "hizb": 233,
        "manzil": 7,
        "ruku": 521,
        "word_number_in_verse": 3,
        "language_code": "en",
        "text": "it",
        "root_word": "هِيَ",
        "global_word_sequence_number": 75433,
        "global_verse_sequence_number": 5751
    },
    {
        "chapter": 79,
        "verse": 39,
        "juz": 30,
        "hizb": 233,
        "manzil": 7,
        "ruku": 521,
        "word_number_in_verse": 4,
        "language_code": "en",
        "text": "(is) the refuge",
        "root_word": "الۡمَأۡوَىٰ",
        "global_word_sequence_number": 75434,
        "global_verse_sequence_number": 5751
    },
    {
        "chapter": 79,
        "verse": 40,
        "juz": 30,
        "hizb": 233,
        "manzil": 7,
        "ruku": 521,
        "word_number_in_verse": 1,
        "language_code": "en",
        "text": "But as for",
        "root_word": "وَأَمَّا",
        "global_word_sequence_number": 75435,
        "global_verse_sequence_number": 5752
    },
    {
        "chapter": 79,
        "verse": 40,
        "juz": 30,
        "hizb": 233,
        "manzil": 7,
        "ruku": 521,
        "word_number_in_verse": 2,
        "language_code": "en",
        "text": "(him) who",
        "root_word": "مَنۡ",
        "global_word_sequence_number": 75436,
        "global_verse_sequence_number": 5752
    },
    {
        "chapter": 79,
        "verse": 40,
        "juz": 30,
        "hizb": 233,
        "manzil": 7,
        "ruku": 521,
        "word_number_in_verse": 3,
        "language_code": "en",
        "text": "feared",
        "root_word": "خَافَ",
        "global_word_sequence_number": 75437,
        "global_verse_sequence_number": 5752
    },
    {
        "chapter": 79,
        "verse": 40,
        "juz": 30,
        "hizb": 233,
        "manzil": 7,
        "ruku": 521,
        "word_number_in_verse": 4,
        "language_code": "en",
        "text": "standing",
        "root_word": "مَقَامَ",
        "global_word_sequence_number": 75438,
        "global_verse_sequence_number": 5752
    },
    {
        "chapter": 79,
        "verse": 40,
        "juz": 30,
        "hizb": 233,
        "manzil": 7,
        "ruku": 521,
        "word_number_in_verse": 5,
        "language_code": "en",
        "text": "(before) his Lord",
        "root_word": "رَبِّهِۦ",
        "global_word_sequence_number": 75439,
        "global_verse_sequence_number": 5752
    },
    {
        "chapter": 79,
        "verse": 40,
        "juz": 30,
        "hizb": 233,
        "manzil": 7,
        "ruku": 521,
        "word_number_in_verse": 6,
        "language_code": "en",
        "text": "and restrained",
        "root_word": "وَنَهَى",
        "global_word_sequence_number": 75440,
        "global_verse_sequence_number": 5752
    },
    {
        "chapter": 79,
        "verse": 40,
        "juz": 30,
        "hizb": 233,
        "manzil": 7,
        "ruku": 521,
        "word_number_in_verse": 7,
        "language_code": "en",
        "text": "his soul",
        "root_word": "النَّفۡسَ",
        "global_word_sequence_number": 75441,
        "global_verse_sequence_number": 5752
    },
    {
        "chapter": 79,
        "verse": 40,
        "juz": 30,
        "hizb": 233,
        "manzil": 7,
        "ruku": 521,
        "word_number_in_verse": 8,
        "language_code": "en",
        "text": "from",
        "root_word": "عَنِ",
        "global_word_sequence_number": 75442,
        "global_verse_sequence_number": 5752
    },
    {
        "chapter": 79,
        "verse": 40,
        "juz": 30,
        "hizb": 233,
        "manzil": 7,
        "ruku": 521,
        "word_number_in_verse": 9,
        "language_code": "en",
        "text": "the vain desires",
        "root_word": "الۡهَوَىٰ",
        "global_word_sequence_number": 75443,
        "global_verse_sequence_number": 5752
    },
    {
        "chapter": 79,
        "verse": 41,
        "juz": 30,
        "hizb": 233,
        "manzil": 7,
        "ruku": 521,
        "word_number_in_verse": 1,
        "language_code": "en",
        "text": "Then indeed",
        "root_word": "فَإِنَّ",
        "global_word_sequence_number": 75444,
        "global_verse_sequence_number": 5753
    },
    {
        "chapter": 79,
        "verse": 41,
        "juz": 30,
        "hizb": 233,
        "manzil": 7,
        "ruku": 521,
        "word_number_in_verse": 2,
        "language_code": "en",
        "text": "Paradise",
        "root_word": "الۡجَنَّةَ",
        "global_word_sequence_number": 75445,
        "global_verse_sequence_number": 5753
    },
    {
        "chapter": 79,
        "verse": 41,
        "juz": 30,
        "hizb": 233,
        "manzil": 7,
        "ruku": 521,
        "word_number_in_verse": 3,
        "language_code": "en",
        "text": "it (is)",
        "root_word": "هِيَ",
        "global_word_sequence_number": 75446,
        "global_verse_sequence_number": 5753
    },
    {
        "chapter": 79,
        "verse": 41,
        "juz": 30,
        "hizb": 233,
        "manzil": 7,
        "ruku": 521,
        "word_number_in_verse": 4,
        "language_code": "en",
        "text": "the refuge",
        "root_word": "الۡمَأۡوَىٰ",
        "global_word_sequence_number": 75447,
        "global_verse_sequence_number": 5753
    },
    {
        "chapter": 79,
        "verse": 42,
        "juz": 30,
        "hizb": 233,
        "manzil": 7,
        "ruku": 521,
        "word_number_in_verse": 1,
        "language_code": "en",
        "text": "They ask you",
        "root_word": "يَسۡـَٔلُونَكَ",
        "global_word_sequence_number": 75448,
        "global_verse_sequence_number": 5754
    },
    {
        "chapter": 79,
        "verse": 42,
        "juz": 30,
        "hizb": 233,
        "manzil": 7,
        "ruku": 521,
        "word_number_in_verse": 2,
        "language_code": "en",
        "text": "about",
        "root_word": "عَنِ",
        "global_word_sequence_number": 75449,
        "global_verse_sequence_number": 5754
    },
    {
        "chapter": 79,
        "verse": 42,
        "juz": 30,
        "hizb": 233,
        "manzil": 7,
        "ruku": 521,
        "word_number_in_verse": 3,
        "language_code": "en",
        "text": "the Hour",
        "root_word": "السَّاعَةِ",
        "global_word_sequence_number": 75450,
        "global_verse_sequence_number": 5754
    },
    {
        "chapter": 79,
        "verse": 42,
        "juz": 30,
        "hizb": 233,
        "manzil": 7,
        "ruku": 521,
        "word_number_in_verse": 4,
        "language_code": "en",
        "text": "when",
        "root_word": "أَيَّانَ",
        "global_word_sequence_number": 75451,
        "global_verse_sequence_number": 5754
    },
    {
        "chapter": 79,
        "verse": 42,
        "juz": 30,
        "hizb": 233,
        "manzil": 7,
        "ruku": 521,
        "word_number_in_verse": 5,
        "language_code": "en",
        "text": "(is) its arrival",
        "root_word": "مُرۡسَىٰهَا",
        "global_word_sequence_number": 75452,
        "global_verse_sequence_number": 5754
    },
    {
        "chapter": 79,
        "verse": 43,
        "juz": 30,
        "hizb": 233,
        "manzil": 7,
        "ruku": 521,
        "word_number_in_verse": 1,
        "language_code": "en",
        "text": "In what",
        "root_word": "فِيمَ",
        "global_word_sequence_number": 75453,
        "global_verse_sequence_number": 5755
    },
    {
        "chapter": 79,
        "verse": 43,
        "juz": 30,
        "hizb": 233,
        "manzil": 7,
        "ruku": 521,
        "word_number_in_verse": 2,
        "language_code": "en",
        "text": "(are) you",
        "root_word": "أَنتَ",
        "global_word_sequence_number": 75454,
        "global_verse_sequence_number": 5755
    },
    {
        "chapter": 79,
        "verse": 43,
        "juz": 30,
        "hizb": 233,
        "manzil": 7,
        "ruku": 521,
        "word_number_in_verse": 3,
        "language_code": "en",
        "text": "[of]",
        "root_word": "مِن",
        "global_word_sequence_number": 75455,
        "global_verse_sequence_number": 5755
    },
    {
        "chapter": 79,
        "verse": 43,
        "juz": 30,
        "hizb": 233,
        "manzil": 7,
        "ruku": 521,
        "word_number_in_verse": 4,
        "language_code": "en",
        "text": "(to) mention it",
        "root_word": "ذِكۡرَىٰهَآ",
        "global_word_sequence_number": 75456,
        "global_verse_sequence_number": 5755
    },
    {
        "chapter": 79,
        "verse": 44,
        "juz": 30,
        "hizb": 233,
        "manzil": 7,
        "ruku": 521,
        "word_number_in_verse": 1,
        "language_code": "en",
        "text": "To",
        "root_word": "إِلَىٰ",
        "global_word_sequence_number": 75457,
        "global_verse_sequence_number": 5756
    },
    {
        "chapter": 79,
        "verse": 44,
        "juz": 30,
        "hizb": 233,
        "manzil": 7,
        "ruku": 521,
        "word_number_in_verse": 2,
        "language_code": "en",
        "text": "your Lord",
        "root_word": "رَبِّكَ",
        "global_word_sequence_number": 75458,
        "global_verse_sequence_number": 5756
    },
    {
        "chapter": 79,
        "verse": 44,
        "juz": 30,
        "hizb": 233,
        "manzil": 7,
        "ruku": 521,
        "word_number_in_verse": 3,
        "language_code": "en",
        "text": "(is) its finality",
        "root_word": "مُنتَهَىٰهَآ",
        "global_word_sequence_number": 75459,
        "global_verse_sequence_number": 5756
    },
    {
        "chapter": 79,
        "verse": 45,
        "juz": 30,
        "hizb": 233,
        "manzil": 7,
        "ruku": 521,
        "word_number_in_verse": 1,
        "language_code": "en",
        "text": "Only",
        "root_word": "إِنَّمَآ",
        "global_word_sequence_number": 75460,
        "global_verse_sequence_number": 5757
    },
    {
        "chapter": 79,
        "verse": 45,
        "juz": 30,
        "hizb": 233,
        "manzil": 7,
        "ruku": 521,
        "word_number_in_verse": 2,
        "language_code": "en",
        "text": "you",
        "root_word": "أَنتَ",
        "global_word_sequence_number": 75461,
        "global_verse_sequence_number": 5757
    },
    {
        "chapter": 79,
        "verse": 45,
        "juz": 30,
        "hizb": 233,
        "manzil": 7,
        "ruku": 521,
        "word_number_in_verse": 3,
        "language_code": "en",
        "text": "(are) a warner",
        "root_word": "مُنذِرُ",
        "global_word_sequence_number": 75462,
        "global_verse_sequence_number": 5757
    },
    {
        "chapter": 79,
        "verse": 45,
        "juz": 30,
        "hizb": 233,
        "manzil": 7,
        "ruku": 521,
        "word_number_in_verse": 4,
        "language_code": "en",
        "text": "(for him) who",
        "root_word": "مَن",
        "global_word_sequence_number": 75463,
        "global_verse_sequence_number": 5757
    },
    {
        "chapter": 79,
        "verse": 45,
        "juz": 30,
        "hizb": 233,
        "manzil": 7,
        "ruku": 521,
        "word_number_in_verse": 5,
        "language_code": "en",
        "text": "fears it",
        "root_word": "يَخۡشَىٰهَا",
        "global_word_sequence_number": 75464,
        "global_verse_sequence_number": 5757
    },
    {
        "chapter": 79,
        "verse": 46,
        "juz": 30,
        "hizb": 233,
        "manzil": 7,
        "ruku": 521,
        "word_number_in_verse": 1,
        "language_code": "en",
        "text": "As though they",
        "root_word": "كَأَنَّهُمۡ",
        "global_word_sequence_number": 75465,
        "global_verse_sequence_number": 5758
    },
    {
        "chapter": 79,
        "verse": 46,
        "juz": 30,
        "hizb": 233,
        "manzil": 7,
        "ruku": 521,
        "word_number_in_verse": 2,
        "language_code": "en",
        "text": "(the) Day",
        "root_word": "يَوۡمَ",
        "global_word_sequence_number": 75466,
        "global_verse_sequence_number": 5758
    },
    {
        "chapter": 79,
        "verse": 46,
        "juz": 30,
        "hizb": 233,
        "manzil": 7,
        "ruku": 521,
        "word_number_in_verse": 3,
        "language_code": "en",
        "text": "they see it",
        "root_word": "يَرَوۡنَهَا",
        "global_word_sequence_number": 75467,
        "global_verse_sequence_number": 5758
    },
    {
        "chapter": 79,
        "verse": 46,
        "juz": 30,
        "hizb": 233,
        "manzil": 7,
        "ruku": 521,
        "word_number_in_verse": 4,
        "language_code": "en",
        "text": "not",
        "root_word": "لَمۡ",
        "global_word_sequence_number": 75468,
        "global_verse_sequence_number": 5758
    },
    {
        "chapter": 79,
        "verse": 46,
        "juz": 30,
        "hizb": 233,
        "manzil": 7,
        "ruku": 521,
        "word_number_in_verse": 5,
        "language_code": "en",
        "text": "they had remained",
        "root_word": "يَلۡبَثُوٓاْ",
        "global_word_sequence_number": 75469,
        "global_verse_sequence_number": 5758
    },
    {
        "chapter": 79,
        "verse": 46,
        "juz": 30,
        "hizb": 233,
        "manzil": 7,
        "ruku": 521,
        "word_number_in_verse": 6,
        "language_code": "en",
        "text": "except",
        "root_word": "إِلَّا",
        "global_word_sequence_number": 75470,
        "global_verse_sequence_number": 5758
    },
    {
        "chapter": 79,
        "verse": 46,
        "juz": 30,
        "hizb": 233,
        "manzil": 7,
        "ruku": 521,
        "word_number_in_verse": 7,
        "language_code": "en",
        "text": "an evening",
        "root_word": "عَشِيَّةً",
        "global_word_sequence_number": 75471,
        "global_verse_sequence_number": 5758
    },
    {
        "chapter": 79,
        "verse": 46,
        "juz": 30,
        "hizb": 233,
        "manzil": 7,
        "ruku": 521,
        "word_number_in_verse": 8,
        "language_code": "en",
        "text": "or",
        "root_word": "أَوۡ",
        "global_word_sequence_number": 75472,
        "global_verse_sequence_number": 5758
    },
    {
        "chapter": 79,
        "verse": 46,
        "juz": 30,
        "hizb": 233,
        "manzil": 7,
        "ruku": 521,
        "word_number_in_verse": 9,
        "language_code": "en",
        "text": "a morning thereof",
        "root_word": "ضُحَىٰهَا",
        "global_word_sequence_number": 75473,
        "global_verse_sequence_number": 5758
    }
]