[
    {
        "chapter": 80,
        "verse": 1,
        "juz": 30,
        "hizb": 234,
        "manzil": 7,
        "ruku": 522,
        "word_number_in_verse": 1,
        "language_code": "en",
        "text": "He frowned",
        "root_word": "عَبَسَ",
        "global_word_sequence_number": 75474,
        "global_verse_sequence_number": 5759
    },
    {
        "chapter": 80,
        "verse": 1,
        "juz": 30,
        "hizb": 234,
        "manzil": 7,
        "ruku": 522,
        "word_number_in_verse": 2,
        "language_code": "en",
        "text": "and turned away",
        "root_word": "وَتَوَلَّىٰٓ",
        "global_word_sequence_number": 75475,
        "global_verse_sequence_number": 5759
    },
    {
        "chapter": 80,
        "verse": 2,
        "juz": 30,
        "hizb": 234,
        "manzil": 7,
        "ruku": 522,
        "word_number_in_verse": 1,
        "language_code": "en",
        "text": "Because",
        "root_word": "أَن",
        "global_word_sequence_number": 75476,
        "global_verse_sequence_number": 5760
    },
    {
        "chapter": 80,
        "verse": 2,
        "juz": 30,
        "hizb": 234,
        "manzil": 7,
        "ruku": 522,
        "word_number_in_verse": 2,
        "language_code": "en",
        "text": "came to him",
        "root_word": "جَآءَهُ",
        "global_word_sequence_number": 75477,
        "global_verse_sequence_number": 5760
    },
    {
        "chapter": 80,
        "verse": 2,
        "juz": 30,
        "hizb": 234,
        "manzil": 7,
        "ruku": 522,
        "word_number_in_verse": 3,
        "language_code": "en",
        "text": "the blind man",
        "root_word": "الۡأَعۡمَىٰ",
        "global_word_sequence_number": 75478,
        "global_verse_sequence_number": 5760
    },
    {
        "chapter": 80,
        "verse": 3,
        "juz": 30,
        "hizb": 234,
        "manzil": 7,
        "ruku": 522,
        "word_number_in_verse": 1,
        "language_code": "en",
        "text": "But what",
        "root_word": "وَمَا",
        "global_word_sequence_number": 75479,
        "global_verse_sequence_number": 5761
    },
    {
        "chapter": 80,
        "verse": 3,
        "juz": 30,
        "hizb": 234,
        "manzil": 7,
        "ruku": 522,
        "word_number_in_verse": 2,
        "language_code": "en",
        "text": "would make you know",
        "root_word": "يُدۡرِيكَ",
        "global_word_sequence_number": 75480,
        "global_verse_sequence_number": 5761
    },
    {
        "chapter": 80,
        "verse": 3,
        "juz": 30,
        "hizb": 234,
        "manzil": 7,
        "ruku": 522,
        "word_number_in_verse": 3,
        "language_code": "en",
        "text": "that he might",
        "root_word": "لَعَلَّهُۥ",
        "global_word_sequence_number": 75481,
        "global_verse_sequence_number": 5761
    },
    {
        "chapter": 80,
        "verse": 3,
        "juz": 30,
        "hizb": 234,
        "manzil": 7,
        "ruku": 522,
        "word_number_in_verse": 4,
        "language_code": "en",
        "text": "purify himself",
        "root_word": "يَزَّكَّىٰٓ",
        "global_word_sequence_number": 75482,
        "global_verse_sequence_number": 5761
    },
    {
        "chapter": 80,
        "verse": 4,
        "juz": 30,
        "hizb": 234,
        "manzil": 7,
        "ruku": 522,
        "word_number_in_verse": 1,
        "language_code": "en",
        "text": "Or",
        "root_word": "أَوۡ",
        "global_word_sequence_number": 75483,
        "global_verse_sequence_number": 5762
    },
    {
        "chapter": 80,
        "verse": 4,
        "juz": 30,
        "hizb": 234,
        "manzil": 7,
        "ruku": 522,
        "word_number_in_verse": 2,
        "language_code": "en",
        "text": "be reminded",
        "root_word": "يَذَّكَّرُ",
        "global_word_sequence_number": 75484,
        "global_verse_sequence_number": 5762
    },
    {
        "chapter": 80,
        "verse": 4,
        "juz": 30,
        "hizb": 234,
        "manzil": 7,
        "ruku": 522,
        "word_number_in_verse": 3,
        "language_code": "en",
        "text": "so would benefit him",
        "root_word": "فَتَنفَعَهُ",
        "global_word_sequence_number": 75485,
        "global_verse_sequence_number": 5762
    },
    {
        "chapter": 80,
        "verse": 4,
        "juz": 30,
        "hizb": 234,
        "manzil": 7,
        "ruku": 522,
        "word_number_in_verse": 4,
        "language_code": "en",
        "text": "the reminder",
        "root_word": "الذِّكۡرَىٰٓ",
        "global_word_sequence_number": 75486,
        "global_verse_sequence_number": 5762
    },
    {
        "chapter": 80,
        "verse": 5,
        "juz": 30,
        "hizb": 234,
        "manzil": 7,
        "ruku": 522,
        "word_number_in_verse": 1,
        "language_code": "en",
        "text": "As for",
        "root_word": "أَمَّا",
        "global_word_sequence_number": 75487,
        "global_verse_sequence_number": 5763
    },
    {
        "chapter": 80,
        "verse": 5,
        "juz": 30,
        "hizb": 234,
        "manzil": 7,
        "ruku": 522,
        "word_number_in_verse": 2,
        "language_code": "en",
        "text": "(him) who",
        "root_word": "مَنِ",
        "global_word_sequence_number": 75488,
        "global_verse_sequence_number": 5763
    },
    {
        "chapter": 80,
        "verse": 5,
        "juz": 30,
        "hizb": 234,
        "manzil": 7,
        "ruku": 522,
        "word_number_in_verse": 3,
        "language_code": "en",
        "text": "considers himself free from need",
        "root_word": "اسۡتَغۡنَىٰ",
        "global_word_sequence_number": 75489,
        "global_verse_sequence_number": 5763
    },
    {
        "chapter": 80,
        "verse": 6,
        "juz": 30,
        "hizb": 234,
        "manzil": 7,
        "ruku": 522,
        "word_number_in_verse": 1,
        "language_code": "en",
        "text": "So you",
        "root_word": "فَأَنتَ",
        "global_word_sequence_number": 75490,
        "global_verse_sequence_number": 5764
    },
    {
        "chapter": 80,
        "verse": 6,
        "juz": 30,
        "hizb": 234,
        "manzil": 7,
        "ruku": 522,
        "word_number_in_verse": 2,
        "language_code": "en",
        "text": "to him",
        "root_word": "لَهُۥ",
        "global_word_sequence_number": 75491,
        "global_verse_sequence_number": 5764
    },
    {
        "chapter": 80,
        "verse": 6,
        "juz": 30,
        "hizb": 234,
        "manzil": 7,
        "ruku": 522,
        "word_number_in_verse": 3,
        "language_code": "en",
        "text": "give attention",
        "root_word": "تَصَدَّىٰ",
        "global_word_sequence_number": 75492,
        "global_verse_sequence_number": 5764
    },
    {
        "chapter": 80,
        "verse": 7,
        "juz": 30,
        "hizb": 234,
        "manzil": 7,
        "ruku": 522,
        "word_number_in_verse": 1,
        "language_code": "en",
        "text": "And not",
        "root_word": "وَمَا",
        "global_word_sequence_number": 75493,
        "global_verse_sequence_number": 5765
    },
    {
        "chapter": 80,
        "verse": 7,
        "juz": 30,
        "hizb": 234,
        "manzil": 7,
        "ruku": 522,
        "word_number_in_verse": 2,
        "language_code": "en",
        "text": "upon you",
        "root_word": "عَلَيۡكَ",
        "global_word_sequence_number": 75494,
        "global_verse_sequence_number": 5765
    },
    {
        "chapter": 80,
        "verse": 7,
        "juz": 30,
        "hizb": 234,
        "manzil": 7,
        "ruku": 522,
        "word_number_in_verse": 3,
        "language_code": "en",
        "text": "that not",
        "root_word": "أَلَّا",
        "global_word_sequence_number": 75495,
        "global_verse_sequence_number": 5765
    },
    {
        "chapter": 80,
        "verse": 7,
        "juz": 30,
        "hizb": 234,
        "manzil": 7,
        "ruku": 522,
        "word_number_in_verse": 4,
        "language_code": "en",
        "text": "he purifies himself",
        "root_word": "يَزَّكَّىٰ",
        "global_word_sequence_number": 75496,
        "global_verse_sequence_number": 5765
    },
    {
        "chapter": 80,
        "verse": 8,
        "juz": 30,
        "hizb": 234,
        "manzil": 7,
        "ruku": 522,
        "word_number_in_verse": 1,
        "language_code": "en",
        "text": "But as for",
        "root_word": "وَأَمَّا",
        "global_word_sequence_number": 75497,
        "global_verse_sequence_number": 5766
    },
    {
        "chapter": 80,
        "verse": 8,
        "juz": 30,
        "hizb": 234,
        "manzil": 7,
        "ruku": 522,
        "word_number_in_verse": 2,
        "language_code": "en",
        "text": "(he) who",
        "root_word": "مَن",
        "global_word_sequence_number": 75498,
        "global_verse_sequence_number": 5766
    },
    {
        "chapter": 80,
        "verse": 8,
        "juz": 30,
        "hizb": 234,
        "manzil": 7,
        "ruku": 522,
        "word_number_in_verse": 3,
        "language_code": "en",
        "text": "came to you",
        "root_word": "جَآءَكَ",
        "global_word_sequence_number": 75499,
        "global_verse_sequence_number": 5766
    },
    {
        "chapter": 80,
        "verse": 8,
        "juz": 30,
        "hizb": 234,
        "manzil": 7,
        "ruku": 522,
        "word_number_in_verse": 4,
        "language_code": "en",
        "text": "striving",
        "root_word": "يَسۡعَىٰ",
        "global_word_sequence_number": 75500,
        "global_verse_sequence_number": 5766
    },
    {
        "chapter": 80,
        "verse": 9,
        "juz": 30,
        "hizb": 234,
        "manzil": 7,
        "ruku": 522,
        "word_number_in_verse": 1,
        "language_code": "en",
        "text": "While he",
        "root_word": "وَهُوَ",
        "global_word_sequence_number": 75501,
        "global_verse_sequence_number": 5767
    },
    {
        "chapter": 80,
        "verse": 9,
        "juz": 30,
        "hizb": 234,
        "manzil": 7,
        "ruku": 522,
        "word_number_in_verse": 2,
        "language_code": "en",
        "text": "fears",
        "root_word": "يَخۡشَىٰ",
        "global_word_sequence_number": 75502,
        "global_verse_sequence_number": 5767
    },
    {
        "chapter": 80,
        "verse": 10,
        "juz": 30,
        "hizb": 234,
        "manzil": 7,
        "ruku": 522,
        "word_number_in_verse": 1,
        "language_code": "en",
        "text": "But you",
        "root_word": "فَأَنتَ",
        "global_word_sequence_number": 75503,
        "global_verse_sequence_number": 5768
    },
    {
        "chapter": 80,
        "verse": 10,
        "juz": 30,
        "hizb": 234,
        "manzil": 7,
        "ruku": 522,
        "word_number_in_verse": 2,
        "language_code": "en",
        "text": "from him",
        "root_word": "عَنۡهُ",
        "global_word_sequence_number": 75504,
        "global_verse_sequence_number": 5768
    },
    {
        "chapter": 80,
        "verse": 10,
        "juz": 30,
        "hizb": 234,
        "manzil": 7,
        "ruku": 522,
        "word_number_in_verse": 3,
        "language_code": "en",
        "text": "(are) distracted",
        "root_word": "تَلَهَّىٰ",
        "global_word_sequence_number": 75505,
        "global_verse_sequence_number": 5768
    },
    {
        "chapter": 80,
        "verse": 11,
        "juz": 30,
        "hizb": 234,
        "manzil": 7,
        "ruku": 522,
        "word_number_in_verse": 1,
        "language_code": "en",
        "text": "Nay",
        "root_word": "كـَلَّآ",
        "global_word_sequence_number": 75506,
        "global_verse_sequence_number": 5769
    },
    {
        "chapter": 80,
        "verse": 11,
        "juz": 30,
        "hizb": 234,
        "manzil": 7,
        "ruku": 522,
        "word_number_in_verse": 2,
        "language_code": "en",
        "text": "Indeed it",
        "root_word": "إِنَّهَا",
        "global_word_sequence_number": 75507,
        "global_verse_sequence_number": 5769
    },
    {
        "chapter": 80,
        "verse": 11,
        "juz": 30,
        "hizb": 234,
        "manzil": 7,
        "ruku": 522,
        "word_number_in_verse": 3,
        "language_code": "en",
        "text": "(is) a reminder",
        "root_word": "تَذۡكِرَةٞ",
        "global_word_sequence_number": 75508,
        "global_verse_sequence_number": 5769
    },
    {
        "chapter": 80,
        "verse": 12,
        "juz": 30,
        "hizb": 234,
        "manzil": 7,
        "ruku": 522,
        "word_number_in_verse": 1,
        "language_code": "en",
        "text": "So whosoever",
        "root_word": "فَمَن",
        "global_word_sequence_number": 75509,
        "global_verse_sequence_number": 5770
    },
    {
        "chapter": 80,
        "verse": 12,
        "juz": 30,
        "hizb": 234,
        "manzil": 7,
        "ruku": 522,
        "word_number_in_verse": 2,
        "language_code": "en",
        "text": "wills",
        "root_word": "شَآءَ",
        "global_word_sequence_number": 75510,
        "global_verse_sequence_number": 5770
    },
    {
        "chapter": 80,
        "verse": 12,
        "juz": 30,
        "hizb": 234,
        "manzil": 7,
        "ruku": 522,
        "word_number_in_verse": 3,
        "language_code": "en",
        "text": "may remember it",
        "root_word": "ذَكَرَهُۥ",
        "global_word_sequence_number": 75511,
        "global_verse_sequence_number": 5770
    },
    {
        "chapter": 80,
        "verse": 13,
        "juz": 30,
        "hizb": 234,
        "manzil": 7,
        "ruku": 522,
        "word_number_in_verse": 1,
        "language_code": "en",
        "text": "In",
        "root_word": "فِي",
        "global_word_sequence_number": 75512,
        "global_verse_sequence_number": 5771
    },
    {
        "chapter": 80,
        "verse": 13,
        "juz": 30,
        "hizb": 234,
        "manzil": 7,
        "ruku": 522,
        "word_number_in_verse": 2,
        "language_code": "en",
        "text": "sheets",
        "root_word": "صُحُفٖ",
        "global_word_sequence_number": 75513,
        "global_verse_sequence_number": 5771
    },
    {
        "chapter": 80,
        "verse": 13,
        "juz": 30,
        "hizb": 234,
        "manzil": 7,
        "ruku": 522,
        "word_number_in_verse": 3,
        "language_code": "en",
        "text": "honored",
        "root_word": "مُّكَرَّمَةٖ",
        "global_word_sequence_number": 75514,
        "global_verse_sequence_number": 5771
    },
    {
        "chapter": 80,
        "verse": 14,
        "juz": 30,
        "hizb": 234,
        "manzil": 7,
        "ruku": 522,
        "word_number_in_verse": 1,
        "language_code": "en",
        "text": "Exalted",
        "root_word": "مَّرۡفُوعَةٖ",
        "global_word_sequence_number": 75515,
        "global_verse_sequence_number": 5772
    },
    {
        "chapter": 80,
        "verse": 14,
        "juz": 30,
        "hizb": 234,
        "manzil": 7,
        "ruku": 522,
        "word_number_in_verse": 2,
        "language_code": "en",
        "text": "purified",
        "root_word": "مُّطَهَّرَةِۭ",
        "global_word_sequence_number": 75516,
        "global_verse_sequence_number": 5772
    },
    {
        "chapter": 80,
        "verse": 15,
        "juz": 30,
        "hizb": 234,
        "manzil": 7,
        "ruku": 522,
        "word_number_in_verse": 1,
        "language_code": "en",
        "text": "In (the) hands",
        "root_word": "بِأَيۡدِي",
        "global_word_sequence_number": 75517,
        "global_verse_sequence_number": 5773
    },
    {
        "chapter": 80,
        "verse": 15,
        "juz": 30,
        "hizb": 234,
        "manzil": 7,
        "ruku": 522,
        "word_number_in_verse": 2,
        "language_code": "en",
        "text": "(of) scribes",
        "root_word": "سَفَرَةٖ",
        "global_word_sequence_number": 75518,
        "global_verse_sequence_number": 5773
    },
    {
        "chapter": 80,
        "verse": 16,
        "juz": 30,
        "hizb": 234,
        "manzil": 7,
        "ruku": 522,
        "word_number_in_verse": 1,
        "language_code": "en",
        "text": "Noble",
        "root_word": "كِرَامِۭ",
        "global_word_sequence_number": 75519,
        "global_verse_sequence_number": 5774
    },
    {
        "chapter": 80,
        "verse": 16,
        "juz": 30,
        "hizb": 234,
        "manzil": 7,
        "ruku": 522,
        "word_number_in_verse": 2,
        "language_code": "en",
        "text": "dutiful",
        "root_word": "بَرَرَةٖ",
        "global_word_sequence_number": 75520,
        "global_verse_sequence_number": 5774
    },
    {
        "chapter": 80,
        "verse": 17,
        "juz": 30,
        "hizb": 234,
        "manzil": 7,
        "ruku": 522,
        "word_number_in_verse": 1,
        "language_code": "en",
        "text": "Is destroyed",
        "root_word": "قُتِلَ",
        "global_word_sequence_number": 75521,
        "global_verse_sequence_number": 5775
    },
    {
        "chapter": 80,
        "verse": 17,
        "juz": 30,
        "hizb": 234,
        "manzil": 7,
        "ruku": 522,
        "word_number_in_verse": 2,
        "language_code": "en",
        "text": "[the] man",
        "root_word": "الۡإِنسَٰنُ",
        "global_word_sequence_number": 75522,
        "global_verse_sequence_number": 5775
    },
    {
        "chapter": 80,
        "verse": 17,
        "juz": 30,
        "hizb": 234,
        "manzil": 7,
        "ruku": 522,
        "word_number_in_verse": 3,
        "language_code": "en",
        "text": "how",
        "root_word": "مَآ",
        "global_word_sequence_number": 75523,
        "global_verse_sequence_number": 5775
    },
    {
        "chapter": 80,
        "verse": 17,
        "juz": 30,
        "hizb": 234,
        "manzil": 7,
        "ruku": 522,
        "word_number_in_verse": 4,
        "language_code": "en",
        "text": "ungrateful is he",
        "root_word": "أَكۡفَرَهُۥ",
        "global_word_sequence_number": 75524,
        "global_verse_sequence_number": 5775
    },
    {
        "chapter": 80,
        "verse": 18,
        "juz": 30,
        "hizb": 234,
        "manzil": 7,
        "ruku": 522,
        "word_number_in_verse": 1,
        "language_code": "en",
        "text": "From",
        "root_word": "مِنۡ",
        "global_word_sequence_number": 75525,
        "global_verse_sequence_number": 5776
    },
    {
        "chapter": 80,
        "verse": 18,
        "juz": 30,
        "hizb": 234,
        "manzil": 7,
        "ruku": 522,
        "word_number_in_verse": 2,
        "language_code": "en",
        "text": "what",
        "root_word": "أَيِّ",
        "global_word_sequence_number": 75526,
        "global_verse_sequence_number": 5776
    },
    {
        "chapter": 80,
        "verse": 18,
        "juz": 30,
        "hizb": 234,
        "manzil": 7,
        "ruku": 522,
        "word_number_in_verse": 3,
        "language_code": "en",
        "text": "thing",
        "root_word": "شَيۡءٍ",
        "global_word_sequence_number": 75527,
        "global_verse_sequence_number": 5776
    },
    {
        "chapter": 80,
        "verse": 18,
        "juz": 30,
        "hizb": 234,
        "manzil": 7,
        "ruku": 522,
        "word_number_in_verse": 4,
        "language_code": "en",
        "text": "He created him",
        "root_word": "خَلَقَهُۥ",
        "global_word_sequence_number": 75528,
        "global_verse_sequence_number": 5776
    },
    {
        "chapter": 80,
        "verse": 19,
        "juz": 30,
        "hizb": 234,
        "manzil": 7,
        "ruku": 522,
        "word_number_in_verse": 1,
        "language_code": "en",
        "text": "From",
        "root_word": "مِن",
        "global_word_sequence_number": 75529,
        "global_verse_sequence_number": 5777
    },
    {
        "chapter": 80,
        "verse": 19,
        "juz": 30,
        "hizb": 234,
        "manzil": 7,
        "ruku": 522,
        "word_number_in_verse": 2,
        "language_code": "en",
        "text": "a semen-drop",
        "root_word": "نُّطۡفَةٍ",
        "global_word_sequence_number": 75530,
        "global_verse_sequence_number": 5777
    },
    {
        "chapter": 80,
        "verse": 19,
        "juz": 30,
        "hizb": 234,
        "manzil": 7,
        "ruku": 522,
        "word_number_in_verse": 3,
        "language_code": "en",
        "text": "He created him",
        "root_word": "خَلَقَهُۥ",
        "global_word_sequence_number": 75531,
        "global_verse_sequence_number": 5777
    },
    {
        "chapter": 80,
        "verse": 19,
        "juz": 30,
        "hizb": 234,
        "manzil": 7,
        "ruku": 522,
        "word_number_in_verse": 4,
        "language_code": "en",
        "text": "then He proportioned him",
        "root_word": "فَقَدَّرَهُۥ",
        "global_word_sequence_number": 75532,
        "global_verse_sequence_number": 5777
    },
    {
        "chapter": 80,
        "verse": 20,
        "juz": 30,
        "hizb": 234,
        "manzil": 7,
        "ruku": 522,
        "word_number_in_verse": 1,
        "language_code": "en",
        "text": "Then",
        "root_word": "ثُمَّ",
        "global_word_sequence_number": 75533,
        "global_verse_sequence_number": 5778
    },
    {
        "chapter": 80,
        "verse": 20,
        "juz": 30,
        "hizb": 234,
        "manzil": 7,
        "ruku": 522,
        "word_number_in_verse": 2,
        "language_code": "en",
        "text": "the way",
        "root_word": "السَّبِيلَ",
        "global_word_sequence_number": 75534,
        "global_verse_sequence_number": 5778
    },
    {
        "chapter": 80,
        "verse": 20,
        "juz": 30,
        "hizb": 234,
        "manzil": 7,
        "ruku": 522,
        "word_number_in_verse": 3,
        "language_code": "en",
        "text": "He made easy for him",
        "root_word": "يَسَّرَهُۥ",
        "global_word_sequence_number": 75535,
        "global_verse_sequence_number": 5778
    },
    {
        "chapter": 80,
        "verse": 21,
        "juz": 30,
        "hizb": 234,
        "manzil": 7,
        "ruku": 522,
        "word_number_in_verse": 1,
        "language_code": "en",
        "text": "Then",
        "root_word": "ثُمَّ",
        "global_word_sequence_number": 75536,
        "global_verse_sequence_number": 5779
    },
    {
        "chapter": 80,
        "verse": 21,
        "juz": 30,
        "hizb": 234,
        "manzil": 7,
        "ruku": 522,
        "word_number_in_verse": 2,
        "language_code": "en",
        "text": "He causes him to die",
        "root_word": "أَمَاتَهُۥ",
        "global_word_sequence_number": 75537,
        "global_verse_sequence_number": 5779
    },
    {
        "chapter": 80,
        "verse": 21,
        "juz": 30,
        "hizb": 234,
        "manzil": 7,
        "ruku": 522,
        "word_number_in_verse": 3,
        "language_code": "en",
        "text": "and provides a grave for him",
        "root_word": "فَأَقۡبَرَهُۥ",
        "global_word_sequence_number": 75538,
        "global_verse_sequence_number": 5779
    },
    {
        "chapter": 80,
        "verse": 22,
        "juz": 30,
        "hizb": 234,
        "manzil": 7,
        "ruku": 522,
        "word_number_in_verse": 1,
        "language_code": "en",
        "text": "Then",
        "root_word": "ثُمَّ",
        "global_word_sequence_number": 75539,
        "global_verse_sequence_number": 5780
    },
    {
        "chapter": 80,
        "verse": 22,
        "juz": 30,
        "hizb": 234,
        "manzil": 7,
        "ruku": 522,
        "word_number_in_verse": 2,
        "language_code": "en",
        "text": "when",
        "root_word": "إِذَا",
        "global_word_sequence_number": 75540,
        "global_verse_sequence_number": 5780
    },
    {
        "chapter": 80,
        "verse": 22,
        "juz": 30,
        "hizb": 234,
        "manzil": 7,
        "ruku": 522,
        "word_number_in_verse": 3,
        "language_code": "en",
        "text": "He wills",
        "root_word": "شَآءَ",
        "global_word_sequence_number": 75541,
        "global_verse_sequence_number": 5780
    },
    {
        "chapter": 80,
        "verse": 22,
        "juz": 30,
        "hizb": 234,
        "manzil": 7,
        "ruku": 522,
        "word_number_in_verse": 4,
        "language_code": "en",
        "text": "He will resurrect him",
        "root_word": "أَنشَرَهُۥ",
        "global_word_sequence_number": 75542,
        "global_verse_sequence_number": 5780
    },
    {
        "chapter": 80,
        "verse": 23,
        "juz": 30,
        "hizb": 234,
        "manzil": 7,
        "ruku": 522,
        "word_number_in_verse": 1,
        "language_code": "en",
        "text": "Nay",
        "root_word": "كـَلَّا",
        "global_word_sequence_number": 75543,
        "global_verse_sequence_number": 5781
    },
    {
        "chapter": 80,
        "verse": 23,
        "juz": 30,
        "hizb": 234,
        "manzil": 7,
        "ruku": 522,
        "word_number_in_verse": 2,
        "language_code": "en",
        "text": "Not",
        "root_word": "لَمَّا",
        "global_word_sequence_number": 75544,
        "global_verse_sequence_number": 5781
    },
    {
        "chapter": 80,
        "verse": 23,
        "juz": 30,
        "hizb": 234,
        "manzil": 7,
        "ruku": 522,
        "word_number_in_verse": 3,
        "language_code": "en",
        "text": "he has accomplished",
        "root_word": "يَقۡضِ",
        "global_word_sequence_number": 75545,
        "global_verse_sequence_number": 5781
    },
    {
        "chapter": 80,
        "verse": 23,
        "juz": 30,
        "hizb": 234,
        "manzil": 7,
        "ruku": 522,
        "word_number_in_verse": 4,
        "language_code": "en",
        "text": "what",
        "root_word": "مَآ",
        "global_word_sequence_number": 75546,
        "global_verse_sequence_number": 5781
    },
    {
        "chapter": 80,
        "verse": 23,
        "juz": 30,
        "hizb": 234,
        "manzil": 7,
        "ruku": 522,
        "word_number_in_verse": 5,
        "language_code": "en",
        "text": "He commanded him",
        "root_word": "أَمَرَهُۥ",
        "global_word_sequence_number": 75547,
        "global_verse_sequence_number": 5781
    },
    {
        "chapter": 80,
        "verse": 24,
        "juz": 30,
        "hizb": 234,
        "manzil": 7,
        "ruku": 522,
        "word_number_in_verse": 1,
        "language_code": "en",
        "text": "Then let look",
        "root_word": "فَلۡيَنظُرِ",
        "global_word_sequence_number": 75548,
        "global_verse_sequence_number": 5782
    },
    {
        "chapter": 80,
        "verse": 24,
        "juz": 30,
        "hizb": 234,
        "manzil": 7,
        "ruku": 522,
        "word_number_in_verse": 2,
        "language_code": "en",
        "text": "the man",
        "root_word": "الۡإِنسَٰنُ",
        "global_word_sequence_number": 75549,
        "global_verse_sequence_number": 5782
    },
    {
        "chapter": 80,
        "verse": 24,
        "juz": 30,
        "hizb": 234,
        "manzil": 7,
        "ruku": 522,
        "word_number_in_verse": 3,
        "language_code": "en",
        "text": "at",
        "root_word": "إِلَىٰ",
        "global_word_sequence_number": 75550,
        "global_verse_sequence_number": 5782
    },
    {
        "chapter": 80,
        "verse": 24,
        "juz": 30,
        "hizb": 234,
        "manzil": 7,
        "ruku": 522,
        "word_number_in_verse": 4,
        "language_code": "en",
        "text": "his food",
        "root_word": "طَعَامِهِۦٓ",
        "global_word_sequence_number": 75551,
        "global_verse_sequence_number": 5782
    },
    {
        "chapter": 80,
        "verse": 25,
        "juz": 30,
        "hizb": 234,
        "manzil": 7,
        "ruku": 522,
        "word_number_in_verse": 1,
        "language_code": "en",
        "text": "That [We]",
        "root_word": "أَنَّا",
        "global_word_sequence_number": 75552,
        "global_verse_sequence_number": 5783
    },
    {
        "chapter": 80,
        "verse": 25,
        "juz": 30,
        "hizb": 234,
        "manzil": 7,
        "ruku": 522,
        "word_number_in_verse": 2,
        "language_code": "en",
        "text": "[We] poured",
        "root_word": "صَبَبۡنَا",
        "global_word_sequence_number": 75553,
        "global_verse_sequence_number": 5783
    },
    {
        "chapter": 80,
        "verse": 25,
        "juz": 30,
        "hizb": 234,
        "manzil": 7,
        "ruku": 522,
        "word_number_in_verse": 3,
        "language_code": "en",
        "text": "the water",
        "root_word": "الۡمَآءَ",
        "global_word_sequence_number": 75554,
        "global_verse_sequence_number": 5783
    },
    {
        "chapter": 80,
        "verse": 25,
        "juz": 30,
        "hizb": 234,
        "manzil": 7,
        "ruku": 522,
        "word_number_in_verse": 4,
        "language_code": "en",
        "text": "(in) abundance",
        "root_word": "صَبّٗا",
        "global_word_sequence_number": 75555,
        "global_verse_sequence_number": 5783
    },
    {
        "chapter": 80,
        "verse": 26,
        "juz": 30,
        "hizb": 234,
        "manzil": 7,
        "ruku": 522,
        "word_number_in_verse": 1,
        "language_code": "en",
        "text": "Then",
        "root_word": "ثُمَّ",
        "global_word_sequence_number": 75556,
        "global_verse_sequence_number": 5784
    },
    {
        "chapter": 80,
        "verse": 26,
        "juz": 30,
        "hizb": 234,
        "manzil": 7,
        "ruku": 522,
        "word_number_in_verse": 2,
        "language_code": "en",
        "text": "We cleaved",
        "root_word": "شَقَقۡنَا",
        "global_word_sequence_number": 75557,
        "global_verse_sequence_number": 5784
    },
    {
        "chapter": 80,
        "verse": 26,
        "juz": 30,
        "hizb": 234,
        "manzil": 7,
        "ruku": 522,
        "word_number_in_verse": 3,
        "language_code": "en",
        "text": "the earth",
        "root_word": "الۡأَرۡضَ",
        "global_word_sequence_number": 75558,
        "global_verse_sequence_number": 5784
    },
    {
        "chapter": 80,
        "verse": 26,
        "juz": 30,
        "hizb": 234,
        "manzil": 7,
        "ruku": 522,
        "word_number_in_verse": 4,
        "language_code": "en",
        "text": "splitting",
        "root_word": "شَقّٗا",
        "global_word_sequence_number": 75559,
        "global_verse_sequence_number": 5784
    },
    {
        "chapter": 80,
        "verse": 27,
        "juz": 30,
        "hizb": 234,
        "manzil": 7,
        "ruku": 522,
        "word_number_in_verse": 1,
        "language_code": "en",
        "text": "Then We caused to grow",
        "root_word": "فَأَنۢبَتۡنَا",
        "global_word_sequence_number": 75560,
        "global_verse_sequence_number": 5785
    },
    {
        "chapter": 80,
        "verse": 27,
        "juz": 30,
        "hizb": 234,
        "manzil": 7,
        "ruku": 522,
        "word_number_in_verse": 2,
        "language_code": "en",
        "text": "therein",
        "root_word": "فِيهَا",
        "global_word_sequence_number": 75561,
        "global_verse_sequence_number": 5785
    },
    {
        "chapter": 80,
        "verse": 27,
        "juz": 30,
        "hizb": 234,
        "manzil": 7,
        "ruku": 522,
        "word_number_in_verse": 3,
        "language_code": "en",
        "text": "grain",
        "root_word": "حَبّٗا",
        "global_word_sequence_number": 75562,
        "global_verse_sequence_number": 5785
    },
    {
        "chapter": 80,
        "verse": 28,
        "juz": 30,
        "hizb": 234,
        "manzil": 7,
        "ruku": 522,
        "word_number_in_verse": 1,
        "language_code": "en",
        "text": "And grapes",
        "root_word": "وَعِنَبٗا",
        "global_word_sequence_number": 75563,
        "global_verse_sequence_number": 5786
    },
    {
        "chapter": 80,
        "verse": 28,
        "juz": 30,
        "hizb": 234,
        "manzil": 7,
        "ruku": 522,
        "word_number_in_verse": 2,
        "language_code": "en",
        "text": "and green fodder",
        "root_word": "وَقَضۡبٗا",
        "global_word_sequence_number": 75564,
        "global_verse_sequence_number": 5786
    },
    {
        "chapter": 80,
        "verse": 29,
        "juz": 30,
        "hizb": 234,
        "manzil": 7,
        "ruku": 522,
        "word_number_in_verse": 1,
        "language_code": "en",
        "text": "And olive",
        "root_word": "وَزَيۡتُونٗا",
        "global_word_sequence_number": 75565,
        "global_verse_sequence_number": 5787
    },
    {
        "chapter": 80,
        "verse": 29,
        "juz": 30,
        "hizb": 234,
        "manzil": 7,
        "ruku": 522,
        "word_number_in_verse": 2,
        "language_code": "en",
        "text": "and date-palms",
        "root_word": "وَنَخۡلٗا",
        "global_word_sequence_number": 75566,
        "global_verse_sequence_number": 5787
    },
    {
        "chapter": 80,
        "verse": 30,
        "juz": 30,
        "hizb": 234,
        "manzil": 7,
        "ruku": 522,
        "word_number_in_verse": 1,
        "language_code": "en",
        "text": "And gardens",
        "root_word": "وَحَدَآئِقَ",
        "global_word_sequence_number": 75567,
        "global_verse_sequence_number": 5788
    },
    {
        "chapter": 80,
        "verse": 30,
        "juz": 30,
        "hizb": 234,
        "manzil": 7,
        "ruku": 522,
        "word_number_in_verse": 2,
        "language_code": "en",
        "text": "(of) thick foliage",
        "root_word": "غُلۡبٗا",
        "global_word_sequence_number": 75568,
        "global_verse_sequence_number": 5788
    },
    {
        "chapter": 80,
        "verse": 31,
        "juz": 30,
        "hizb": 234,
        "manzil": 7,
        "ruku": 522,
        "word_number_in_verse": 1,
        "language_code": "en",
        "text": "And fruits",
        "root_word": "وَفَٰكِهَةٗ",
        "global_word_sequence_number": 75569,
        "global_verse_sequence_number": 5789
    },
    {
        "chapter": 80,
        "verse": 31,
        "juz": 30,
        "hizb": 234,
        "manzil": 7,
        "ruku": 522,
        "word_number_in_verse": 2,
        "language_code": "en",
        "text": "and grass",
        "root_word": "وَأَبّٗا",
        "global_word_sequence_number": 75570,
        "global_verse_sequence_number": 5789
    },
    {
        "chapter": 80,
        "verse": 32,
        "juz": 30,
        "hizb": 234,
        "manzil": 7,
        "ruku": 522,
        "word_number_in_verse": 1,
        "language_code": "en",
        "text": "(As) a provision",
        "root_word": "مَّتَٰعٗا",
        "global_word_sequence_number": 75571,
        "global_verse_sequence_number": 5790
    },
    {
        "chapter": 80,
        "verse": 32,
        "juz": 30,
        "hizb": 234,
        "manzil": 7,
        "ruku": 522,
        "word_number_in_verse": 2,
        "language_code": "en",
        "text": "for you",
        "root_word": "لَّكُمۡ",
        "global_word_sequence_number": 75572,
        "global_verse_sequence_number": 5790
    },
    {
        "chapter": 80,
        "verse": 32,
        "juz": 30,
        "hizb": 234,
        "manzil": 7,
        "ruku": 522,
        "word_number_in_verse": 3,
        "language_code": "en",
        "text": "and for your cattle",
        "root_word": "وَلِأَنۡعَٰمِكُمۡ",
        "global_word_sequence_number": 75573,
        "global_verse_sequence_number": 5790
    },
    {
        "chapter": 80,
        "verse": 33,
        "juz": 30,
        "hizb": 234,
        "manzil": 7,
        "ruku": 522,
        "word_number_in_verse": 1,
        "language_code": "en",
        "text": "But when",
        "root_word": "فَإِذَا",
        "global_word_sequence_number": 75574,
        "global_verse_sequence_number": 5791
    },
    {
        "chapter": 80,
        "verse": 33,
        "juz": 30,
        "hizb": 234,
        "manzil": 7,
        "ruku": 522,
        "word_number_in_verse": 2,
        "language_code": "en",
        "text": "comes",
        "root_word": "جَآءَتِ",
        "global_word_sequence_number": 75575,
        "global_verse_sequence_number": 5791
    },
    {
        "chapter": 80,
        "verse": 33,
        "juz": 30,
        "hizb": 234,
        "manzil": 7,
        "ruku": 522,
        "word_number_in_verse": 3,
        "language_code": "en",
        "text": "the Deafening Blast",
        "root_word": "الصَّآخَّةُ",
        "global_word_sequence_number": 75576,
        "global_verse_sequence_number": 5791
    },
    {
        "chapter": 80,
        "verse": 34,
        "juz": 30,
        "hizb": 234,
        "manzil": 7,
        "ruku": 522,
        "word_number_in_verse": 1,
        "language_code": "en",
        "text": "(The) Day",
        "root_word": "يَوۡمَ",
        "global_word_sequence_number": 75577,
        "global_verse_sequence_number": 5792
    },
    {
        "chapter": 80,
        "verse": 34,
        "juz": 30,
        "hizb": 234,
        "manzil": 7,
        "ruku": 522,
        "word_number_in_verse": 2,
        "language_code": "en",
        "text": "will flee",
        "root_word": "يَفِرُّ",
        "global_word_sequence_number": 75578,
        "global_verse_sequence_number": 5792
    },
    {
        "chapter": 80,
        "verse": 34,
        "juz": 30,
        "hizb": 234,
        "manzil": 7,
        "ruku": 522,
        "word_number_in_verse": 3,
        "language_code": "en",
        "text": "a man",
        "root_word": "الۡمَرۡءُ",
        "global_word_sequence_number": 75579,
        "global_verse_sequence_number": 5792
    },
    {
        "chapter": 80,
        "verse": 34,
        "juz": 30,
        "hizb": 234,
        "manzil": 7,
        "ruku": 522,
        "word_number_in_verse": 4,
        "language_code": "en",
        "text": "from",
        "root_word": "مِنۡ",
        "global_word_sequence_number": 75580,
        "global_verse_sequence_number": 5792
    },
    {
        "chapter": 80,
        "verse": 34,
        "juz": 30,
        "hizb": 234,
        "manzil": 7,
        "ruku": 522,
        "word_number_in_verse": 5,
        "language_code": "en",
        "text": "his brother",
        "root_word": "أَخِيهِ",
        "global_word_sequence_number": 75581,
        "global_verse_sequence_number": 5792
    },
    {
        "chapter": 80,
        "verse": 35,
        "juz": 30,
        "hizb": 234,
        "manzil": 7,
        "ruku": 522,
        "word_number_in_verse": 1,
        "language_code": "en",
        "text": "And his mother",
        "root_word": "وَأُمِّهِۦ",
        "global_word_sequence_number": 75582,
        "global_verse_sequence_number": 5793
    },
    {
        "chapter": 80,
        "verse": 35,
        "juz": 30,
        "hizb": 234,
        "manzil": 7,
        "ruku": 522,
        "word_number_in_verse": 2,
        "language_code": "en",
        "text": "and his father",
        "root_word": "وَأَبِيهِ",
        "global_word_sequence_number": 75583,
        "global_verse_sequence_number": 5793
    },
    {
        "chapter": 80,
        "verse": 36,
        "juz": 30,
        "hizb": 234,
        "manzil": 7,
        "ruku": 522,
        "word_number_in_verse": 1,
        "language_code": "en",
        "text": "And his wife",
        "root_word": "وَصَٰحِبَتِهِۦ",
        "global_word_sequence_number": 75584,
        "global_verse_sequence_number": 5794
    },
    {
        "chapter": 80,
        "verse": 36,
        "juz": 30,
        "hizb": 234,
        "manzil": 7,
        "ruku": 522,
        "word_number_in_verse": 2,
        "language_code": "en",
        "text": "and his children",
        "root_word": "وَبَنِيهِ",
        "global_word_sequence_number": 75585,
        "global_verse_sequence_number": 5794
    },
    {
        "chapter": 80,
        "verse": 37,
        "juz": 30,
        "hizb": 234,
        "manzil": 7,
        "ruku": 522,
        "word_number_in_verse": 1,
        "language_code": "en",
        "text": "For every",
        "root_word": "لِكُلِّ",
        "global_word_sequence_number": 75586,
        "global_verse_sequence_number": 5795
    },
    {
        "chapter": 80,
        "verse": 37,
        "juz": 30,
        "hizb": 234,
        "manzil": 7,
        "ruku": 522,
        "word_number_in_verse": 2,
        "language_code": "en",
        "text": "man",
        "root_word": "امۡرِيٕٖ",
        "global_word_sequence_number": 75587,
        "global_verse_sequence_number": 5795
    },
    {
        "chapter": 80,
        "verse": 37,
        "juz": 30,
        "hizb": 234,
        "manzil": 7,
        "ruku": 522,
        "word_number_in_verse": 3,
        "language_code": "en",
        "text": "among them",
        "root_word": "مِّنۡهُمۡ",
        "global_word_sequence_number": 75588,
        "global_verse_sequence_number": 5795
    },
    {
        "chapter": 80,
        "verse": 37,
        "juz": 30,
        "hizb": 234,
        "manzil": 7,
        "ruku": 522,
        "word_number_in_verse": 4,
        "language_code": "en",
        "text": "that Day",
        "root_word": "يَوۡمَئِذٖ",
        "global_word_sequence_number": 75589,
        "global_verse_sequence_number": 5795
    },
    {
        "chapter": 80,
        "verse": 37,
        "juz": 30,
        "hizb": 234,
        "manzil": 7,
        "ruku": 522,
        "word_number_in_verse": 5,
        "language_code": "en",
        "text": "(will be) a matter",
        "root_word": "شَأۡنٞ",
        "global_word_sequence_number": 75590,
        "global_verse_sequence_number": 5795
    },
    {
        "chapter": 80,
        "verse": 37,
        "juz": 30,
        "hizb": 234,
        "manzil": 7,
        "ruku": 522,
        "word_number_in_verse": 6,
        "language_code": "en",
        "text": "occupying him",
        "root_word": "يُغۡنِيهِ",
        "global_word_sequence_number": 75591,
        "global_verse_sequence_number": 5795
    },
    {
        "chapter": 80,
        "verse": 38,
        "juz": 30,
        "hizb": 234,
        "manzil": 7,
        "ruku": 522,
        "word_number_in_verse": 1,
        "language_code": "en",
        "text": "Faces",
        "root_word": "وُجُوهٞ",
        "global_word_sequence_number": 75592,
        "global_verse_sequence_number": 5796
    },
    {
        "chapter": 80,
        "verse": 38,
        "juz": 30,
        "hizb": 234,
        "manzil": 7,
        "ruku": 522,
        "word_number_in_verse": 2,
        "language_code": "en",
        "text": "that Day",
        "root_word": "يَوۡمَئِذٖ",
        "global_word_sequence_number": 75593,
        "global_verse_sequence_number": 5796
    },
    {
        "chapter": 80,
        "verse": 38,
        "juz": 30,
        "hizb": 234,
        "manzil": 7,
        "ruku": 522,
        "word_number_in_verse": 3,
        "language_code": "en",
        "text": "(will be) bright",
        "root_word": "مُّسۡفِرَةٞ",
        "global_word_sequence_number": 75594,
        "global_verse_sequence_number": 5796
    },
    {
        "chapter": 80,
        "verse": 39,
        "juz": 30,
        "hizb": 234,
        "manzil": 7,
        "ruku": 522,
        "word_number_in_verse": 1,
        "language_code": "en",
        "text": "Laughing",
        "root_word": "ضَاحِكَةٞ",
        "global_word_sequence_number": 75595,
        "global_verse_sequence_number": 5797
    },
    {
        "chapter": 80,
        "verse": 39,
        "juz": 30,
        "hizb": 234,
        "manzil": 7,
        "ruku": 522,
        "word_number_in_verse": 2,
        "language_code": "en",
        "text": "rejoicing at good news",
        "root_word": "مُّسۡتَبۡشِرَةٞ",
        "global_word_sequence_number": 75596,
        "global_verse_sequence_number": 5797
    },
    {
        "chapter": 80,
        "verse": 40,
        "juz": 30,
        "hizb": 234,
        "manzil": 7,
        "ruku": 522,
        "word_number_in_verse": 1,
        "language_code": "en",
        "text": "And faces",
        "root_word": "وَوُجُوهٞ",
        "global_word_sequence_number": 75597,
        "global_verse_sequence_number": 5798
    },
    {
        "chapter": 80,
        "verse": 40,
        "juz": 30,
        "hizb": 234,
        "manzil": 7,
        "ruku": 522,
        "word_number_in_verse": 2,
        "language_code": "en",
        "text": "that Day",
        "root_word": "يَوۡمَئِذٍ",
        "global_word_sequence_number": 75598,
        "global_verse_sequence_number": 5798
    },
    {
        "chapter": 80,
        "verse": 40,
        "juz": 30,
        "hizb": 234,
        "manzil": 7,
        "ruku": 522,
        "word_number_in_verse": 3,
        "language_code": "en",
        "text": "upon them",
        "root_word": "عَلَيۡهَا",
        "global_word_sequence_number": 75599,
        "global_verse_sequence_number": 5798
    },
    {
        "chapter": 80,
        "verse": 40,
        "juz": 30,
        "hizb": 234,
        "manzil": 7,
        "ruku": 522,
        "word_number_in_verse": 4,
        "language_code": "en",
        "text": "(will be) dust",
        "root_word": "غَبَرَةٞ",
        "global_word_sequence_number": 75600,
        "global_verse_sequence_number": 5798
    },
    {
        "chapter": 80,
        "verse": 41,
        "juz": 30,
        "hizb": 234,
        "manzil": 7,
        "ruku": 522,
        "word_number_in_verse": 1,
        "language_code": "en",
        "text": "Will cover them",
        "root_word": "تَرۡهَقُهَا",
        "global_word_sequence_number": 75601,
        "global_verse_sequence_number": 5799
    },
    {
        "chapter": 80,
        "verse": 41,
        "juz": 30,
        "hizb": 234,
        "manzil": 7,
        "ruku": 522,
        "word_number_in_verse": 2,
        "language_code": "en",
        "text": "darkness",
        "root_word": "قَتَرَةٌ",
        "global_word_sequence_number": 75602,
        "global_verse_sequence_number": 5799
    },
    {
        "chapter": 80,
        "verse": 42,
        "juz": 30,
        "hizb": 234,
        "manzil": 7,
        "ruku": 522,
        "word_number_in_verse": 1,
        "language_code": "en",
        "text": "Those",
        "root_word": "أُوْلَٰٓئِكَ",
        "global_word_sequence_number": 75603,
        "global_verse_sequence_number": 5800
    },
    {
        "chapter": 80,
        "verse": 42,
        "juz": 30,
        "hizb": 234,
        "manzil": 7,
        "ruku": 522,
        "word_number_in_verse": 2,
        "language_code": "en",
        "text": "[they]",
        "root_word": "هُمُ",
        "global_word_sequence_number": 75604,
        "global_verse_sequence_number": 5800
    },
    {
        "chapter": 80,
        "verse": 42,
        "juz": 30,
        "hizb": 234,
        "manzil": 7,
        "ruku": 522,
        "word_number_in_verse": 3,
        "language_code": "en",
        "text": "(are) the disbelievers",
        "root_word": "الۡكَفَرَةُ",
        "global_word_sequence_number": 75605,
        "global_verse_sequence_number": 5800
    },
    {
        "chapter": 80,
        "verse": 42,
        "juz": 30,
        "hizb": 234,
        "manzil": 7,
        "ruku": 522,
        "word_number_in_verse": 4,
        "language_code": "en",
        "text": "the wicked ones",
        "root_word": "الۡفَجَرَةُ",
        "global_word_sequence_number": 75606,
        "global_verse_sequence_number": 5800
    }
]