[
    {
        "chapter": 81,
        "verse": 1,
        "juz": 30,
        "hizb": 234,
        "manzil": 7,
        "ruku": 523,
        "word_number_in_verse": 1,
        "language_code": "en",
        "text": "When",
        "root_word": "إِذَا",
        "global_word_sequence_number": 75607,
        "global_verse_sequence_number": 5801
    },
    {
        "chapter": 81,
        "verse": 1,
        "juz": 30,
        "hizb": 234,
        "manzil": 7,
        "ruku": 523,
        "word_number_in_verse": 2,
        "language_code": "en",
        "text": "the sun",
        "root_word": "الشَّمۡسُ",
        "global_word_sequence_number": 75608,
        "global_verse_sequence_number": 5801
    },
    {
        "chapter": 81,
        "verse": 1,
        "juz": 30,
        "hizb": 234,
        "manzil": 7,
        "ruku": 523,
        "word_number_in_verse": 3,
        "language_code": "en",
        "text": "is wrapped up",
        "root_word": "كُوِّرَتۡ",
        "global_word_sequence_number": 75609,
        "global_verse_sequence_number": 5801
    },
    {
        "chapter": 81,
        "verse": 2,
        "juz": 30,
        "hizb": 234,
        "manzil": 7,
        "ruku": 523,
        "word_number_in_verse": 1,
        "language_code": "en",
        "text": "And when",
        "root_word": "وَإِذَا",
        "global_word_sequence_number": 75610,
        "global_verse_sequence_number": 5802
    },
    {
        "chapter": 81,
        "verse": 2,
        "juz": 30,
        "hizb": 234,
        "manzil": 7,
        "ruku": 523,
        "word_number_in_verse": 2,
        "language_code": "en",
        "text": "the stars",
        "root_word": "النُّجُومُ",
        "global_word_sequence_number": 75611,
        "global_verse_sequence_number": 5802
    },
    {
        "chapter": 81,
        "verse": 2,
        "juz": 30,
        "hizb": 234,
        "manzil": 7,
        "ruku": 523,
        "word_number_in_verse": 3,
        "language_code": "en",
        "text": "fall losing their luster",
        "root_word": "انكَدَرَتۡ",
        "global_word_sequence_number": 75612,
        "global_verse_sequence_number": 5802
    },
    {
        "chapter": 81,
        "verse": 3,
        "juz": 30,
        "hizb": 234,
        "manzil": 7,
        "ruku": 523,
        "word_number_in_verse": 1,
        "language_code": "en",
        "text": "And when",
        "root_word": "وَإِذَا",
        "global_word_sequence_number": 75613,
        "global_verse_sequence_number": 5803
    },
    {
        "chapter": 81,
        "verse": 3,
        "juz": 30,
        "hizb": 234,
        "manzil": 7,
        "ruku": 523,
        "word_number_in_verse": 2,
        "language_code": "en",
        "text": "the mountains",
        "root_word": "الۡجِبَالُ",
        "global_word_sequence_number": 75614,
        "global_verse_sequence_number": 5803
    },
    {
        "chapter": 81,
        "verse": 3,
        "juz": 30,
        "hizb": 234,
        "manzil": 7,
        "ruku": 523,
        "word_number_in_verse": 3,
        "language_code": "en",
        "text": "are moved away",
        "root_word": "سُيِّرَتۡ",
        "global_word_sequence_number": 75615,
        "global_verse_sequence_number": 5803
    },
    {
        "chapter": 81,
        "verse": 4,
        "juz": 30,
        "hizb": 234,
        "manzil": 7,
        "ruku": 523,
        "word_number_in_verse": 1,
        "language_code": "en",
        "text": "And when",
        "root_word": "وَإِذَا",
        "global_word_sequence_number": 75616,
        "global_verse_sequence_number": 5804
    },
    {
        "chapter": 81,
        "verse": 4,
        "juz": 30,
        "hizb": 234,
        "manzil": 7,
        "ruku": 523,
        "word_number_in_verse": 2,
        "language_code": "en",
        "text": "the full-term she-camels",
        "root_word": "الۡعِشَارُ",
        "global_word_sequence_number": 75617,
        "global_verse_sequence_number": 5804
    },
    {
        "chapter": 81,
        "verse": 4,
        "juz": 30,
        "hizb": 234,
        "manzil": 7,
        "ruku": 523,
        "word_number_in_verse": 3,
        "language_code": "en",
        "text": "(are) left untended",
        "root_word": "عُطِّلَتۡ",
        "global_word_sequence_number": 75618,
        "global_verse_sequence_number": 5804
    },
    {
        "chapter": 81,
        "verse": 5,
        "juz": 30,
        "hizb": 234,
        "manzil": 7,
        "ruku": 523,
        "word_number_in_verse": 1,
        "language_code": "en",
        "text": "And when",
        "root_word": "وَإِذَا",
        "global_word_sequence_number": 75619,
        "global_verse_sequence_number": 5805
    },
    {
        "chapter": 81,
        "verse": 5,
        "juz": 30,
        "hizb": 234,
        "manzil": 7,
        "ruku": 523,
        "word_number_in_verse": 2,
        "language_code": "en",
        "text": "the wild beasts",
        "root_word": "الۡوُحُوشُ",
        "global_word_sequence_number": 75620,
        "global_verse_sequence_number": 5805
    },
    {
        "chapter": 81,
        "verse": 5,
        "juz": 30,
        "hizb": 234,
        "manzil": 7,
        "ruku": 523,
        "word_number_in_verse": 3,
        "language_code": "en",
        "text": "are gathered",
        "root_word": "حُشِرَتۡ",
        "global_word_sequence_number": 75621,
        "global_verse_sequence_number": 5805
    },
    {
        "chapter": 81,
        "verse": 6,
        "juz": 30,
        "hizb": 234,
        "manzil": 7,
        "ruku": 523,
        "word_number_in_verse": 1,
        "language_code": "en",
        "text": "And when",
        "root_word": "وَإِذَا",
        "global_word_sequence_number": 75622,
        "global_verse_sequence_number": 5806
    },
    {
        "chapter": 81,
        "verse": 6,
        "juz": 30,
        "hizb": 234,
        "manzil": 7,
        "ruku": 523,
        "word_number_in_verse": 2,
        "language_code": "en",
        "text": "the seas",
        "root_word": "الۡبِحَارُ",
        "global_word_sequence_number": 75623,
        "global_verse_sequence_number": 5806
    },
    {
        "chapter": 81,
        "verse": 6,
        "juz": 30,
        "hizb": 234,
        "manzil": 7,
        "ruku": 523,
        "word_number_in_verse": 3,
        "language_code": "en",
        "text": "are made to overflow",
        "root_word": "سُجِّرَتۡ",
        "global_word_sequence_number": 75624,
        "global_verse_sequence_number": 5806
    },
    {
        "chapter": 81,
        "verse": 7,
        "juz": 30,
        "hizb": 234,
        "manzil": 7,
        "ruku": 523,
        "word_number_in_verse": 1,
        "language_code": "en",
        "text": "And when",
        "root_word": "وَإِذَا",
        "global_word_sequence_number": 75625,
        "global_verse_sequence_number": 5807
    },
    {
        "chapter": 81,
        "verse": 7,
        "juz": 30,
        "hizb": 234,
        "manzil": 7,
        "ruku": 523,
        "word_number_in_verse": 2,
        "language_code": "en",
        "text": "the souls",
        "root_word": "النُّفُوسُ",
        "global_word_sequence_number": 75626,
        "global_verse_sequence_number": 5807
    },
    {
        "chapter": 81,
        "verse": 7,
        "juz": 30,
        "hizb": 234,
        "manzil": 7,
        "ruku": 523,
        "word_number_in_verse": 3,
        "language_code": "en",
        "text": "are paired",
        "root_word": "زُوِّجَتۡ",
        "global_word_sequence_number": 75627,
        "global_verse_sequence_number": 5807
    },
    {
        "chapter": 81,
        "verse": 8,
        "juz": 30,
        "hizb": 234,
        "manzil": 7,
        "ruku": 523,
        "word_number_in_verse": 1,
        "language_code": "en",
        "text": "And when",
        "root_word": "وَإِذَا",
        "global_word_sequence_number": 75628,
        "global_verse_sequence_number": 5808
    },
    {
        "chapter": 81,
        "verse": 8,
        "juz": 30,
        "hizb": 234,
        "manzil": 7,
        "ruku": 523,
        "word_number_in_verse": 2,
        "language_code": "en",
        "text": "the female infant buried alive",
        "root_word": "الۡمَوۡءُۥدَةُ",
        "global_word_sequence_number": 75629,
        "global_verse_sequence_number": 5808
    },
    {
        "chapter": 81,
        "verse": 8,
        "juz": 30,
        "hizb": 234,
        "manzil": 7,
        "ruku": 523,
        "word_number_in_verse": 3,
        "language_code": "en",
        "text": "is asked",
        "root_word": "سُئِلَتۡ",
        "global_word_sequence_number": 75630,
        "global_verse_sequence_number": 5808
    },
    {
        "chapter": 81,
        "verse": 9,
        "juz": 30,
        "hizb": 234,
        "manzil": 7,
        "ruku": 523,
        "word_number_in_verse": 1,
        "language_code": "en",
        "text": "For what",
        "root_word": "بِأَيِّ",
        "global_word_sequence_number": 75631,
        "global_verse_sequence_number": 5809
    },
    {
        "chapter": 81,
        "verse": 9,
        "juz": 30,
        "hizb": 234,
        "manzil": 7,
        "ruku": 523,
        "word_number_in_verse": 2,
        "language_code": "en",
        "text": "sin",
        "root_word": "ذَنۢبٖ",
        "global_word_sequence_number": 75632,
        "global_verse_sequence_number": 5809
    },
    {
        "chapter": 81,
        "verse": 9,
        "juz": 30,
        "hizb": 234,
        "manzil": 7,
        "ruku": 523,
        "word_number_in_verse": 3,
        "language_code": "en",
        "text": "she was killed",
        "root_word": "قُتِلَتۡ",
        "global_word_sequence_number": 75633,
        "global_verse_sequence_number": 5809
    },
    {
        "chapter": 81,
        "verse": 10,
        "juz": 30,
        "hizb": 234,
        "manzil": 7,
        "ruku": 523,
        "word_number_in_verse": 1,
        "language_code": "en",
        "text": "And when",
        "root_word": "وَإِذَا",
        "global_word_sequence_number": 75634,
        "global_verse_sequence_number": 5810
    },
    {
        "chapter": 81,
        "verse": 10,
        "juz": 30,
        "hizb": 234,
        "manzil": 7,
        "ruku": 523,
        "word_number_in_verse": 2,
        "language_code": "en",
        "text": "the pages",
        "root_word": "الصُّحُفُ",
        "global_word_sequence_number": 75635,
        "global_verse_sequence_number": 5810
    },
    {
        "chapter": 81,
        "verse": 10,
        "juz": 30,
        "hizb": 234,
        "manzil": 7,
        "ruku": 523,
        "word_number_in_verse": 3,
        "language_code": "en",
        "text": "are laid open",
        "root_word": "نُشِرَتۡ",
        "global_word_sequence_number": 75636,
        "global_verse_sequence_number": 5810
    },
    {
        "chapter": 81,
        "verse": 11,
        "juz": 30,
        "hizb": 234,
        "manzil": 7,
        "ruku": 523,
        "word_number_in_verse": 1,
        "language_code": "en",
        "text": "And when",
        "root_word": "وَإِذَا",
        "global_word_sequence_number": 75637,
        "global_verse_sequence_number": 5811
    },
    {
        "chapter": 81,
        "verse": 11,
        "juz": 30,
        "hizb": 234,
        "manzil": 7,
        "ruku": 523,
        "word_number_in_verse": 2,
        "language_code": "en",
        "text": "the sky",
        "root_word": "السَّمَآءُ",
        "global_word_sequence_number": 75638,
        "global_verse_sequence_number": 5811
    },
    {
        "chapter": 81,
        "verse": 11,
        "juz": 30,
        "hizb": 234,
        "manzil": 7,
        "ruku": 523,
        "word_number_in_verse": 3,
        "language_code": "en",
        "text": "is stripped away",
        "root_word": "كُشِطَتۡ",
        "global_word_sequence_number": 75639,
        "global_verse_sequence_number": 5811
    },
    {
        "chapter": 81,
        "verse": 12,
        "juz": 30,
        "hizb": 234,
        "manzil": 7,
        "ruku": 523,
        "word_number_in_verse": 1,
        "language_code": "en",
        "text": "And when",
        "root_word": "وَإِذَا",
        "global_word_sequence_number": 75640,
        "global_verse_sequence_number": 5812
    },
    {
        "chapter": 81,
        "verse": 12,
        "juz": 30,
        "hizb": 234,
        "manzil": 7,
        "ruku": 523,
        "word_number_in_verse": 2,
        "language_code": "en",
        "text": "the Hellfire",
        "root_word": "الۡجَحِيمُ",
        "global_word_sequence_number": 75641,
        "global_verse_sequence_number": 5812
    },
    {
        "chapter": 81,
        "verse": 12,
        "juz": 30,
        "hizb": 234,
        "manzil": 7,
        "ruku": 523,
        "word_number_in_verse": 3,
        "language_code": "en",
        "text": "is set ablaze",
        "root_word": "سُعِّرَتۡ",
        "global_word_sequence_number": 75642,
        "global_verse_sequence_number": 5812
    },
    {
        "chapter": 81,
        "verse": 13,
        "juz": 30,
        "hizb": 234,
        "manzil": 7,
        "ruku": 523,
        "word_number_in_verse": 1,
        "language_code": "en",
        "text": "And when",
        "root_word": "وَإِذَا",
        "global_word_sequence_number": 75643,
        "global_verse_sequence_number": 5813
    },
    {
        "chapter": 81,
        "verse": 13,
        "juz": 30,
        "hizb": 234,
        "manzil": 7,
        "ruku": 523,
        "word_number_in_verse": 2,
        "language_code": "en",
        "text": "Paradise",
        "root_word": "الۡجَنَّةُ",
        "global_word_sequence_number": 75644,
        "global_verse_sequence_number": 5813
    },
    {
        "chapter": 81,
        "verse": 13,
        "juz": 30,
        "hizb": 234,
        "manzil": 7,
        "ruku": 523,
        "word_number_in_verse": 3,
        "language_code": "en",
        "text": "is brought near",
        "root_word": "أُزۡلِفَتۡ",
        "global_word_sequence_number": 75645,
        "global_verse_sequence_number": 5813
    },
    {
        "chapter": 81,
        "verse": 14,
        "juz": 30,
        "hizb": 234,
        "manzil": 7,
        "ruku": 523,
        "word_number_in_verse": 1,
        "language_code": "en",
        "text": "Will know",
        "root_word": "عَلِمَتۡ",
        "global_word_sequence_number": 75646,
        "global_verse_sequence_number": 5814
    },
    {
        "chapter": 81,
        "verse": 14,
        "juz": 30,
        "hizb": 234,
        "manzil": 7,
        "ruku": 523,
        "word_number_in_verse": 2,
        "language_code": "en",
        "text": "a soul",
        "root_word": "نَفۡسٞ",
        "global_word_sequence_number": 75647,
        "global_verse_sequence_number": 5814
    },
    {
        "chapter": 81,
        "verse": 14,
        "juz": 30,
        "hizb": 234,
        "manzil": 7,
        "ruku": 523,
        "word_number_in_verse": 3,
        "language_code": "en",
        "text": "what",
        "root_word": "مَّآ",
        "global_word_sequence_number": 75648,
        "global_verse_sequence_number": 5814
    },
    {
        "chapter": 81,
        "verse": 14,
        "juz": 30,
        "hizb": 234,
        "manzil": 7,
        "ruku": 523,
        "word_number_in_verse": 4,
        "language_code": "en",
        "text": "it has brought",
        "root_word": "أَحۡضَرَتۡ",
        "global_word_sequence_number": 75649,
        "global_verse_sequence_number": 5814
    },
    {
        "chapter": 81,
        "verse": 15,
        "juz": 30,
        "hizb": 234,
        "manzil": 7,
        "ruku": 523,
        "word_number_in_verse": 1,
        "language_code": "en",
        "text": "But nay",
        "root_word": "فَلَآ",
        "global_word_sequence_number": 75650,
        "global_verse_sequence_number": 5815
    },
    {
        "chapter": 81,
        "verse": 15,
        "juz": 30,
        "hizb": 234,
        "manzil": 7,
        "ruku": 523,
        "word_number_in_verse": 2,
        "language_code": "en",
        "text": "I swear",
        "root_word": "أُقۡسِمُ",
        "global_word_sequence_number": 75651,
        "global_verse_sequence_number": 5815
    },
    {
        "chapter": 81,
        "verse": 15,
        "juz": 30,
        "hizb": 234,
        "manzil": 7,
        "ruku": 523,
        "word_number_in_verse": 3,
        "language_code": "en",
        "text": "by the retreating planets",
        "root_word": "بِالۡخُنَّسِ",
        "global_word_sequence_number": 75652,
        "global_verse_sequence_number": 5815
    },
    {
        "chapter": 81,
        "verse": 16,
        "juz": 30,
        "hizb": 234,
        "manzil": 7,
        "ruku": 523,
        "word_number_in_verse": 1,
        "language_code": "en",
        "text": "Those that run",
        "root_word": "الۡجَوَارِ",
        "global_word_sequence_number": 75653,
        "global_verse_sequence_number": 5816
    },
    {
        "chapter": 81,
        "verse": 16,
        "juz": 30,
        "hizb": 234,
        "manzil": 7,
        "ruku": 523,
        "word_number_in_verse": 2,
        "language_code": "en",
        "text": "(and) disappear",
        "root_word": "الۡكُنَّسِ",
        "global_word_sequence_number": 75654,
        "global_verse_sequence_number": 5816
    },
    {
        "chapter": 81,
        "verse": 17,
        "juz": 30,
        "hizb": 234,
        "manzil": 7,
        "ruku": 523,
        "word_number_in_verse": 1,
        "language_code": "en",
        "text": "And the night",
        "root_word": "وَالَّيۡلِ",
        "global_word_sequence_number": 75655,
        "global_verse_sequence_number": 5817
    },
    {
        "chapter": 81,
        "verse": 17,
        "juz": 30,
        "hizb": 234,
        "manzil": 7,
        "ruku": 523,
        "word_number_in_verse": 2,
        "language_code": "en",
        "text": "when",
        "root_word": "إِذَا",
        "global_word_sequence_number": 75656,
        "global_verse_sequence_number": 5817
    },
    {
        "chapter": 81,
        "verse": 17,
        "juz": 30,
        "hizb": 234,
        "manzil": 7,
        "ruku": 523,
        "word_number_in_verse": 3,
        "language_code": "en",
        "text": "it departs",
        "root_word": "عَسۡعَسَ",
        "global_word_sequence_number": 75657,
        "global_verse_sequence_number": 5817
    },
    {
        "chapter": 81,
        "verse": 18,
        "juz": 30,
        "hizb": 234,
        "manzil": 7,
        "ruku": 523,
        "word_number_in_verse": 1,
        "language_code": "en",
        "text": "And the dawn",
        "root_word": "وَالصُّبۡحِ",
        "global_word_sequence_number": 75658,
        "global_verse_sequence_number": 5818
    },
    {
        "chapter": 81,
        "verse": 18,
        "juz": 30,
        "hizb": 234,
        "manzil": 7,
        "ruku": 523,
        "word_number_in_verse": 2,
        "language_code": "en",
        "text": "when",
        "root_word": "إِذَا",
        "global_word_sequence_number": 75659,
        "global_verse_sequence_number": 5818
    },
    {
        "chapter": 81,
        "verse": 18,
        "juz": 30,
        "hizb": 234,
        "manzil": 7,
        "ruku": 523,
        "word_number_in_verse": 3,
        "language_code": "en",
        "text": "it breathes",
        "root_word": "تَنَفَّسَ",
        "global_word_sequence_number": 75660,
        "global_verse_sequence_number": 5818
    },
    {
        "chapter": 81,
        "verse": 19,
        "juz": 30,
        "hizb": 234,
        "manzil": 7,
        "ruku": 523,
        "word_number_in_verse": 1,
        "language_code": "en",
        "text": "Indeed it",
        "root_word": "إِنَّهُۥ",
        "global_word_sequence_number": 75661,
        "global_verse_sequence_number": 5819
    },
    {
        "chapter": 81,
        "verse": 19,
        "juz": 30,
        "hizb": 234,
        "manzil": 7,
        "ruku": 523,
        "word_number_in_verse": 2,
        "language_code": "en",
        "text": "(is) surely a word",
        "root_word": "لَقَوۡلُ",
        "global_word_sequence_number": 75662,
        "global_verse_sequence_number": 5819
    },
    {
        "chapter": 81,
        "verse": 19,
        "juz": 30,
        "hizb": 234,
        "manzil": 7,
        "ruku": 523,
        "word_number_in_verse": 3,
        "language_code": "en",
        "text": "(of) a Messenger",
        "root_word": "رَسُولٖ",
        "global_word_sequence_number": 75663,
        "global_verse_sequence_number": 5819
    },
    {
        "chapter": 81,
        "verse": 19,
        "juz": 30,
        "hizb": 234,
        "manzil": 7,
        "ruku": 523,
        "word_number_in_verse": 4,
        "language_code": "en",
        "text": "noble",
        "root_word": "كَرِيمٖ",
        "global_word_sequence_number": 75664,
        "global_verse_sequence_number": 5819
    },
    {
        "chapter": 81,
        "verse": 20,
        "juz": 30,
        "hizb": 234,
        "manzil": 7,
        "ruku": 523,
        "word_number_in_verse": 1,
        "language_code": "en",
        "text": "Possessor of",
        "root_word": "ذِي",
        "global_word_sequence_number": 75665,
        "global_verse_sequence_number": 5820
    },
    {
        "chapter": 81,
        "verse": 20,
        "juz": 30,
        "hizb": 234,
        "manzil": 7,
        "ruku": 523,
        "word_number_in_verse": 2,
        "language_code": "en",
        "text": "power",
        "root_word": "قُوَّةٍ",
        "global_word_sequence_number": 75666,
        "global_verse_sequence_number": 5820
    },
    {
        "chapter": 81,
        "verse": 20,
        "juz": 30,
        "hizb": 234,
        "manzil": 7,
        "ruku": 523,
        "word_number_in_verse": 3,
        "language_code": "en",
        "text": "with",
        "root_word": "عِندَ",
        "global_word_sequence_number": 75667,
        "global_verse_sequence_number": 5820
    },
    {
        "chapter": 81,
        "verse": 20,
        "juz": 30,
        "hizb": 234,
        "manzil": 7,
        "ruku": 523,
        "word_number_in_verse": 4,
        "language_code": "en",
        "text": "(the) Owner of",
        "root_word": "ذِي",
        "global_word_sequence_number": 75668,
        "global_verse_sequence_number": 5820
    },
    {
        "chapter": 81,
        "verse": 20,
        "juz": 30,
        "hizb": 234,
        "manzil": 7,
        "ruku": 523,
        "word_number_in_verse": 5,
        "language_code": "en",
        "text": "the Throne",
        "root_word": "الۡعَرۡشِ",
        "global_word_sequence_number": 75669,
        "global_verse_sequence_number": 5820
    },
    {
        "chapter": 81,
        "verse": 20,
        "juz": 30,
        "hizb": 234,
        "manzil": 7,
        "ruku": 523,
        "word_number_in_verse": 6,
        "language_code": "en",
        "text": "secure",
        "root_word": "مَكِينٖ",
        "global_word_sequence_number": 75670,
        "global_verse_sequence_number": 5820
    },
    {
        "chapter": 81,
        "verse": 21,
        "juz": 30,
        "hizb": 234,
        "manzil": 7,
        "ruku": 523,
        "word_number_in_verse": 1,
        "language_code": "en",
        "text": "One to be obeyed",
        "root_word": "مُّطَاعٖ",
        "global_word_sequence_number": 75671,
        "global_verse_sequence_number": 5821
    },
    {
        "chapter": 81,
        "verse": 21,
        "juz": 30,
        "hizb": 234,
        "manzil": 7,
        "ruku": 523,
        "word_number_in_verse": 2,
        "language_code": "en",
        "text": "and",
        "root_word": "ثَمَّ",
        "global_word_sequence_number": 75672,
        "global_verse_sequence_number": 5821
    },
    {
        "chapter": 81,
        "verse": 21,
        "juz": 30,
        "hizb": 234,
        "manzil": 7,
        "ruku": 523,
        "word_number_in_verse": 3,
        "language_code": "en",
        "text": "trustworthy",
        "root_word": "أَمِينٖ",
        "global_word_sequence_number": 75673,
        "global_verse_sequence_number": 5821
    },
    {
        "chapter": 81,
        "verse": 22,
        "juz": 30,
        "hizb": 234,
        "manzil": 7,
        "ruku": 523,
        "word_number_in_verse": 1,
        "language_code": "en",
        "text": "And not",
        "root_word": "وَمَا",
        "global_word_sequence_number": 75674,
        "global_verse_sequence_number": 5822
    },
    {
        "chapter": 81,
        "verse": 22,
        "juz": 30,
        "hizb": 234,
        "manzil": 7,
        "ruku": 523,
        "word_number_in_verse": 2,
        "language_code": "en",
        "text": "(is) your companion",
        "root_word": "صَاحِبُكُم",
        "global_word_sequence_number": 75675,
        "global_verse_sequence_number": 5822
    },
    {
        "chapter": 81,
        "verse": 22,
        "juz": 30,
        "hizb": 234,
        "manzil": 7,
        "ruku": 523,
        "word_number_in_verse": 3,
        "language_code": "en",
        "text": "mad",
        "root_word": "بِمَجۡنُونٖ",
        "global_word_sequence_number": 75676,
        "global_verse_sequence_number": 5822
    },
    {
        "chapter": 81,
        "verse": 23,
        "juz": 30,
        "hizb": 234,
        "manzil": 7,
        "ruku": 523,
        "word_number_in_verse": 1,
        "language_code": "en",
        "text": "And certainly",
        "root_word": "وَلَقَدۡ",
        "global_word_sequence_number": 75677,
        "global_verse_sequence_number": 5823
    },
    {
        "chapter": 81,
        "verse": 23,
        "juz": 30,
        "hizb": 234,
        "manzil": 7,
        "ruku": 523,
        "word_number_in_verse": 2,
        "language_code": "en",
        "text": "he saw him",
        "root_word": "رَءَاهُ",
        "global_word_sequence_number": 75678,
        "global_verse_sequence_number": 5823
    },
    {
        "chapter": 81,
        "verse": 23,
        "juz": 30,
        "hizb": 234,
        "manzil": 7,
        "ruku": 523,
        "word_number_in_verse": 3,
        "language_code": "en",
        "text": "in the horizon",
        "root_word": "بِالۡأُفُقِ",
        "global_word_sequence_number": 75679,
        "global_verse_sequence_number": 5823
    },
    {
        "chapter": 81,
        "verse": 23,
        "juz": 30,
        "hizb": 234,
        "manzil": 7,
        "ruku": 523,
        "word_number_in_verse": 4,
        "language_code": "en",
        "text": "the clear",
        "root_word": "الۡمُبِينِ",
        "global_word_sequence_number": 75680,
        "global_verse_sequence_number": 5823
    },
    {
        "chapter": 81,
        "verse": 24,
        "juz": 30,
        "hizb": 234,
        "manzil": 7,
        "ruku": 523,
        "word_number_in_verse": 1,
        "language_code": "en",
        "text": "And not",
        "root_word": "وَمَا",
        "global_word_sequence_number": 75681,
        "global_verse_sequence_number": 5824
    },
    {
        "chapter": 81,
        "verse": 24,
        "juz": 30,
        "hizb": 234,
        "manzil": 7,
        "ruku": 523,
        "word_number_in_verse": 2,
        "language_code": "en",
        "text": "he (is)",
        "root_word": "هُوَ",
        "global_word_sequence_number": 75682,
        "global_verse_sequence_number": 5824
    },
    {
        "chapter": 81,
        "verse": 24,
        "juz": 30,
        "hizb": 234,
        "manzil": 7,
        "ruku": 523,
        "word_number_in_verse": 3,
        "language_code": "en",
        "text": "on",
        "root_word": "عَلَى",
        "global_word_sequence_number": 75683,
        "global_verse_sequence_number": 5824
    },
    {
        "chapter": 81,
        "verse": 24,
        "juz": 30,
        "hizb": 234,
        "manzil": 7,
        "ruku": 523,
        "word_number_in_verse": 4,
        "language_code": "en",
        "text": "the unseen",
        "root_word": "الۡغَيۡبِ",
        "global_word_sequence_number": 75684,
        "global_verse_sequence_number": 5824
    },
    {
        "chapter": 81,
        "verse": 24,
        "juz": 30,
        "hizb": 234,
        "manzil": 7,
        "ruku": 523,
        "word_number_in_verse": 5,
        "language_code": "en",
        "text": "a withholder",
        "root_word": "بِضَنِينٖ",
        "global_word_sequence_number": 75685,
        "global_verse_sequence_number": 5824
    },
    {
        "chapter": 81,
        "verse": 25,
        "juz": 30,
        "hizb": 234,
        "manzil": 7,
        "ruku": 523,
        "word_number_in_verse": 1,
        "language_code": "en",
        "text": "And not",
        "root_word": "وَمَا",
        "global_word_sequence_number": 75686,
        "global_verse_sequence_number": 5825
    },
    {
        "chapter": 81,
        "verse": 25,
        "juz": 30,
        "hizb": 234,
        "manzil": 7,
        "ruku": 523,
        "word_number_in_verse": 2,
        "language_code": "en",
        "text": "it",
        "root_word": "هُوَ",
        "global_word_sequence_number": 75687,
        "global_verse_sequence_number": 5825
    },
    {
        "chapter": 81,
        "verse": 25,
        "juz": 30,
        "hizb": 234,
        "manzil": 7,
        "ruku": 523,
        "word_number_in_verse": 3,
        "language_code": "en",
        "text": "(is the) word",
        "root_word": "بِقَوۡلِ",
        "global_word_sequence_number": 75688,
        "global_verse_sequence_number": 5825
    },
    {
        "chapter": 81,
        "verse": 25,
        "juz": 30,
        "hizb": 234,
        "manzil": 7,
        "ruku": 523,
        "word_number_in_verse": 4,
        "language_code": "en",
        "text": "(of) Shaitaan",
        "root_word": "شَيۡطَٰنٖ",
        "global_word_sequence_number": 75689,
        "global_verse_sequence_number": 5825
    },
    {
        "chapter": 81,
        "verse": 25,
        "juz": 30,
        "hizb": 234,
        "manzil": 7,
        "ruku": 523,
        "word_number_in_verse": 5,
        "language_code": "en",
        "text": "accursed",
        "root_word": "رَّجِيمٖ",
        "global_word_sequence_number": 75690,
        "global_verse_sequence_number": 5825
    },
    {
        "chapter": 81,
        "verse": 26,
        "juz": 30,
        "hizb": 234,
        "manzil": 7,
        "ruku": 523,
        "word_number_in_verse": 1,
        "language_code": "en",
        "text": "So where",
        "root_word": "فَأَيۡنَ",
        "global_word_sequence_number": 75691,
        "global_verse_sequence_number": 5826
    },
    {
        "chapter": 81,
        "verse": 26,
        "juz": 30,
        "hizb": 234,
        "manzil": 7,
        "ruku": 523,
        "word_number_in_verse": 2,
        "language_code": "en",
        "text": "are you going",
        "root_word": "تَذۡهَبُونَ",
        "global_word_sequence_number": 75692,
        "global_verse_sequence_number": 5826
    },
    {
        "chapter": 81,
        "verse": 27,
        "juz": 30,
        "hizb": 234,
        "manzil": 7,
        "ruku": 523,
        "word_number_in_verse": 1,
        "language_code": "en",
        "text": "Not",
        "root_word": "إِنۡ",
        "global_word_sequence_number": 75693,
        "global_verse_sequence_number": 5827
    },
    {
        "chapter": 81,
        "verse": 27,
        "juz": 30,
        "hizb": 234,
        "manzil": 7,
        "ruku": 523,
        "word_number_in_verse": 2,
        "language_code": "en",
        "text": "it",
        "root_word": "هُوَ",
        "global_word_sequence_number": 75694,
        "global_verse_sequence_number": 5827
    },
    {
        "chapter": 81,
        "verse": 27,
        "juz": 30,
        "hizb": 234,
        "manzil": 7,
        "ruku": 523,
        "word_number_in_verse": 3,
        "language_code": "en",
        "text": "(is) except",
        "root_word": "إِلَّا",
        "global_word_sequence_number": 75695,
        "global_verse_sequence_number": 5827
    },
    {
        "chapter": 81,
        "verse": 27,
        "juz": 30,
        "hizb": 234,
        "manzil": 7,
        "ruku": 523,
        "word_number_in_verse": 4,
        "language_code": "en",
        "text": "a reminder",
        "root_word": "ذِكۡرٞ",
        "global_word_sequence_number": 75696,
        "global_verse_sequence_number": 5827
    },
    {
        "chapter": 81,
        "verse": 27,
        "juz": 30,
        "hizb": 234,
        "manzil": 7,
        "ruku": 523,
        "word_number_in_verse": 5,
        "language_code": "en",
        "text": "to the worlds",
        "root_word": "لِّلۡعَٰلَمِينَ",
        "global_word_sequence_number": 75697,
        "global_verse_sequence_number": 5827
    },
    {
        "chapter": 81,
        "verse": 28,
        "juz": 30,
        "hizb": 234,
        "manzil": 7,
        "ruku": 523,
        "word_number_in_verse": 1,
        "language_code": "en",
        "text": "For whoever",
        "root_word": "لِمَن",
        "global_word_sequence_number": 75698,
        "global_verse_sequence_number": 5828
    },
    {
        "chapter": 81,
        "verse": 28,
        "juz": 30,
        "hizb": 234,
        "manzil": 7,
        "ruku": 523,
        "word_number_in_verse": 2,
        "language_code": "en",
        "text": "wills",
        "root_word": "شَآءَ",
        "global_word_sequence_number": 75699,
        "global_verse_sequence_number": 5828
    },
    {
        "chapter": 81,
        "verse": 28,
        "juz": 30,
        "hizb": 234,
        "manzil": 7,
        "ruku": 523,
        "word_number_in_verse": 3,
        "language_code": "en",
        "text": "among you",
        "root_word": "مِنكُمۡ",
        "global_word_sequence_number": 75700,
        "global_verse_sequence_number": 5828
    },
    {
        "chapter": 81,
        "verse": 28,
        "juz": 30,
        "hizb": 234,
        "manzil": 7,
        "ruku": 523,
        "word_number_in_verse": 4,
        "language_code": "en",
        "text": "to",
        "root_word": "أَن",
        "global_word_sequence_number": 75701,
        "global_verse_sequence_number": 5828
    },
    {
        "chapter": 81,
        "verse": 28,
        "juz": 30,
        "hizb": 234,
        "manzil": 7,
        "ruku": 523,
        "word_number_in_verse": 5,
        "language_code": "en",
        "text": "take a straight way",
        "root_word": "يَسۡتَقِيمَ",
        "global_word_sequence_number": 75702,
        "global_verse_sequence_number": 5828
    },
    {
        "chapter": 81,
        "verse": 29,
        "juz": 30,
        "hizb": 234,
        "manzil": 7,
        "ruku": 523,
        "word_number_in_verse": 1,
        "language_code": "en",
        "text": "And not",
        "root_word": "وَمَا",
        "global_word_sequence_number": 75703,
        "global_verse_sequence_number": 5829
    },
    {
        "chapter": 81,
        "verse": 29,
        "juz": 30,
        "hizb": 234,
        "manzil": 7,
        "ruku": 523,
        "word_number_in_verse": 2,
        "language_code": "en",
        "text": "you will",
        "root_word": "تَشَآءُونَ",
        "global_word_sequence_number": 75704,
        "global_verse_sequence_number": 5829
    },
    {
        "chapter": 81,
        "verse": 29,
        "juz": 30,
        "hizb": 234,
        "manzil": 7,
        "ruku": 523,
        "word_number_in_verse": 3,
        "language_code": "en",
        "text": "except",
        "root_word": "إِلَّآ",
        "global_word_sequence_number": 75705,
        "global_verse_sequence_number": 5829
    },
    {
        "chapter": 81,
        "verse": 29,
        "juz": 30,
        "hizb": 234,
        "manzil": 7,
        "ruku": 523,
        "word_number_in_verse": 4,
        "language_code": "en",
        "text": "that",
        "root_word": "أَن",
        "global_word_sequence_number": 75706,
        "global_verse_sequence_number": 5829
    },
    {
        "chapter": 81,
        "verse": 29,
        "juz": 30,
        "hizb": 234,
        "manzil": 7,
        "ruku": 523,
        "word_number_in_verse": 5,
        "language_code": "en",
        "text": "wills",
        "root_word": "يَشَآءَ",
        "global_word_sequence_number": 75707,
        "global_verse_sequence_number": 5829
    },
    {
        "chapter": 81,
        "verse": 29,
        "juz": 30,
        "hizb": 234,
        "manzil": 7,
        "ruku": 523,
        "word_number_in_verse": 6,
        "language_code": "en",
        "text": "Allah",
        "root_word": "اللَّهُ",
        "global_word_sequence_number": 75708,
        "global_verse_sequence_number": 5829
    },
    {
        "chapter": 81,
        "verse": 29,
        "juz": 30,
        "hizb": 234,
        "manzil": 7,
        "ruku": 523,
        "word_number_in_verse": 7,
        "language_code": "en",
        "text": "Lord",
        "root_word": "رَبُّ",
        "global_word_sequence_number": 75709,
        "global_verse_sequence_number": 5829
    },
    {
        "chapter": 81,
        "verse": 29,
        "juz": 30,
        "hizb": 234,
        "manzil": 7,
        "ruku": 523,
        "word_number_in_verse": 8,
        "language_code": "en",
        "text": "(of) the worlds",
        "root_word": "الۡعَٰلَمِينَ",
        "global_word_sequence_number": 75710,
        "global_verse_sequence_number": 5829
    }
]