[
    {
        "chapter": 85,
        "verse": 1,
        "juz": 30,
        "hizb": 236,
        "manzil": 7,
        "ruku": 527,
        "word_number_in_verse": 1,
        "language_code": "en",
        "text": "By the sky",
        "root_word": "وَالسَّمَآءِ",
        "global_word_sequence_number": 76067,
        "global_verse_sequence_number": 5910
    },
    {
        "chapter": 85,
        "verse": 1,
        "juz": 30,
        "hizb": 236,
        "manzil": 7,
        "ruku": 527,
        "word_number_in_verse": 2,
        "language_code": "en",
        "text": "containing",
        "root_word": "ذَاتِ",
        "global_word_sequence_number": 76068,
        "global_verse_sequence_number": 5910
    },
    {
        "chapter": 85,
        "verse": 1,
        "juz": 30,
        "hizb": 236,
        "manzil": 7,
        "ruku": 527,
        "word_number_in_verse": 3,
        "language_code": "en",
        "text": "the constellations",
        "root_word": "الۡبُرُوجِ",
        "global_word_sequence_number": 76069,
        "global_verse_sequence_number": 5910
    },
    {
        "chapter": 85,
        "verse": 2,
        "juz": 30,
        "hizb": 236,
        "manzil": 7,
        "ruku": 527,
        "word_number_in_verse": 1,
        "language_code": "en",
        "text": "And the Day",
        "root_word": "وَالۡيَوۡمِ",
        "global_word_sequence_number": 76070,
        "global_verse_sequence_number": 5911
    },
    {
        "chapter": 85,
        "verse": 2,
        "juz": 30,
        "hizb": 236,
        "manzil": 7,
        "ruku": 527,
        "word_number_in_verse": 2,
        "language_code": "en",
        "text": "Promised",
        "root_word": "الۡمَوۡعُودِ",
        "global_word_sequence_number": 76071,
        "global_verse_sequence_number": 5911
    },
    {
        "chapter": 85,
        "verse": 3,
        "juz": 30,
        "hizb": 236,
        "manzil": 7,
        "ruku": 527,
        "word_number_in_verse": 1,
        "language_code": "en",
        "text": "And (the) witness",
        "root_word": "وَشَاهِدٖ",
        "global_word_sequence_number": 76072,
        "global_verse_sequence_number": 5912
    },
    {
        "chapter": 85,
        "verse": 3,
        "juz": 30,
        "hizb": 236,
        "manzil": 7,
        "ruku": 527,
        "word_number_in_verse": 2,
        "language_code": "en",
        "text": "and what is witnessed",
        "root_word": "وَمَشۡهُودٖ",
        "global_word_sequence_number": 76073,
        "global_verse_sequence_number": 5912
    },
    {
        "chapter": 85,
        "verse": 4,
        "juz": 30,
        "hizb": 236,
        "manzil": 7,
        "ruku": 527,
        "word_number_in_verse": 1,
        "language_code": "en",
        "text": "Destroyed were",
        "root_word": "قُتِلَ",
        "global_word_sequence_number": 76074,
        "global_verse_sequence_number": 5913
    },
    {
        "chapter": 85,
        "verse": 4,
        "juz": 30,
        "hizb": 236,
        "manzil": 7,
        "ruku": 527,
        "word_number_in_verse": 2,
        "language_code": "en",
        "text": "(the) companions",
        "root_word": "أَصۡحَٰبُ",
        "global_word_sequence_number": 76075,
        "global_verse_sequence_number": 5913
    },
    {
        "chapter": 85,
        "verse": 4,
        "juz": 30,
        "hizb": 236,
        "manzil": 7,
        "ruku": 527,
        "word_number_in_verse": 3,
        "language_code": "en",
        "text": "(of) the pit",
        "root_word": "الۡأُخۡدُودِ",
        "global_word_sequence_number": 76076,
        "global_verse_sequence_number": 5913
    },
    {
        "chapter": 85,
        "verse": 5,
        "juz": 30,
        "hizb": 236,
        "manzil": 7,
        "ruku": 527,
        "word_number_in_verse": 1,
        "language_code": "en",
        "text": "(Of) the fire",
        "root_word": "النَّارِ",
        "global_word_sequence_number": 76077,
        "global_verse_sequence_number": 5914
    },
    {
        "chapter": 85,
        "verse": 5,
        "juz": 30,
        "hizb": 236,
        "manzil": 7,
        "ruku": 527,
        "word_number_in_verse": 2,
        "language_code": "en",
        "text": "full",
        "root_word": "ذَاتِ",
        "global_word_sequence_number": 76078,
        "global_verse_sequence_number": 5914
    },
    {
        "chapter": 85,
        "verse": 5,
        "juz": 30,
        "hizb": 236,
        "manzil": 7,
        "ruku": 527,
        "word_number_in_verse": 3,
        "language_code": "en",
        "text": "(of) the fuel",
        "root_word": "الۡوَقُودِ",
        "global_word_sequence_number": 76079,
        "global_verse_sequence_number": 5914
    },
    {
        "chapter": 85,
        "verse": 6,
        "juz": 30,
        "hizb": 236,
        "manzil": 7,
        "ruku": 527,
        "word_number_in_verse": 1,
        "language_code": "en",
        "text": "When",
        "root_word": "إِذۡ",
        "global_word_sequence_number": 76080,
        "global_verse_sequence_number": 5915
    },
    {
        "chapter": 85,
        "verse": 6,
        "juz": 30,
        "hizb": 236,
        "manzil": 7,
        "ruku": 527,
        "word_number_in_verse": 2,
        "language_code": "en",
        "text": "they",
        "root_word": "هُمۡ",
        "global_word_sequence_number": 76081,
        "global_verse_sequence_number": 5915
    },
    {
        "chapter": 85,
        "verse": 6,
        "juz": 30,
        "hizb": 236,
        "manzil": 7,
        "ruku": 527,
        "word_number_in_verse": 3,
        "language_code": "en",
        "text": "by it",
        "root_word": "عَلَيۡهَا",
        "global_word_sequence_number": 76082,
        "global_verse_sequence_number": 5915
    },
    {
        "chapter": 85,
        "verse": 6,
        "juz": 30,
        "hizb": 236,
        "manzil": 7,
        "ruku": 527,
        "word_number_in_verse": 4,
        "language_code": "en",
        "text": "(were) sitting",
        "root_word": "قُعُودٞ",
        "global_word_sequence_number": 76083,
        "global_verse_sequence_number": 5915
    },
    {
        "chapter": 85,
        "verse": 7,
        "juz": 30,
        "hizb": 236,
        "manzil": 7,
        "ruku": 527,
        "word_number_in_verse": 1,
        "language_code": "en",
        "text": "And they",
        "root_word": "وَهُمۡ",
        "global_word_sequence_number": 76084,
        "global_verse_sequence_number": 5916
    },
    {
        "chapter": 85,
        "verse": 7,
        "juz": 30,
        "hizb": 236,
        "manzil": 7,
        "ruku": 527,
        "word_number_in_verse": 2,
        "language_code": "en",
        "text": "over",
        "root_word": "عَلَىٰ",
        "global_word_sequence_number": 76085,
        "global_verse_sequence_number": 5916
    },
    {
        "chapter": 85,
        "verse": 7,
        "juz": 30,
        "hizb": 236,
        "manzil": 7,
        "ruku": 527,
        "word_number_in_verse": 3,
        "language_code": "en",
        "text": "what",
        "root_word": "مَا",
        "global_word_sequence_number": 76086,
        "global_verse_sequence_number": 5916
    },
    {
        "chapter": 85,
        "verse": 7,
        "juz": 30,
        "hizb": 236,
        "manzil": 7,
        "ruku": 527,
        "word_number_in_verse": 4,
        "language_code": "en",
        "text": "they were doing",
        "root_word": "يَفۡعَلُونَ",
        "global_word_sequence_number": 76087,
        "global_verse_sequence_number": 5916
    },
    {
        "chapter": 85,
        "verse": 7,
        "juz": 30,
        "hizb": 236,
        "manzil": 7,
        "ruku": 527,
        "word_number_in_verse": 5,
        "language_code": "en",
        "text": "to the believers",
        "root_word": "بِالۡمُؤۡمِنِينَ",
        "global_word_sequence_number": 76088,
        "global_verse_sequence_number": 5916
    },
    {
        "chapter": 85,
        "verse": 7,
        "juz": 30,
        "hizb": 236,
        "manzil": 7,
        "ruku": 527,
        "word_number_in_verse": 6,
        "language_code": "en",
        "text": "witnesses",
        "root_word": "شُهُودٞ",
        "global_word_sequence_number": 76089,
        "global_verse_sequence_number": 5916
    },
    {
        "chapter": 85,
        "verse": 8,
        "juz": 30,
        "hizb": 236,
        "manzil": 7,
        "ruku": 527,
        "word_number_in_verse": 1,
        "language_code": "en",
        "text": "And not",
        "root_word": "وَمَا",
        "global_word_sequence_number": 76090,
        "global_verse_sequence_number": 5917
    },
    {
        "chapter": 85,
        "verse": 8,
        "juz": 30,
        "hizb": 236,
        "manzil": 7,
        "ruku": 527,
        "word_number_in_verse": 2,
        "language_code": "en",
        "text": "they resented",
        "root_word": "نَقَمُواْ",
        "global_word_sequence_number": 76091,
        "global_verse_sequence_number": 5917
    },
    {
        "chapter": 85,
        "verse": 8,
        "juz": 30,
        "hizb": 236,
        "manzil": 7,
        "ruku": 527,
        "word_number_in_verse": 3,
        "language_code": "en",
        "text": "[of] them",
        "root_word": "مِنۡهُمۡ",
        "global_word_sequence_number": 76092,
        "global_verse_sequence_number": 5917
    },
    {
        "chapter": 85,
        "verse": 8,
        "juz": 30,
        "hizb": 236,
        "manzil": 7,
        "ruku": 527,
        "word_number_in_verse": 4,
        "language_code": "en",
        "text": "except",
        "root_word": "إِلَّآ",
        "global_word_sequence_number": 76093,
        "global_verse_sequence_number": 5917
    },
    {
        "chapter": 85,
        "verse": 8,
        "juz": 30,
        "hizb": 236,
        "manzil": 7,
        "ruku": 527,
        "word_number_in_verse": 5,
        "language_code": "en",
        "text": "that",
        "root_word": "أَن",
        "global_word_sequence_number": 76094,
        "global_verse_sequence_number": 5917
    },
    {
        "chapter": 85,
        "verse": 8,
        "juz": 30,
        "hizb": 236,
        "manzil": 7,
        "ruku": 527,
        "word_number_in_verse": 6,
        "language_code": "en",
        "text": "they believed",
        "root_word": "يُؤۡمِنُواْ",
        "global_word_sequence_number": 76095,
        "global_verse_sequence_number": 5917
    },
    {
        "chapter": 85,
        "verse": 8,
        "juz": 30,
        "hizb": 236,
        "manzil": 7,
        "ruku": 527,
        "word_number_in_verse": 7,
        "language_code": "en",
        "text": "in Allah",
        "root_word": "بِاللَّهِ",
        "global_word_sequence_number": 76096,
        "global_verse_sequence_number": 5917
    },
    {
        "chapter": 85,
        "verse": 8,
        "juz": 30,
        "hizb": 236,
        "manzil": 7,
        "ruku": 527,
        "word_number_in_verse": 8,
        "language_code": "en",
        "text": "the All-Mighty",
        "root_word": "الۡعَزِيزِ",
        "global_word_sequence_number": 76097,
        "global_verse_sequence_number": 5917
    },
    {
        "chapter": 85,
        "verse": 8,
        "juz": 30,
        "hizb": 236,
        "manzil": 7,
        "ruku": 527,
        "word_number_in_verse": 9,
        "language_code": "en",
        "text": "the Praiseworthy",
        "root_word": "الۡحَمِيدِ",
        "global_word_sequence_number": 76098,
        "global_verse_sequence_number": 5917
    },
    {
        "chapter": 85,
        "verse": 9,
        "juz": 30,
        "hizb": 236,
        "manzil": 7,
        "ruku": 527,
        "word_number_in_verse": 1,
        "language_code": "en",
        "text": "The One Who",
        "root_word": "الَّذِي",
        "global_word_sequence_number": 76099,
        "global_verse_sequence_number": 5918
    },
    {
        "chapter": 85,
        "verse": 9,
        "juz": 30,
        "hizb": 236,
        "manzil": 7,
        "ruku": 527,
        "word_number_in_verse": 2,
        "language_code": "en",
        "text": "for Him",
        "root_word": "لَهُۥ",
        "global_word_sequence_number": 76100,
        "global_verse_sequence_number": 5918
    },
    {
        "chapter": 85,
        "verse": 9,
        "juz": 30,
        "hizb": 236,
        "manzil": 7,
        "ruku": 527,
        "word_number_in_verse": 3,
        "language_code": "en",
        "text": "(is) the dominion",
        "root_word": "مُلۡكُ",
        "global_word_sequence_number": 76101,
        "global_verse_sequence_number": 5918
    },
    {
        "chapter": 85,
        "verse": 9,
        "juz": 30,
        "hizb": 236,
        "manzil": 7,
        "ruku": 527,
        "word_number_in_verse": 4,
        "language_code": "en",
        "text": "(of) the heavens",
        "root_word": "السَّمَٰوَٰتِ",
        "global_word_sequence_number": 76102,
        "global_verse_sequence_number": 5918
    },
    {
        "chapter": 85,
        "verse": 9,
        "juz": 30,
        "hizb": 236,
        "manzil": 7,
        "ruku": 527,
        "word_number_in_verse": 5,
        "language_code": "en",
        "text": "and the earth",
        "root_word": "وَالۡأَرۡضِۚ",
        "global_word_sequence_number": 76103,
        "global_verse_sequence_number": 5918
    },
    {
        "chapter": 85,
        "verse": 9,
        "juz": 30,
        "hizb": 236,
        "manzil": 7,
        "ruku": 527,
        "word_number_in_verse": 6,
        "language_code": "en",
        "text": "and Allah",
        "root_word": "وَاللَّهُ",
        "global_word_sequence_number": 76104,
        "global_verse_sequence_number": 5918
    },
    {
        "chapter": 85,
        "verse": 9,
        "juz": 30,
        "hizb": 236,
        "manzil": 7,
        "ruku": 527,
        "word_number_in_verse": 7,
        "language_code": "en",
        "text": "on",
        "root_word": "عَلَىٰ",
        "global_word_sequence_number": 76105,
        "global_verse_sequence_number": 5918
    },
    {
        "chapter": 85,
        "verse": 9,
        "juz": 30,
        "hizb": 236,
        "manzil": 7,
        "ruku": 527,
        "word_number_in_verse": 8,
        "language_code": "en",
        "text": "every",
        "root_word": "كُلِّ",
        "global_word_sequence_number": 76106,
        "global_verse_sequence_number": 5918
    },
    {
        "chapter": 85,
        "verse": 9,
        "juz": 30,
        "hizb": 236,
        "manzil": 7,
        "ruku": 527,
        "word_number_in_verse": 9,
        "language_code": "en",
        "text": "thing",
        "root_word": "شَيۡءٖ",
        "global_word_sequence_number": 76107,
        "global_verse_sequence_number": 5918
    },
    {
        "chapter": 85,
        "verse": 9,
        "juz": 30,
        "hizb": 236,
        "manzil": 7,
        "ruku": 527,
        "word_number_in_verse": 10,
        "language_code": "en",
        "text": "(is) a Witness",
        "root_word": "شَهِيدٌ",
        "global_word_sequence_number": 76108,
        "global_verse_sequence_number": 5918
    },
    {
        "chapter": 85,
        "verse": 10,
        "juz": 30,
        "hizb": 236,
        "manzil": 7,
        "ruku": 527,
        "word_number_in_verse": 1,
        "language_code": "en",
        "text": "Indeed",
        "root_word": "إِنَّ",
        "global_word_sequence_number": 76109,
        "global_verse_sequence_number": 5919
    },
    {
        "chapter": 85,
        "verse": 10,
        "juz": 30,
        "hizb": 236,
        "manzil": 7,
        "ruku": 527,
        "word_number_in_verse": 2,
        "language_code": "en",
        "text": "those who",
        "root_word": "الَّذِينَ",
        "global_word_sequence_number": 76110,
        "global_verse_sequence_number": 5919
    },
    {
        "chapter": 85,
        "verse": 10,
        "juz": 30,
        "hizb": 236,
        "manzil": 7,
        "ruku": 527,
        "word_number_in_verse": 3,
        "language_code": "en",
        "text": "persecuted",
        "root_word": "فَتَنُواْ",
        "global_word_sequence_number": 76111,
        "global_verse_sequence_number": 5919
    },
    {
        "chapter": 85,
        "verse": 10,
        "juz": 30,
        "hizb": 236,
        "manzil": 7,
        "ruku": 527,
        "word_number_in_verse": 4,
        "language_code": "en",
        "text": "the believing men",
        "root_word": "الۡمُؤۡمِنِينَ",
        "global_word_sequence_number": 76112,
        "global_verse_sequence_number": 5919
    },
    {
        "chapter": 85,
        "verse": 10,
        "juz": 30,
        "hizb": 236,
        "manzil": 7,
        "ruku": 527,
        "word_number_in_verse": 5,
        "language_code": "en",
        "text": "and the believing women",
        "root_word": "وَالۡمُؤۡمِنَٰتِ",
        "global_word_sequence_number": 76113,
        "global_verse_sequence_number": 5919
    },
    {
        "chapter": 85,
        "verse": 10,
        "juz": 30,
        "hizb": 236,
        "manzil": 7,
        "ruku": 527,
        "word_number_in_verse": 6,
        "language_code": "en",
        "text": "then",
        "root_word": "ثُمَّ",
        "global_word_sequence_number": 76114,
        "global_verse_sequence_number": 5919
    },
    {
        "chapter": 85,
        "verse": 10,
        "juz": 30,
        "hizb": 236,
        "manzil": 7,
        "ruku": 527,
        "word_number_in_verse": 7,
        "language_code": "en",
        "text": "not",
        "root_word": "لَمۡ",
        "global_word_sequence_number": 76115,
        "global_verse_sequence_number": 5919
    },
    {
        "chapter": 85,
        "verse": 10,
        "juz": 30,
        "hizb": 236,
        "manzil": 7,
        "ruku": 527,
        "word_number_in_verse": 8,
        "language_code": "en",
        "text": "they repented",
        "root_word": "يَتُوبُواْ",
        "global_word_sequence_number": 76116,
        "global_verse_sequence_number": 5919
    },
    {
        "chapter": 85,
        "verse": 10,
        "juz": 30,
        "hizb": 236,
        "manzil": 7,
        "ruku": 527,
        "word_number_in_verse": 9,
        "language_code": "en",
        "text": "then for them",
        "root_word": "فَلَهُمۡ",
        "global_word_sequence_number": 76117,
        "global_verse_sequence_number": 5919
    },
    {
        "chapter": 85,
        "verse": 10,
        "juz": 30,
        "hizb": 236,
        "manzil": 7,
        "ruku": 527,
        "word_number_in_verse": 10,
        "language_code": "en",
        "text": "(is the) punishment",
        "root_word": "عَذَابُ",
        "global_word_sequence_number": 76118,
        "global_verse_sequence_number": 5919
    },
    {
        "chapter": 85,
        "verse": 10,
        "juz": 30,
        "hizb": 236,
        "manzil": 7,
        "ruku": 527,
        "word_number_in_verse": 11,
        "language_code": "en",
        "text": "(of) Hell",
        "root_word": "جَهَنَّمَ",
        "global_word_sequence_number": 76119,
        "global_verse_sequence_number": 5919
    },
    {
        "chapter": 85,
        "verse": 10,
        "juz": 30,
        "hizb": 236,
        "manzil": 7,
        "ruku": 527,
        "word_number_in_verse": 12,
        "language_code": "en",
        "text": "and for them",
        "root_word": "وَلَهُمۡ",
        "global_word_sequence_number": 76120,
        "global_verse_sequence_number": 5919
    },
    {
        "chapter": 85,
        "verse": 10,
        "juz": 30,
        "hizb": 236,
        "manzil": 7,
        "ruku": 527,
        "word_number_in_verse": 13,
        "language_code": "en",
        "text": "(is the) punishment",
        "root_word": "عَذَابُ",
        "global_word_sequence_number": 76121,
        "global_verse_sequence_number": 5919
    },
    {
        "chapter": 85,
        "verse": 10,
        "juz": 30,
        "hizb": 236,
        "manzil": 7,
        "ruku": 527,
        "word_number_in_verse": 14,
        "language_code": "en",
        "text": "(of) the Burning Fire",
        "root_word": "الۡحَرِيقِ",
        "global_word_sequence_number": 76122,
        "global_verse_sequence_number": 5919
    },
    {
        "chapter": 85,
        "verse": 11,
        "juz": 30,
        "hizb": 236,
        "manzil": 7,
        "ruku": 527,
        "word_number_in_verse": 1,
        "language_code": "en",
        "text": "Indeed",
        "root_word": "إِنَّ",
        "global_word_sequence_number": 76123,
        "global_verse_sequence_number": 5920
    },
    {
        "chapter": 85,
        "verse": 11,
        "juz": 30,
        "hizb": 236,
        "manzil": 7,
        "ruku": 527,
        "word_number_in_verse": 2,
        "language_code": "en",
        "text": "those who",
        "root_word": "الَّذِينَ",
        "global_word_sequence_number": 76124,
        "global_verse_sequence_number": 5920
    },
    {
        "chapter": 85,
        "verse": 11,
        "juz": 30,
        "hizb": 236,
        "manzil": 7,
        "ruku": 527,
        "word_number_in_verse": 3,
        "language_code": "en",
        "text": "believe",
        "root_word": "ءَامَنُواْ",
        "global_word_sequence_number": 76125,
        "global_verse_sequence_number": 5920
    },
    {
        "chapter": 85,
        "verse": 11,
        "juz": 30,
        "hizb": 236,
        "manzil": 7,
        "ruku": 527,
        "word_number_in_verse": 4,
        "language_code": "en",
        "text": "and do",
        "root_word": "وَعَمِلُواْ",
        "global_word_sequence_number": 76126,
        "global_verse_sequence_number": 5920
    },
    {
        "chapter": 85,
        "verse": 11,
        "juz": 30,
        "hizb": 236,
        "manzil": 7,
        "ruku": 527,
        "word_number_in_verse": 5,
        "language_code": "en",
        "text": "the righteous deeds",
        "root_word": "الصَّٰلِحَٰتِ",
        "global_word_sequence_number": 76127,
        "global_verse_sequence_number": 5920
    },
    {
        "chapter": 85,
        "verse": 11,
        "juz": 30,
        "hizb": 236,
        "manzil": 7,
        "ruku": 527,
        "word_number_in_verse": 6,
        "language_code": "en",
        "text": "for them",
        "root_word": "لَهُمۡ",
        "global_word_sequence_number": 76128,
        "global_verse_sequence_number": 5920
    },
    {
        "chapter": 85,
        "verse": 11,
        "juz": 30,
        "hizb": 236,
        "manzil": 7,
        "ruku": 527,
        "word_number_in_verse": 7,
        "language_code": "en",
        "text": "(will be) Gardens",
        "root_word": "جَنَّٰتٞ",
        "global_word_sequence_number": 76129,
        "global_verse_sequence_number": 5920
    },
    {
        "chapter": 85,
        "verse": 11,
        "juz": 30,
        "hizb": 236,
        "manzil": 7,
        "ruku": 527,
        "word_number_in_verse": 8,
        "language_code": "en",
        "text": "flow",
        "root_word": "تَجۡرِي",
        "global_word_sequence_number": 76130,
        "global_verse_sequence_number": 5920
    },
    {
        "chapter": 85,
        "verse": 11,
        "juz": 30,
        "hizb": 236,
        "manzil": 7,
        "ruku": 527,
        "word_number_in_verse": 9,
        "language_code": "en",
        "text": "from",
        "root_word": "مِن",
        "global_word_sequence_number": 76131,
        "global_verse_sequence_number": 5920
    },
    {
        "chapter": 85,
        "verse": 11,
        "juz": 30,
        "hizb": 236,
        "manzil": 7,
        "ruku": 527,
        "word_number_in_verse": 10,
        "language_code": "en",
        "text": "underneath it",
        "root_word": "تَحۡتِهَا",
        "global_word_sequence_number": 76132,
        "global_verse_sequence_number": 5920
    },
    {
        "chapter": 85,
        "verse": 11,
        "juz": 30,
        "hizb": 236,
        "manzil": 7,
        "ruku": 527,
        "word_number_in_verse": 11,
        "language_code": "en",
        "text": "the rivers",
        "root_word": "الۡأَنۡهَٰرُۚ",
        "global_word_sequence_number": 76133,
        "global_verse_sequence_number": 5920
    },
    {
        "chapter": 85,
        "verse": 11,
        "juz": 30,
        "hizb": 236,
        "manzil": 7,
        "ruku": 527,
        "word_number_in_verse": 12,
        "language_code": "en",
        "text": "That",
        "root_word": "ذَٰلِكَ",
        "global_word_sequence_number": 76134,
        "global_verse_sequence_number": 5920
    },
    {
        "chapter": 85,
        "verse": 11,
        "juz": 30,
        "hizb": 236,
        "manzil": 7,
        "ruku": 527,
        "word_number_in_verse": 13,
        "language_code": "en",
        "text": "(is) the success",
        "root_word": "الۡفَوۡزُ",
        "global_word_sequence_number": 76135,
        "global_verse_sequence_number": 5920
    },
    {
        "chapter": 85,
        "verse": 11,
        "juz": 30,
        "hizb": 236,
        "manzil": 7,
        "ruku": 527,
        "word_number_in_verse": 14,
        "language_code": "en",
        "text": "the great",
        "root_word": "الۡكَبِيرُ",
        "global_word_sequence_number": 76136,
        "global_verse_sequence_number": 5920
    },
    {
        "chapter": 85,
        "verse": 12,
        "juz": 30,
        "hizb": 236,
        "manzil": 7,
        "ruku": 527,
        "word_number_in_verse": 1,
        "language_code": "en",
        "text": "Indeed",
        "root_word": "إِنَّ",
        "global_word_sequence_number": 76137,
        "global_verse_sequence_number": 5921
    },
    {
        "chapter": 85,
        "verse": 12,
        "juz": 30,
        "hizb": 236,
        "manzil": 7,
        "ruku": 527,
        "word_number_in_verse": 2,
        "language_code": "en",
        "text": "(the) Grip",
        "root_word": "بَطۡشَ",
        "global_word_sequence_number": 76138,
        "global_verse_sequence_number": 5921
    },
    {
        "chapter": 85,
        "verse": 12,
        "juz": 30,
        "hizb": 236,
        "manzil": 7,
        "ruku": 527,
        "word_number_in_verse": 3,
        "language_code": "en",
        "text": "(of) your Lord",
        "root_word": "رَبِّكَ",
        "global_word_sequence_number": 76139,
        "global_verse_sequence_number": 5921
    },
    {
        "chapter": 85,
        "verse": 12,
        "juz": 30,
        "hizb": 236,
        "manzil": 7,
        "ruku": 527,
        "word_number_in_verse": 4,
        "language_code": "en",
        "text": "(is) surely strong",
        "root_word": "لَشَدِيدٌ",
        "global_word_sequence_number": 76140,
        "global_verse_sequence_number": 5921
    },
    {
        "chapter": 85,
        "verse": 13,
        "juz": 30,
        "hizb": 236,
        "manzil": 7,
        "ruku": 527,
        "word_number_in_verse": 1,
        "language_code": "en",
        "text": "Indeed He",
        "root_word": "إِنَّهُۥ",
        "global_word_sequence_number": 76141,
        "global_verse_sequence_number": 5922
    },
    {
        "chapter": 85,
        "verse": 13,
        "juz": 30,
        "hizb": 236,
        "manzil": 7,
        "ruku": 527,
        "word_number_in_verse": 2,
        "language_code": "en",
        "text": "He",
        "root_word": "هُوَ",
        "global_word_sequence_number": 76142,
        "global_verse_sequence_number": 5922
    },
    {
        "chapter": 85,
        "verse": 13,
        "juz": 30,
        "hizb": 236,
        "manzil": 7,
        "ruku": 527,
        "word_number_in_verse": 3,
        "language_code": "en",
        "text": "originates",
        "root_word": "يُبۡدِئُ",
        "global_word_sequence_number": 76143,
        "global_verse_sequence_number": 5922
    },
    {
        "chapter": 85,
        "verse": 13,
        "juz": 30,
        "hizb": 236,
        "manzil": 7,
        "ruku": 527,
        "word_number_in_verse": 4,
        "language_code": "en",
        "text": "and repeats",
        "root_word": "وَيُعِيدُ",
        "global_word_sequence_number": 76144,
        "global_verse_sequence_number": 5922
    },
    {
        "chapter": 85,
        "verse": 14,
        "juz": 30,
        "hizb": 236,
        "manzil": 7,
        "ruku": 527,
        "word_number_in_verse": 1,
        "language_code": "en",
        "text": "And He",
        "root_word": "وَهُوَ",
        "global_word_sequence_number": 76145,
        "global_verse_sequence_number": 5923
    },
    {
        "chapter": 85,
        "verse": 14,
        "juz": 30,
        "hizb": 236,
        "manzil": 7,
        "ruku": 527,
        "word_number_in_verse": 2,
        "language_code": "en",
        "text": "(is) the Oft-Forgiving",
        "root_word": "الۡغَفُورُ",
        "global_word_sequence_number": 76146,
        "global_verse_sequence_number": 5923
    },
    {
        "chapter": 85,
        "verse": 14,
        "juz": 30,
        "hizb": 236,
        "manzil": 7,
        "ruku": 527,
        "word_number_in_verse": 3,
        "language_code": "en",
        "text": "the Most Loving",
        "root_word": "الۡوَدُودُ",
        "global_word_sequence_number": 76147,
        "global_verse_sequence_number": 5923
    },
    {
        "chapter": 85,
        "verse": 15,
        "juz": 30,
        "hizb": 236,
        "manzil": 7,
        "ruku": 527,
        "word_number_in_verse": 1,
        "language_code": "en",
        "text": "Owner (of)",
        "root_word": "ذُو",
        "global_word_sequence_number": 76148,
        "global_verse_sequence_number": 5924
    },
    {
        "chapter": 85,
        "verse": 15,
        "juz": 30,
        "hizb": 236,
        "manzil": 7,
        "ruku": 527,
        "word_number_in_verse": 2,
        "language_code": "en",
        "text": "the Throne",
        "root_word": "الۡعَرۡشِ",
        "global_word_sequence_number": 76149,
        "global_verse_sequence_number": 5924
    },
    {
        "chapter": 85,
        "verse": 15,
        "juz": 30,
        "hizb": 236,
        "manzil": 7,
        "ruku": 527,
        "word_number_in_verse": 3,
        "language_code": "en",
        "text": "the Glorious",
        "root_word": "الۡمَجِيدُ",
        "global_word_sequence_number": 76150,
        "global_verse_sequence_number": 5924
    },
    {
        "chapter": 85,
        "verse": 16,
        "juz": 30,
        "hizb": 236,
        "manzil": 7,
        "ruku": 527,
        "word_number_in_verse": 1,
        "language_code": "en",
        "text": "Doer",
        "root_word": "فَعَّالٞ",
        "global_word_sequence_number": 76151,
        "global_verse_sequence_number": 5925
    },
    {
        "chapter": 85,
        "verse": 16,
        "juz": 30,
        "hizb": 236,
        "manzil": 7,
        "ruku": 527,
        "word_number_in_verse": 2,
        "language_code": "en",
        "text": "of what",
        "root_word": "لِّمَا",
        "global_word_sequence_number": 76152,
        "global_verse_sequence_number": 5925
    },
    {
        "chapter": 85,
        "verse": 16,
        "juz": 30,
        "hizb": 236,
        "manzil": 7,
        "ruku": 527,
        "word_number_in_verse": 3,
        "language_code": "en",
        "text": "He intends",
        "root_word": "يُرِيدُ",
        "global_word_sequence_number": 76153,
        "global_verse_sequence_number": 5925
    },
    {
        "chapter": 85,
        "verse": 17,
        "juz": 30,
        "hizb": 236,
        "manzil": 7,
        "ruku": 527,
        "word_number_in_verse": 1,
        "language_code": "en",
        "text": "Has",
        "root_word": "هَلۡ",
        "global_word_sequence_number": 76154,
        "global_verse_sequence_number": 5926
    },
    {
        "chapter": 85,
        "verse": 17,
        "juz": 30,
        "hizb": 236,
        "manzil": 7,
        "ruku": 527,
        "word_number_in_verse": 2,
        "language_code": "en",
        "text": "come to you",
        "root_word": "أَتَىٰكَ",
        "global_word_sequence_number": 76155,
        "global_verse_sequence_number": 5926
    },
    {
        "chapter": 85,
        "verse": 17,
        "juz": 30,
        "hizb": 236,
        "manzil": 7,
        "ruku": 527,
        "word_number_in_verse": 3,
        "language_code": "en",
        "text": "(the) story",
        "root_word": "حَدِيثُ",
        "global_word_sequence_number": 76156,
        "global_verse_sequence_number": 5926
    },
    {
        "chapter": 85,
        "verse": 17,
        "juz": 30,
        "hizb": 236,
        "manzil": 7,
        "ruku": 527,
        "word_number_in_verse": 4,
        "language_code": "en",
        "text": "(of) the hosts",
        "root_word": "الۡجُنُودِ",
        "global_word_sequence_number": 76157,
        "global_verse_sequence_number": 5926
    },
    {
        "chapter": 85,
        "verse": 18,
        "juz": 30,
        "hizb": 236,
        "manzil": 7,
        "ruku": 527,
        "word_number_in_verse": 1,
        "language_code": "en",
        "text": "Firaun",
        "root_word": "فِرۡعَوۡنَ",
        "global_word_sequence_number": 76158,
        "global_verse_sequence_number": 5927
    },
    {
        "chapter": 85,
        "verse": 18,
        "juz": 30,
        "hizb": 236,
        "manzil": 7,
        "ruku": 527,
        "word_number_in_verse": 2,
        "language_code": "en",
        "text": "and Thamud",
        "root_word": "وَثَمُودَ",
        "global_word_sequence_number": 76159,
        "global_verse_sequence_number": 5927
    },
    {
        "chapter": 85,
        "verse": 19,
        "juz": 30,
        "hizb": 236,
        "manzil": 7,
        "ruku": 527,
        "word_number_in_verse": 1,
        "language_code": "en",
        "text": "Nay",
        "root_word": "بَلِ",
        "global_word_sequence_number": 76160,
        "global_verse_sequence_number": 5928
    },
    {
        "chapter": 85,
        "verse": 19,
        "juz": 30,
        "hizb": 236,
        "manzil": 7,
        "ruku": 527,
        "word_number_in_verse": 2,
        "language_code": "en",
        "text": "Those who",
        "root_word": "الَّذِينَ",
        "global_word_sequence_number": 76161,
        "global_verse_sequence_number": 5928
    },
    {
        "chapter": 85,
        "verse": 19,
        "juz": 30,
        "hizb": 236,
        "manzil": 7,
        "ruku": 527,
        "word_number_in_verse": 3,
        "language_code": "en",
        "text": "disbelieve",
        "root_word": "كَفَرُواْ",
        "global_word_sequence_number": 76162,
        "global_verse_sequence_number": 5928
    },
    {
        "chapter": 85,
        "verse": 19,
        "juz": 30,
        "hizb": 236,
        "manzil": 7,
        "ruku": 527,
        "word_number_in_verse": 4,
        "language_code": "en",
        "text": "(are) in",
        "root_word": "فِي",
        "global_word_sequence_number": 76163,
        "global_verse_sequence_number": 5928
    },
    {
        "chapter": 85,
        "verse": 19,
        "juz": 30,
        "hizb": 236,
        "manzil": 7,
        "ruku": 527,
        "word_number_in_verse": 5,
        "language_code": "en",
        "text": "denial",
        "root_word": "تَكۡذِيبٖ",
        "global_word_sequence_number": 76164,
        "global_verse_sequence_number": 5928
    },
    {
        "chapter": 85,
        "verse": 20,
        "juz": 30,
        "hizb": 236,
        "manzil": 7,
        "ruku": 527,
        "word_number_in_verse": 1,
        "language_code": "en",
        "text": "But Allah",
        "root_word": "وَاللَّهُ",
        "global_word_sequence_number": 76165,
        "global_verse_sequence_number": 5929
    },
    {
        "chapter": 85,
        "verse": 20,
        "juz": 30,
        "hizb": 236,
        "manzil": 7,
        "ruku": 527,
        "word_number_in_verse": 2,
        "language_code": "en",
        "text": "from",
        "root_word": "مِن",
        "global_word_sequence_number": 76166,
        "global_verse_sequence_number": 5929
    },
    {
        "chapter": 85,
        "verse": 20,
        "juz": 30,
        "hizb": 236,
        "manzil": 7,
        "ruku": 527,
        "word_number_in_verse": 3,
        "language_code": "en",
        "text": "behind them",
        "root_word": "وَرَآئِهِم",
        "global_word_sequence_number": 76167,
        "global_verse_sequence_number": 5929
    },
    {
        "chapter": 85,
        "verse": 20,
        "juz": 30,
        "hizb": 236,
        "manzil": 7,
        "ruku": 527,
        "word_number_in_verse": 4,
        "language_code": "en",
        "text": "encompasses",
        "root_word": "مُّحِيطُۢ",
        "global_word_sequence_number": 76168,
        "global_verse_sequence_number": 5929
    },
    {
        "chapter": 85,
        "verse": 21,
        "juz": 30,
        "hizb": 236,
        "manzil": 7,
        "ruku": 527,
        "word_number_in_verse": 1,
        "language_code": "en",
        "text": "Nay",
        "root_word": "بَلۡ",
        "global_word_sequence_number": 76169,
        "global_verse_sequence_number": 5930
    },
    {
        "chapter": 85,
        "verse": 21,
        "juz": 30,
        "hizb": 236,
        "manzil": 7,
        "ruku": 527,
        "word_number_in_verse": 2,
        "language_code": "en",
        "text": "It",
        "root_word": "هُوَ",
        "global_word_sequence_number": 76170,
        "global_verse_sequence_number": 5930
    },
    {
        "chapter": 85,
        "verse": 21,
        "juz": 30,
        "hizb": 236,
        "manzil": 7,
        "ruku": 527,
        "word_number_in_verse": 3,
        "language_code": "en",
        "text": "(is) a Quran",
        "root_word": "قُرۡءَانٞ",
        "global_word_sequence_number": 76171,
        "global_verse_sequence_number": 5930
    },
    {
        "chapter": 85,
        "verse": 21,
        "juz": 30,
        "hizb": 236,
        "manzil": 7,
        "ruku": 527,
        "word_number_in_verse": 4,
        "language_code": "en",
        "text": "Glorious",
        "root_word": "مَّجِيدٞ",
        "global_word_sequence_number": 76172,
        "global_verse_sequence_number": 5930
    },
    {
        "chapter": 85,
        "verse": 22,
        "juz": 30,
        "hizb": 236,
        "manzil": 7,
        "ruku": 527,
        "word_number_in_verse": 1,
        "language_code": "en",
        "text": "In",
        "root_word": "فِي",
        "global_word_sequence_number": 76173,
        "global_verse_sequence_number": 5931
    },
    {
        "chapter": 85,
        "verse": 22,
        "juz": 30,
        "hizb": 236,
        "manzil": 7,
        "ruku": 527,
        "word_number_in_verse": 2,
        "language_code": "en",
        "text": "a Tablet",
        "root_word": "لَوۡحٖ",
        "global_word_sequence_number": 76174,
        "global_verse_sequence_number": 5931
    },
    {
        "chapter": 85,
        "verse": 22,
        "juz": 30,
        "hizb": 236,
        "manzil": 7,
        "ruku": 527,
        "word_number_in_verse": 3,
        "language_code": "en",
        "text": "Guarded",
        "root_word": "مَّحۡفُوظِۭ",
        "global_word_sequence_number": 76175,
        "global_verse_sequence_number": 5931
    }
]