[
    {
        "chapter": 86,
        "verse": 1,
        "juz": 30,
        "hizb": 236,
        "manzil": 7,
        "ruku": 528,
        "word_number_in_verse": 1,
        "language_code": "en",
        "text": "By the sky",
        "root_word": "وَالسَّمَآءِ",
        "global_word_sequence_number": 76176,
        "global_verse_sequence_number": 5932
    },
    {
        "chapter": 86,
        "verse": 1,
        "juz": 30,
        "hizb": 236,
        "manzil": 7,
        "ruku": 528,
        "word_number_in_verse": 2,
        "language_code": "en",
        "text": "and the night comer",
        "root_word": "وَالطَّارِقِ",
        "global_word_sequence_number": 76177,
        "global_verse_sequence_number": 5932
    },
    {
        "chapter": 86,
        "verse": 2,
        "juz": 30,
        "hizb": 236,
        "manzil": 7,
        "ruku": 528,
        "word_number_in_verse": 1,
        "language_code": "en",
        "text": "And what",
        "root_word": "وَمَآ",
        "global_word_sequence_number": 76178,
        "global_verse_sequence_number": 5933
    },
    {
        "chapter": 86,
        "verse": 2,
        "juz": 30,
        "hizb": 236,
        "manzil": 7,
        "ruku": 528,
        "word_number_in_verse": 2,
        "language_code": "en",
        "text": "can make you know",
        "root_word": "أَدۡرَىٰكَ",
        "global_word_sequence_number": 76179,
        "global_verse_sequence_number": 5933
    },
    {
        "chapter": 86,
        "verse": 2,
        "juz": 30,
        "hizb": 236,
        "manzil": 7,
        "ruku": 528,
        "word_number_in_verse": 3,
        "language_code": "en",
        "text": "what",
        "root_word": "مَا",
        "global_word_sequence_number": 76180,
        "global_verse_sequence_number": 5933
    },
    {
        "chapter": 86,
        "verse": 2,
        "juz": 30,
        "hizb": 236,
        "manzil": 7,
        "ruku": 528,
        "word_number_in_verse": 4,
        "language_code": "en",
        "text": "the night comer (is)",
        "root_word": "الطَّارِقُ",
        "global_word_sequence_number": 76181,
        "global_verse_sequence_number": 5933
    },
    {
        "chapter": 86,
        "verse": 3,
        "juz": 30,
        "hizb": 236,
        "manzil": 7,
        "ruku": 528,
        "word_number_in_verse": 1,
        "language_code": "en",
        "text": "(It is) the star",
        "root_word": "النَّجۡمُ",
        "global_word_sequence_number": 76182,
        "global_verse_sequence_number": 5934
    },
    {
        "chapter": 86,
        "verse": 3,
        "juz": 30,
        "hizb": 236,
        "manzil": 7,
        "ruku": 528,
        "word_number_in_verse": 2,
        "language_code": "en",
        "text": "the piercing",
        "root_word": "الثَّاقِبُ",
        "global_word_sequence_number": 76183,
        "global_verse_sequence_number": 5934
    },
    {
        "chapter": 86,
        "verse": 4,
        "juz": 30,
        "hizb": 236,
        "manzil": 7,
        "ruku": 528,
        "word_number_in_verse": 1,
        "language_code": "en",
        "text": "Not",
        "root_word": "إِن",
        "global_word_sequence_number": 76184,
        "global_verse_sequence_number": 5935
    },
    {
        "chapter": 86,
        "verse": 4,
        "juz": 30,
        "hizb": 236,
        "manzil": 7,
        "ruku": 528,
        "word_number_in_verse": 2,
        "language_code": "en",
        "text": "(is) every",
        "root_word": "كُلُّ",
        "global_word_sequence_number": 76185,
        "global_verse_sequence_number": 5935
    },
    {
        "chapter": 86,
        "verse": 4,
        "juz": 30,
        "hizb": 236,
        "manzil": 7,
        "ruku": 528,
        "word_number_in_verse": 3,
        "language_code": "en",
        "text": "soul",
        "root_word": "نَفۡسٖ",
        "global_word_sequence_number": 76186,
        "global_verse_sequence_number": 5935
    },
    {
        "chapter": 86,
        "verse": 4,
        "juz": 30,
        "hizb": 236,
        "manzil": 7,
        "ruku": 528,
        "word_number_in_verse": 4,
        "language_code": "en",
        "text": "but",
        "root_word": "لَّمَّا",
        "global_word_sequence_number": 76187,
        "global_verse_sequence_number": 5935
    },
    {
        "chapter": 86,
        "verse": 4,
        "juz": 30,
        "hizb": 236,
        "manzil": 7,
        "ruku": 528,
        "word_number_in_verse": 5,
        "language_code": "en",
        "text": "over it",
        "root_word": "عَلَيۡهَا",
        "global_word_sequence_number": 76188,
        "global_verse_sequence_number": 5935
    },
    {
        "chapter": 86,
        "verse": 4,
        "juz": 30,
        "hizb": 236,
        "manzil": 7,
        "ruku": 528,
        "word_number_in_verse": 6,
        "language_code": "en",
        "text": "(is) a protector",
        "root_word": "حَافِظٞ",
        "global_word_sequence_number": 76189,
        "global_verse_sequence_number": 5935
    },
    {
        "chapter": 86,
        "verse": 5,
        "juz": 30,
        "hizb": 236,
        "manzil": 7,
        "ruku": 528,
        "word_number_in_verse": 1,
        "language_code": "en",
        "text": "So let see",
        "root_word": "فَلۡيَنظُرِ",
        "global_word_sequence_number": 76190,
        "global_verse_sequence_number": 5936
    },
    {
        "chapter": 86,
        "verse": 5,
        "juz": 30,
        "hizb": 236,
        "manzil": 7,
        "ruku": 528,
        "word_number_in_verse": 2,
        "language_code": "en",
        "text": "man",
        "root_word": "الۡإِنسَٰنُ",
        "global_word_sequence_number": 76191,
        "global_verse_sequence_number": 5936
    },
    {
        "chapter": 86,
        "verse": 5,
        "juz": 30,
        "hizb": 236,
        "manzil": 7,
        "ruku": 528,
        "word_number_in_verse": 3,
        "language_code": "en",
        "text": "from what",
        "root_word": "مِمَّ",
        "global_word_sequence_number": 76192,
        "global_verse_sequence_number": 5936
    },
    {
        "chapter": 86,
        "verse": 5,
        "juz": 30,
        "hizb": 236,
        "manzil": 7,
        "ruku": 528,
        "word_number_in_verse": 4,
        "language_code": "en",
        "text": "he is created",
        "root_word": "خُلِقَ",
        "global_word_sequence_number": 76193,
        "global_verse_sequence_number": 5936
    },
    {
        "chapter": 86,
        "verse": 6,
        "juz": 30,
        "hizb": 236,
        "manzil": 7,
        "ruku": 528,
        "word_number_in_verse": 1,
        "language_code": "en",
        "text": "He is created",
        "root_word": "خُلِقَ",
        "global_word_sequence_number": 76194,
        "global_verse_sequence_number": 5937
    },
    {
        "chapter": 86,
        "verse": 6,
        "juz": 30,
        "hizb": 236,
        "manzil": 7,
        "ruku": 528,
        "word_number_in_verse": 2,
        "language_code": "en",
        "text": "from",
        "root_word": "مِن",
        "global_word_sequence_number": 76195,
        "global_verse_sequence_number": 5937
    },
    {
        "chapter": 86,
        "verse": 6,
        "juz": 30,
        "hizb": 236,
        "manzil": 7,
        "ruku": 528,
        "word_number_in_verse": 3,
        "language_code": "en",
        "text": "a water",
        "root_word": "مَّآءٖ",
        "global_word_sequence_number": 76196,
        "global_verse_sequence_number": 5937
    },
    {
        "chapter": 86,
        "verse": 6,
        "juz": 30,
        "hizb": 236,
        "manzil": 7,
        "ruku": 528,
        "word_number_in_verse": 4,
        "language_code": "en",
        "text": "ejected",
        "root_word": "دَافِقٖ",
        "global_word_sequence_number": 76197,
        "global_verse_sequence_number": 5937
    },
    {
        "chapter": 86,
        "verse": 7,
        "juz": 30,
        "hizb": 236,
        "manzil": 7,
        "ruku": 528,
        "word_number_in_verse": 1,
        "language_code": "en",
        "text": "Coming forth",
        "root_word": "يَخۡرُجُ",
        "global_word_sequence_number": 76198,
        "global_verse_sequence_number": 5938
    },
    {
        "chapter": 86,
        "verse": 7,
        "juz": 30,
        "hizb": 236,
        "manzil": 7,
        "ruku": 528,
        "word_number_in_verse": 2,
        "language_code": "en",
        "text": "from",
        "root_word": "مِنۢ",
        "global_word_sequence_number": 76199,
        "global_verse_sequence_number": 5938
    },
    {
        "chapter": 86,
        "verse": 7,
        "juz": 30,
        "hizb": 236,
        "manzil": 7,
        "ruku": 528,
        "word_number_in_verse": 3,
        "language_code": "en",
        "text": "between",
        "root_word": "بَيۡنِ",
        "global_word_sequence_number": 76200,
        "global_verse_sequence_number": 5938
    },
    {
        "chapter": 86,
        "verse": 7,
        "juz": 30,
        "hizb": 236,
        "manzil": 7,
        "ruku": 528,
        "word_number_in_verse": 4,
        "language_code": "en",
        "text": "the backbone",
        "root_word": "الصُّلۡبِ",
        "global_word_sequence_number": 76201,
        "global_verse_sequence_number": 5938
    },
    {
        "chapter": 86,
        "verse": 7,
        "juz": 30,
        "hizb": 236,
        "manzil": 7,
        "ruku": 528,
        "word_number_in_verse": 5,
        "language_code": "en",
        "text": "and the ribs",
        "root_word": "وَالتَّرَآئِبِ",
        "global_word_sequence_number": 76202,
        "global_verse_sequence_number": 5938
    },
    {
        "chapter": 86,
        "verse": 8,
        "juz": 30,
        "hizb": 236,
        "manzil": 7,
        "ruku": 528,
        "word_number_in_verse": 1,
        "language_code": "en",
        "text": "Indeed He",
        "root_word": "إِنَّهُۥ",
        "global_word_sequence_number": 76203,
        "global_verse_sequence_number": 5939
    },
    {
        "chapter": 86,
        "verse": 8,
        "juz": 30,
        "hizb": 236,
        "manzil": 7,
        "ruku": 528,
        "word_number_in_verse": 2,
        "language_code": "en",
        "text": "to",
        "root_word": "عَلَىٰ",
        "global_word_sequence_number": 76204,
        "global_verse_sequence_number": 5939
    },
    {
        "chapter": 86,
        "verse": 8,
        "juz": 30,
        "hizb": 236,
        "manzil": 7,
        "ruku": 528,
        "word_number_in_verse": 3,
        "language_code": "en",
        "text": "return him",
        "root_word": "رَجۡعِهِۦ",
        "global_word_sequence_number": 76205,
        "global_verse_sequence_number": 5939
    },
    {
        "chapter": 86,
        "verse": 8,
        "juz": 30,
        "hizb": 236,
        "manzil": 7,
        "ruku": 528,
        "word_number_in_verse": 4,
        "language_code": "en",
        "text": "(is) Able",
        "root_word": "لَقَادِرٞ",
        "global_word_sequence_number": 76206,
        "global_verse_sequence_number": 5939
    },
    {
        "chapter": 86,
        "verse": 9,
        "juz": 30,
        "hizb": 236,
        "manzil": 7,
        "ruku": 528,
        "word_number_in_verse": 1,
        "language_code": "en",
        "text": "(The) Day",
        "root_word": "يَوۡمَ",
        "global_word_sequence_number": 76207,
        "global_verse_sequence_number": 5940
    },
    {
        "chapter": 86,
        "verse": 9,
        "juz": 30,
        "hizb": 236,
        "manzil": 7,
        "ruku": 528,
        "word_number_in_verse": 2,
        "language_code": "en",
        "text": "will be tested",
        "root_word": "تُبۡلَى",
        "global_word_sequence_number": 76208,
        "global_verse_sequence_number": 5940
    },
    {
        "chapter": 86,
        "verse": 9,
        "juz": 30,
        "hizb": 236,
        "manzil": 7,
        "ruku": 528,
        "word_number_in_verse": 3,
        "language_code": "en",
        "text": "the secrets",
        "root_word": "السَّرَآئِرُ",
        "global_word_sequence_number": 76209,
        "global_verse_sequence_number": 5940
    },
    {
        "chapter": 86,
        "verse": 10,
        "juz": 30,
        "hizb": 236,
        "manzil": 7,
        "ruku": 528,
        "word_number_in_verse": 1,
        "language_code": "en",
        "text": "Then not",
        "root_word": "فَمَا",
        "global_word_sequence_number": 76210,
        "global_verse_sequence_number": 5941
    },
    {
        "chapter": 86,
        "verse": 10,
        "juz": 30,
        "hizb": 236,
        "manzil": 7,
        "ruku": 528,
        "word_number_in_verse": 2,
        "language_code": "en",
        "text": "(is) for him",
        "root_word": "لَهُۥ",
        "global_word_sequence_number": 76211,
        "global_verse_sequence_number": 5941
    },
    {
        "chapter": 86,
        "verse": 10,
        "juz": 30,
        "hizb": 236,
        "manzil": 7,
        "ruku": 528,
        "word_number_in_verse": 3,
        "language_code": "en",
        "text": "any",
        "root_word": "مِن",
        "global_word_sequence_number": 76212,
        "global_verse_sequence_number": 5941
    },
    {
        "chapter": 86,
        "verse": 10,
        "juz": 30,
        "hizb": 236,
        "manzil": 7,
        "ruku": 528,
        "word_number_in_verse": 4,
        "language_code": "en",
        "text": "power",
        "root_word": "قُوَّةٖ",
        "global_word_sequence_number": 76213,
        "global_verse_sequence_number": 5941
    },
    {
        "chapter": 86,
        "verse": 10,
        "juz": 30,
        "hizb": 236,
        "manzil": 7,
        "ruku": 528,
        "word_number_in_verse": 5,
        "language_code": "en",
        "text": "and not",
        "root_word": "وَلَا",
        "global_word_sequence_number": 76214,
        "global_verse_sequence_number": 5941
    },
    {
        "chapter": 86,
        "verse": 10,
        "juz": 30,
        "hizb": 236,
        "manzil": 7,
        "ruku": 528,
        "word_number_in_verse": 6,
        "language_code": "en",
        "text": "any helper",
        "root_word": "نَاصِرٖ",
        "global_word_sequence_number": 76215,
        "global_verse_sequence_number": 5941
    },
    {
        "chapter": 86,
        "verse": 11,
        "juz": 30,
        "hizb": 236,
        "manzil": 7,
        "ruku": 528,
        "word_number_in_verse": 1,
        "language_code": "en",
        "text": "By the sky",
        "root_word": "وَالسَّمَآءِ",
        "global_word_sequence_number": 76216,
        "global_verse_sequence_number": 5942
    },
    {
        "chapter": 86,
        "verse": 11,
        "juz": 30,
        "hizb": 236,
        "manzil": 7,
        "ruku": 528,
        "word_number_in_verse": 2,
        "language_code": "en",
        "text": "which",
        "root_word": "ذَاتِ",
        "global_word_sequence_number": 76217,
        "global_verse_sequence_number": 5942
    },
    {
        "chapter": 86,
        "verse": 11,
        "juz": 30,
        "hizb": 236,
        "manzil": 7,
        "ruku": 528,
        "word_number_in_verse": 3,
        "language_code": "en",
        "text": "returns",
        "root_word": "الرَّجۡعِ",
        "global_word_sequence_number": 76218,
        "global_verse_sequence_number": 5942
    },
    {
        "chapter": 86,
        "verse": 12,
        "juz": 30,
        "hizb": 236,
        "manzil": 7,
        "ruku": 528,
        "word_number_in_verse": 1,
        "language_code": "en",
        "text": "And the earth",
        "root_word": "وَالۡأَرۡضِ",
        "global_word_sequence_number": 76219,
        "global_verse_sequence_number": 5943
    },
    {
        "chapter": 86,
        "verse": 12,
        "juz": 30,
        "hizb": 236,
        "manzil": 7,
        "ruku": 528,
        "word_number_in_verse": 2,
        "language_code": "en",
        "text": "which",
        "root_word": "ذَاتِ",
        "global_word_sequence_number": 76220,
        "global_verse_sequence_number": 5943
    },
    {
        "chapter": 86,
        "verse": 12,
        "juz": 30,
        "hizb": 236,
        "manzil": 7,
        "ruku": 528,
        "word_number_in_verse": 3,
        "language_code": "en",
        "text": "cracks open",
        "root_word": "الصَّدۡعِ",
        "global_word_sequence_number": 76221,
        "global_verse_sequence_number": 5943
    },
    {
        "chapter": 86,
        "verse": 13,
        "juz": 30,
        "hizb": 236,
        "manzil": 7,
        "ruku": 528,
        "word_number_in_verse": 1,
        "language_code": "en",
        "text": "Indeed it",
        "root_word": "إِنَّهُۥ",
        "global_word_sequence_number": 76222,
        "global_verse_sequence_number": 5944
    },
    {
        "chapter": 86,
        "verse": 13,
        "juz": 30,
        "hizb": 236,
        "manzil": 7,
        "ruku": 528,
        "word_number_in_verse": 2,
        "language_code": "en",
        "text": "(is) surely a Word",
        "root_word": "لَقَوۡلٞ",
        "global_word_sequence_number": 76223,
        "global_verse_sequence_number": 5944
    },
    {
        "chapter": 86,
        "verse": 13,
        "juz": 30,
        "hizb": 236,
        "manzil": 7,
        "ruku": 528,
        "word_number_in_verse": 3,
        "language_code": "en",
        "text": "decisive",
        "root_word": "فَصۡلٞ",
        "global_word_sequence_number": 76224,
        "global_verse_sequence_number": 5944
    },
    {
        "chapter": 86,
        "verse": 14,
        "juz": 30,
        "hizb": 236,
        "manzil": 7,
        "ruku": 528,
        "word_number_in_verse": 1,
        "language_code": "en",
        "text": "And not",
        "root_word": "وَمَا",
        "global_word_sequence_number": 76225,
        "global_verse_sequence_number": 5945
    },
    {
        "chapter": 86,
        "verse": 14,
        "juz": 30,
        "hizb": 236,
        "manzil": 7,
        "ruku": 528,
        "word_number_in_verse": 2,
        "language_code": "en",
        "text": "it",
        "root_word": "هُوَ",
        "global_word_sequence_number": 76226,
        "global_verse_sequence_number": 5945
    },
    {
        "chapter": 86,
        "verse": 14,
        "juz": 30,
        "hizb": 236,
        "manzil": 7,
        "ruku": 528,
        "word_number_in_verse": 3,
        "language_code": "en",
        "text": "(is) for amusement",
        "root_word": "بِالۡهَزۡلِ",
        "global_word_sequence_number": 76227,
        "global_verse_sequence_number": 5945
    },
    {
        "chapter": 86,
        "verse": 15,
        "juz": 30,
        "hizb": 236,
        "manzil": 7,
        "ruku": 528,
        "word_number_in_verse": 1,
        "language_code": "en",
        "text": "Indeed they",
        "root_word": "إِنَّهُمۡ",
        "global_word_sequence_number": 76228,
        "global_verse_sequence_number": 5946
    },
    {
        "chapter": 86,
        "verse": 15,
        "juz": 30,
        "hizb": 236,
        "manzil": 7,
        "ruku": 528,
        "word_number_in_verse": 2,
        "language_code": "en",
        "text": "are plotting",
        "root_word": "يَكِيدُونَ",
        "global_word_sequence_number": 76229,
        "global_verse_sequence_number": 5946
    },
    {
        "chapter": 86,
        "verse": 15,
        "juz": 30,
        "hizb": 236,
        "manzil": 7,
        "ruku": 528,
        "word_number_in_verse": 3,
        "language_code": "en",
        "text": "a plot",
        "root_word": "كَيۡدٗا",
        "global_word_sequence_number": 76230,
        "global_verse_sequence_number": 5946
    },
    {
        "chapter": 86,
        "verse": 16,
        "juz": 30,
        "hizb": 236,
        "manzil": 7,
        "ruku": 528,
        "word_number_in_verse": 1,
        "language_code": "en",
        "text": "But I am planning",
        "root_word": "وَأَكِيدُ",
        "global_word_sequence_number": 76231,
        "global_verse_sequence_number": 5947
    },
    {
        "chapter": 86,
        "verse": 16,
        "juz": 30,
        "hizb": 236,
        "manzil": 7,
        "ruku": 528,
        "word_number_in_verse": 2,
        "language_code": "en",
        "text": "a plan",
        "root_word": "كَيۡدٗا",
        "global_word_sequence_number": 76232,
        "global_verse_sequence_number": 5947
    },
    {
        "chapter": 86,
        "verse": 17,
        "juz": 30,
        "hizb": 236,
        "manzil": 7,
        "ruku": 528,
        "word_number_in_verse": 1,
        "language_code": "en",
        "text": "So give respite",
        "root_word": "فَمَهِّلِ",
        "global_word_sequence_number": 76233,
        "global_verse_sequence_number": 5948
    },
    {
        "chapter": 86,
        "verse": 17,
        "juz": 30,
        "hizb": 236,
        "manzil": 7,
        "ruku": 528,
        "word_number_in_verse": 2,
        "language_code": "en",
        "text": "(to) the disbelievers",
        "root_word": "الۡكَٰفِرِينَ",
        "global_word_sequence_number": 76234,
        "global_verse_sequence_number": 5948
    },
    {
        "chapter": 86,
        "verse": 17,
        "juz": 30,
        "hizb": 236,
        "manzil": 7,
        "ruku": 528,
        "word_number_in_verse": 3,
        "language_code": "en",
        "text": "Give respite to them",
        "root_word": "أَمۡهِلۡهُمۡ",
        "global_word_sequence_number": 76235,
        "global_verse_sequence_number": 5948
    },
    {
        "chapter": 86,
        "verse": 17,
        "juz": 30,
        "hizb": 236,
        "manzil": 7,
        "ruku": 528,
        "word_number_in_verse": 4,
        "language_code": "en",
        "text": "little",
        "root_word": "رُوَيۡدَۢا",
        "global_word_sequence_number": 76236,
        "global_verse_sequence_number": 5948
    }
]