[
    {
        "chapter": 87,
        "verse": 1,
        "juz": 30,
        "hizb": 237,
        "manzil": 7,
        "ruku": 529,
        "word_number_in_verse": 1,
        "language_code": "en",
        "text": "Glorify",
        "root_word": "سَبِّحِ",
        "global_word_sequence_number": 76237,
        "global_verse_sequence_number": 5949
    },
    {
        "chapter": 87,
        "verse": 1,
        "juz": 30,
        "hizb": 237,
        "manzil": 7,
        "ruku": 529,
        "word_number_in_verse": 2,
        "language_code": "en",
        "text": "(the) name",
        "root_word": "اسۡمَ",
        "global_word_sequence_number": 76238,
        "global_verse_sequence_number": 5949
    },
    {
        "chapter": 87,
        "verse": 1,
        "juz": 30,
        "hizb": 237,
        "manzil": 7,
        "ruku": 529,
        "word_number_in_verse": 3,
        "language_code": "en",
        "text": "(of) your Lord",
        "root_word": "رَبِّكَ",
        "global_word_sequence_number": 76239,
        "global_verse_sequence_number": 5949
    },
    {
        "chapter": 87,
        "verse": 1,
        "juz": 30,
        "hizb": 237,
        "manzil": 7,
        "ruku": 529,
        "word_number_in_verse": 4,
        "language_code": "en",
        "text": "the Most High",
        "root_word": "الۡأَعۡلَى",
        "global_word_sequence_number": 76240,
        "global_verse_sequence_number": 5949
    },
    {
        "chapter": 87,
        "verse": 2,
        "juz": 30,
        "hizb": 237,
        "manzil": 7,
        "ruku": 529,
        "word_number_in_verse": 1,
        "language_code": "en",
        "text": "The One Who",
        "root_word": "الَّذِي",
        "global_word_sequence_number": 76241,
        "global_verse_sequence_number": 5950
    },
    {
        "chapter": 87,
        "verse": 2,
        "juz": 30,
        "hizb": 237,
        "manzil": 7,
        "ruku": 529,
        "word_number_in_verse": 2,
        "language_code": "en",
        "text": "created",
        "root_word": "خَلَقَ",
        "global_word_sequence_number": 76242,
        "global_verse_sequence_number": 5950
    },
    {
        "chapter": 87,
        "verse": 2,
        "juz": 30,
        "hizb": 237,
        "manzil": 7,
        "ruku": 529,
        "word_number_in_verse": 3,
        "language_code": "en",
        "text": "then proportioned",
        "root_word": "فَسَوَّىٰ",
        "global_word_sequence_number": 76243,
        "global_verse_sequence_number": 5950
    },
    {
        "chapter": 87,
        "verse": 3,
        "juz": 30,
        "hizb": 237,
        "manzil": 7,
        "ruku": 529,
        "word_number_in_verse": 1,
        "language_code": "en",
        "text": "And the One Who",
        "root_word": "وَالَّذِي",
        "global_word_sequence_number": 76244,
        "global_verse_sequence_number": 5951
    },
    {
        "chapter": 87,
        "verse": 3,
        "juz": 30,
        "hizb": 237,
        "manzil": 7,
        "ruku": 529,
        "word_number_in_verse": 2,
        "language_code": "en",
        "text": "measured",
        "root_word": "قَدَّرَ",
        "global_word_sequence_number": 76245,
        "global_verse_sequence_number": 5951
    },
    {
        "chapter": 87,
        "verse": 3,
        "juz": 30,
        "hizb": 237,
        "manzil": 7,
        "ruku": 529,
        "word_number_in_verse": 3,
        "language_code": "en",
        "text": "then guided",
        "root_word": "فَهَدَىٰ",
        "global_word_sequence_number": 76246,
        "global_verse_sequence_number": 5951
    },
    {
        "chapter": 87,
        "verse": 4,
        "juz": 30,
        "hizb": 237,
        "manzil": 7,
        "ruku": 529,
        "word_number_in_verse": 1,
        "language_code": "en",
        "text": "And the One Who",
        "root_word": "وَالَّذِيٓ",
        "global_word_sequence_number": 76247,
        "global_verse_sequence_number": 5952
    },
    {
        "chapter": 87,
        "verse": 4,
        "juz": 30,
        "hizb": 237,
        "manzil": 7,
        "ruku": 529,
        "word_number_in_verse": 2,
        "language_code": "en",
        "text": "brings forth",
        "root_word": "أَخۡرَجَ",
        "global_word_sequence_number": 76248,
        "global_verse_sequence_number": 5952
    },
    {
        "chapter": 87,
        "verse": 4,
        "juz": 30,
        "hizb": 237,
        "manzil": 7,
        "ruku": 529,
        "word_number_in_verse": 3,
        "language_code": "en",
        "text": "the pasture",
        "root_word": "الۡمَرۡعَىٰ",
        "global_word_sequence_number": 76249,
        "global_verse_sequence_number": 5952
    },
    {
        "chapter": 87,
        "verse": 5,
        "juz": 30,
        "hizb": 237,
        "manzil": 7,
        "ruku": 529,
        "word_number_in_verse": 1,
        "language_code": "en",
        "text": "And then makes it",
        "root_word": "فَجَعَلَهُۥ",
        "global_word_sequence_number": 76250,
        "global_verse_sequence_number": 5953
    },
    {
        "chapter": 87,
        "verse": 5,
        "juz": 30,
        "hizb": 237,
        "manzil": 7,
        "ruku": 529,
        "word_number_in_verse": 2,
        "language_code": "en",
        "text": "stubble",
        "root_word": "غُثَآءً",
        "global_word_sequence_number": 76251,
        "global_verse_sequence_number": 5953
    },
    {
        "chapter": 87,
        "verse": 5,
        "juz": 30,
        "hizb": 237,
        "manzil": 7,
        "ruku": 529,
        "word_number_in_verse": 3,
        "language_code": "en",
        "text": "dark",
        "root_word": "أَحۡوَىٰ",
        "global_word_sequence_number": 76252,
        "global_verse_sequence_number": 5953
    },
    {
        "chapter": 87,
        "verse": 6,
        "juz": 30,
        "hizb": 237,
        "manzil": 7,
        "ruku": 529,
        "word_number_in_verse": 1,
        "language_code": "en",
        "text": "We will make you recite",
        "root_word": "سَنُقۡرِئُكَ",
        "global_word_sequence_number": 76253,
        "global_verse_sequence_number": 5954
    },
    {
        "chapter": 87,
        "verse": 6,
        "juz": 30,
        "hizb": 237,
        "manzil": 7,
        "ruku": 529,
        "word_number_in_verse": 2,
        "language_code": "en",
        "text": "so not",
        "root_word": "فَلَا",
        "global_word_sequence_number": 76254,
        "global_verse_sequence_number": 5954
    },
    {
        "chapter": 87,
        "verse": 6,
        "juz": 30,
        "hizb": 237,
        "manzil": 7,
        "ruku": 529,
        "word_number_in_verse": 3,
        "language_code": "en",
        "text": "you will forget",
        "root_word": "تَنسَىٰٓ",
        "global_word_sequence_number": 76255,
        "global_verse_sequence_number": 5954
    },
    {
        "chapter": 87,
        "verse": 7,
        "juz": 30,
        "hizb": 237,
        "manzil": 7,
        "ruku": 529,
        "word_number_in_verse": 1,
        "language_code": "en",
        "text": "Except",
        "root_word": "إِلَّا",
        "global_word_sequence_number": 76256,
        "global_verse_sequence_number": 5955
    },
    {
        "chapter": 87,
        "verse": 7,
        "juz": 30,
        "hizb": 237,
        "manzil": 7,
        "ruku": 529,
        "word_number_in_verse": 2,
        "language_code": "en",
        "text": "what",
        "root_word": "مَا",
        "global_word_sequence_number": 76257,
        "global_verse_sequence_number": 5955
    },
    {
        "chapter": 87,
        "verse": 7,
        "juz": 30,
        "hizb": 237,
        "manzil": 7,
        "ruku": 529,
        "word_number_in_verse": 3,
        "language_code": "en",
        "text": "wills",
        "root_word": "شَآءَ",
        "global_word_sequence_number": 76258,
        "global_verse_sequence_number": 5955
    },
    {
        "chapter": 87,
        "verse": 7,
        "juz": 30,
        "hizb": 237,
        "manzil": 7,
        "ruku": 529,
        "word_number_in_verse": 4,
        "language_code": "en",
        "text": "Allah",
        "root_word": "اللَّهُۚ",
        "global_word_sequence_number": 76259,
        "global_verse_sequence_number": 5955
    },
    {
        "chapter": 87,
        "verse": 7,
        "juz": 30,
        "hizb": 237,
        "manzil": 7,
        "ruku": 529,
        "word_number_in_verse": 5,
        "language_code": "en",
        "text": "Indeed He",
        "root_word": "إِنَّهُۥ",
        "global_word_sequence_number": 76260,
        "global_verse_sequence_number": 5955
    },
    {
        "chapter": 87,
        "verse": 7,
        "juz": 30,
        "hizb": 237,
        "manzil": 7,
        "ruku": 529,
        "word_number_in_verse": 6,
        "language_code": "en",
        "text": "knows",
        "root_word": "يَعۡلَمُ",
        "global_word_sequence_number": 76261,
        "global_verse_sequence_number": 5955
    },
    {
        "chapter": 87,
        "verse": 7,
        "juz": 30,
        "hizb": 237,
        "manzil": 7,
        "ruku": 529,
        "word_number_in_verse": 7,
        "language_code": "en",
        "text": "the manifest",
        "root_word": "الۡجَهۡرَ",
        "global_word_sequence_number": 76262,
        "global_verse_sequence_number": 5955
    },
    {
        "chapter": 87,
        "verse": 7,
        "juz": 30,
        "hizb": 237,
        "manzil": 7,
        "ruku": 529,
        "word_number_in_verse": 8,
        "language_code": "en",
        "text": "and what",
        "root_word": "وَمَا",
        "global_word_sequence_number": 76263,
        "global_verse_sequence_number": 5955
    },
    {
        "chapter": 87,
        "verse": 7,
        "juz": 30,
        "hizb": 237,
        "manzil": 7,
        "ruku": 529,
        "word_number_in_verse": 9,
        "language_code": "en",
        "text": "is hidden",
        "root_word": "يَخۡفَىٰ",
        "global_word_sequence_number": 76264,
        "global_verse_sequence_number": 5955
    },
    {
        "chapter": 87,
        "verse": 8,
        "juz": 30,
        "hizb": 237,
        "manzil": 7,
        "ruku": 529,
        "word_number_in_verse": 1,
        "language_code": "en",
        "text": "And We will ease you",
        "root_word": "وَنُيَسِّرُكَ",
        "global_word_sequence_number": 76265,
        "global_verse_sequence_number": 5956
    },
    {
        "chapter": 87,
        "verse": 8,
        "juz": 30,
        "hizb": 237,
        "manzil": 7,
        "ruku": 529,
        "word_number_in_verse": 2,
        "language_code": "en",
        "text": "to the ease",
        "root_word": "لِلۡيُسۡرَىٰ",
        "global_word_sequence_number": 76266,
        "global_verse_sequence_number": 5956
    },
    {
        "chapter": 87,
        "verse": 9,
        "juz": 30,
        "hizb": 237,
        "manzil": 7,
        "ruku": 529,
        "word_number_in_verse": 1,
        "language_code": "en",
        "text": "So remind",
        "root_word": "فَذَكِّرۡ",
        "global_word_sequence_number": 76267,
        "global_verse_sequence_number": 5957
    },
    {
        "chapter": 87,
        "verse": 9,
        "juz": 30,
        "hizb": 237,
        "manzil": 7,
        "ruku": 529,
        "word_number_in_verse": 2,
        "language_code": "en",
        "text": "if",
        "root_word": "إِن",
        "global_word_sequence_number": 76268,
        "global_verse_sequence_number": 5957
    },
    {
        "chapter": 87,
        "verse": 9,
        "juz": 30,
        "hizb": 237,
        "manzil": 7,
        "ruku": 529,
        "word_number_in_verse": 3,
        "language_code": "en",
        "text": "benefits",
        "root_word": "نَّفَعَتِ",
        "global_word_sequence_number": 76269,
        "global_verse_sequence_number": 5957
    },
    {
        "chapter": 87,
        "verse": 9,
        "juz": 30,
        "hizb": 237,
        "manzil": 7,
        "ruku": 529,
        "word_number_in_verse": 4,
        "language_code": "en",
        "text": "the reminder",
        "root_word": "الذِّكۡرَىٰ",
        "global_word_sequence_number": 76270,
        "global_verse_sequence_number": 5957
    },
    {
        "chapter": 87,
        "verse": 10,
        "juz": 30,
        "hizb": 237,
        "manzil": 7,
        "ruku": 529,
        "word_number_in_verse": 1,
        "language_code": "en",
        "text": "He will pay heed",
        "root_word": "سَيَذَّكَّرُ",
        "global_word_sequence_number": 76271,
        "global_verse_sequence_number": 5958
    },
    {
        "chapter": 87,
        "verse": 10,
        "juz": 30,
        "hizb": 237,
        "manzil": 7,
        "ruku": 529,
        "word_number_in_verse": 2,
        "language_code": "en",
        "text": "(one) who",
        "root_word": "مَن",
        "global_word_sequence_number": 76272,
        "global_verse_sequence_number": 5958
    },
    {
        "chapter": 87,
        "verse": 10,
        "juz": 30,
        "hizb": 237,
        "manzil": 7,
        "ruku": 529,
        "word_number_in_verse": 3,
        "language_code": "en",
        "text": "fears (Allah)",
        "root_word": "يَخۡشَىٰ",
        "global_word_sequence_number": 76273,
        "global_verse_sequence_number": 5958
    },
    {
        "chapter": 87,
        "verse": 11,
        "juz": 30,
        "hizb": 237,
        "manzil": 7,
        "ruku": 529,
        "word_number_in_verse": 1,
        "language_code": "en",
        "text": "And will avoid it",
        "root_word": "وَيَتَجَنَّبُهَا",
        "global_word_sequence_number": 76274,
        "global_verse_sequence_number": 5959
    },
    {
        "chapter": 87,
        "verse": 11,
        "juz": 30,
        "hizb": 237,
        "manzil": 7,
        "ruku": 529,
        "word_number_in_verse": 2,
        "language_code": "en",
        "text": "the wretched one",
        "root_word": "الۡأَشۡقَى",
        "global_word_sequence_number": 76275,
        "global_verse_sequence_number": 5959
    },
    {
        "chapter": 87,
        "verse": 12,
        "juz": 30,
        "hizb": 237,
        "manzil": 7,
        "ruku": 529,
        "word_number_in_verse": 1,
        "language_code": "en",
        "text": "The one who",
        "root_word": "الَّذِي",
        "global_word_sequence_number": 76276,
        "global_verse_sequence_number": 5960
    },
    {
        "chapter": 87,
        "verse": 12,
        "juz": 30,
        "hizb": 237,
        "manzil": 7,
        "ruku": 529,
        "word_number_in_verse": 2,
        "language_code": "en",
        "text": "will burn",
        "root_word": "يَصۡلَى",
        "global_word_sequence_number": 76277,
        "global_verse_sequence_number": 5960
    },
    {
        "chapter": 87,
        "verse": 12,
        "juz": 30,
        "hizb": 237,
        "manzil": 7,
        "ruku": 529,
        "word_number_in_verse": 3,
        "language_code": "en",
        "text": "(in) the Fire",
        "root_word": "النَّارَ",
        "global_word_sequence_number": 76278,
        "global_verse_sequence_number": 5960
    },
    {
        "chapter": 87,
        "verse": 12,
        "juz": 30,
        "hizb": 237,
        "manzil": 7,
        "ruku": 529,
        "word_number_in_verse": 4,
        "language_code": "en",
        "text": "[the] great",
        "root_word": "الۡكُبۡرَىٰ",
        "global_word_sequence_number": 76279,
        "global_verse_sequence_number": 5960
    },
    {
        "chapter": 87,
        "verse": 13,
        "juz": 30,
        "hizb": 237,
        "manzil": 7,
        "ruku": 529,
        "word_number_in_verse": 1,
        "language_code": "en",
        "text": "Then",
        "root_word": "ثُمَّ",
        "global_word_sequence_number": 76280,
        "global_verse_sequence_number": 5961
    },
    {
        "chapter": 87,
        "verse": 13,
        "juz": 30,
        "hizb": 237,
        "manzil": 7,
        "ruku": 529,
        "word_number_in_verse": 2,
        "language_code": "en",
        "text": "not",
        "root_word": "لَا",
        "global_word_sequence_number": 76281,
        "global_verse_sequence_number": 5961
    },
    {
        "chapter": 87,
        "verse": 13,
        "juz": 30,
        "hizb": 237,
        "manzil": 7,
        "ruku": 529,
        "word_number_in_verse": 3,
        "language_code": "en",
        "text": "he will die",
        "root_word": "يَمُوتُ",
        "global_word_sequence_number": 76282,
        "global_verse_sequence_number": 5961
    },
    {
        "chapter": 87,
        "verse": 13,
        "juz": 30,
        "hizb": 237,
        "manzil": 7,
        "ruku": 529,
        "word_number_in_verse": 4,
        "language_code": "en",
        "text": "therein",
        "root_word": "فِيهَا",
        "global_word_sequence_number": 76283,
        "global_verse_sequence_number": 5961
    },
    {
        "chapter": 87,
        "verse": 13,
        "juz": 30,
        "hizb": 237,
        "manzil": 7,
        "ruku": 529,
        "word_number_in_verse": 5,
        "language_code": "en",
        "text": "and not",
        "root_word": "وَلَا",
        "global_word_sequence_number": 76284,
        "global_verse_sequence_number": 5961
    },
    {
        "chapter": 87,
        "verse": 13,
        "juz": 30,
        "hizb": 237,
        "manzil": 7,
        "ruku": 529,
        "word_number_in_verse": 6,
        "language_code": "en",
        "text": "will live",
        "root_word": "يَحۡيَىٰ",
        "global_word_sequence_number": 76285,
        "global_verse_sequence_number": 5961
    },
    {
        "chapter": 87,
        "verse": 14,
        "juz": 30,
        "hizb": 237,
        "manzil": 7,
        "ruku": 529,
        "word_number_in_verse": 1,
        "language_code": "en",
        "text": "Certainly",
        "root_word": "قَدۡ",
        "global_word_sequence_number": 76286,
        "global_verse_sequence_number": 5962
    },
    {
        "chapter": 87,
        "verse": 14,
        "juz": 30,
        "hizb": 237,
        "manzil": 7,
        "ruku": 529,
        "word_number_in_verse": 2,
        "language_code": "en",
        "text": "has succeeded",
        "root_word": "أَفۡلَحَ",
        "global_word_sequence_number": 76287,
        "global_verse_sequence_number": 5962
    },
    {
        "chapter": 87,
        "verse": 14,
        "juz": 30,
        "hizb": 237,
        "manzil": 7,
        "ruku": 529,
        "word_number_in_verse": 3,
        "language_code": "en",
        "text": "(one) who",
        "root_word": "مَن",
        "global_word_sequence_number": 76288,
        "global_verse_sequence_number": 5962
    },
    {
        "chapter": 87,
        "verse": 14,
        "juz": 30,
        "hizb": 237,
        "manzil": 7,
        "ruku": 529,
        "word_number_in_verse": 4,
        "language_code": "en",
        "text": "purifies (himself)",
        "root_word": "تَزَكَّىٰ",
        "global_word_sequence_number": 76289,
        "global_verse_sequence_number": 5962
    },
    {
        "chapter": 87,
        "verse": 15,
        "juz": 30,
        "hizb": 237,
        "manzil": 7,
        "ruku": 529,
        "word_number_in_verse": 1,
        "language_code": "en",
        "text": "And remembers",
        "root_word": "وَذَكَرَ",
        "global_word_sequence_number": 76290,
        "global_verse_sequence_number": 5963
    },
    {
        "chapter": 87,
        "verse": 15,
        "juz": 30,
        "hizb": 237,
        "manzil": 7,
        "ruku": 529,
        "word_number_in_verse": 2,
        "language_code": "en",
        "text": "(the) name",
        "root_word": "اسۡمَ",
        "global_word_sequence_number": 76291,
        "global_verse_sequence_number": 5963
    },
    {
        "chapter": 87,
        "verse": 15,
        "juz": 30,
        "hizb": 237,
        "manzil": 7,
        "ruku": 529,
        "word_number_in_verse": 3,
        "language_code": "en",
        "text": "(of) his Lord",
        "root_word": "رَبِّهِۦ",
        "global_word_sequence_number": 76292,
        "global_verse_sequence_number": 5963
    },
    {
        "chapter": 87,
        "verse": 15,
        "juz": 30,
        "hizb": 237,
        "manzil": 7,
        "ruku": 529,
        "word_number_in_verse": 4,
        "language_code": "en",
        "text": "and prays",
        "root_word": "فَصَلَّىٰ",
        "global_word_sequence_number": 76293,
        "global_verse_sequence_number": 5963
    },
    {
        "chapter": 87,
        "verse": 16,
        "juz": 30,
        "hizb": 237,
        "manzil": 7,
        "ruku": 529,
        "word_number_in_verse": 1,
        "language_code": "en",
        "text": "Nay",
        "root_word": "بَلۡ",
        "global_word_sequence_number": 76294,
        "global_verse_sequence_number": 5964
    },
    {
        "chapter": 87,
        "verse": 16,
        "juz": 30,
        "hizb": 237,
        "manzil": 7,
        "ruku": 529,
        "word_number_in_verse": 2,
        "language_code": "en",
        "text": "You prefer",
        "root_word": "تُؤۡثِرُونَ",
        "global_word_sequence_number": 76295,
        "global_verse_sequence_number": 5964
    },
    {
        "chapter": 87,
        "verse": 16,
        "juz": 30,
        "hizb": 237,
        "manzil": 7,
        "ruku": 529,
        "word_number_in_verse": 3,
        "language_code": "en",
        "text": "the life",
        "root_word": "الۡحَيَوٰةَ",
        "global_word_sequence_number": 76296,
        "global_verse_sequence_number": 5964
    },
    {
        "chapter": 87,
        "verse": 16,
        "juz": 30,
        "hizb": 237,
        "manzil": 7,
        "ruku": 529,
        "word_number_in_verse": 4,
        "language_code": "en",
        "text": "(of) the world",
        "root_word": "الدُّنۡيَا",
        "global_word_sequence_number": 76297,
        "global_verse_sequence_number": 5964
    },
    {
        "chapter": 87,
        "verse": 17,
        "juz": 30,
        "hizb": 237,
        "manzil": 7,
        "ruku": 529,
        "word_number_in_verse": 1,
        "language_code": "en",
        "text": "While the Hereafter",
        "root_word": "وَالۡأٓخِرَةُ",
        "global_word_sequence_number": 76298,
        "global_verse_sequence_number": 5965
    },
    {
        "chapter": 87,
        "verse": 17,
        "juz": 30,
        "hizb": 237,
        "manzil": 7,
        "ruku": 529,
        "word_number_in_verse": 2,
        "language_code": "en",
        "text": "(is) better",
        "root_word": "خَيۡرٞ",
        "global_word_sequence_number": 76299,
        "global_verse_sequence_number": 5965
    },
    {
        "chapter": 87,
        "verse": 17,
        "juz": 30,
        "hizb": 237,
        "manzil": 7,
        "ruku": 529,
        "word_number_in_verse": 3,
        "language_code": "en",
        "text": "and everlasting",
        "root_word": "وَأَبۡقَىٰٓ",
        "global_word_sequence_number": 76300,
        "global_verse_sequence_number": 5965
    },
    {
        "chapter": 87,
        "verse": 18,
        "juz": 30,
        "hizb": 237,
        "manzil": 7,
        "ruku": 529,
        "word_number_in_verse": 1,
        "language_code": "en",
        "text": "Indeed",
        "root_word": "إِنَّ",
        "global_word_sequence_number": 76301,
        "global_verse_sequence_number": 5966
    },
    {
        "chapter": 87,
        "verse": 18,
        "juz": 30,
        "hizb": 237,
        "manzil": 7,
        "ruku": 529,
        "word_number_in_verse": 2,
        "language_code": "en",
        "text": "this",
        "root_word": "هَٰذَا",
        "global_word_sequence_number": 76302,
        "global_verse_sequence_number": 5966
    },
    {
        "chapter": 87,
        "verse": 18,
        "juz": 30,
        "hizb": 237,
        "manzil": 7,
        "ruku": 529,
        "word_number_in_verse": 3,
        "language_code": "en",
        "text": "surely (is) in",
        "root_word": "لَفِي",
        "global_word_sequence_number": 76303,
        "global_verse_sequence_number": 5966
    },
    {
        "chapter": 87,
        "verse": 18,
        "juz": 30,
        "hizb": 237,
        "manzil": 7,
        "ruku": 529,
        "word_number_in_verse": 4,
        "language_code": "en",
        "text": "the Scriptures",
        "root_word": "الصُّحُفِ",
        "global_word_sequence_number": 76304,
        "global_verse_sequence_number": 5966
    },
    {
        "chapter": 87,
        "verse": 18,
        "juz": 30,
        "hizb": 237,
        "manzil": 7,
        "ruku": 529,
        "word_number_in_verse": 5,
        "language_code": "en",
        "text": "[the] former",
        "root_word": "الۡأُولَىٰ",
        "global_word_sequence_number": 76305,
        "global_verse_sequence_number": 5966
    },
    {
        "chapter": 87,
        "verse": 19,
        "juz": 30,
        "hizb": 237,
        "manzil": 7,
        "ruku": 529,
        "word_number_in_verse": 1,
        "language_code": "en",
        "text": "(The) Scriptures",
        "root_word": "صُحُفِ",
        "global_word_sequence_number": 76306,
        "global_verse_sequence_number": 5967
    },
    {
        "chapter": 87,
        "verse": 19,
        "juz": 30,
        "hizb": 237,
        "manzil": 7,
        "ruku": 529,
        "word_number_in_verse": 2,
        "language_code": "en",
        "text": "(of) Ibrahim",
        "root_word": "إِبۡرَٰهِيمَ",
        "global_word_sequence_number": 76307,
        "global_verse_sequence_number": 5967
    },
    {
        "chapter": 87,
        "verse": 19,
        "juz": 30,
        "hizb": 237,
        "manzil": 7,
        "ruku": 529,
        "word_number_in_verse": 3,
        "language_code": "en",
        "text": "and Musa",
        "root_word": "وَمُوسَىٰ",
        "global_word_sequence_number": 76308,
        "global_verse_sequence_number": 5967
    }
]