[
    {
        "chapter": 89,
        "verse": 1,
        "juz": 30,
        "hizb": 237,
        "manzil": 7,
        "ruku": 531,
        "word_number_in_verse": 1,
        "language_code": "en",
        "text": "By the dawn",
        "root_word": "وَالۡفَجۡرِ",
        "global_word_sequence_number": 76401,
        "global_verse_sequence_number": 5994
    },
    {
        "chapter": 89,
        "verse": 2,
        "juz": 30,
        "hizb": 237,
        "manzil": 7,
        "ruku": 531,
        "word_number_in_verse": 1,
        "language_code": "en",
        "text": "And the nights",
        "root_word": "وَلَيَالٍ",
        "global_word_sequence_number": 76402,
        "global_verse_sequence_number": 5995
    },
    {
        "chapter": 89,
        "verse": 2,
        "juz": 30,
        "hizb": 237,
        "manzil": 7,
        "ruku": 531,
        "word_number_in_verse": 2,
        "language_code": "en",
        "text": "ten",
        "root_word": "عَشۡرٖ",
        "global_word_sequence_number": 76403,
        "global_verse_sequence_number": 5995
    },
    {
        "chapter": 89,
        "verse": 3,
        "juz": 30,
        "hizb": 237,
        "manzil": 7,
        "ruku": 531,
        "word_number_in_verse": 1,
        "language_code": "en",
        "text": "And the even",
        "root_word": "وَالشَّفۡعِ",
        "global_word_sequence_number": 76404,
        "global_verse_sequence_number": 5996
    },
    {
        "chapter": 89,
        "verse": 3,
        "juz": 30,
        "hizb": 237,
        "manzil": 7,
        "ruku": 531,
        "word_number_in_verse": 2,
        "language_code": "en",
        "text": "and the odd",
        "root_word": "وَالۡوَتۡرِ",
        "global_word_sequence_number": 76405,
        "global_verse_sequence_number": 5996
    },
    {
        "chapter": 89,
        "verse": 4,
        "juz": 30,
        "hizb": 237,
        "manzil": 7,
        "ruku": 531,
        "word_number_in_verse": 1,
        "language_code": "en",
        "text": "And the night",
        "root_word": "وَالَّيۡلِ",
        "global_word_sequence_number": 76406,
        "global_verse_sequence_number": 5997
    },
    {
        "chapter": 89,
        "verse": 4,
        "juz": 30,
        "hizb": 237,
        "manzil": 7,
        "ruku": 531,
        "word_number_in_verse": 2,
        "language_code": "en",
        "text": "when",
        "root_word": "إِذَا",
        "global_word_sequence_number": 76407,
        "global_verse_sequence_number": 5997
    },
    {
        "chapter": 89,
        "verse": 4,
        "juz": 30,
        "hizb": 237,
        "manzil": 7,
        "ruku": 531,
        "word_number_in_verse": 3,
        "language_code": "en",
        "text": "it passes",
        "root_word": "يَسۡرِ",
        "global_word_sequence_number": 76408,
        "global_verse_sequence_number": 5997
    },
    {
        "chapter": 89,
        "verse": 5,
        "juz": 30,
        "hizb": 237,
        "manzil": 7,
        "ruku": 531,
        "word_number_in_verse": 1,
        "language_code": "en",
        "text": "Is",
        "root_word": "هَلۡ",
        "global_word_sequence_number": 76409,
        "global_verse_sequence_number": 5998
    },
    {
        "chapter": 89,
        "verse": 5,
        "juz": 30,
        "hizb": 237,
        "manzil": 7,
        "ruku": 531,
        "word_number_in_verse": 2,
        "language_code": "en",
        "text": "in",
        "root_word": "فِي",
        "global_word_sequence_number": 76410,
        "global_verse_sequence_number": 5998
    },
    {
        "chapter": 89,
        "verse": 5,
        "juz": 30,
        "hizb": 237,
        "manzil": 7,
        "ruku": 531,
        "word_number_in_verse": 3,
        "language_code": "en",
        "text": "that",
        "root_word": "ذَٰلِكَ",
        "global_word_sequence_number": 76411,
        "global_verse_sequence_number": 5998
    },
    {
        "chapter": 89,
        "verse": 5,
        "juz": 30,
        "hizb": 237,
        "manzil": 7,
        "ruku": 531,
        "word_number_in_verse": 4,
        "language_code": "en",
        "text": "(not) an oath",
        "root_word": "قَسَمٞ",
        "global_word_sequence_number": 76412,
        "global_verse_sequence_number": 5998
    },
    {
        "chapter": 89,
        "verse": 5,
        "juz": 30,
        "hizb": 237,
        "manzil": 7,
        "ruku": 531,
        "word_number_in_verse": 5,
        "language_code": "en",
        "text": "for those",
        "root_word": "لِّذِي",
        "global_word_sequence_number": 76413,
        "global_verse_sequence_number": 5998
    },
    {
        "chapter": 89,
        "verse": 5,
        "juz": 30,
        "hizb": 237,
        "manzil": 7,
        "ruku": 531,
        "word_number_in_verse": 6,
        "language_code": "en",
        "text": "who understand",
        "root_word": "حِجۡرٍ",
        "global_word_sequence_number": 76414,
        "global_verse_sequence_number": 5998
    },
    {
        "chapter": 89,
        "verse": 6,
        "juz": 30,
        "hizb": 237,
        "manzil": 7,
        "ruku": 531,
        "word_number_in_verse": 1,
        "language_code": "en",
        "text": "Did not",
        "root_word": "أَلَمۡ",
        "global_word_sequence_number": 76415,
        "global_verse_sequence_number": 5999
    },
    {
        "chapter": 89,
        "verse": 6,
        "juz": 30,
        "hizb": 237,
        "manzil": 7,
        "ruku": 531,
        "word_number_in_verse": 2,
        "language_code": "en",
        "text": "you see",
        "root_word": "تَرَ",
        "global_word_sequence_number": 76416,
        "global_verse_sequence_number": 5999
    },
    {
        "chapter": 89,
        "verse": 6,
        "juz": 30,
        "hizb": 237,
        "manzil": 7,
        "ruku": 531,
        "word_number_in_verse": 3,
        "language_code": "en",
        "text": "how",
        "root_word": "كَيۡفَ",
        "global_word_sequence_number": 76417,
        "global_verse_sequence_number": 5999
    },
    {
        "chapter": 89,
        "verse": 6,
        "juz": 30,
        "hizb": 237,
        "manzil": 7,
        "ruku": 531,
        "word_number_in_verse": 4,
        "language_code": "en",
        "text": "dealt",
        "root_word": "فَعَلَ",
        "global_word_sequence_number": 76418,
        "global_verse_sequence_number": 5999
    },
    {
        "chapter": 89,
        "verse": 6,
        "juz": 30,
        "hizb": 237,
        "manzil": 7,
        "ruku": 531,
        "word_number_in_verse": 5,
        "language_code": "en",
        "text": "your Lord",
        "root_word": "رَبُّكَ",
        "global_word_sequence_number": 76419,
        "global_verse_sequence_number": 5999
    },
    {
        "chapter": 89,
        "verse": 6,
        "juz": 30,
        "hizb": 237,
        "manzil": 7,
        "ruku": 531,
        "word_number_in_verse": 6,
        "language_code": "en",
        "text": "with Aad",
        "root_word": "بِعَادٍ",
        "global_word_sequence_number": 76420,
        "global_verse_sequence_number": 5999
    },
    {
        "chapter": 89,
        "verse": 7,
        "juz": 30,
        "hizb": 237,
        "manzil": 7,
        "ruku": 531,
        "word_number_in_verse": 1,
        "language_code": "en",
        "text": "Iram",
        "root_word": "إِرَمَ",
        "global_word_sequence_number": 76421,
        "global_verse_sequence_number": 6000
    },
    {
        "chapter": 89,
        "verse": 7,
        "juz": 30,
        "hizb": 237,
        "manzil": 7,
        "ruku": 531,
        "word_number_in_verse": 2,
        "language_code": "en",
        "text": "possessors (of)",
        "root_word": "ذَاتِ",
        "global_word_sequence_number": 76422,
        "global_verse_sequence_number": 6000
    },
    {
        "chapter": 89,
        "verse": 7,
        "juz": 30,
        "hizb": 237,
        "manzil": 7,
        "ruku": 531,
        "word_number_in_verse": 3,
        "language_code": "en",
        "text": "lofty pillars",
        "root_word": "الۡعِمَادِ",
        "global_word_sequence_number": 76423,
        "global_verse_sequence_number": 6000
    },
    {
        "chapter": 89,
        "verse": 8,
        "juz": 30,
        "hizb": 237,
        "manzil": 7,
        "ruku": 531,
        "word_number_in_verse": 1,
        "language_code": "en",
        "text": "Which",
        "root_word": "الَّتِي",
        "global_word_sequence_number": 76424,
        "global_verse_sequence_number": 6001
    },
    {
        "chapter": 89,
        "verse": 8,
        "juz": 30,
        "hizb": 237,
        "manzil": 7,
        "ruku": 531,
        "word_number_in_verse": 2,
        "language_code": "en",
        "text": "not",
        "root_word": "لَمۡ",
        "global_word_sequence_number": 76425,
        "global_verse_sequence_number": 6001
    },
    {
        "chapter": 89,
        "verse": 8,
        "juz": 30,
        "hizb": 237,
        "manzil": 7,
        "ruku": 531,
        "word_number_in_verse": 3,
        "language_code": "en",
        "text": "had been created",
        "root_word": "يُخۡلَقۡ",
        "global_word_sequence_number": 76426,
        "global_verse_sequence_number": 6001
    },
    {
        "chapter": 89,
        "verse": 8,
        "juz": 30,
        "hizb": 237,
        "manzil": 7,
        "ruku": 531,
        "word_number_in_verse": 4,
        "language_code": "en",
        "text": "like them",
        "root_word": "مِثۡلُهَا",
        "global_word_sequence_number": 76427,
        "global_verse_sequence_number": 6001
    },
    {
        "chapter": 89,
        "verse": 8,
        "juz": 30,
        "hizb": 237,
        "manzil": 7,
        "ruku": 531,
        "word_number_in_verse": 5,
        "language_code": "en",
        "text": "in",
        "root_word": "فِي",
        "global_word_sequence_number": 76428,
        "global_verse_sequence_number": 6001
    },
    {
        "chapter": 89,
        "verse": 8,
        "juz": 30,
        "hizb": 237,
        "manzil": 7,
        "ruku": 531,
        "word_number_in_verse": 6,
        "language_code": "en",
        "text": "the cities",
        "root_word": "الۡبِلَٰدِ",
        "global_word_sequence_number": 76429,
        "global_verse_sequence_number": 6001
    },
    {
        "chapter": 89,
        "verse": 9,
        "juz": 30,
        "hizb": 237,
        "manzil": 7,
        "ruku": 531,
        "word_number_in_verse": 1,
        "language_code": "en",
        "text": "And Thamud",
        "root_word": "وَثَمُودَ",
        "global_word_sequence_number": 76430,
        "global_verse_sequence_number": 6002
    },
    {
        "chapter": 89,
        "verse": 9,
        "juz": 30,
        "hizb": 237,
        "manzil": 7,
        "ruku": 531,
        "word_number_in_verse": 2,
        "language_code": "en",
        "text": "who",
        "root_word": "الَّذِينَ",
        "global_word_sequence_number": 76431,
        "global_verse_sequence_number": 6002
    },
    {
        "chapter": 89,
        "verse": 9,
        "juz": 30,
        "hizb": 237,
        "manzil": 7,
        "ruku": 531,
        "word_number_in_verse": 3,
        "language_code": "en",
        "text": "carved out",
        "root_word": "جَابُواْ",
        "global_word_sequence_number": 76432,
        "global_verse_sequence_number": 6002
    },
    {
        "chapter": 89,
        "verse": 9,
        "juz": 30,
        "hizb": 237,
        "manzil": 7,
        "ruku": 531,
        "word_number_in_verse": 4,
        "language_code": "en",
        "text": "the rocks",
        "root_word": "الصَّخۡرَ",
        "global_word_sequence_number": 76433,
        "global_verse_sequence_number": 6002
    },
    {
        "chapter": 89,
        "verse": 9,
        "juz": 30,
        "hizb": 237,
        "manzil": 7,
        "ruku": 531,
        "word_number_in_verse": 5,
        "language_code": "en",
        "text": "in the valley",
        "root_word": "بِالۡوَادِ",
        "global_word_sequence_number": 76434,
        "global_verse_sequence_number": 6002
    },
    {
        "chapter": 89,
        "verse": 10,
        "juz": 30,
        "hizb": 237,
        "manzil": 7,
        "ruku": 531,
        "word_number_in_verse": 1,
        "language_code": "en",
        "text": "And Firaun",
        "root_word": "وَفِرۡعَوۡنَ",
        "global_word_sequence_number": 76435,
        "global_verse_sequence_number": 6003
    },
    {
        "chapter": 89,
        "verse": 10,
        "juz": 30,
        "hizb": 237,
        "manzil": 7,
        "ruku": 531,
        "word_number_in_verse": 2,
        "language_code": "en",
        "text": "owner of",
        "root_word": "ذِي",
        "global_word_sequence_number": 76436,
        "global_verse_sequence_number": 6003
    },
    {
        "chapter": 89,
        "verse": 10,
        "juz": 30,
        "hizb": 237,
        "manzil": 7,
        "ruku": 531,
        "word_number_in_verse": 3,
        "language_code": "en",
        "text": "stakes",
        "root_word": "الۡأَوۡتَادِ",
        "global_word_sequence_number": 76437,
        "global_verse_sequence_number": 6003
    },
    {
        "chapter": 89,
        "verse": 11,
        "juz": 30,
        "hizb": 237,
        "manzil": 7,
        "ruku": 531,
        "word_number_in_verse": 1,
        "language_code": "en",
        "text": "Who",
        "root_word": "الَّذِينَ",
        "global_word_sequence_number": 76438,
        "global_verse_sequence_number": 6004
    },
    {
        "chapter": 89,
        "verse": 11,
        "juz": 30,
        "hizb": 237,
        "manzil": 7,
        "ruku": 531,
        "word_number_in_verse": 2,
        "language_code": "en",
        "text": "transgressed",
        "root_word": "طَغَوۡاْ",
        "global_word_sequence_number": 76439,
        "global_verse_sequence_number": 6004
    },
    {
        "chapter": 89,
        "verse": 11,
        "juz": 30,
        "hizb": 237,
        "manzil": 7,
        "ruku": 531,
        "word_number_in_verse": 3,
        "language_code": "en",
        "text": "in",
        "root_word": "فِي",
        "global_word_sequence_number": 76440,
        "global_verse_sequence_number": 6004
    },
    {
        "chapter": 89,
        "verse": 11,
        "juz": 30,
        "hizb": 237,
        "manzil": 7,
        "ruku": 531,
        "word_number_in_verse": 4,
        "language_code": "en",
        "text": "the lands",
        "root_word": "الۡبِلَٰدِ",
        "global_word_sequence_number": 76441,
        "global_verse_sequence_number": 6004
    },
    {
        "chapter": 89,
        "verse": 12,
        "juz": 30,
        "hizb": 237,
        "manzil": 7,
        "ruku": 531,
        "word_number_in_verse": 1,
        "language_code": "en",
        "text": "And (made) much",
        "root_word": "فَأَكۡثَرُواْ",
        "global_word_sequence_number": 76442,
        "global_verse_sequence_number": 6005
    },
    {
        "chapter": 89,
        "verse": 12,
        "juz": 30,
        "hizb": 237,
        "manzil": 7,
        "ruku": 531,
        "word_number_in_verse": 2,
        "language_code": "en",
        "text": "therein",
        "root_word": "فِيهَا",
        "global_word_sequence_number": 76443,
        "global_verse_sequence_number": 6005
    },
    {
        "chapter": 89,
        "verse": 12,
        "juz": 30,
        "hizb": 237,
        "manzil": 7,
        "ruku": 531,
        "word_number_in_verse": 3,
        "language_code": "en",
        "text": "corruption",
        "root_word": "الۡفَسَادَ",
        "global_word_sequence_number": 76444,
        "global_verse_sequence_number": 6005
    },
    {
        "chapter": 89,
        "verse": 13,
        "juz": 30,
        "hizb": 237,
        "manzil": 7,
        "ruku": 531,
        "word_number_in_verse": 1,
        "language_code": "en",
        "text": "So poured",
        "root_word": "فَصَبَّ",
        "global_word_sequence_number": 76445,
        "global_verse_sequence_number": 6006
    },
    {
        "chapter": 89,
        "verse": 13,
        "juz": 30,
        "hizb": 237,
        "manzil": 7,
        "ruku": 531,
        "word_number_in_verse": 2,
        "language_code": "en",
        "text": "on them",
        "root_word": "عَلَيۡهِمۡ",
        "global_word_sequence_number": 76446,
        "global_verse_sequence_number": 6006
    },
    {
        "chapter": 89,
        "verse": 13,
        "juz": 30,
        "hizb": 237,
        "manzil": 7,
        "ruku": 531,
        "word_number_in_verse": 3,
        "language_code": "en",
        "text": "your Lord",
        "root_word": "رَبُّكَ",
        "global_word_sequence_number": 76447,
        "global_verse_sequence_number": 6006
    },
    {
        "chapter": 89,
        "verse": 13,
        "juz": 30,
        "hizb": 237,
        "manzil": 7,
        "ruku": 531,
        "word_number_in_verse": 4,
        "language_code": "en",
        "text": "scourge",
        "root_word": "سَوۡطَ",
        "global_word_sequence_number": 76448,
        "global_verse_sequence_number": 6006
    },
    {
        "chapter": 89,
        "verse": 13,
        "juz": 30,
        "hizb": 237,
        "manzil": 7,
        "ruku": 531,
        "word_number_in_verse": 5,
        "language_code": "en",
        "text": "(of) punishment",
        "root_word": "عَذَابٍ",
        "global_word_sequence_number": 76449,
        "global_verse_sequence_number": 6006
    },
    {
        "chapter": 89,
        "verse": 14,
        "juz": 30,
        "hizb": 237,
        "manzil": 7,
        "ruku": 531,
        "word_number_in_verse": 1,
        "language_code": "en",
        "text": "Indeed",
        "root_word": "إِنَّ",
        "global_word_sequence_number": 76450,
        "global_verse_sequence_number": 6007
    },
    {
        "chapter": 89,
        "verse": 14,
        "juz": 30,
        "hizb": 237,
        "manzil": 7,
        "ruku": 531,
        "word_number_in_verse": 2,
        "language_code": "en",
        "text": "your Lord",
        "root_word": "رَبَّكَ",
        "global_word_sequence_number": 76451,
        "global_verse_sequence_number": 6007
    },
    {
        "chapter": 89,
        "verse": 14,
        "juz": 30,
        "hizb": 237,
        "manzil": 7,
        "ruku": 531,
        "word_number_in_verse": 3,
        "language_code": "en",
        "text": "(is) surely Ever Watchful",
        "root_word": "لَبِالۡمِرۡصَادِ",
        "global_word_sequence_number": 76452,
        "global_verse_sequence_number": 6007
    },
    {
        "chapter": 89,
        "verse": 15,
        "juz": 30,
        "hizb": 237,
        "manzil": 7,
        "ruku": 531,
        "word_number_in_verse": 1,
        "language_code": "en",
        "text": "And as for",
        "root_word": "فَأَمَّا",
        "global_word_sequence_number": 76453,
        "global_verse_sequence_number": 6008
    },
    {
        "chapter": 89,
        "verse": 15,
        "juz": 30,
        "hizb": 237,
        "manzil": 7,
        "ruku": 531,
        "word_number_in_verse": 2,
        "language_code": "en",
        "text": "man",
        "root_word": "الۡإِنسَٰنُ",
        "global_word_sequence_number": 76454,
        "global_verse_sequence_number": 6008
    },
    {
        "chapter": 89,
        "verse": 15,
        "juz": 30,
        "hizb": 237,
        "manzil": 7,
        "ruku": 531,
        "word_number_in_verse": 3,
        "language_code": "en",
        "text": "when",
        "root_word": "إِذَا",
        "global_word_sequence_number": 76455,
        "global_verse_sequence_number": 6008
    },
    {
        "chapter": 89,
        "verse": 15,
        "juz": 30,
        "hizb": 237,
        "manzil": 7,
        "ruku": 531,
        "word_number_in_verse": 4,
        "language_code": "en",
        "text": "does",
        "root_word": "مَا",
        "global_word_sequence_number": 76456,
        "global_verse_sequence_number": 6008
    },
    {
        "chapter": 89,
        "verse": 15,
        "juz": 30,
        "hizb": 237,
        "manzil": 7,
        "ruku": 531,
        "word_number_in_verse": 5,
        "language_code": "en",
        "text": "try him",
        "root_word": "ابۡتَلَىٰهُ",
        "global_word_sequence_number": 76457,
        "global_verse_sequence_number": 6008
    },
    {
        "chapter": 89,
        "verse": 15,
        "juz": 30,
        "hizb": 237,
        "manzil": 7,
        "ruku": 531,
        "word_number_in_verse": 6,
        "language_code": "en",
        "text": "his Lord",
        "root_word": "رَبُّهُۥ",
        "global_word_sequence_number": 76458,
        "global_verse_sequence_number": 6008
    },
    {
        "chapter": 89,
        "verse": 15,
        "juz": 30,
        "hizb": 237,
        "manzil": 7,
        "ruku": 531,
        "word_number_in_verse": 7,
        "language_code": "en",
        "text": "and is generous to him",
        "root_word": "فَأَكۡرَمَهُۥ",
        "global_word_sequence_number": 76459,
        "global_verse_sequence_number": 6008
    },
    {
        "chapter": 89,
        "verse": 15,
        "juz": 30,
        "hizb": 237,
        "manzil": 7,
        "ruku": 531,
        "word_number_in_verse": 8,
        "language_code": "en",
        "text": "and favors him",
        "root_word": "وَنَعَّمَهُۥ",
        "global_word_sequence_number": 76460,
        "global_verse_sequence_number": 6008
    },
    {
        "chapter": 89,
        "verse": 15,
        "juz": 30,
        "hizb": 237,
        "manzil": 7,
        "ruku": 531,
        "word_number_in_verse": 9,
        "language_code": "en",
        "text": "he says",
        "root_word": "فَيَقُولُ",
        "global_word_sequence_number": 76461,
        "global_verse_sequence_number": 6008
    },
    {
        "chapter": 89,
        "verse": 15,
        "juz": 30,
        "hizb": 237,
        "manzil": 7,
        "ruku": 531,
        "word_number_in_verse": 10,
        "language_code": "en",
        "text": "My Lord",
        "root_word": "رَبِّيٓ",
        "global_word_sequence_number": 76462,
        "global_verse_sequence_number": 6008
    },
    {
        "chapter": 89,
        "verse": 15,
        "juz": 30,
        "hizb": 237,
        "manzil": 7,
        "ruku": 531,
        "word_number_in_verse": 11,
        "language_code": "en",
        "text": "has honored me",
        "root_word": "أَكۡرَمَنِ",
        "global_word_sequence_number": 76463,
        "global_verse_sequence_number": 6008
    },
    {
        "chapter": 89,
        "verse": 16,
        "juz": 30,
        "hizb": 237,
        "manzil": 7,
        "ruku": 531,
        "word_number_in_verse": 1,
        "language_code": "en",
        "text": "But",
        "root_word": "وَأَمَّآ",
        "global_word_sequence_number": 76464,
        "global_verse_sequence_number": 6009
    },
    {
        "chapter": 89,
        "verse": 16,
        "juz": 30,
        "hizb": 237,
        "manzil": 7,
        "ruku": 531,
        "word_number_in_verse": 2,
        "language_code": "en",
        "text": "when",
        "root_word": "إِذَا",
        "global_word_sequence_number": 76465,
        "global_verse_sequence_number": 6009
    },
    {
        "chapter": 89,
        "verse": 16,
        "juz": 30,
        "hizb": 237,
        "manzil": 7,
        "ruku": 531,
        "word_number_in_verse": 3,
        "language_code": "en",
        "text": "does",
        "root_word": "مَا",
        "global_word_sequence_number": 76466,
        "global_verse_sequence_number": 6009
    },
    {
        "chapter": 89,
        "verse": 16,
        "juz": 30,
        "hizb": 237,
        "manzil": 7,
        "ruku": 531,
        "word_number_in_verse": 4,
        "language_code": "en",
        "text": "He try him",
        "root_word": "ابۡتَلَىٰهُ",
        "global_word_sequence_number": 76467,
        "global_verse_sequence_number": 6009
    },
    {
        "chapter": 89,
        "verse": 16,
        "juz": 30,
        "hizb": 237,
        "manzil": 7,
        "ruku": 531,
        "word_number_in_verse": 5,
        "language_code": "en",
        "text": "and restricts",
        "root_word": "فَقَدَرَ",
        "global_word_sequence_number": 76468,
        "global_verse_sequence_number": 6009
    },
    {
        "chapter": 89,
        "verse": 16,
        "juz": 30,
        "hizb": 237,
        "manzil": 7,
        "ruku": 531,
        "word_number_in_verse": 6,
        "language_code": "en",
        "text": "for him",
        "root_word": "عَلَيۡهِ",
        "global_word_sequence_number": 76469,
        "global_verse_sequence_number": 6009
    },
    {
        "chapter": 89,
        "verse": 16,
        "juz": 30,
        "hizb": 237,
        "manzil": 7,
        "ruku": 531,
        "word_number_in_verse": 7,
        "language_code": "en",
        "text": "his provision",
        "root_word": "رِزۡقَهُۥ",
        "global_word_sequence_number": 76470,
        "global_verse_sequence_number": 6009
    },
    {
        "chapter": 89,
        "verse": 16,
        "juz": 30,
        "hizb": 237,
        "manzil": 7,
        "ruku": 531,
        "word_number_in_verse": 8,
        "language_code": "en",
        "text": "then he says",
        "root_word": "فَيَقُولُ",
        "global_word_sequence_number": 76471,
        "global_verse_sequence_number": 6009
    },
    {
        "chapter": 89,
        "verse": 16,
        "juz": 30,
        "hizb": 237,
        "manzil": 7,
        "ruku": 531,
        "word_number_in_verse": 9,
        "language_code": "en",
        "text": "My Lord",
        "root_word": "رَبِّيٓ",
        "global_word_sequence_number": 76472,
        "global_verse_sequence_number": 6009
    },
    {
        "chapter": 89,
        "verse": 16,
        "juz": 30,
        "hizb": 237,
        "manzil": 7,
        "ruku": 531,
        "word_number_in_verse": 10,
        "language_code": "en",
        "text": "(has) humiliated me",
        "root_word": "أَهَٰنَنِ",
        "global_word_sequence_number": 76473,
        "global_verse_sequence_number": 6009
    },
    {
        "chapter": 89,
        "verse": 17,
        "juz": 30,
        "hizb": 237,
        "manzil": 7,
        "ruku": 531,
        "word_number_in_verse": 1,
        "language_code": "en",
        "text": "Nay",
        "root_word": "كـَلَّاۖ",
        "global_word_sequence_number": 76474,
        "global_verse_sequence_number": 6010
    },
    {
        "chapter": 89,
        "verse": 17,
        "juz": 30,
        "hizb": 237,
        "manzil": 7,
        "ruku": 531,
        "word_number_in_verse": 2,
        "language_code": "en",
        "text": "But",
        "root_word": "بَل",
        "global_word_sequence_number": 76475,
        "global_verse_sequence_number": 6010
    },
    {
        "chapter": 89,
        "verse": 17,
        "juz": 30,
        "hizb": 237,
        "manzil": 7,
        "ruku": 531,
        "word_number_in_verse": 3,
        "language_code": "en",
        "text": "not",
        "root_word": "لَّا",
        "global_word_sequence_number": 76476,
        "global_verse_sequence_number": 6010
    },
    {
        "chapter": 89,
        "verse": 17,
        "juz": 30,
        "hizb": 237,
        "manzil": 7,
        "ruku": 531,
        "word_number_in_verse": 4,
        "language_code": "en",
        "text": "you honor",
        "root_word": "تُكۡرِمُونَ",
        "global_word_sequence_number": 76477,
        "global_verse_sequence_number": 6010
    },
    {
        "chapter": 89,
        "verse": 17,
        "juz": 30,
        "hizb": 237,
        "manzil": 7,
        "ruku": 531,
        "word_number_in_verse": 5,
        "language_code": "en",
        "text": "the orphan",
        "root_word": "الۡيَتِيمَ",
        "global_word_sequence_number": 76478,
        "global_verse_sequence_number": 6010
    },
    {
        "chapter": 89,
        "verse": 18,
        "juz": 30,
        "hizb": 237,
        "manzil": 7,
        "ruku": 531,
        "word_number_in_verse": 1,
        "language_code": "en",
        "text": "And not",
        "root_word": "وَلَا",
        "global_word_sequence_number": 76479,
        "global_verse_sequence_number": 6011
    },
    {
        "chapter": 89,
        "verse": 18,
        "juz": 30,
        "hizb": 237,
        "manzil": 7,
        "ruku": 531,
        "word_number_in_verse": 2,
        "language_code": "en",
        "text": "you feel the urge",
        "root_word": "تَحَٰٓضُّونَ",
        "global_word_sequence_number": 76480,
        "global_verse_sequence_number": 6011
    },
    {
        "chapter": 89,
        "verse": 18,
        "juz": 30,
        "hizb": 237,
        "manzil": 7,
        "ruku": 531,
        "word_number_in_verse": 3,
        "language_code": "en",
        "text": "to",
        "root_word": "عَلَىٰ",
        "global_word_sequence_number": 76481,
        "global_verse_sequence_number": 6011
    },
    {
        "chapter": 89,
        "verse": 18,
        "juz": 30,
        "hizb": 237,
        "manzil": 7,
        "ruku": 531,
        "word_number_in_verse": 4,
        "language_code": "en",
        "text": "feed",
        "root_word": "طَعَامِ",
        "global_word_sequence_number": 76482,
        "global_verse_sequence_number": 6011
    },
    {
        "chapter": 89,
        "verse": 18,
        "juz": 30,
        "hizb": 237,
        "manzil": 7,
        "ruku": 531,
        "word_number_in_verse": 5,
        "language_code": "en",
        "text": "the poor",
        "root_word": "الۡمِسۡكِينِ",
        "global_word_sequence_number": 76483,
        "global_verse_sequence_number": 6011
    },
    {
        "chapter": 89,
        "verse": 19,
        "juz": 30,
        "hizb": 237,
        "manzil": 7,
        "ruku": 531,
        "word_number_in_verse": 1,
        "language_code": "en",
        "text": "And you consume",
        "root_word": "وَتَأۡكُلُونَ",
        "global_word_sequence_number": 76484,
        "global_verse_sequence_number": 6012
    },
    {
        "chapter": 89,
        "verse": 19,
        "juz": 30,
        "hizb": 237,
        "manzil": 7,
        "ruku": 531,
        "word_number_in_verse": 2,
        "language_code": "en",
        "text": "the inheritance",
        "root_word": "التُّرَاثَ",
        "global_word_sequence_number": 76485,
        "global_verse_sequence_number": 6012
    },
    {
        "chapter": 89,
        "verse": 19,
        "juz": 30,
        "hizb": 237,
        "manzil": 7,
        "ruku": 531,
        "word_number_in_verse": 3,
        "language_code": "en",
        "text": "devouring",
        "root_word": "أَكۡلٗا",
        "global_word_sequence_number": 76486,
        "global_verse_sequence_number": 6012
    },
    {
        "chapter": 89,
        "verse": 19,
        "juz": 30,
        "hizb": 237,
        "manzil": 7,
        "ruku": 531,
        "word_number_in_verse": 4,
        "language_code": "en",
        "text": "altogether",
        "root_word": "لَّمّٗا",
        "global_word_sequence_number": 76487,
        "global_verse_sequence_number": 6012
    },
    {
        "chapter": 89,
        "verse": 20,
        "juz": 30,
        "hizb": 237,
        "manzil": 7,
        "ruku": 531,
        "word_number_in_verse": 1,
        "language_code": "en",
        "text": "And you love",
        "root_word": "وَتُحِبُّونَ",
        "global_word_sequence_number": 76488,
        "global_verse_sequence_number": 6013
    },
    {
        "chapter": 89,
        "verse": 20,
        "juz": 30,
        "hizb": 237,
        "manzil": 7,
        "ruku": 531,
        "word_number_in_verse": 2,
        "language_code": "en",
        "text": "wealth",
        "root_word": "الۡمَالَ",
        "global_word_sequence_number": 76489,
        "global_verse_sequence_number": 6013
    },
    {
        "chapter": 89,
        "verse": 20,
        "juz": 30,
        "hizb": 237,
        "manzil": 7,
        "ruku": 531,
        "word_number_in_verse": 3,
        "language_code": "en",
        "text": "(with) love",
        "root_word": "حُبّٗا",
        "global_word_sequence_number": 76490,
        "global_verse_sequence_number": 6013
    },
    {
        "chapter": 89,
        "verse": 20,
        "juz": 30,
        "hizb": 237,
        "manzil": 7,
        "ruku": 531,
        "word_number_in_verse": 4,
        "language_code": "en",
        "text": "immense",
        "root_word": "جَمّٗا",
        "global_word_sequence_number": 76491,
        "global_verse_sequence_number": 6013
    },
    {
        "chapter": 89,
        "verse": 21,
        "juz": 30,
        "hizb": 237,
        "manzil": 7,
        "ruku": 531,
        "word_number_in_verse": 1,
        "language_code": "en",
        "text": "Nay",
        "root_word": "كـَلَّآۖ",
        "global_word_sequence_number": 76492,
        "global_verse_sequence_number": 6014
    },
    {
        "chapter": 89,
        "verse": 21,
        "juz": 30,
        "hizb": 237,
        "manzil": 7,
        "ruku": 531,
        "word_number_in_verse": 2,
        "language_code": "en",
        "text": "When",
        "root_word": "إِذَا",
        "global_word_sequence_number": 76493,
        "global_verse_sequence_number": 6014
    },
    {
        "chapter": 89,
        "verse": 21,
        "juz": 30,
        "hizb": 237,
        "manzil": 7,
        "ruku": 531,
        "word_number_in_verse": 3,
        "language_code": "en",
        "text": "is leveled",
        "root_word": "دُكَّتِ",
        "global_word_sequence_number": 76494,
        "global_verse_sequence_number": 6014
    },
    {
        "chapter": 89,
        "verse": 21,
        "juz": 30,
        "hizb": 237,
        "manzil": 7,
        "ruku": 531,
        "word_number_in_verse": 4,
        "language_code": "en",
        "text": "the earth",
        "root_word": "الۡأَرۡضُ",
        "global_word_sequence_number": 76495,
        "global_verse_sequence_number": 6014
    },
    {
        "chapter": 89,
        "verse": 21,
        "juz": 30,
        "hizb": 237,
        "manzil": 7,
        "ruku": 531,
        "word_number_in_verse": 5,
        "language_code": "en",
        "text": "pounded",
        "root_word": "دَكّٗا",
        "global_word_sequence_number": 76496,
        "global_verse_sequence_number": 6014
    },
    {
        "chapter": 89,
        "verse": 21,
        "juz": 30,
        "hizb": 237,
        "manzil": 7,
        "ruku": 531,
        "word_number_in_verse": 6,
        "language_code": "en",
        "text": "(and) crushed",
        "root_word": "دَكّٗا",
        "global_word_sequence_number": 76497,
        "global_verse_sequence_number": 6014
    },
    {
        "chapter": 89,
        "verse": 22,
        "juz": 30,
        "hizb": 237,
        "manzil": 7,
        "ruku": 531,
        "word_number_in_verse": 1,
        "language_code": "en",
        "text": "And comes",
        "root_word": "وَجَآءَ",
        "global_word_sequence_number": 76498,
        "global_verse_sequence_number": 6015
    },
    {
        "chapter": 89,
        "verse": 22,
        "juz": 30,
        "hizb": 237,
        "manzil": 7,
        "ruku": 531,
        "word_number_in_verse": 2,
        "language_code": "en",
        "text": "your Lord",
        "root_word": "رَبُّكَ",
        "global_word_sequence_number": 76499,
        "global_verse_sequence_number": 6015
    },
    {
        "chapter": 89,
        "verse": 22,
        "juz": 30,
        "hizb": 237,
        "manzil": 7,
        "ruku": 531,
        "word_number_in_verse": 3,
        "language_code": "en",
        "text": "and the Angels",
        "root_word": "وَالۡمَلَكُ",
        "global_word_sequence_number": 76500,
        "global_verse_sequence_number": 6015
    },
    {
        "chapter": 89,
        "verse": 22,
        "juz": 30,
        "hizb": 237,
        "manzil": 7,
        "ruku": 531,
        "word_number_in_verse": 4,
        "language_code": "en",
        "text": "rank",
        "root_word": "صَفّٗا",
        "global_word_sequence_number": 76501,
        "global_verse_sequence_number": 6015
    },
    {
        "chapter": 89,
        "verse": 22,
        "juz": 30,
        "hizb": 237,
        "manzil": 7,
        "ruku": 531,
        "word_number_in_verse": 5,
        "language_code": "en",
        "text": "(upon) rank",
        "root_word": "صَفّٗا",
        "global_word_sequence_number": 76502,
        "global_verse_sequence_number": 6015
    },
    {
        "chapter": 89,
        "verse": 23,
        "juz": 30,
        "hizb": 237,
        "manzil": 7,
        "ruku": 531,
        "word_number_in_verse": 1,
        "language_code": "en",
        "text": "And is brought",
        "root_word": "وَجِاْيٓءَ",
        "global_word_sequence_number": 76503,
        "global_verse_sequence_number": 6016
    },
    {
        "chapter": 89,
        "verse": 23,
        "juz": 30,
        "hizb": 237,
        "manzil": 7,
        "ruku": 531,
        "word_number_in_verse": 2,
        "language_code": "en",
        "text": "that Day",
        "root_word": "يَوۡمَئِذِۭ",
        "global_word_sequence_number": 76504,
        "global_verse_sequence_number": 6016
    },
    {
        "chapter": 89,
        "verse": 23,
        "juz": 30,
        "hizb": 237,
        "manzil": 7,
        "ruku": 531,
        "word_number_in_verse": 3,
        "language_code": "en",
        "text": "Hell",
        "root_word": "بِجَهَنَّمَۚ",
        "global_word_sequence_number": 76505,
        "global_verse_sequence_number": 6016
    },
    {
        "chapter": 89,
        "verse": 23,
        "juz": 30,
        "hizb": 237,
        "manzil": 7,
        "ruku": 531,
        "word_number_in_verse": 4,
        "language_code": "en",
        "text": "That Day",
        "root_word": "يَوۡمَئِذٖ",
        "global_word_sequence_number": 76506,
        "global_verse_sequence_number": 6016
    },
    {
        "chapter": 89,
        "verse": 23,
        "juz": 30,
        "hizb": 237,
        "manzil": 7,
        "ruku": 531,
        "word_number_in_verse": 5,
        "language_code": "en",
        "text": "will remember",
        "root_word": "يَتَذَكَّرُ",
        "global_word_sequence_number": 76507,
        "global_verse_sequence_number": 6016
    },
    {
        "chapter": 89,
        "verse": 23,
        "juz": 30,
        "hizb": 237,
        "manzil": 7,
        "ruku": 531,
        "word_number_in_verse": 6,
        "language_code": "en",
        "text": "man",
        "root_word": "الۡإِنسَٰنُ",
        "global_word_sequence_number": 76508,
        "global_verse_sequence_number": 6016
    },
    {
        "chapter": 89,
        "verse": 23,
        "juz": 30,
        "hizb": 237,
        "manzil": 7,
        "ruku": 531,
        "word_number_in_verse": 7,
        "language_code": "en",
        "text": "but how",
        "root_word": "وَأَنَّىٰ",
        "global_word_sequence_number": 76509,
        "global_verse_sequence_number": 6016
    },
    {
        "chapter": 89,
        "verse": 23,
        "juz": 30,
        "hizb": 237,
        "manzil": 7,
        "ruku": 531,
        "word_number_in_verse": 8,
        "language_code": "en",
        "text": "(will be) for him",
        "root_word": "لَهُ",
        "global_word_sequence_number": 76510,
        "global_verse_sequence_number": 6016
    },
    {
        "chapter": 89,
        "verse": 23,
        "juz": 30,
        "hizb": 237,
        "manzil": 7,
        "ruku": 531,
        "word_number_in_verse": 9,
        "language_code": "en",
        "text": "the remembrance",
        "root_word": "الذِّكۡرَىٰ",
        "global_word_sequence_number": 76511,
        "global_verse_sequence_number": 6016
    },
    {
        "chapter": 89,
        "verse": 24,
        "juz": 30,
        "hizb": 237,
        "manzil": 7,
        "ruku": 531,
        "word_number_in_verse": 1,
        "language_code": "en",
        "text": "He will say",
        "root_word": "يَقُولُ",
        "global_word_sequence_number": 76512,
        "global_verse_sequence_number": 6017
    },
    {
        "chapter": 89,
        "verse": 24,
        "juz": 30,
        "hizb": 237,
        "manzil": 7,
        "ruku": 531,
        "word_number_in_verse": 2,
        "language_code": "en",
        "text": "O I wish",
        "root_word": "يَٰلَيۡتَنِي",
        "global_word_sequence_number": 76513,
        "global_verse_sequence_number": 6017
    },
    {
        "chapter": 89,
        "verse": 24,
        "juz": 30,
        "hizb": 237,
        "manzil": 7,
        "ruku": 531,
        "word_number_in_verse": 3,
        "language_code": "en",
        "text": "I had sent forth",
        "root_word": "قَدَّمۡتُ",
        "global_word_sequence_number": 76514,
        "global_verse_sequence_number": 6017
    },
    {
        "chapter": 89,
        "verse": 24,
        "juz": 30,
        "hizb": 237,
        "manzil": 7,
        "ruku": 531,
        "word_number_in_verse": 4,
        "language_code": "en",
        "text": "for my life",
        "root_word": "لِحَيَاتِي",
        "global_word_sequence_number": 76515,
        "global_verse_sequence_number": 6017
    },
    {
        "chapter": 89,
        "verse": 25,
        "juz": 30,
        "hizb": 237,
        "manzil": 7,
        "ruku": 531,
        "word_number_in_verse": 1,
        "language_code": "en",
        "text": "So that Day",
        "root_word": "فَيَوۡمَئِذٖ",
        "global_word_sequence_number": 76516,
        "global_verse_sequence_number": 6018
    },
    {
        "chapter": 89,
        "verse": 25,
        "juz": 30,
        "hizb": 237,
        "manzil": 7,
        "ruku": 531,
        "word_number_in_verse": 2,
        "language_code": "en",
        "text": "not",
        "root_word": "لَّا",
        "global_word_sequence_number": 76517,
        "global_verse_sequence_number": 6018
    },
    {
        "chapter": 89,
        "verse": 25,
        "juz": 30,
        "hizb": 237,
        "manzil": 7,
        "ruku": 531,
        "word_number_in_verse": 3,
        "language_code": "en",
        "text": "will punish",
        "root_word": "يُعَذِّبُ",
        "global_word_sequence_number": 76518,
        "global_verse_sequence_number": 6018
    },
    {
        "chapter": 89,
        "verse": 25,
        "juz": 30,
        "hizb": 237,
        "manzil": 7,
        "ruku": 531,
        "word_number_in_verse": 4,
        "language_code": "en",
        "text": "(as) His punishment",
        "root_word": "عَذَابَهُۥٓ",
        "global_word_sequence_number": 76519,
        "global_verse_sequence_number": 6018
    },
    {
        "chapter": 89,
        "verse": 25,
        "juz": 30,
        "hizb": 237,
        "manzil": 7,
        "ruku": 531,
        "word_number_in_verse": 5,
        "language_code": "en",
        "text": "anyone",
        "root_word": "أَحَدٞ",
        "global_word_sequence_number": 76520,
        "global_verse_sequence_number": 6018
    },
    {
        "chapter": 89,
        "verse": 26,
        "juz": 30,
        "hizb": 237,
        "manzil": 7,
        "ruku": 531,
        "word_number_in_verse": 1,
        "language_code": "en",
        "text": "And not",
        "root_word": "وَلَا",
        "global_word_sequence_number": 76521,
        "global_verse_sequence_number": 6019
    },
    {
        "chapter": 89,
        "verse": 26,
        "juz": 30,
        "hizb": 237,
        "manzil": 7,
        "ruku": 531,
        "word_number_in_verse": 2,
        "language_code": "en",
        "text": "will bind",
        "root_word": "يُوثِقُ",
        "global_word_sequence_number": 76522,
        "global_verse_sequence_number": 6019
    },
    {
        "chapter": 89,
        "verse": 26,
        "juz": 30,
        "hizb": 237,
        "manzil": 7,
        "ruku": 531,
        "word_number_in_verse": 3,
        "language_code": "en",
        "text": "(as) His binding",
        "root_word": "وَثَاقَهُۥٓ",
        "global_word_sequence_number": 76523,
        "global_verse_sequence_number": 6019
    },
    {
        "chapter": 89,
        "verse": 26,
        "juz": 30,
        "hizb": 237,
        "manzil": 7,
        "ruku": 531,
        "word_number_in_verse": 4,
        "language_code": "en",
        "text": "anyone",
        "root_word": "أَحَدٞ",
        "global_word_sequence_number": 76524,
        "global_verse_sequence_number": 6019
    },
    {
        "chapter": 89,
        "verse": 27,
        "juz": 30,
        "hizb": 237,
        "manzil": 7,
        "ruku": 531,
        "word_number_in_verse": 1,
        "language_code": "en",
        "text": "O",
        "root_word": "يَٰٓأَيَّتُهَا",
        "global_word_sequence_number": 76525,
        "global_verse_sequence_number": 6020
    },
    {
        "chapter": 89,
        "verse": 27,
        "juz": 30,
        "hizb": 237,
        "manzil": 7,
        "ruku": 531,
        "word_number_in_verse": 2,
        "language_code": "en",
        "text": "soul",
        "root_word": "النَّفۡسُ",
        "global_word_sequence_number": 76526,
        "global_verse_sequence_number": 6020
    },
    {
        "chapter": 89,
        "verse": 27,
        "juz": 30,
        "hizb": 237,
        "manzil": 7,
        "ruku": 531,
        "word_number_in_verse": 3,
        "language_code": "en",
        "text": "who is satisfied",
        "root_word": "الۡمُطۡمَئِنَّةُ",
        "global_word_sequence_number": 76527,
        "global_verse_sequence_number": 6020
    },
    {
        "chapter": 89,
        "verse": 28,
        "juz": 30,
        "hizb": 237,
        "manzil": 7,
        "ruku": 531,
        "word_number_in_verse": 1,
        "language_code": "en",
        "text": "Return",
        "root_word": "ارۡجِعِيٓ",
        "global_word_sequence_number": 76528,
        "global_verse_sequence_number": 6021
    },
    {
        "chapter": 89,
        "verse": 28,
        "juz": 30,
        "hizb": 237,
        "manzil": 7,
        "ruku": 531,
        "word_number_in_verse": 2,
        "language_code": "en",
        "text": "to",
        "root_word": "إِلَىٰ",
        "global_word_sequence_number": 76529,
        "global_verse_sequence_number": 6021
    },
    {
        "chapter": 89,
        "verse": 28,
        "juz": 30,
        "hizb": 237,
        "manzil": 7,
        "ruku": 531,
        "word_number_in_verse": 3,
        "language_code": "en",
        "text": "your Lord",
        "root_word": "رَبِّكِ",
        "global_word_sequence_number": 76530,
        "global_verse_sequence_number": 6021
    },
    {
        "chapter": 89,
        "verse": 28,
        "juz": 30,
        "hizb": 237,
        "manzil": 7,
        "ruku": 531,
        "word_number_in_verse": 4,
        "language_code": "en",
        "text": "well pleased",
        "root_word": "رَاضِيَةٗ",
        "global_word_sequence_number": 76531,
        "global_verse_sequence_number": 6021
    },
    {
        "chapter": 89,
        "verse": 28,
        "juz": 30,
        "hizb": 237,
        "manzil": 7,
        "ruku": 531,
        "word_number_in_verse": 5,
        "language_code": "en",
        "text": "and pleasing",
        "root_word": "مَّرۡضِيَّةٗ",
        "global_word_sequence_number": 76532,
        "global_verse_sequence_number": 6021
    },
    {
        "chapter": 89,
        "verse": 29,
        "juz": 30,
        "hizb": 237,
        "manzil": 7,
        "ruku": 531,
        "word_number_in_verse": 1,
        "language_code": "en",
        "text": "So enter",
        "root_word": "فَادۡخُلِي",
        "global_word_sequence_number": 76533,
        "global_verse_sequence_number": 6022
    },
    {
        "chapter": 89,
        "verse": 29,
        "juz": 30,
        "hizb": 237,
        "manzil": 7,
        "ruku": 531,
        "word_number_in_verse": 2,
        "language_code": "en",
        "text": "among",
        "root_word": "فِي",
        "global_word_sequence_number": 76534,
        "global_verse_sequence_number": 6022
    },
    {
        "chapter": 89,
        "verse": 29,
        "juz": 30,
        "hizb": 237,
        "manzil": 7,
        "ruku": 531,
        "word_number_in_verse": 3,
        "language_code": "en",
        "text": "My slaves",
        "root_word": "عِبَٰدِي",
        "global_word_sequence_number": 76535,
        "global_verse_sequence_number": 6022
    },
    {
        "chapter": 89,
        "verse": 30,
        "juz": 30,
        "hizb": 237,
        "manzil": 7,
        "ruku": 531,
        "word_number_in_verse": 1,
        "language_code": "en",
        "text": "And enter",
        "root_word": "وَادۡخُلِي",
        "global_word_sequence_number": 76536,
        "global_verse_sequence_number": 6023
    },
    {
        "chapter": 89,
        "verse": 30,
        "juz": 30,
        "hizb": 237,
        "manzil": 7,
        "ruku": 531,
        "word_number_in_verse": 2,
        "language_code": "en",
        "text": "My Paradise",
        "root_word": "جَنَّتِي",
        "global_word_sequence_number": 76537,
        "global_verse_sequence_number": 6023
    }
]