[
    {
        "chapter": 90,
        "verse": 1,
        "juz": 30,
        "hizb": 238,
        "manzil": 7,
        "ruku": 532,
        "word_number_in_verse": 1,
        "language_code": "en",
        "text": "Nay",
        "root_word": "لَآ",
        "global_word_sequence_number": 76538,
        "global_verse_sequence_number": 6024
    },
    {
        "chapter": 90,
        "verse": 1,
        "juz": 30,
        "hizb": 238,
        "manzil": 7,
        "ruku": 532,
        "word_number_in_verse": 2,
        "language_code": "en",
        "text": "I swear",
        "root_word": "أُقۡسِمُ",
        "global_word_sequence_number": 76539,
        "global_verse_sequence_number": 6024
    },
    {
        "chapter": 90,
        "verse": 1,
        "juz": 30,
        "hizb": 238,
        "manzil": 7,
        "ruku": 532,
        "word_number_in_verse": 3,
        "language_code": "en",
        "text": "by this",
        "root_word": "بِهَٰذَا",
        "global_word_sequence_number": 76540,
        "global_verse_sequence_number": 6024
    },
    {
        "chapter": 90,
        "verse": 1,
        "juz": 30,
        "hizb": 238,
        "manzil": 7,
        "ruku": 532,
        "word_number_in_verse": 4,
        "language_code": "en",
        "text": "city",
        "root_word": "الۡبَلَدِ",
        "global_word_sequence_number": 76541,
        "global_verse_sequence_number": 6024
    },
    {
        "chapter": 90,
        "verse": 2,
        "juz": 30,
        "hizb": 238,
        "manzil": 7,
        "ruku": 532,
        "word_number_in_verse": 1,
        "language_code": "en",
        "text": "And you",
        "root_word": "وَأَنتَ",
        "global_word_sequence_number": 76542,
        "global_verse_sequence_number": 6025
    },
    {
        "chapter": 90,
        "verse": 2,
        "juz": 30,
        "hizb": 238,
        "manzil": 7,
        "ruku": 532,
        "word_number_in_verse": 2,
        "language_code": "en",
        "text": "(are) free (to dwell)",
        "root_word": "حِلُّۢ",
        "global_word_sequence_number": 76543,
        "global_verse_sequence_number": 6025
    },
    {
        "chapter": 90,
        "verse": 2,
        "juz": 30,
        "hizb": 238,
        "manzil": 7,
        "ruku": 532,
        "word_number_in_verse": 3,
        "language_code": "en",
        "text": "in this",
        "root_word": "بِهَٰذَا",
        "global_word_sequence_number": 76544,
        "global_verse_sequence_number": 6025
    },
    {
        "chapter": 90,
        "verse": 2,
        "juz": 30,
        "hizb": 238,
        "manzil": 7,
        "ruku": 532,
        "word_number_in_verse": 4,
        "language_code": "en",
        "text": "city",
        "root_word": "الۡبَلَدِ",
        "global_word_sequence_number": 76545,
        "global_verse_sequence_number": 6025
    },
    {
        "chapter": 90,
        "verse": 3,
        "juz": 30,
        "hizb": 238,
        "manzil": 7,
        "ruku": 532,
        "word_number_in_verse": 1,
        "language_code": "en",
        "text": "And the begetter",
        "root_word": "وَوَالِدٖ",
        "global_word_sequence_number": 76546,
        "global_verse_sequence_number": 6026
    },
    {
        "chapter": 90,
        "verse": 3,
        "juz": 30,
        "hizb": 238,
        "manzil": 7,
        "ruku": 532,
        "word_number_in_verse": 2,
        "language_code": "en",
        "text": "and what",
        "root_word": "وَمَا",
        "global_word_sequence_number": 76547,
        "global_verse_sequence_number": 6026
    },
    {
        "chapter": 90,
        "verse": 3,
        "juz": 30,
        "hizb": 238,
        "manzil": 7,
        "ruku": 532,
        "word_number_in_verse": 3,
        "language_code": "en",
        "text": "he begot",
        "root_word": "وَلَدَ",
        "global_word_sequence_number": 76548,
        "global_verse_sequence_number": 6026
    },
    {
        "chapter": 90,
        "verse": 4,
        "juz": 30,
        "hizb": 238,
        "manzil": 7,
        "ruku": 532,
        "word_number_in_verse": 1,
        "language_code": "en",
        "text": "Certainly",
        "root_word": "لَقَدۡ",
        "global_word_sequence_number": 76549,
        "global_verse_sequence_number": 6027
    },
    {
        "chapter": 90,
        "verse": 4,
        "juz": 30,
        "hizb": 238,
        "manzil": 7,
        "ruku": 532,
        "word_number_in_verse": 2,
        "language_code": "en",
        "text": "We have created",
        "root_word": "خَلَقۡنَا",
        "global_word_sequence_number": 76550,
        "global_verse_sequence_number": 6027
    },
    {
        "chapter": 90,
        "verse": 4,
        "juz": 30,
        "hizb": 238,
        "manzil": 7,
        "ruku": 532,
        "word_number_in_verse": 3,
        "language_code": "en",
        "text": "man",
        "root_word": "الۡإِنسَٰنَ",
        "global_word_sequence_number": 76551,
        "global_verse_sequence_number": 6027
    },
    {
        "chapter": 90,
        "verse": 4,
        "juz": 30,
        "hizb": 238,
        "manzil": 7,
        "ruku": 532,
        "word_number_in_verse": 4,
        "language_code": "en",
        "text": "(to be) in",
        "root_word": "فِي",
        "global_word_sequence_number": 76552,
        "global_verse_sequence_number": 6027
    },
    {
        "chapter": 90,
        "verse": 4,
        "juz": 30,
        "hizb": 238,
        "manzil": 7,
        "ruku": 532,
        "word_number_in_verse": 5,
        "language_code": "en",
        "text": "hardship",
        "root_word": "كَبَدٍ",
        "global_word_sequence_number": 76553,
        "global_verse_sequence_number": 6027
    },
    {
        "chapter": 90,
        "verse": 5,
        "juz": 30,
        "hizb": 238,
        "manzil": 7,
        "ruku": 532,
        "word_number_in_verse": 1,
        "language_code": "en",
        "text": "Does he think",
        "root_word": "أَيَحۡسَبُ",
        "global_word_sequence_number": 76554,
        "global_verse_sequence_number": 6028
    },
    {
        "chapter": 90,
        "verse": 5,
        "juz": 30,
        "hizb": 238,
        "manzil": 7,
        "ruku": 532,
        "word_number_in_verse": 2,
        "language_code": "en",
        "text": "that",
        "root_word": "أَن",
        "global_word_sequence_number": 76555,
        "global_verse_sequence_number": 6028
    },
    {
        "chapter": 90,
        "verse": 5,
        "juz": 30,
        "hizb": 238,
        "manzil": 7,
        "ruku": 532,
        "word_number_in_verse": 3,
        "language_code": "en",
        "text": "not",
        "root_word": "لَّن",
        "global_word_sequence_number": 76556,
        "global_verse_sequence_number": 6028
    },
    {
        "chapter": 90,
        "verse": 5,
        "juz": 30,
        "hizb": 238,
        "manzil": 7,
        "ruku": 532,
        "word_number_in_verse": 4,
        "language_code": "en",
        "text": "has power",
        "root_word": "يَقۡدِرَ",
        "global_word_sequence_number": 76557,
        "global_verse_sequence_number": 6028
    },
    {
        "chapter": 90,
        "verse": 5,
        "juz": 30,
        "hizb": 238,
        "manzil": 7,
        "ruku": 532,
        "word_number_in_verse": 5,
        "language_code": "en",
        "text": "over him",
        "root_word": "عَلَيۡهِ",
        "global_word_sequence_number": 76558,
        "global_verse_sequence_number": 6028
    },
    {
        "chapter": 90,
        "verse": 5,
        "juz": 30,
        "hizb": 238,
        "manzil": 7,
        "ruku": 532,
        "word_number_in_verse": 6,
        "language_code": "en",
        "text": "anyone",
        "root_word": "أَحَدٞ",
        "global_word_sequence_number": 76559,
        "global_verse_sequence_number": 6028
    },
    {
        "chapter": 90,
        "verse": 6,
        "juz": 30,
        "hizb": 238,
        "manzil": 7,
        "ruku": 532,
        "word_number_in_verse": 1,
        "language_code": "en",
        "text": "He will say",
        "root_word": "يَقُولُ",
        "global_word_sequence_number": 76560,
        "global_verse_sequence_number": 6029
    },
    {
        "chapter": 90,
        "verse": 6,
        "juz": 30,
        "hizb": 238,
        "manzil": 7,
        "ruku": 532,
        "word_number_in_verse": 2,
        "language_code": "en",
        "text": "I have squandered",
        "root_word": "أَهۡلَكۡتُ",
        "global_word_sequence_number": 76561,
        "global_verse_sequence_number": 6029
    },
    {
        "chapter": 90,
        "verse": 6,
        "juz": 30,
        "hizb": 238,
        "manzil": 7,
        "ruku": 532,
        "word_number_in_verse": 3,
        "language_code": "en",
        "text": "wealth",
        "root_word": "مَالٗا",
        "global_word_sequence_number": 76562,
        "global_verse_sequence_number": 6029
    },
    {
        "chapter": 90,
        "verse": 6,
        "juz": 30,
        "hizb": 238,
        "manzil": 7,
        "ruku": 532,
        "word_number_in_verse": 4,
        "language_code": "en",
        "text": "abundant",
        "root_word": "لُّبَدًا",
        "global_word_sequence_number": 76563,
        "global_verse_sequence_number": 6029
    },
    {
        "chapter": 90,
        "verse": 7,
        "juz": 30,
        "hizb": 238,
        "manzil": 7,
        "ruku": 532,
        "word_number_in_verse": 1,
        "language_code": "en",
        "text": "Does he think",
        "root_word": "أَيَحۡسَبُ",
        "global_word_sequence_number": 76564,
        "global_verse_sequence_number": 6030
    },
    {
        "chapter": 90,
        "verse": 7,
        "juz": 30,
        "hizb": 238,
        "manzil": 7,
        "ruku": 532,
        "word_number_in_verse": 2,
        "language_code": "en",
        "text": "that",
        "root_word": "أَن",
        "global_word_sequence_number": 76565,
        "global_verse_sequence_number": 6030
    },
    {
        "chapter": 90,
        "verse": 7,
        "juz": 30,
        "hizb": 238,
        "manzil": 7,
        "ruku": 532,
        "word_number_in_verse": 3,
        "language_code": "en",
        "text": "not",
        "root_word": "لَّمۡ",
        "global_word_sequence_number": 76566,
        "global_verse_sequence_number": 6030
    },
    {
        "chapter": 90,
        "verse": 7,
        "juz": 30,
        "hizb": 238,
        "manzil": 7,
        "ruku": 532,
        "word_number_in_verse": 4,
        "language_code": "en",
        "text": "sees him",
        "root_word": "يَرَهُۥٓ",
        "global_word_sequence_number": 76567,
        "global_verse_sequence_number": 6030
    },
    {
        "chapter": 90,
        "verse": 7,
        "juz": 30,
        "hizb": 238,
        "manzil": 7,
        "ruku": 532,
        "word_number_in_verse": 5,
        "language_code": "en",
        "text": "anyone",
        "root_word": "أَحَدٌ",
        "global_word_sequence_number": 76568,
        "global_verse_sequence_number": 6030
    },
    {
        "chapter": 90,
        "verse": 8,
        "juz": 30,
        "hizb": 238,
        "manzil": 7,
        "ruku": 532,
        "word_number_in_verse": 1,
        "language_code": "en",
        "text": "Have not",
        "root_word": "أَلَمۡ",
        "global_word_sequence_number": 76569,
        "global_verse_sequence_number": 6031
    },
    {
        "chapter": 90,
        "verse": 8,
        "juz": 30,
        "hizb": 238,
        "manzil": 7,
        "ruku": 532,
        "word_number_in_verse": 2,
        "language_code": "en",
        "text": "We made",
        "root_word": "نَجۡعَل",
        "global_word_sequence_number": 76570,
        "global_verse_sequence_number": 6031
    },
    {
        "chapter": 90,
        "verse": 8,
        "juz": 30,
        "hizb": 238,
        "manzil": 7,
        "ruku": 532,
        "word_number_in_verse": 3,
        "language_code": "en",
        "text": "for him",
        "root_word": "لَّهُۥ",
        "global_word_sequence_number": 76571,
        "global_verse_sequence_number": 6031
    },
    {
        "chapter": 90,
        "verse": 8,
        "juz": 30,
        "hizb": 238,
        "manzil": 7,
        "ruku": 532,
        "word_number_in_verse": 4,
        "language_code": "en",
        "text": "two eyes",
        "root_word": "عَيۡنَيۡنِ",
        "global_word_sequence_number": 76572,
        "global_verse_sequence_number": 6031
    },
    {
        "chapter": 90,
        "verse": 9,
        "juz": 30,
        "hizb": 238,
        "manzil": 7,
        "ruku": 532,
        "word_number_in_verse": 1,
        "language_code": "en",
        "text": "And a tongue",
        "root_word": "وَلِسَانٗا",
        "global_word_sequence_number": 76573,
        "global_verse_sequence_number": 6032
    },
    {
        "chapter": 90,
        "verse": 9,
        "juz": 30,
        "hizb": 238,
        "manzil": 7,
        "ruku": 532,
        "word_number_in_verse": 2,
        "language_code": "en",
        "text": "and two lips",
        "root_word": "وَشَفَتَيۡنِ",
        "global_word_sequence_number": 76574,
        "global_verse_sequence_number": 6032
    },
    {
        "chapter": 90,
        "verse": 10,
        "juz": 30,
        "hizb": 238,
        "manzil": 7,
        "ruku": 532,
        "word_number_in_verse": 1,
        "language_code": "en",
        "text": "And shown him",
        "root_word": "وَهَدَيۡنَٰهُ",
        "global_word_sequence_number": 76575,
        "global_verse_sequence_number": 6033
    },
    {
        "chapter": 90,
        "verse": 10,
        "juz": 30,
        "hizb": 238,
        "manzil": 7,
        "ruku": 532,
        "word_number_in_verse": 2,
        "language_code": "en",
        "text": "the two ways",
        "root_word": "النَّجۡدَيۡنِ",
        "global_word_sequence_number": 76576,
        "global_verse_sequence_number": 6033
    },
    {
        "chapter": 90,
        "verse": 11,
        "juz": 30,
        "hizb": 238,
        "manzil": 7,
        "ruku": 532,
        "word_number_in_verse": 1,
        "language_code": "en",
        "text": "But not",
        "root_word": "فَلَا",
        "global_word_sequence_number": 76577,
        "global_verse_sequence_number": 6034
    },
    {
        "chapter": 90,
        "verse": 11,
        "juz": 30,
        "hizb": 238,
        "manzil": 7,
        "ruku": 532,
        "word_number_in_verse": 2,
        "language_code": "en",
        "text": "he has attempted",
        "root_word": "اقۡتَحَمَ",
        "global_word_sequence_number": 76578,
        "global_verse_sequence_number": 6034
    },
    {
        "chapter": 90,
        "verse": 11,
        "juz": 30,
        "hizb": 238,
        "manzil": 7,
        "ruku": 532,
        "word_number_in_verse": 3,
        "language_code": "en",
        "text": "the steep path",
        "root_word": "الۡعَقَبَةَ",
        "global_word_sequence_number": 76579,
        "global_verse_sequence_number": 6034
    },
    {
        "chapter": 90,
        "verse": 12,
        "juz": 30,
        "hizb": 238,
        "manzil": 7,
        "ruku": 532,
        "word_number_in_verse": 1,
        "language_code": "en",
        "text": "And what",
        "root_word": "وَمَآ",
        "global_word_sequence_number": 76580,
        "global_verse_sequence_number": 6035
    },
    {
        "chapter": 90,
        "verse": 12,
        "juz": 30,
        "hizb": 238,
        "manzil": 7,
        "ruku": 532,
        "word_number_in_verse": 2,
        "language_code": "en",
        "text": "can make you know",
        "root_word": "أَدۡرَىٰكَ",
        "global_word_sequence_number": 76581,
        "global_verse_sequence_number": 6035
    },
    {
        "chapter": 90,
        "verse": 12,
        "juz": 30,
        "hizb": 238,
        "manzil": 7,
        "ruku": 532,
        "word_number_in_verse": 3,
        "language_code": "en",
        "text": "what",
        "root_word": "مَا",
        "global_word_sequence_number": 76582,
        "global_verse_sequence_number": 6035
    },
    {
        "chapter": 90,
        "verse": 12,
        "juz": 30,
        "hizb": 238,
        "manzil": 7,
        "ruku": 532,
        "word_number_in_verse": 4,
        "language_code": "en",
        "text": "the steep path (is)",
        "root_word": "الۡعَقَبَةُ",
        "global_word_sequence_number": 76583,
        "global_verse_sequence_number": 6035
    },
    {
        "chapter": 90,
        "verse": 13,
        "juz": 30,
        "hizb": 238,
        "manzil": 7,
        "ruku": 532,
        "word_number_in_verse": 1,
        "language_code": "en",
        "text": "(It is) freeing",
        "root_word": "فَكُّ",
        "global_word_sequence_number": 76584,
        "global_verse_sequence_number": 6036
    },
    {
        "chapter": 90,
        "verse": 13,
        "juz": 30,
        "hizb": 238,
        "manzil": 7,
        "ruku": 532,
        "word_number_in_verse": 2,
        "language_code": "en",
        "text": "a neck",
        "root_word": "رَقَبَةٍ",
        "global_word_sequence_number": 76585,
        "global_verse_sequence_number": 6036
    },
    {
        "chapter": 90,
        "verse": 14,
        "juz": 30,
        "hizb": 238,
        "manzil": 7,
        "ruku": 532,
        "word_number_in_verse": 1,
        "language_code": "en",
        "text": "Or",
        "root_word": "أَوۡ",
        "global_word_sequence_number": 76586,
        "global_verse_sequence_number": 6037
    },
    {
        "chapter": 90,
        "verse": 14,
        "juz": 30,
        "hizb": 238,
        "manzil": 7,
        "ruku": 532,
        "word_number_in_verse": 2,
        "language_code": "en",
        "text": "feeding",
        "root_word": "إِطۡعَٰمٞ",
        "global_word_sequence_number": 76587,
        "global_verse_sequence_number": 6037
    },
    {
        "chapter": 90,
        "verse": 14,
        "juz": 30,
        "hizb": 238,
        "manzil": 7,
        "ruku": 532,
        "word_number_in_verse": 3,
        "language_code": "en",
        "text": "in",
        "root_word": "فِي",
        "global_word_sequence_number": 76588,
        "global_verse_sequence_number": 6037
    },
    {
        "chapter": 90,
        "verse": 14,
        "juz": 30,
        "hizb": 238,
        "manzil": 7,
        "ruku": 532,
        "word_number_in_verse": 4,
        "language_code": "en",
        "text": "a day",
        "root_word": "يَوۡمٖ",
        "global_word_sequence_number": 76589,
        "global_verse_sequence_number": 6037
    },
    {
        "chapter": 90,
        "verse": 14,
        "juz": 30,
        "hizb": 238,
        "manzil": 7,
        "ruku": 532,
        "word_number_in_verse": 5,
        "language_code": "en",
        "text": "of",
        "root_word": "ذِي",
        "global_word_sequence_number": 76590,
        "global_verse_sequence_number": 6037
    },
    {
        "chapter": 90,
        "verse": 14,
        "juz": 30,
        "hizb": 238,
        "manzil": 7,
        "ruku": 532,
        "word_number_in_verse": 6,
        "language_code": "en",
        "text": "severe hunger",
        "root_word": "مَسۡغَبَةٖ",
        "global_word_sequence_number": 76591,
        "global_verse_sequence_number": 6037
    },
    {
        "chapter": 90,
        "verse": 15,
        "juz": 30,
        "hizb": 238,
        "manzil": 7,
        "ruku": 532,
        "word_number_in_verse": 1,
        "language_code": "en",
        "text": "An orphan",
        "root_word": "يَتِيمٗا",
        "global_word_sequence_number": 76592,
        "global_verse_sequence_number": 6038
    },
    {
        "chapter": 90,
        "verse": 15,
        "juz": 30,
        "hizb": 238,
        "manzil": 7,
        "ruku": 532,
        "word_number_in_verse": 2,
        "language_code": "en",
        "text": "of",
        "root_word": "ذَا",
        "global_word_sequence_number": 76593,
        "global_verse_sequence_number": 6038
    },
    {
        "chapter": 90,
        "verse": 15,
        "juz": 30,
        "hizb": 238,
        "manzil": 7,
        "ruku": 532,
        "word_number_in_verse": 3,
        "language_code": "en",
        "text": "near relationship",
        "root_word": "مَقۡرَبَةٍ",
        "global_word_sequence_number": 76594,
        "global_verse_sequence_number": 6038
    },
    {
        "chapter": 90,
        "verse": 16,
        "juz": 30,
        "hizb": 238,
        "manzil": 7,
        "ruku": 532,
        "word_number_in_verse": 1,
        "language_code": "en",
        "text": "Or",
        "root_word": "أَوۡ",
        "global_word_sequence_number": 76595,
        "global_verse_sequence_number": 6039
    },
    {
        "chapter": 90,
        "verse": 16,
        "juz": 30,
        "hizb": 238,
        "manzil": 7,
        "ruku": 532,
        "word_number_in_verse": 2,
        "language_code": "en",
        "text": "a needy person",
        "root_word": "مِسۡكِينٗا",
        "global_word_sequence_number": 76596,
        "global_verse_sequence_number": 6039
    },
    {
        "chapter": 90,
        "verse": 16,
        "juz": 30,
        "hizb": 238,
        "manzil": 7,
        "ruku": 532,
        "word_number_in_verse": 3,
        "language_code": "en",
        "text": "in",
        "root_word": "ذَا",
        "global_word_sequence_number": 76597,
        "global_verse_sequence_number": 6039
    },
    {
        "chapter": 90,
        "verse": 16,
        "juz": 30,
        "hizb": 238,
        "manzil": 7,
        "ruku": 532,
        "word_number_in_verse": 4,
        "language_code": "en",
        "text": "misery",
        "root_word": "مَتۡرَبَةٖ",
        "global_word_sequence_number": 76598,
        "global_verse_sequence_number": 6039
    },
    {
        "chapter": 90,
        "verse": 17,
        "juz": 30,
        "hizb": 238,
        "manzil": 7,
        "ruku": 532,
        "word_number_in_verse": 1,
        "language_code": "en",
        "text": "Then",
        "root_word": "ثُمَّ",
        "global_word_sequence_number": 76599,
        "global_verse_sequence_number": 6040
    },
    {
        "chapter": 90,
        "verse": 17,
        "juz": 30,
        "hizb": 238,
        "manzil": 7,
        "ruku": 532,
        "word_number_in_verse": 2,
        "language_code": "en",
        "text": "he is",
        "root_word": "كَانَ",
        "global_word_sequence_number": 76600,
        "global_verse_sequence_number": 6040
    },
    {
        "chapter": 90,
        "verse": 17,
        "juz": 30,
        "hizb": 238,
        "manzil": 7,
        "ruku": 532,
        "word_number_in_verse": 3,
        "language_code": "en",
        "text": "of",
        "root_word": "مِنَ",
        "global_word_sequence_number": 76601,
        "global_verse_sequence_number": 6040
    },
    {
        "chapter": 90,
        "verse": 17,
        "juz": 30,
        "hizb": 238,
        "manzil": 7,
        "ruku": 532,
        "word_number_in_verse": 4,
        "language_code": "en",
        "text": "those who",
        "root_word": "الَّذِينَ",
        "global_word_sequence_number": 76602,
        "global_verse_sequence_number": 6040
    },
    {
        "chapter": 90,
        "verse": 17,
        "juz": 30,
        "hizb": 238,
        "manzil": 7,
        "ruku": 532,
        "word_number_in_verse": 5,
        "language_code": "en",
        "text": "believe",
        "root_word": "ءَامَنُواْ",
        "global_word_sequence_number": 76603,
        "global_verse_sequence_number": 6040
    },
    {
        "chapter": 90,
        "verse": 17,
        "juz": 30,
        "hizb": 238,
        "manzil": 7,
        "ruku": 532,
        "word_number_in_verse": 6,
        "language_code": "en",
        "text": "and enjoin (each other)",
        "root_word": "وَتَوَاصَوۡاْ",
        "global_word_sequence_number": 76604,
        "global_verse_sequence_number": 6040
    },
    {
        "chapter": 90,
        "verse": 17,
        "juz": 30,
        "hizb": 238,
        "manzil": 7,
        "ruku": 532,
        "word_number_in_verse": 7,
        "language_code": "en",
        "text": "to patience",
        "root_word": "بِالصَّبۡرِ",
        "global_word_sequence_number": 76605,
        "global_verse_sequence_number": 6040
    },
    {
        "chapter": 90,
        "verse": 17,
        "juz": 30,
        "hizb": 238,
        "manzil": 7,
        "ruku": 532,
        "word_number_in_verse": 8,
        "language_code": "en",
        "text": "and enjoin (each other)",
        "root_word": "وَتَوَاصَوۡاْ",
        "global_word_sequence_number": 76606,
        "global_verse_sequence_number": 6040
    },
    {
        "chapter": 90,
        "verse": 17,
        "juz": 30,
        "hizb": 238,
        "manzil": 7,
        "ruku": 532,
        "word_number_in_verse": 9,
        "language_code": "en",
        "text": "to compassion",
        "root_word": "بِالۡمَرۡحَمَةِ",
        "global_word_sequence_number": 76607,
        "global_verse_sequence_number": 6040
    },
    {
        "chapter": 90,
        "verse": 18,
        "juz": 30,
        "hizb": 238,
        "manzil": 7,
        "ruku": 532,
        "word_number_in_verse": 1,
        "language_code": "en",
        "text": "Those",
        "root_word": "أُوْلَٰٓئِكَ",
        "global_word_sequence_number": 76608,
        "global_verse_sequence_number": 6041
    },
    {
        "chapter": 90,
        "verse": 18,
        "juz": 30,
        "hizb": 238,
        "manzil": 7,
        "ruku": 532,
        "word_number_in_verse": 2,
        "language_code": "en",
        "text": "(are the) companions",
        "root_word": "أَصۡحَٰبُ",
        "global_word_sequence_number": 76609,
        "global_verse_sequence_number": 6041
    },
    {
        "chapter": 90,
        "verse": 18,
        "juz": 30,
        "hizb": 238,
        "manzil": 7,
        "ruku": 532,
        "word_number_in_verse": 3,
        "language_code": "en",
        "text": "(of) the right (hand)",
        "root_word": "الۡمَيۡمَنَةِ",
        "global_word_sequence_number": 76610,
        "global_verse_sequence_number": 6041
    },
    {
        "chapter": 90,
        "verse": 19,
        "juz": 30,
        "hizb": 238,
        "manzil": 7,
        "ruku": 532,
        "word_number_in_verse": 1,
        "language_code": "en",
        "text": "But those who",
        "root_word": "وَالَّذِينَ",
        "global_word_sequence_number": 76611,
        "global_verse_sequence_number": 6042
    },
    {
        "chapter": 90,
        "verse": 19,
        "juz": 30,
        "hizb": 238,
        "manzil": 7,
        "ruku": 532,
        "word_number_in_verse": 2,
        "language_code": "en",
        "text": "disbelieve",
        "root_word": "كَفَرُواْ",
        "global_word_sequence_number": 76612,
        "global_verse_sequence_number": 6042
    },
    {
        "chapter": 90,
        "verse": 19,
        "juz": 30,
        "hizb": 238,
        "manzil": 7,
        "ruku": 532,
        "word_number_in_verse": 3,
        "language_code": "en",
        "text": "in Our Verses",
        "root_word": "بِـَٔايَٰتِنَا",
        "global_word_sequence_number": 76613,
        "global_verse_sequence_number": 6042
    },
    {
        "chapter": 90,
        "verse": 19,
        "juz": 30,
        "hizb": 238,
        "manzil": 7,
        "ruku": 532,
        "word_number_in_verse": 4,
        "language_code": "en",
        "text": "they",
        "root_word": "هُمۡ",
        "global_word_sequence_number": 76614,
        "global_verse_sequence_number": 6042
    },
    {
        "chapter": 90,
        "verse": 19,
        "juz": 30,
        "hizb": 238,
        "manzil": 7,
        "ruku": 532,
        "word_number_in_verse": 5,
        "language_code": "en",
        "text": "(are the) companions",
        "root_word": "أَصۡحَٰبُ",
        "global_word_sequence_number": 76615,
        "global_verse_sequence_number": 6042
    },
    {
        "chapter": 90,
        "verse": 19,
        "juz": 30,
        "hizb": 238,
        "manzil": 7,
        "ruku": 532,
        "word_number_in_verse": 6,
        "language_code": "en",
        "text": "(of) the left (hand)",
        "root_word": "الۡمَشۡـَٔمَةِ",
        "global_word_sequence_number": 76616,
        "global_verse_sequence_number": 6042
    },
    {
        "chapter": 90,
        "verse": 20,
        "juz": 30,
        "hizb": 238,
        "manzil": 7,
        "ruku": 532,
        "word_number_in_verse": 1,
        "language_code": "en",
        "text": "Over them",
        "root_word": "عَلَيۡهِمۡ",
        "global_word_sequence_number": 76617,
        "global_verse_sequence_number": 6043
    },
    {
        "chapter": 90,
        "verse": 20,
        "juz": 30,
        "hizb": 238,
        "manzil": 7,
        "ruku": 532,
        "word_number_in_verse": 2,
        "language_code": "en",
        "text": "(will be the) Fire",
        "root_word": "نَارٞ",
        "global_word_sequence_number": 76618,
        "global_verse_sequence_number": 6043
    },
    {
        "chapter": 90,
        "verse": 20,
        "juz": 30,
        "hizb": 238,
        "manzil": 7,
        "ruku": 532,
        "word_number_in_verse": 3,
        "language_code": "en",
        "text": "closed in",
        "root_word": "مُّؤۡصَدَةُۢ",
        "global_word_sequence_number": 76619,
        "global_verse_sequence_number": 6043
    }
]