[
    {
        "chapter": 91,
        "verse": 1,
        "juz": 30,
        "hizb": 238,
        "manzil": 7,
        "ruku": 533,
        "word_number_in_verse": 1,
        "language_code": "en",
        "text": "By the sun",
        "root_word": "وَالشَّمۡسِ",
        "global_word_sequence_number": 76620,
        "global_verse_sequence_number": 6044
    },
    {
        "chapter": 91,
        "verse": 1,
        "juz": 30,
        "hizb": 238,
        "manzil": 7,
        "ruku": 533,
        "word_number_in_verse": 2,
        "language_code": "en",
        "text": "and its brightness",
        "root_word": "وَضُحَىٰهَا",
        "global_word_sequence_number": 76621,
        "global_verse_sequence_number": 6044
    },
    {
        "chapter": 91,
        "verse": 2,
        "juz": 30,
        "hizb": 238,
        "manzil": 7,
        "ruku": 533,
        "word_number_in_verse": 1,
        "language_code": "en",
        "text": "And the moon",
        "root_word": "وَالۡقَمَرِ",
        "global_word_sequence_number": 76622,
        "global_verse_sequence_number": 6045
    },
    {
        "chapter": 91,
        "verse": 2,
        "juz": 30,
        "hizb": 238,
        "manzil": 7,
        "ruku": 533,
        "word_number_in_verse": 2,
        "language_code": "en",
        "text": "when",
        "root_word": "إِذَا",
        "global_word_sequence_number": 76623,
        "global_verse_sequence_number": 6045
    },
    {
        "chapter": 91,
        "verse": 2,
        "juz": 30,
        "hizb": 238,
        "manzil": 7,
        "ruku": 533,
        "word_number_in_verse": 3,
        "language_code": "en",
        "text": "it follows it",
        "root_word": "تَلَىٰهَا",
        "global_word_sequence_number": 76624,
        "global_verse_sequence_number": 6045
    },
    {
        "chapter": 91,
        "verse": 3,
        "juz": 30,
        "hizb": 238,
        "manzil": 7,
        "ruku": 533,
        "word_number_in_verse": 1,
        "language_code": "en",
        "text": "And the day",
        "root_word": "وَالنَّهَارِ",
        "global_word_sequence_number": 76625,
        "global_verse_sequence_number": 6046
    },
    {
        "chapter": 91,
        "verse": 3,
        "juz": 30,
        "hizb": 238,
        "manzil": 7,
        "ruku": 533,
        "word_number_in_verse": 2,
        "language_code": "en",
        "text": "when",
        "root_word": "إِذَا",
        "global_word_sequence_number": 76626,
        "global_verse_sequence_number": 6046
    },
    {
        "chapter": 91,
        "verse": 3,
        "juz": 30,
        "hizb": 238,
        "manzil": 7,
        "ruku": 533,
        "word_number_in_verse": 3,
        "language_code": "en",
        "text": "it displays it",
        "root_word": "جَلَّىٰهَا",
        "global_word_sequence_number": 76627,
        "global_verse_sequence_number": 6046
    },
    {
        "chapter": 91,
        "verse": 4,
        "juz": 30,
        "hizb": 238,
        "manzil": 7,
        "ruku": 533,
        "word_number_in_verse": 1,
        "language_code": "en",
        "text": "And the night",
        "root_word": "وَالَّيۡلِ",
        "global_word_sequence_number": 76628,
        "global_verse_sequence_number": 6047
    },
    {
        "chapter": 91,
        "verse": 4,
        "juz": 30,
        "hizb": 238,
        "manzil": 7,
        "ruku": 533,
        "word_number_in_verse": 2,
        "language_code": "en",
        "text": "when",
        "root_word": "إِذَا",
        "global_word_sequence_number": 76629,
        "global_verse_sequence_number": 6047
    },
    {
        "chapter": 91,
        "verse": 4,
        "juz": 30,
        "hizb": 238,
        "manzil": 7,
        "ruku": 533,
        "word_number_in_verse": 3,
        "language_code": "en",
        "text": "it covers it",
        "root_word": "يَغۡشَىٰهَا",
        "global_word_sequence_number": 76630,
        "global_verse_sequence_number": 6047
    },
    {
        "chapter": 91,
        "verse": 5,
        "juz": 30,
        "hizb": 238,
        "manzil": 7,
        "ruku": 533,
        "word_number_in_verse": 1,
        "language_code": "en",
        "text": "And the heaven",
        "root_word": "وَالسَّمَآءِ",
        "global_word_sequence_number": 76631,
        "global_verse_sequence_number": 6048
    },
    {
        "chapter": 91,
        "verse": 5,
        "juz": 30,
        "hizb": 238,
        "manzil": 7,
        "ruku": 533,
        "word_number_in_verse": 2,
        "language_code": "en",
        "text": "and (He) Who",
        "root_word": "وَمَا",
        "global_word_sequence_number": 76632,
        "global_verse_sequence_number": 6048
    },
    {
        "chapter": 91,
        "verse": 5,
        "juz": 30,
        "hizb": 238,
        "manzil": 7,
        "ruku": 533,
        "word_number_in_verse": 3,
        "language_code": "en",
        "text": "constructed it",
        "root_word": "بَنَىٰهَا",
        "global_word_sequence_number": 76633,
        "global_verse_sequence_number": 6048
    },
    {
        "chapter": 91,
        "verse": 6,
        "juz": 30,
        "hizb": 238,
        "manzil": 7,
        "ruku": 533,
        "word_number_in_verse": 1,
        "language_code": "en",
        "text": "And the earth",
        "root_word": "وَالۡأَرۡضِ",
        "global_word_sequence_number": 76634,
        "global_verse_sequence_number": 6049
    },
    {
        "chapter": 91,
        "verse": 6,
        "juz": 30,
        "hizb": 238,
        "manzil": 7,
        "ruku": 533,
        "word_number_in_verse": 2,
        "language_code": "en",
        "text": "and by (He) Who",
        "root_word": "وَمَا",
        "global_word_sequence_number": 76635,
        "global_verse_sequence_number": 6049
    },
    {
        "chapter": 91,
        "verse": 6,
        "juz": 30,
        "hizb": 238,
        "manzil": 7,
        "ruku": 533,
        "word_number_in_verse": 3,
        "language_code": "en",
        "text": "spread it",
        "root_word": "طَحَىٰهَا",
        "global_word_sequence_number": 76636,
        "global_verse_sequence_number": 6049
    },
    {
        "chapter": 91,
        "verse": 7,
        "juz": 30,
        "hizb": 238,
        "manzil": 7,
        "ruku": 533,
        "word_number_in_verse": 1,
        "language_code": "en",
        "text": "And (the) soul",
        "root_word": "وَنَفۡسٖ",
        "global_word_sequence_number": 76637,
        "global_verse_sequence_number": 6050
    },
    {
        "chapter": 91,
        "verse": 7,
        "juz": 30,
        "hizb": 238,
        "manzil": 7,
        "ruku": 533,
        "word_number_in_verse": 2,
        "language_code": "en",
        "text": "and (He) Who",
        "root_word": "وَمَا",
        "global_word_sequence_number": 76638,
        "global_verse_sequence_number": 6050
    },
    {
        "chapter": 91,
        "verse": 7,
        "juz": 30,
        "hizb": 238,
        "manzil": 7,
        "ruku": 533,
        "word_number_in_verse": 3,
        "language_code": "en",
        "text": "proportioned it",
        "root_word": "سَوَّىٰهَا",
        "global_word_sequence_number": 76639,
        "global_verse_sequence_number": 6050
    },
    {
        "chapter": 91,
        "verse": 8,
        "juz": 30,
        "hizb": 238,
        "manzil": 7,
        "ruku": 533,
        "word_number_in_verse": 1,
        "language_code": "en",
        "text": "And He inspired it",
        "root_word": "فَأَلۡهَمَهَا",
        "global_word_sequence_number": 76640,
        "global_verse_sequence_number": 6051
    },
    {
        "chapter": 91,
        "verse": 8,
        "juz": 30,
        "hizb": 238,
        "manzil": 7,
        "ruku": 533,
        "word_number_in_verse": 2,
        "language_code": "en",
        "text": "(to distinguish) its wickedness",
        "root_word": "فُجُورَهَا",
        "global_word_sequence_number": 76641,
        "global_verse_sequence_number": 6051
    },
    {
        "chapter": 91,
        "verse": 8,
        "juz": 30,
        "hizb": 238,
        "manzil": 7,
        "ruku": 533,
        "word_number_in_verse": 3,
        "language_code": "en",
        "text": "and its righteousness",
        "root_word": "وَتَقۡوَىٰهَا",
        "global_word_sequence_number": 76642,
        "global_verse_sequence_number": 6051
    },
    {
        "chapter": 91,
        "verse": 9,
        "juz": 30,
        "hizb": 238,
        "manzil": 7,
        "ruku": 533,
        "word_number_in_verse": 1,
        "language_code": "en",
        "text": "Indeed",
        "root_word": "قَدۡ",
        "global_word_sequence_number": 76643,
        "global_verse_sequence_number": 6052
    },
    {
        "chapter": 91,
        "verse": 9,
        "juz": 30,
        "hizb": 238,
        "manzil": 7,
        "ruku": 533,
        "word_number_in_verse": 2,
        "language_code": "en",
        "text": "he succeeds",
        "root_word": "أَفۡلَحَ",
        "global_word_sequence_number": 76644,
        "global_verse_sequence_number": 6052
    },
    {
        "chapter": 91,
        "verse": 9,
        "juz": 30,
        "hizb": 238,
        "manzil": 7,
        "ruku": 533,
        "word_number_in_verse": 3,
        "language_code": "en",
        "text": "who",
        "root_word": "مَن",
        "global_word_sequence_number": 76645,
        "global_verse_sequence_number": 6052
    },
    {
        "chapter": 91,
        "verse": 9,
        "juz": 30,
        "hizb": 238,
        "manzil": 7,
        "ruku": 533,
        "word_number_in_verse": 4,
        "language_code": "en",
        "text": "purifies it",
        "root_word": "زَكَّىٰهَا",
        "global_word_sequence_number": 76646,
        "global_verse_sequence_number": 6052
    },
    {
        "chapter": 91,
        "verse": 10,
        "juz": 30,
        "hizb": 238,
        "manzil": 7,
        "ruku": 533,
        "word_number_in_verse": 1,
        "language_code": "en",
        "text": "And indeed",
        "root_word": "وَقَدۡ",
        "global_word_sequence_number": 76647,
        "global_verse_sequence_number": 6053
    },
    {
        "chapter": 91,
        "verse": 10,
        "juz": 30,
        "hizb": 238,
        "manzil": 7,
        "ruku": 533,
        "word_number_in_verse": 2,
        "language_code": "en",
        "text": "he fails",
        "root_word": "خَابَ",
        "global_word_sequence_number": 76648,
        "global_verse_sequence_number": 6053
    },
    {
        "chapter": 91,
        "verse": 10,
        "juz": 30,
        "hizb": 238,
        "manzil": 7,
        "ruku": 533,
        "word_number_in_verse": 3,
        "language_code": "en",
        "text": "who",
        "root_word": "مَن",
        "global_word_sequence_number": 76649,
        "global_verse_sequence_number": 6053
    },
    {
        "chapter": 91,
        "verse": 10,
        "juz": 30,
        "hizb": 238,
        "manzil": 7,
        "ruku": 533,
        "word_number_in_verse": 4,
        "language_code": "en",
        "text": "buries it",
        "root_word": "دَسَّىٰهَا",
        "global_word_sequence_number": 76650,
        "global_verse_sequence_number": 6053
    },
    {
        "chapter": 91,
        "verse": 11,
        "juz": 30,
        "hizb": 238,
        "manzil": 7,
        "ruku": 533,
        "word_number_in_verse": 1,
        "language_code": "en",
        "text": "Denied",
        "root_word": "كَذَّبَتۡ",
        "global_word_sequence_number": 76651,
        "global_verse_sequence_number": 6054
    },
    {
        "chapter": 91,
        "verse": 11,
        "juz": 30,
        "hizb": 238,
        "manzil": 7,
        "ruku": 533,
        "word_number_in_verse": 2,
        "language_code": "en",
        "text": "Thamud",
        "root_word": "ثَمُودُ",
        "global_word_sequence_number": 76652,
        "global_verse_sequence_number": 6054
    },
    {
        "chapter": 91,
        "verse": 11,
        "juz": 30,
        "hizb": 238,
        "manzil": 7,
        "ruku": 533,
        "word_number_in_verse": 3,
        "language_code": "en",
        "text": "by their transgression",
        "root_word": "بِطَغۡوَىٰهَآ",
        "global_word_sequence_number": 76653,
        "global_verse_sequence_number": 6054
    },
    {
        "chapter": 91,
        "verse": 12,
        "juz": 30,
        "hizb": 238,
        "manzil": 7,
        "ruku": 533,
        "word_number_in_verse": 1,
        "language_code": "en",
        "text": "When",
        "root_word": "إِذِ",
        "global_word_sequence_number": 76654,
        "global_verse_sequence_number": 6055
    },
    {
        "chapter": 91,
        "verse": 12,
        "juz": 30,
        "hizb": 238,
        "manzil": 7,
        "ruku": 533,
        "word_number_in_verse": 2,
        "language_code": "en",
        "text": "(was) sent forth",
        "root_word": "انۢبَعَثَ",
        "global_word_sequence_number": 76655,
        "global_verse_sequence_number": 6055
    },
    {
        "chapter": 91,
        "verse": 12,
        "juz": 30,
        "hizb": 238,
        "manzil": 7,
        "ruku": 533,
        "word_number_in_verse": 3,
        "language_code": "en",
        "text": "(the) most wicked of them",
        "root_word": "أَشۡقَىٰهَا",
        "global_word_sequence_number": 76656,
        "global_verse_sequence_number": 6055
    },
    {
        "chapter": 91,
        "verse": 13,
        "juz": 30,
        "hizb": 238,
        "manzil": 7,
        "ruku": 533,
        "word_number_in_verse": 1,
        "language_code": "en",
        "text": "But said",
        "root_word": "فَقَالَ",
        "global_word_sequence_number": 76657,
        "global_verse_sequence_number": 6056
    },
    {
        "chapter": 91,
        "verse": 13,
        "juz": 30,
        "hizb": 238,
        "manzil": 7,
        "ruku": 533,
        "word_number_in_verse": 2,
        "language_code": "en",
        "text": "to them",
        "root_word": "لَهُمۡ",
        "global_word_sequence_number": 76658,
        "global_verse_sequence_number": 6056
    },
    {
        "chapter": 91,
        "verse": 13,
        "juz": 30,
        "hizb": 238,
        "manzil": 7,
        "ruku": 533,
        "word_number_in_verse": 3,
        "language_code": "en",
        "text": "(the) Messenger",
        "root_word": "رَسُولُ",
        "global_word_sequence_number": 76659,
        "global_verse_sequence_number": 6056
    },
    {
        "chapter": 91,
        "verse": 13,
        "juz": 30,
        "hizb": 238,
        "manzil": 7,
        "ruku": 533,
        "word_number_in_verse": 4,
        "language_code": "en",
        "text": "(of) Allah",
        "root_word": "اللَّهِ",
        "global_word_sequence_number": 76660,
        "global_verse_sequence_number": 6056
    },
    {
        "chapter": 91,
        "verse": 13,
        "juz": 30,
        "hizb": 238,
        "manzil": 7,
        "ruku": 533,
        "word_number_in_verse": 5,
        "language_code": "en",
        "text": "(It is the) she-camel",
        "root_word": "نَاقَةَ",
        "global_word_sequence_number": 76661,
        "global_verse_sequence_number": 6056
    },
    {
        "chapter": 91,
        "verse": 13,
        "juz": 30,
        "hizb": 238,
        "manzil": 7,
        "ruku": 533,
        "word_number_in_verse": 6,
        "language_code": "en",
        "text": "(of) Allah",
        "root_word": "اللَّهِ",
        "global_word_sequence_number": 76662,
        "global_verse_sequence_number": 6056
    },
    {
        "chapter": 91,
        "verse": 13,
        "juz": 30,
        "hizb": 238,
        "manzil": 7,
        "ruku": 533,
        "word_number_in_verse": 7,
        "language_code": "en",
        "text": "and her drink",
        "root_word": "وَسُقۡيَٰهَا",
        "global_word_sequence_number": 76663,
        "global_verse_sequence_number": 6056
    },
    {
        "chapter": 91,
        "verse": 14,
        "juz": 30,
        "hizb": 238,
        "manzil": 7,
        "ruku": 533,
        "word_number_in_verse": 1,
        "language_code": "en",
        "text": "But they denied him",
        "root_word": "فَكَذَّبُوهُ",
        "global_word_sequence_number": 76664,
        "global_verse_sequence_number": 6057
    },
    {
        "chapter": 91,
        "verse": 14,
        "juz": 30,
        "hizb": 238,
        "manzil": 7,
        "ruku": 533,
        "word_number_in_verse": 2,
        "language_code": "en",
        "text": "and they hamstrung her",
        "root_word": "فَعَقَرُوهَا",
        "global_word_sequence_number": 76665,
        "global_verse_sequence_number": 6057
    },
    {
        "chapter": 91,
        "verse": 14,
        "juz": 30,
        "hizb": 238,
        "manzil": 7,
        "ruku": 533,
        "word_number_in_verse": 3,
        "language_code": "en",
        "text": "So destroyed",
        "root_word": "فَدَمۡدَمَ",
        "global_word_sequence_number": 76666,
        "global_verse_sequence_number": 6057
    },
    {
        "chapter": 91,
        "verse": 14,
        "juz": 30,
        "hizb": 238,
        "manzil": 7,
        "ruku": 533,
        "word_number_in_verse": 4,
        "language_code": "en",
        "text": "them",
        "root_word": "عَلَيۡهِمۡ",
        "global_word_sequence_number": 76667,
        "global_verse_sequence_number": 6057
    },
    {
        "chapter": 91,
        "verse": 14,
        "juz": 30,
        "hizb": 238,
        "manzil": 7,
        "ruku": 533,
        "word_number_in_verse": 5,
        "language_code": "en",
        "text": "their Lord",
        "root_word": "رَبُّهُم",
        "global_word_sequence_number": 76668,
        "global_verse_sequence_number": 6057
    },
    {
        "chapter": 91,
        "verse": 14,
        "juz": 30,
        "hizb": 238,
        "manzil": 7,
        "ruku": 533,
        "word_number_in_verse": 6,
        "language_code": "en",
        "text": "for their sin",
        "root_word": "بِذَنۢبِهِمۡ",
        "global_word_sequence_number": 76669,
        "global_verse_sequence_number": 6057
    },
    {
        "chapter": 91,
        "verse": 14,
        "juz": 30,
        "hizb": 238,
        "manzil": 7,
        "ruku": 533,
        "word_number_in_verse": 7,
        "language_code": "en",
        "text": "and leveled them",
        "root_word": "فَسَوَّىٰهَا",
        "global_word_sequence_number": 76670,
        "global_verse_sequence_number": 6057
    },
    {
        "chapter": 91,
        "verse": 15,
        "juz": 30,
        "hizb": 238,
        "manzil": 7,
        "ruku": 533,
        "word_number_in_verse": 1,
        "language_code": "en",
        "text": "And not",
        "root_word": "وَلَا",
        "global_word_sequence_number": 76671,
        "global_verse_sequence_number": 6058
    },
    {
        "chapter": 91,
        "verse": 15,
        "juz": 30,
        "hizb": 238,
        "manzil": 7,
        "ruku": 533,
        "word_number_in_verse": 2,
        "language_code": "en",
        "text": "He fears",
        "root_word": "يَخَافُ",
        "global_word_sequence_number": 76672,
        "global_verse_sequence_number": 6058
    },
    {
        "chapter": 91,
        "verse": 15,
        "juz": 30,
        "hizb": 238,
        "manzil": 7,
        "ruku": 533,
        "word_number_in_verse": 3,
        "language_code": "en",
        "text": "its consequences",
        "root_word": "عُقۡبَٰهَا",
        "global_word_sequence_number": 76673,
        "global_verse_sequence_number": 6058
    }
]