[
    {
        "chapter": 92,
        "verse": 1,
        "juz": 30,
        "hizb": 238,
        "manzil": 7,
        "ruku": 534,
        "word_number_in_verse": 1,
        "language_code": "en",
        "text": "By the night",
        "root_word": "وَالَّيۡلِ",
        "global_word_sequence_number": 76674,
        "global_verse_sequence_number": 6059
    },
    {
        "chapter": 92,
        "verse": 1,
        "juz": 30,
        "hizb": 238,
        "manzil": 7,
        "ruku": 534,
        "word_number_in_verse": 2,
        "language_code": "en",
        "text": "when",
        "root_word": "إِذَا",
        "global_word_sequence_number": 76675,
        "global_verse_sequence_number": 6059
    },
    {
        "chapter": 92,
        "verse": 1,
        "juz": 30,
        "hizb": 238,
        "manzil": 7,
        "ruku": 534,
        "word_number_in_verse": 3,
        "language_code": "en",
        "text": "it covers",
        "root_word": "يَغۡشَىٰ",
        "global_word_sequence_number": 76676,
        "global_verse_sequence_number": 6059
    },
    {
        "chapter": 92,
        "verse": 2,
        "juz": 30,
        "hizb": 238,
        "manzil": 7,
        "ruku": 534,
        "word_number_in_verse": 1,
        "language_code": "en",
        "text": "And the day",
        "root_word": "وَالنَّهَارِ",
        "global_word_sequence_number": 76677,
        "global_verse_sequence_number": 6060
    },
    {
        "chapter": 92,
        "verse": 2,
        "juz": 30,
        "hizb": 238,
        "manzil": 7,
        "ruku": 534,
        "word_number_in_verse": 2,
        "language_code": "en",
        "text": "when",
        "root_word": "إِذَا",
        "global_word_sequence_number": 76678,
        "global_verse_sequence_number": 6060
    },
    {
        "chapter": 92,
        "verse": 2,
        "juz": 30,
        "hizb": 238,
        "manzil": 7,
        "ruku": 534,
        "word_number_in_verse": 3,
        "language_code": "en",
        "text": "it shines in brightness",
        "root_word": "تَجَلَّىٰ",
        "global_word_sequence_number": 76679,
        "global_verse_sequence_number": 6060
    },
    {
        "chapter": 92,
        "verse": 3,
        "juz": 30,
        "hizb": 238,
        "manzil": 7,
        "ruku": 534,
        "word_number_in_verse": 1,
        "language_code": "en",
        "text": "And He Who",
        "root_word": "وَمَا",
        "global_word_sequence_number": 76680,
        "global_verse_sequence_number": 6061
    },
    {
        "chapter": 92,
        "verse": 3,
        "juz": 30,
        "hizb": 238,
        "manzil": 7,
        "ruku": 534,
        "word_number_in_verse": 2,
        "language_code": "en",
        "text": "created",
        "root_word": "خَلَقَ",
        "global_word_sequence_number": 76681,
        "global_verse_sequence_number": 6061
    },
    {
        "chapter": 92,
        "verse": 3,
        "juz": 30,
        "hizb": 238,
        "manzil": 7,
        "ruku": 534,
        "word_number_in_verse": 3,
        "language_code": "en",
        "text": "the male",
        "root_word": "الذَّكَرَ",
        "global_word_sequence_number": 76682,
        "global_verse_sequence_number": 6061
    },
    {
        "chapter": 92,
        "verse": 3,
        "juz": 30,
        "hizb": 238,
        "manzil": 7,
        "ruku": 534,
        "word_number_in_verse": 4,
        "language_code": "en",
        "text": "and the female",
        "root_word": "وَالۡأُنثَىٰٓ",
        "global_word_sequence_number": 76683,
        "global_verse_sequence_number": 6061
    },
    {
        "chapter": 92,
        "verse": 4,
        "juz": 30,
        "hizb": 238,
        "manzil": 7,
        "ruku": 534,
        "word_number_in_verse": 1,
        "language_code": "en",
        "text": "Indeed",
        "root_word": "إِنَّ",
        "global_word_sequence_number": 76684,
        "global_verse_sequence_number": 6062
    },
    {
        "chapter": 92,
        "verse": 4,
        "juz": 30,
        "hizb": 238,
        "manzil": 7,
        "ruku": 534,
        "word_number_in_verse": 2,
        "language_code": "en",
        "text": "your efforts",
        "root_word": "سَعۡيَكُمۡ",
        "global_word_sequence_number": 76685,
        "global_verse_sequence_number": 6062
    },
    {
        "chapter": 92,
        "verse": 4,
        "juz": 30,
        "hizb": 238,
        "manzil": 7,
        "ruku": 534,
        "word_number_in_verse": 3,
        "language_code": "en",
        "text": "(are) surely diverse",
        "root_word": "لَشَتَّىٰ",
        "global_word_sequence_number": 76686,
        "global_verse_sequence_number": 6062
    },
    {
        "chapter": 92,
        "verse": 5,
        "juz": 30,
        "hizb": 238,
        "manzil": 7,
        "ruku": 534,
        "word_number_in_verse": 1,
        "language_code": "en",
        "text": "Then as for",
        "root_word": "فَأَمَّا",
        "global_word_sequence_number": 76687,
        "global_verse_sequence_number": 6063
    },
    {
        "chapter": 92,
        "verse": 5,
        "juz": 30,
        "hizb": 238,
        "manzil": 7,
        "ruku": 534,
        "word_number_in_verse": 2,
        "language_code": "en",
        "text": "(him) who",
        "root_word": "مَنۡ",
        "global_word_sequence_number": 76688,
        "global_verse_sequence_number": 6063
    },
    {
        "chapter": 92,
        "verse": 5,
        "juz": 30,
        "hizb": 238,
        "manzil": 7,
        "ruku": 534,
        "word_number_in_verse": 3,
        "language_code": "en",
        "text": "gives",
        "root_word": "أَعۡطَىٰ",
        "global_word_sequence_number": 76689,
        "global_verse_sequence_number": 6063
    },
    {
        "chapter": 92,
        "verse": 5,
        "juz": 30,
        "hizb": 238,
        "manzil": 7,
        "ruku": 534,
        "word_number_in_verse": 4,
        "language_code": "en",
        "text": "and fears",
        "root_word": "وَاتَّقَىٰ",
        "global_word_sequence_number": 76690,
        "global_verse_sequence_number": 6063
    },
    {
        "chapter": 92,
        "verse": 6,
        "juz": 30,
        "hizb": 238,
        "manzil": 7,
        "ruku": 534,
        "word_number_in_verse": 1,
        "language_code": "en",
        "text": "And believes",
        "root_word": "وَصَدَّقَ",
        "global_word_sequence_number": 76691,
        "global_verse_sequence_number": 6064
    },
    {
        "chapter": 92,
        "verse": 6,
        "juz": 30,
        "hizb": 238,
        "manzil": 7,
        "ruku": 534,
        "word_number_in_verse": 2,
        "language_code": "en",
        "text": "in the best",
        "root_word": "بِالۡحُسۡنَىٰ",
        "global_word_sequence_number": 76692,
        "global_verse_sequence_number": 6064
    },
    {
        "chapter": 92,
        "verse": 7,
        "juz": 30,
        "hizb": 238,
        "manzil": 7,
        "ruku": 534,
        "word_number_in_verse": 1,
        "language_code": "en",
        "text": "Then We will ease him",
        "root_word": "فَسَنُيَسِّرُهُۥ",
        "global_word_sequence_number": 76693,
        "global_verse_sequence_number": 6065
    },
    {
        "chapter": 92,
        "verse": 7,
        "juz": 30,
        "hizb": 238,
        "manzil": 7,
        "ruku": 534,
        "word_number_in_verse": 2,
        "language_code": "en",
        "text": "towards [the] ease",
        "root_word": "لِلۡيُسۡرَىٰ",
        "global_word_sequence_number": 76694,
        "global_verse_sequence_number": 6065
    },
    {
        "chapter": 92,
        "verse": 8,
        "juz": 30,
        "hizb": 238,
        "manzil": 7,
        "ruku": 534,
        "word_number_in_verse": 1,
        "language_code": "en",
        "text": "But as for",
        "root_word": "وَأَمَّا",
        "global_word_sequence_number": 76695,
        "global_verse_sequence_number": 6066
    },
    {
        "chapter": 92,
        "verse": 8,
        "juz": 30,
        "hizb": 238,
        "manzil": 7,
        "ruku": 534,
        "word_number_in_verse": 2,
        "language_code": "en",
        "text": "(him) who",
        "root_word": "مَنۢ",
        "global_word_sequence_number": 76696,
        "global_verse_sequence_number": 6066
    },
    {
        "chapter": 92,
        "verse": 8,
        "juz": 30,
        "hizb": 238,
        "manzil": 7,
        "ruku": 534,
        "word_number_in_verse": 3,
        "language_code": "en",
        "text": "withholds",
        "root_word": "بَخِلَ",
        "global_word_sequence_number": 76697,
        "global_verse_sequence_number": 6066
    },
    {
        "chapter": 92,
        "verse": 8,
        "juz": 30,
        "hizb": 238,
        "manzil": 7,
        "ruku": 534,
        "word_number_in_verse": 4,
        "language_code": "en",
        "text": "and considers himself free from need",
        "root_word": "وَاسۡتَغۡنَىٰ",
        "global_word_sequence_number": 76698,
        "global_verse_sequence_number": 6066
    },
    {
        "chapter": 92,
        "verse": 9,
        "juz": 30,
        "hizb": 238,
        "manzil": 7,
        "ruku": 534,
        "word_number_in_verse": 1,
        "language_code": "en",
        "text": "And denies",
        "root_word": "وَكَذَّبَ",
        "global_word_sequence_number": 76699,
        "global_verse_sequence_number": 6067
    },
    {
        "chapter": 92,
        "verse": 9,
        "juz": 30,
        "hizb": 238,
        "manzil": 7,
        "ruku": 534,
        "word_number_in_verse": 2,
        "language_code": "en",
        "text": "the best",
        "root_word": "بِالۡحُسۡنَىٰ",
        "global_word_sequence_number": 76700,
        "global_verse_sequence_number": 6067
    },
    {
        "chapter": 92,
        "verse": 10,
        "juz": 30,
        "hizb": 238,
        "manzil": 7,
        "ruku": 534,
        "word_number_in_verse": 1,
        "language_code": "en",
        "text": "Then We will ease him",
        "root_word": "فَسَنُيَسِّرُهُۥ",
        "global_word_sequence_number": 76701,
        "global_verse_sequence_number": 6068
    },
    {
        "chapter": 92,
        "verse": 10,
        "juz": 30,
        "hizb": 238,
        "manzil": 7,
        "ruku": 534,
        "word_number_in_verse": 2,
        "language_code": "en",
        "text": "towards [the] difficulty",
        "root_word": "لِلۡعُسۡرَىٰ",
        "global_word_sequence_number": 76702,
        "global_verse_sequence_number": 6068
    },
    {
        "chapter": 92,
        "verse": 11,
        "juz": 30,
        "hizb": 238,
        "manzil": 7,
        "ruku": 534,
        "word_number_in_verse": 1,
        "language_code": "en",
        "text": "And not",
        "root_word": "وَمَا",
        "global_word_sequence_number": 76703,
        "global_verse_sequence_number": 6069
    },
    {
        "chapter": 92,
        "verse": 11,
        "juz": 30,
        "hizb": 238,
        "manzil": 7,
        "ruku": 534,
        "word_number_in_verse": 2,
        "language_code": "en",
        "text": "will avail",
        "root_word": "يُغۡنِي",
        "global_word_sequence_number": 76704,
        "global_verse_sequence_number": 6069
    },
    {
        "chapter": 92,
        "verse": 11,
        "juz": 30,
        "hizb": 238,
        "manzil": 7,
        "ruku": 534,
        "word_number_in_verse": 3,
        "language_code": "en",
        "text": "him",
        "root_word": "عَنۡهُ",
        "global_word_sequence_number": 76705,
        "global_verse_sequence_number": 6069
    },
    {
        "chapter": 92,
        "verse": 11,
        "juz": 30,
        "hizb": 238,
        "manzil": 7,
        "ruku": 534,
        "word_number_in_verse": 4,
        "language_code": "en",
        "text": "his wealth",
        "root_word": "مَالُهُۥٓ",
        "global_word_sequence_number": 76706,
        "global_verse_sequence_number": 6069
    },
    {
        "chapter": 92,
        "verse": 11,
        "juz": 30,
        "hizb": 238,
        "manzil": 7,
        "ruku": 534,
        "word_number_in_verse": 5,
        "language_code": "en",
        "text": "when",
        "root_word": "إِذَا",
        "global_word_sequence_number": 76707,
        "global_verse_sequence_number": 6069
    },
    {
        "chapter": 92,
        "verse": 11,
        "juz": 30,
        "hizb": 238,
        "manzil": 7,
        "ruku": 534,
        "word_number_in_verse": 6,
        "language_code": "en",
        "text": "he falls",
        "root_word": "تَرَدَّىٰٓ",
        "global_word_sequence_number": 76708,
        "global_verse_sequence_number": 6069
    },
    {
        "chapter": 92,
        "verse": 12,
        "juz": 30,
        "hizb": 238,
        "manzil": 7,
        "ruku": 534,
        "word_number_in_verse": 1,
        "language_code": "en",
        "text": "Indeed",
        "root_word": "إِنَّ",
        "global_word_sequence_number": 76709,
        "global_verse_sequence_number": 6070
    },
    {
        "chapter": 92,
        "verse": 12,
        "juz": 30,
        "hizb": 238,
        "manzil": 7,
        "ruku": 534,
        "word_number_in_verse": 2,
        "language_code": "en",
        "text": "upon Us",
        "root_word": "عَلَيۡنَا",
        "global_word_sequence_number": 76710,
        "global_verse_sequence_number": 6070
    },
    {
        "chapter": 92,
        "verse": 12,
        "juz": 30,
        "hizb": 238,
        "manzil": 7,
        "ruku": 534,
        "word_number_in_verse": 3,
        "language_code": "en",
        "text": "(is) the guidance",
        "root_word": "لَلۡهُدَىٰ",
        "global_word_sequence_number": 76711,
        "global_verse_sequence_number": 6070
    },
    {
        "chapter": 92,
        "verse": 13,
        "juz": 30,
        "hizb": 238,
        "manzil": 7,
        "ruku": 534,
        "word_number_in_verse": 1,
        "language_code": "en",
        "text": "And indeed",
        "root_word": "وَإِنَّ",
        "global_word_sequence_number": 76712,
        "global_verse_sequence_number": 6071
    },
    {
        "chapter": 92,
        "verse": 13,
        "juz": 30,
        "hizb": 238,
        "manzil": 7,
        "ruku": 534,
        "word_number_in_verse": 2,
        "language_code": "en",
        "text": "for Us",
        "root_word": "لَنَا",
        "global_word_sequence_number": 76713,
        "global_verse_sequence_number": 6071
    },
    {
        "chapter": 92,
        "verse": 13,
        "juz": 30,
        "hizb": 238,
        "manzil": 7,
        "ruku": 534,
        "word_number_in_verse": 3,
        "language_code": "en",
        "text": "(is) the Hereafter",
        "root_word": "لَلۡأٓخِرَةَ",
        "global_word_sequence_number": 76714,
        "global_verse_sequence_number": 6071
    },
    {
        "chapter": 92,
        "verse": 13,
        "juz": 30,
        "hizb": 238,
        "manzil": 7,
        "ruku": 534,
        "word_number_in_verse": 4,
        "language_code": "en",
        "text": "and the first (life)",
        "root_word": "وَالۡأُولَىٰ",
        "global_word_sequence_number": 76715,
        "global_verse_sequence_number": 6071
    },
    {
        "chapter": 92,
        "verse": 14,
        "juz": 30,
        "hizb": 238,
        "manzil": 7,
        "ruku": 534,
        "word_number_in_verse": 1,
        "language_code": "en",
        "text": "So I warn you",
        "root_word": "فَأَنذَرۡتُكُمۡ",
        "global_word_sequence_number": 76716,
        "global_verse_sequence_number": 6072
    },
    {
        "chapter": 92,
        "verse": 14,
        "juz": 30,
        "hizb": 238,
        "manzil": 7,
        "ruku": 534,
        "word_number_in_verse": 2,
        "language_code": "en",
        "text": "(of) a Fire",
        "root_word": "نَارٗا",
        "global_word_sequence_number": 76717,
        "global_verse_sequence_number": 6072
    },
    {
        "chapter": 92,
        "verse": 14,
        "juz": 30,
        "hizb": 238,
        "manzil": 7,
        "ruku": 534,
        "word_number_in_verse": 3,
        "language_code": "en",
        "text": "blazing",
        "root_word": "تَلَظَّىٰ",
        "global_word_sequence_number": 76718,
        "global_verse_sequence_number": 6072
    },
    {
        "chapter": 92,
        "verse": 15,
        "juz": 30,
        "hizb": 238,
        "manzil": 7,
        "ruku": 534,
        "word_number_in_verse": 1,
        "language_code": "en",
        "text": "Not",
        "root_word": "لَا",
        "global_word_sequence_number": 76719,
        "global_verse_sequence_number": 6073
    },
    {
        "chapter": 92,
        "verse": 15,
        "juz": 30,
        "hizb": 238,
        "manzil": 7,
        "ruku": 534,
        "word_number_in_verse": 2,
        "language_code": "en",
        "text": "will burn (in) it",
        "root_word": "يَصۡلَىٰهَآ",
        "global_word_sequence_number": 76720,
        "global_verse_sequence_number": 6073
    },
    {
        "chapter": 92,
        "verse": 15,
        "juz": 30,
        "hizb": 238,
        "manzil": 7,
        "ruku": 534,
        "word_number_in_verse": 3,
        "language_code": "en",
        "text": "except",
        "root_word": "إِلَّا",
        "global_word_sequence_number": 76721,
        "global_verse_sequence_number": 6073
    },
    {
        "chapter": 92,
        "verse": 15,
        "juz": 30,
        "hizb": 238,
        "manzil": 7,
        "ruku": 534,
        "word_number_in_verse": 4,
        "language_code": "en",
        "text": "the most wretched",
        "root_word": "الۡأَشۡقَى",
        "global_word_sequence_number": 76722,
        "global_verse_sequence_number": 6073
    },
    {
        "chapter": 92,
        "verse": 16,
        "juz": 30,
        "hizb": 238,
        "manzil": 7,
        "ruku": 534,
        "word_number_in_verse": 1,
        "language_code": "en",
        "text": "The one who",
        "root_word": "الَّذِي",
        "global_word_sequence_number": 76723,
        "global_verse_sequence_number": 6074
    },
    {
        "chapter": 92,
        "verse": 16,
        "juz": 30,
        "hizb": 238,
        "manzil": 7,
        "ruku": 534,
        "word_number_in_verse": 2,
        "language_code": "en",
        "text": "denied",
        "root_word": "كَذَّبَ",
        "global_word_sequence_number": 76724,
        "global_verse_sequence_number": 6074
    },
    {
        "chapter": 92,
        "verse": 16,
        "juz": 30,
        "hizb": 238,
        "manzil": 7,
        "ruku": 534,
        "word_number_in_verse": 3,
        "language_code": "en",
        "text": "and turned away",
        "root_word": "وَتَوَلَّىٰ",
        "global_word_sequence_number": 76725,
        "global_verse_sequence_number": 6074
    },
    {
        "chapter": 92,
        "verse": 17,
        "juz": 30,
        "hizb": 238,
        "manzil": 7,
        "ruku": 534,
        "word_number_in_verse": 1,
        "language_code": "en",
        "text": "But will be removed from it",
        "root_word": "وَسَيُجَنَّبُهَا",
        "global_word_sequence_number": 76726,
        "global_verse_sequence_number": 6075
    },
    {
        "chapter": 92,
        "verse": 17,
        "juz": 30,
        "hizb": 238,
        "manzil": 7,
        "ruku": 534,
        "word_number_in_verse": 2,
        "language_code": "en",
        "text": "the righteous",
        "root_word": "الۡأَتۡقَى",
        "global_word_sequence_number": 76727,
        "global_verse_sequence_number": 6075
    },
    {
        "chapter": 92,
        "verse": 18,
        "juz": 30,
        "hizb": 238,
        "manzil": 7,
        "ruku": 534,
        "word_number_in_verse": 1,
        "language_code": "en",
        "text": "The one who",
        "root_word": "الَّذِي",
        "global_word_sequence_number": 76728,
        "global_verse_sequence_number": 6076
    },
    {
        "chapter": 92,
        "verse": 18,
        "juz": 30,
        "hizb": 238,
        "manzil": 7,
        "ruku": 534,
        "word_number_in_verse": 2,
        "language_code": "en",
        "text": "gives",
        "root_word": "يُؤۡتِي",
        "global_word_sequence_number": 76729,
        "global_verse_sequence_number": 6076
    },
    {
        "chapter": 92,
        "verse": 18,
        "juz": 30,
        "hizb": 238,
        "manzil": 7,
        "ruku": 534,
        "word_number_in_verse": 3,
        "language_code": "en",
        "text": "his wealth",
        "root_word": "مَالَهُۥ",
        "global_word_sequence_number": 76730,
        "global_verse_sequence_number": 6076
    },
    {
        "chapter": 92,
        "verse": 18,
        "juz": 30,
        "hizb": 238,
        "manzil": 7,
        "ruku": 534,
        "word_number_in_verse": 4,
        "language_code": "en",
        "text": "(to) purify himself",
        "root_word": "يَتَزَكَّىٰ",
        "global_word_sequence_number": 76731,
        "global_verse_sequence_number": 6076
    },
    {
        "chapter": 92,
        "verse": 19,
        "juz": 30,
        "hizb": 238,
        "manzil": 7,
        "ruku": 534,
        "word_number_in_verse": 1,
        "language_code": "en",
        "text": "And not",
        "root_word": "وَمَا",
        "global_word_sequence_number": 76732,
        "global_verse_sequence_number": 6077
    },
    {
        "chapter": 92,
        "verse": 19,
        "juz": 30,
        "hizb": 238,
        "manzil": 7,
        "ruku": 534,
        "word_number_in_verse": 2,
        "language_code": "en",
        "text": "for anyone",
        "root_word": "لِأَحَدٍ",
        "global_word_sequence_number": 76733,
        "global_verse_sequence_number": 6077
    },
    {
        "chapter": 92,
        "verse": 19,
        "juz": 30,
        "hizb": 238,
        "manzil": 7,
        "ruku": 534,
        "word_number_in_verse": 3,
        "language_code": "en",
        "text": "with him",
        "root_word": "عِندَهُۥ",
        "global_word_sequence_number": 76734,
        "global_verse_sequence_number": 6077
    },
    {
        "chapter": 92,
        "verse": 19,
        "juz": 30,
        "hizb": 238,
        "manzil": 7,
        "ruku": 534,
        "word_number_in_verse": 4,
        "language_code": "en",
        "text": "any",
        "root_word": "مِن",
        "global_word_sequence_number": 76735,
        "global_verse_sequence_number": 6077
    },
    {
        "chapter": 92,
        "verse": 19,
        "juz": 30,
        "hizb": 238,
        "manzil": 7,
        "ruku": 534,
        "word_number_in_verse": 5,
        "language_code": "en",
        "text": "favor",
        "root_word": "نِّعۡمَةٖ",
        "global_word_sequence_number": 76736,
        "global_verse_sequence_number": 6077
    },
    {
        "chapter": 92,
        "verse": 19,
        "juz": 30,
        "hizb": 238,
        "manzil": 7,
        "ruku": 534,
        "word_number_in_verse": 6,
        "language_code": "en",
        "text": "to be recompensed",
        "root_word": "تُجۡزَىٰٓ",
        "global_word_sequence_number": 76737,
        "global_verse_sequence_number": 6077
    },
    {
        "chapter": 92,
        "verse": 20,
        "juz": 30,
        "hizb": 238,
        "manzil": 7,
        "ruku": 534,
        "word_number_in_verse": 1,
        "language_code": "en",
        "text": "Except",
        "root_word": "إِلَّا",
        "global_word_sequence_number": 76738,
        "global_verse_sequence_number": 6078
    },
    {
        "chapter": 92,
        "verse": 20,
        "juz": 30,
        "hizb": 238,
        "manzil": 7,
        "ruku": 534,
        "word_number_in_verse": 2,
        "language_code": "en",
        "text": "seeking",
        "root_word": "ابۡتِغَآءَ",
        "global_word_sequence_number": 76739,
        "global_verse_sequence_number": 6078
    },
    {
        "chapter": 92,
        "verse": 20,
        "juz": 30,
        "hizb": 238,
        "manzil": 7,
        "ruku": 534,
        "word_number_in_verse": 3,
        "language_code": "en",
        "text": "(the) Countenance",
        "root_word": "وَجۡهِ",
        "global_word_sequence_number": 76740,
        "global_verse_sequence_number": 6078
    },
    {
        "chapter": 92,
        "verse": 20,
        "juz": 30,
        "hizb": 238,
        "manzil": 7,
        "ruku": 534,
        "word_number_in_verse": 4,
        "language_code": "en",
        "text": "(of) his Lord",
        "root_word": "رَبِّهِ",
        "global_word_sequence_number": 76741,
        "global_verse_sequence_number": 6078
    },
    {
        "chapter": 92,
        "verse": 20,
        "juz": 30,
        "hizb": 238,
        "manzil": 7,
        "ruku": 534,
        "word_number_in_verse": 5,
        "language_code": "en",
        "text": "the Most High",
        "root_word": "الۡأَعۡلَىٰ",
        "global_word_sequence_number": 76742,
        "global_verse_sequence_number": 6078
    },
    {
        "chapter": 92,
        "verse": 21,
        "juz": 30,
        "hizb": 238,
        "manzil": 7,
        "ruku": 534,
        "word_number_in_verse": 1,
        "language_code": "en",
        "text": "And soon surely",
        "root_word": "وَلَسَوۡفَ",
        "global_word_sequence_number": 76743,
        "global_verse_sequence_number": 6079
    },
    {
        "chapter": 92,
        "verse": 21,
        "juz": 30,
        "hizb": 238,
        "manzil": 7,
        "ruku": 534,
        "word_number_in_verse": 2,
        "language_code": "en",
        "text": "he will be pleased",
        "root_word": "يَرۡضَىٰ",
        "global_word_sequence_number": 76744,
        "global_verse_sequence_number": 6079
    }
]