[
    {
        "chapter": 93,
        "verse": 1,
        "juz": 30,
        "hizb": 238,
        "manzil": 7,
        "ruku": 535,
        "word_number_in_verse": 1,
        "language_code": "en",
        "text": "By the morning brightness",
        "root_word": "وَالضُّحَىٰ",
        "global_word_sequence_number": 76745,
        "global_verse_sequence_number": 6080
    },
    {
        "chapter": 93,
        "verse": 2,
        "juz": 30,
        "hizb": 238,
        "manzil": 7,
        "ruku": 535,
        "word_number_in_verse": 1,
        "language_code": "en",
        "text": "And the night",
        "root_word": "وَالَّيۡلِ",
        "global_word_sequence_number": 76746,
        "global_verse_sequence_number": 6081
    },
    {
        "chapter": 93,
        "verse": 2,
        "juz": 30,
        "hizb": 238,
        "manzil": 7,
        "ruku": 535,
        "word_number_in_verse": 2,
        "language_code": "en",
        "text": "when",
        "root_word": "إِذَا",
        "global_word_sequence_number": 76747,
        "global_verse_sequence_number": 6081
    },
    {
        "chapter": 93,
        "verse": 2,
        "juz": 30,
        "hizb": 238,
        "manzil": 7,
        "ruku": 535,
        "word_number_in_verse": 3,
        "language_code": "en",
        "text": "it covers with darkness",
        "root_word": "سَجَىٰ",
        "global_word_sequence_number": 76748,
        "global_verse_sequence_number": 6081
    },
    {
        "chapter": 93,
        "verse": 3,
        "juz": 30,
        "hizb": 238,
        "manzil": 7,
        "ruku": 535,
        "word_number_in_verse": 1,
        "language_code": "en",
        "text": "Not",
        "root_word": "مَا",
        "global_word_sequence_number": 76749,
        "global_verse_sequence_number": 6082
    },
    {
        "chapter": 93,
        "verse": 3,
        "juz": 30,
        "hizb": 238,
        "manzil": 7,
        "ruku": 535,
        "word_number_in_verse": 2,
        "language_code": "en",
        "text": "has forsaken you",
        "root_word": "وَدَّعَكَ",
        "global_word_sequence_number": 76750,
        "global_verse_sequence_number": 6082
    },
    {
        "chapter": 93,
        "verse": 3,
        "juz": 30,
        "hizb": 238,
        "manzil": 7,
        "ruku": 535,
        "word_number_in_verse": 3,
        "language_code": "en",
        "text": "your Lord",
        "root_word": "رَبُّكَ",
        "global_word_sequence_number": 76751,
        "global_verse_sequence_number": 6082
    },
    {
        "chapter": 93,
        "verse": 3,
        "juz": 30,
        "hizb": 238,
        "manzil": 7,
        "ruku": 535,
        "word_number_in_verse": 4,
        "language_code": "en",
        "text": "and not",
        "root_word": "وَمَا",
        "global_word_sequence_number": 76752,
        "global_verse_sequence_number": 6082
    },
    {
        "chapter": 93,
        "verse": 3,
        "juz": 30,
        "hizb": 238,
        "manzil": 7,
        "ruku": 535,
        "word_number_in_verse": 5,
        "language_code": "en",
        "text": "He is displeased",
        "root_word": "قَلَىٰ",
        "global_word_sequence_number": 76753,
        "global_verse_sequence_number": 6082
    },
    {
        "chapter": 93,
        "verse": 4,
        "juz": 30,
        "hizb": 238,
        "manzil": 7,
        "ruku": 535,
        "word_number_in_verse": 1,
        "language_code": "en",
        "text": "And surely the Hereafter",
        "root_word": "وَلَلۡأٓخِرَةُ",
        "global_word_sequence_number": 76754,
        "global_verse_sequence_number": 6083
    },
    {
        "chapter": 93,
        "verse": 4,
        "juz": 30,
        "hizb": 238,
        "manzil": 7,
        "ruku": 535,
        "word_number_in_verse": 2,
        "language_code": "en",
        "text": "(is) better",
        "root_word": "خَيۡرٞ",
        "global_word_sequence_number": 76755,
        "global_verse_sequence_number": 6083
    },
    {
        "chapter": 93,
        "verse": 4,
        "juz": 30,
        "hizb": 238,
        "manzil": 7,
        "ruku": 535,
        "word_number_in_verse": 3,
        "language_code": "en",
        "text": "for you",
        "root_word": "لَّكَ",
        "global_word_sequence_number": 76756,
        "global_verse_sequence_number": 6083
    },
    {
        "chapter": 93,
        "verse": 4,
        "juz": 30,
        "hizb": 238,
        "manzil": 7,
        "ruku": 535,
        "word_number_in_verse": 4,
        "language_code": "en",
        "text": "than",
        "root_word": "مِنَ",
        "global_word_sequence_number": 76757,
        "global_verse_sequence_number": 6083
    },
    {
        "chapter": 93,
        "verse": 4,
        "juz": 30,
        "hizb": 238,
        "manzil": 7,
        "ruku": 535,
        "word_number_in_verse": 5,
        "language_code": "en",
        "text": "the first",
        "root_word": "الۡأُولَىٰ",
        "global_word_sequence_number": 76758,
        "global_verse_sequence_number": 6083
    },
    {
        "chapter": 93,
        "verse": 5,
        "juz": 30,
        "hizb": 238,
        "manzil": 7,
        "ruku": 535,
        "word_number_in_verse": 1,
        "language_code": "en",
        "text": "And soon",
        "root_word": "وَلَسَوۡفَ",
        "global_word_sequence_number": 76759,
        "global_verse_sequence_number": 6084
    },
    {
        "chapter": 93,
        "verse": 5,
        "juz": 30,
        "hizb": 238,
        "manzil": 7,
        "ruku": 535,
        "word_number_in_verse": 2,
        "language_code": "en",
        "text": "will give you",
        "root_word": "يُعۡطِيكَ",
        "global_word_sequence_number": 76760,
        "global_verse_sequence_number": 6084
    },
    {
        "chapter": 93,
        "verse": 5,
        "juz": 30,
        "hizb": 238,
        "manzil": 7,
        "ruku": 535,
        "word_number_in_verse": 3,
        "language_code": "en",
        "text": "your Lord",
        "root_word": "رَبُّكَ",
        "global_word_sequence_number": 76761,
        "global_verse_sequence_number": 6084
    },
    {
        "chapter": 93,
        "verse": 5,
        "juz": 30,
        "hizb": 238,
        "manzil": 7,
        "ruku": 535,
        "word_number_in_verse": 4,
        "language_code": "en",
        "text": "then you will be satisfied",
        "root_word": "فَتَرۡضَىٰٓ",
        "global_word_sequence_number": 76762,
        "global_verse_sequence_number": 6084
    },
    {
        "chapter": 93,
        "verse": 6,
        "juz": 30,
        "hizb": 238,
        "manzil": 7,
        "ruku": 535,
        "word_number_in_verse": 1,
        "language_code": "en",
        "text": "Did not",
        "root_word": "أَلَمۡ",
        "global_word_sequence_number": 76763,
        "global_verse_sequence_number": 6085
    },
    {
        "chapter": 93,
        "verse": 6,
        "juz": 30,
        "hizb": 238,
        "manzil": 7,
        "ruku": 535,
        "word_number_in_verse": 2,
        "language_code": "en",
        "text": "He find you",
        "root_word": "يَجِدۡكَ",
        "global_word_sequence_number": 76764,
        "global_verse_sequence_number": 6085
    },
    {
        "chapter": 93,
        "verse": 6,
        "juz": 30,
        "hizb": 238,
        "manzil": 7,
        "ruku": 535,
        "word_number_in_verse": 3,
        "language_code": "en",
        "text": "an orphan",
        "root_word": "يَتِيمٗا",
        "global_word_sequence_number": 76765,
        "global_verse_sequence_number": 6085
    },
    {
        "chapter": 93,
        "verse": 6,
        "juz": 30,
        "hizb": 238,
        "manzil": 7,
        "ruku": 535,
        "word_number_in_verse": 4,
        "language_code": "en",
        "text": "and give shelter",
        "root_word": "فَـَٔاوَىٰ",
        "global_word_sequence_number": 76766,
        "global_verse_sequence_number": 6085
    },
    {
        "chapter": 93,
        "verse": 7,
        "juz": 30,
        "hizb": 238,
        "manzil": 7,
        "ruku": 535,
        "word_number_in_verse": 1,
        "language_code": "en",
        "text": "And He found you",
        "root_word": "وَوَجَدَكَ",
        "global_word_sequence_number": 76767,
        "global_verse_sequence_number": 6086
    },
    {
        "chapter": 93,
        "verse": 7,
        "juz": 30,
        "hizb": 238,
        "manzil": 7,
        "ruku": 535,
        "word_number_in_verse": 2,
        "language_code": "en",
        "text": "lost",
        "root_word": "ضَآلّٗا",
        "global_word_sequence_number": 76768,
        "global_verse_sequence_number": 6086
    },
    {
        "chapter": 93,
        "verse": 7,
        "juz": 30,
        "hizb": 238,
        "manzil": 7,
        "ruku": 535,
        "word_number_in_verse": 3,
        "language_code": "en",
        "text": "so He guided",
        "root_word": "فَهَدَىٰ",
        "global_word_sequence_number": 76769,
        "global_verse_sequence_number": 6086
    },
    {
        "chapter": 93,
        "verse": 8,
        "juz": 30,
        "hizb": 238,
        "manzil": 7,
        "ruku": 535,
        "word_number_in_verse": 1,
        "language_code": "en",
        "text": "And He found you",
        "root_word": "وَوَجَدَكَ",
        "global_word_sequence_number": 76770,
        "global_verse_sequence_number": 6087
    },
    {
        "chapter": 93,
        "verse": 8,
        "juz": 30,
        "hizb": 238,
        "manzil": 7,
        "ruku": 535,
        "word_number_in_verse": 2,
        "language_code": "en",
        "text": "in need",
        "root_word": "عَآئِلٗا",
        "global_word_sequence_number": 76771,
        "global_verse_sequence_number": 6087
    },
    {
        "chapter": 93,
        "verse": 8,
        "juz": 30,
        "hizb": 238,
        "manzil": 7,
        "ruku": 535,
        "word_number_in_verse": 3,
        "language_code": "en",
        "text": "so He made self-sufficient",
        "root_word": "فَأَغۡنَىٰ",
        "global_word_sequence_number": 76772,
        "global_verse_sequence_number": 6087
    },
    {
        "chapter": 93,
        "verse": 9,
        "juz": 30,
        "hizb": 238,
        "manzil": 7,
        "ruku": 535,
        "word_number_in_verse": 1,
        "language_code": "en",
        "text": "So as for",
        "root_word": "فَأَمَّا",
        "global_word_sequence_number": 76773,
        "global_verse_sequence_number": 6088
    },
    {
        "chapter": 93,
        "verse": 9,
        "juz": 30,
        "hizb": 238,
        "manzil": 7,
        "ruku": 535,
        "word_number_in_verse": 2,
        "language_code": "en",
        "text": "the orphan",
        "root_word": "الۡيَتِيمَ",
        "global_word_sequence_number": 76774,
        "global_verse_sequence_number": 6088
    },
    {
        "chapter": 93,
        "verse": 9,
        "juz": 30,
        "hizb": 238,
        "manzil": 7,
        "ruku": 535,
        "word_number_in_verse": 3,
        "language_code": "en",
        "text": "then (do) not",
        "root_word": "فَلَا",
        "global_word_sequence_number": 76775,
        "global_verse_sequence_number": 6088
    },
    {
        "chapter": 93,
        "verse": 9,
        "juz": 30,
        "hizb": 238,
        "manzil": 7,
        "ruku": 535,
        "word_number_in_verse": 4,
        "language_code": "en",
        "text": "oppress",
        "root_word": "تَقۡهَرۡ",
        "global_word_sequence_number": 76776,
        "global_verse_sequence_number": 6088
    },
    {
        "chapter": 93,
        "verse": 10,
        "juz": 30,
        "hizb": 238,
        "manzil": 7,
        "ruku": 535,
        "word_number_in_verse": 1,
        "language_code": "en",
        "text": "And as for",
        "root_word": "وَأَمَّا",
        "global_word_sequence_number": 76777,
        "global_verse_sequence_number": 6089
    },
    {
        "chapter": 93,
        "verse": 10,
        "juz": 30,
        "hizb": 238,
        "manzil": 7,
        "ruku": 535,
        "word_number_in_verse": 2,
        "language_code": "en",
        "text": "one who asks",
        "root_word": "السَّآئِلَ",
        "global_word_sequence_number": 76778,
        "global_verse_sequence_number": 6089
    },
    {
        "chapter": 93,
        "verse": 10,
        "juz": 30,
        "hizb": 238,
        "manzil": 7,
        "ruku": 535,
        "word_number_in_verse": 3,
        "language_code": "en",
        "text": "then (do) not",
        "root_word": "فَلَا",
        "global_word_sequence_number": 76779,
        "global_verse_sequence_number": 6089
    },
    {
        "chapter": 93,
        "verse": 10,
        "juz": 30,
        "hizb": 238,
        "manzil": 7,
        "ruku": 535,
        "word_number_in_verse": 4,
        "language_code": "en",
        "text": "repel",
        "root_word": "تَنۡهَرۡ",
        "global_word_sequence_number": 76780,
        "global_verse_sequence_number": 6089
    },
    {
        "chapter": 93,
        "verse": 11,
        "juz": 30,
        "hizb": 238,
        "manzil": 7,
        "ruku": 535,
        "word_number_in_verse": 1,
        "language_code": "en",
        "text": "But as for",
        "root_word": "وَأَمَّا",
        "global_word_sequence_number": 76781,
        "global_verse_sequence_number": 6090
    },
    {
        "chapter": 93,
        "verse": 11,
        "juz": 30,
        "hizb": 238,
        "manzil": 7,
        "ruku": 535,
        "word_number_in_verse": 2,
        "language_code": "en",
        "text": "(the) Favor",
        "root_word": "بِنِعۡمَةِ",
        "global_word_sequence_number": 76782,
        "global_verse_sequence_number": 6090
    },
    {
        "chapter": 93,
        "verse": 11,
        "juz": 30,
        "hizb": 238,
        "manzil": 7,
        "ruku": 535,
        "word_number_in_verse": 3,
        "language_code": "en",
        "text": "(of) your Lord",
        "root_word": "رَبِّكَ",
        "global_word_sequence_number": 76783,
        "global_verse_sequence_number": 6090
    },
    {
        "chapter": 93,
        "verse": 11,
        "juz": 30,
        "hizb": 238,
        "manzil": 7,
        "ruku": 535,
        "word_number_in_verse": 4,
        "language_code": "en",
        "text": "narrate",
        "root_word": "فَحَدِّثۡ",
        "global_word_sequence_number": 76784,
        "global_verse_sequence_number": 6090
    }
]