[
    {
        "chapter": 94,
        "verse": 1,
        "juz": 30,
        "hizb": 239,
        "manzil": 7,
        "ruku": 536,
        "word_number_in_verse": 1,
        "language_code": "en",
        "text": "Have not",
        "root_word": "أَلَمۡ",
        "global_word_sequence_number": 76785,
        "global_verse_sequence_number": 6091
    },
    {
        "chapter": 94,
        "verse": 1,
        "juz": 30,
        "hizb": 239,
        "manzil": 7,
        "ruku": 536,
        "word_number_in_verse": 2,
        "language_code": "en",
        "text": "We expanded",
        "root_word": "نَشۡرَحۡ",
        "global_word_sequence_number": 76786,
        "global_verse_sequence_number": 6091
    },
    {
        "chapter": 94,
        "verse": 1,
        "juz": 30,
        "hizb": 239,
        "manzil": 7,
        "ruku": 536,
        "word_number_in_verse": 3,
        "language_code": "en",
        "text": "for you",
        "root_word": "لَكَ",
        "global_word_sequence_number": 76787,
        "global_verse_sequence_number": 6091
    },
    {
        "chapter": 94,
        "verse": 1,
        "juz": 30,
        "hizb": 239,
        "manzil": 7,
        "ruku": 536,
        "word_number_in_verse": 4,
        "language_code": "en",
        "text": "your breast",
        "root_word": "صَدۡرَكَ",
        "global_word_sequence_number": 76788,
        "global_verse_sequence_number": 6091
    },
    {
        "chapter": 94,
        "verse": 2,
        "juz": 30,
        "hizb": 239,
        "manzil": 7,
        "ruku": 536,
        "word_number_in_verse": 1,
        "language_code": "en",
        "text": "And We removed",
        "root_word": "وَوَضَعۡنَا",
        "global_word_sequence_number": 76789,
        "global_verse_sequence_number": 6092
    },
    {
        "chapter": 94,
        "verse": 2,
        "juz": 30,
        "hizb": 239,
        "manzil": 7,
        "ruku": 536,
        "word_number_in_verse": 2,
        "language_code": "en",
        "text": "from you",
        "root_word": "عَنكَ",
        "global_word_sequence_number": 76790,
        "global_verse_sequence_number": 6092
    },
    {
        "chapter": 94,
        "verse": 2,
        "juz": 30,
        "hizb": 239,
        "manzil": 7,
        "ruku": 536,
        "word_number_in_verse": 3,
        "language_code": "en",
        "text": "your burden",
        "root_word": "وِزۡرَكَ",
        "global_word_sequence_number": 76791,
        "global_verse_sequence_number": 6092
    },
    {
        "chapter": 94,
        "verse": 3,
        "juz": 30,
        "hizb": 239,
        "manzil": 7,
        "ruku": 536,
        "word_number_in_verse": 1,
        "language_code": "en",
        "text": "Which",
        "root_word": "الَّذِيٓ",
        "global_word_sequence_number": 76792,
        "global_verse_sequence_number": 6093
    },
    {
        "chapter": 94,
        "verse": 3,
        "juz": 30,
        "hizb": 239,
        "manzil": 7,
        "ruku": 536,
        "word_number_in_verse": 2,
        "language_code": "en",
        "text": "weighed upon",
        "root_word": "أَنقَضَ",
        "global_word_sequence_number": 76793,
        "global_verse_sequence_number": 6093
    },
    {
        "chapter": 94,
        "verse": 3,
        "juz": 30,
        "hizb": 239,
        "manzil": 7,
        "ruku": 536,
        "word_number_in_verse": 3,
        "language_code": "en",
        "text": "your back",
        "root_word": "ظَهۡرَكَ",
        "global_word_sequence_number": 76794,
        "global_verse_sequence_number": 6093
    },
    {
        "chapter": 94,
        "verse": 4,
        "juz": 30,
        "hizb": 239,
        "manzil": 7,
        "ruku": 536,
        "word_number_in_verse": 1,
        "language_code": "en",
        "text": "And We raised high",
        "root_word": "وَرَفَعۡنَا",
        "global_word_sequence_number": 76795,
        "global_verse_sequence_number": 6094
    },
    {
        "chapter": 94,
        "verse": 4,
        "juz": 30,
        "hizb": 239,
        "manzil": 7,
        "ruku": 536,
        "word_number_in_verse": 2,
        "language_code": "en",
        "text": "for you",
        "root_word": "لَكَ",
        "global_word_sequence_number": 76796,
        "global_verse_sequence_number": 6094
    },
    {
        "chapter": 94,
        "verse": 4,
        "juz": 30,
        "hizb": 239,
        "manzil": 7,
        "ruku": 536,
        "word_number_in_verse": 3,
        "language_code": "en",
        "text": "your reputation",
        "root_word": "ذِكۡرَكَ",
        "global_word_sequence_number": 76797,
        "global_verse_sequence_number": 6094
    },
    {
        "chapter": 94,
        "verse": 5,
        "juz": 30,
        "hizb": 239,
        "manzil": 7,
        "ruku": 536,
        "word_number_in_verse": 1,
        "language_code": "en",
        "text": "So indeed",
        "root_word": "فَإِنَّ",
        "global_word_sequence_number": 76798,
        "global_verse_sequence_number": 6095
    },
    {
        "chapter": 94,
        "verse": 5,
        "juz": 30,
        "hizb": 239,
        "manzil": 7,
        "ruku": 536,
        "word_number_in_verse": 2,
        "language_code": "en",
        "text": "with",
        "root_word": "مَعَ",
        "global_word_sequence_number": 76799,
        "global_verse_sequence_number": 6095
    },
    {
        "chapter": 94,
        "verse": 5,
        "juz": 30,
        "hizb": 239,
        "manzil": 7,
        "ruku": 536,
        "word_number_in_verse": 3,
        "language_code": "en",
        "text": "the hardship",
        "root_word": "الۡعُسۡرِ",
        "global_word_sequence_number": 76800,
        "global_verse_sequence_number": 6095
    },
    {
        "chapter": 94,
        "verse": 5,
        "juz": 30,
        "hizb": 239,
        "manzil": 7,
        "ruku": 536,
        "word_number_in_verse": 4,
        "language_code": "en",
        "text": "(is) ease",
        "root_word": "يُسۡرًا",
        "global_word_sequence_number": 76801,
        "global_verse_sequence_number": 6095
    },
    {
        "chapter": 94,
        "verse": 6,
        "juz": 30,
        "hizb": 239,
        "manzil": 7,
        "ruku": 536,
        "word_number_in_verse": 1,
        "language_code": "en",
        "text": "Indeed",
        "root_word": "إِنَّ",
        "global_word_sequence_number": 76802,
        "global_verse_sequence_number": 6096
    },
    {
        "chapter": 94,
        "verse": 6,
        "juz": 30,
        "hizb": 239,
        "manzil": 7,
        "ruku": 536,
        "word_number_in_verse": 2,
        "language_code": "en",
        "text": "with",
        "root_word": "مَعَ",
        "global_word_sequence_number": 76803,
        "global_verse_sequence_number": 6096
    },
    {
        "chapter": 94,
        "verse": 6,
        "juz": 30,
        "hizb": 239,
        "manzil": 7,
        "ruku": 536,
        "word_number_in_verse": 3,
        "language_code": "en",
        "text": "the hardship",
        "root_word": "الۡعُسۡرِ",
        "global_word_sequence_number": 76804,
        "global_verse_sequence_number": 6096
    },
    {
        "chapter": 94,
        "verse": 6,
        "juz": 30,
        "hizb": 239,
        "manzil": 7,
        "ruku": 536,
        "word_number_in_verse": 4,
        "language_code": "en",
        "text": "(is) ease",
        "root_word": "يُسۡرٗا",
        "global_word_sequence_number": 76805,
        "global_verse_sequence_number": 6096
    },
    {
        "chapter": 94,
        "verse": 7,
        "juz": 30,
        "hizb": 239,
        "manzil": 7,
        "ruku": 536,
        "word_number_in_verse": 1,
        "language_code": "en",
        "text": "So when",
        "root_word": "فَإِذَا",
        "global_word_sequence_number": 76806,
        "global_verse_sequence_number": 6097
    },
    {
        "chapter": 94,
        "verse": 7,
        "juz": 30,
        "hizb": 239,
        "manzil": 7,
        "ruku": 536,
        "word_number_in_verse": 2,
        "language_code": "en",
        "text": "you have finished",
        "root_word": "فَرَغۡتَ",
        "global_word_sequence_number": 76807,
        "global_verse_sequence_number": 6097
    },
    {
        "chapter": 94,
        "verse": 7,
        "juz": 30,
        "hizb": 239,
        "manzil": 7,
        "ruku": 536,
        "word_number_in_verse": 3,
        "language_code": "en",
        "text": "then labor hard",
        "root_word": "فَانصَبۡ",
        "global_word_sequence_number": 76808,
        "global_verse_sequence_number": 6097
    },
    {
        "chapter": 94,
        "verse": 8,
        "juz": 30,
        "hizb": 239,
        "manzil": 7,
        "ruku": 536,
        "word_number_in_verse": 1,
        "language_code": "en",
        "text": "And to",
        "root_word": "وَإِلَىٰ",
        "global_word_sequence_number": 76809,
        "global_verse_sequence_number": 6098
    },
    {
        "chapter": 94,
        "verse": 8,
        "juz": 30,
        "hizb": 239,
        "manzil": 7,
        "ruku": 536,
        "word_number_in_verse": 2,
        "language_code": "en",
        "text": "your Lord",
        "root_word": "رَبِّكَ",
        "global_word_sequence_number": 76810,
        "global_verse_sequence_number": 6098
    },
    {
        "chapter": 94,
        "verse": 8,
        "juz": 30,
        "hizb": 239,
        "manzil": 7,
        "ruku": 536,
        "word_number_in_verse": 3,
        "language_code": "en",
        "text": "turn your attention",
        "root_word": "فَارۡغَب",
        "global_word_sequence_number": 76811,
        "global_verse_sequence_number": 6098
    }
]