[
    {
        "chapter": 95,
        "verse": 1,
        "juz": 30,
        "hizb": 239,
        "manzil": 7,
        "ruku": 537,
        "word_number_in_verse": 1,
        "language_code": "en",
        "text": "By the fig",
        "root_word": "وَالتِّينِ",
        "global_word_sequence_number": 76812,
        "global_verse_sequence_number": 6099
    },
    {
        "chapter": 95,
        "verse": 1,
        "juz": 30,
        "hizb": 239,
        "manzil": 7,
        "ruku": 537,
        "word_number_in_verse": 2,
        "language_code": "en",
        "text": "and the olive",
        "root_word": "وَالزَّيۡتُونِ",
        "global_word_sequence_number": 76813,
        "global_verse_sequence_number": 6099
    },
    {
        "chapter": 95,
        "verse": 2,
        "juz": 30,
        "hizb": 239,
        "manzil": 7,
        "ruku": 537,
        "word_number_in_verse": 1,
        "language_code": "en",
        "text": "And (the) Mount",
        "root_word": "وَطُورِ",
        "global_word_sequence_number": 76814,
        "global_verse_sequence_number": 6100
    },
    {
        "chapter": 95,
        "verse": 2,
        "juz": 30,
        "hizb": 239,
        "manzil": 7,
        "ruku": 537,
        "word_number_in_verse": 2,
        "language_code": "en",
        "text": "Sinai",
        "root_word": "سِينِينَ",
        "global_word_sequence_number": 76815,
        "global_verse_sequence_number": 6100
    },
    {
        "chapter": 95,
        "verse": 3,
        "juz": 30,
        "hizb": 239,
        "manzil": 7,
        "ruku": 537,
        "word_number_in_verse": 1,
        "language_code": "en",
        "text": "And this",
        "root_word": "وَهَٰذَا",
        "global_word_sequence_number": 76816,
        "global_verse_sequence_number": 6101
    },
    {
        "chapter": 95,
        "verse": 3,
        "juz": 30,
        "hizb": 239,
        "manzil": 7,
        "ruku": 537,
        "word_number_in_verse": 2,
        "language_code": "en",
        "text": "[the] city",
        "root_word": "الۡبَلَدِ",
        "global_word_sequence_number": 76817,
        "global_verse_sequence_number": 6101
    },
    {
        "chapter": 95,
        "verse": 3,
        "juz": 30,
        "hizb": 239,
        "manzil": 7,
        "ruku": 537,
        "word_number_in_verse": 3,
        "language_code": "en",
        "text": "[the] secure",
        "root_word": "الۡأَمِينِ",
        "global_word_sequence_number": 76818,
        "global_verse_sequence_number": 6101
    },
    {
        "chapter": 95,
        "verse": 4,
        "juz": 30,
        "hizb": 239,
        "manzil": 7,
        "ruku": 537,
        "word_number_in_verse": 1,
        "language_code": "en",
        "text": "Indeed",
        "root_word": "لَقَدۡ",
        "global_word_sequence_number": 76819,
        "global_verse_sequence_number": 6102
    },
    {
        "chapter": 95,
        "verse": 4,
        "juz": 30,
        "hizb": 239,
        "manzil": 7,
        "ruku": 537,
        "word_number_in_verse": 2,
        "language_code": "en",
        "text": "We created",
        "root_word": "خَلَقۡنَا",
        "global_word_sequence_number": 76820,
        "global_verse_sequence_number": 6102
    },
    {
        "chapter": 95,
        "verse": 4,
        "juz": 30,
        "hizb": 239,
        "manzil": 7,
        "ruku": 537,
        "word_number_in_verse": 3,
        "language_code": "en",
        "text": "man",
        "root_word": "الۡإِنسَٰنَ",
        "global_word_sequence_number": 76821,
        "global_verse_sequence_number": 6102
    },
    {
        "chapter": 95,
        "verse": 4,
        "juz": 30,
        "hizb": 239,
        "manzil": 7,
        "ruku": 537,
        "word_number_in_verse": 4,
        "language_code": "en",
        "text": "in",
        "root_word": "فِيٓ",
        "global_word_sequence_number": 76822,
        "global_verse_sequence_number": 6102
    },
    {
        "chapter": 95,
        "verse": 4,
        "juz": 30,
        "hizb": 239,
        "manzil": 7,
        "ruku": 537,
        "word_number_in_verse": 5,
        "language_code": "en",
        "text": "(the) best",
        "root_word": "أَحۡسَنِ",
        "global_word_sequence_number": 76823,
        "global_verse_sequence_number": 6102
    },
    {
        "chapter": 95,
        "verse": 4,
        "juz": 30,
        "hizb": 239,
        "manzil": 7,
        "ruku": 537,
        "word_number_in_verse": 6,
        "language_code": "en",
        "text": "mould",
        "root_word": "تَقۡوِيمٖ",
        "global_word_sequence_number": 76824,
        "global_verse_sequence_number": 6102
    },
    {
        "chapter": 95,
        "verse": 5,
        "juz": 30,
        "hizb": 239,
        "manzil": 7,
        "ruku": 537,
        "word_number_in_verse": 1,
        "language_code": "en",
        "text": "Then",
        "root_word": "ثُمَّ",
        "global_word_sequence_number": 76825,
        "global_verse_sequence_number": 6103
    },
    {
        "chapter": 95,
        "verse": 5,
        "juz": 30,
        "hizb": 239,
        "manzil": 7,
        "ruku": 537,
        "word_number_in_verse": 2,
        "language_code": "en",
        "text": "We returned him",
        "root_word": "رَدَدۡنَٰهُ",
        "global_word_sequence_number": 76826,
        "global_verse_sequence_number": 6103
    },
    {
        "chapter": 95,
        "verse": 5,
        "juz": 30,
        "hizb": 239,
        "manzil": 7,
        "ruku": 537,
        "word_number_in_verse": 3,
        "language_code": "en",
        "text": "(to the) lowest",
        "root_word": "أَسۡفَلَ",
        "global_word_sequence_number": 76827,
        "global_verse_sequence_number": 6103
    },
    {
        "chapter": 95,
        "verse": 5,
        "juz": 30,
        "hizb": 239,
        "manzil": 7,
        "ruku": 537,
        "word_number_in_verse": 4,
        "language_code": "en",
        "text": "(of the) low",
        "root_word": "سَٰفِلِينَ",
        "global_word_sequence_number": 76828,
        "global_verse_sequence_number": 6103
    },
    {
        "chapter": 95,
        "verse": 6,
        "juz": 30,
        "hizb": 239,
        "manzil": 7,
        "ruku": 537,
        "word_number_in_verse": 1,
        "language_code": "en",
        "text": "Except",
        "root_word": "إِلَّا",
        "global_word_sequence_number": 76829,
        "global_verse_sequence_number": 6104
    },
    {
        "chapter": 95,
        "verse": 6,
        "juz": 30,
        "hizb": 239,
        "manzil": 7,
        "ruku": 537,
        "word_number_in_verse": 2,
        "language_code": "en",
        "text": "those who",
        "root_word": "الَّذِينَ",
        "global_word_sequence_number": 76830,
        "global_verse_sequence_number": 6104
    },
    {
        "chapter": 95,
        "verse": 6,
        "juz": 30,
        "hizb": 239,
        "manzil": 7,
        "ruku": 537,
        "word_number_in_verse": 3,
        "language_code": "en",
        "text": "believe",
        "root_word": "ءَامَنُواْ",
        "global_word_sequence_number": 76831,
        "global_verse_sequence_number": 6104
    },
    {
        "chapter": 95,
        "verse": 6,
        "juz": 30,
        "hizb": 239,
        "manzil": 7,
        "ruku": 537,
        "word_number_in_verse": 4,
        "language_code": "en",
        "text": "and do",
        "root_word": "وَعَمِلُواْ",
        "global_word_sequence_number": 76832,
        "global_verse_sequence_number": 6104
    },
    {
        "chapter": 95,
        "verse": 6,
        "juz": 30,
        "hizb": 239,
        "manzil": 7,
        "ruku": 537,
        "word_number_in_verse": 5,
        "language_code": "en",
        "text": "righteous deeds",
        "root_word": "الصَّٰلِحَٰتِ",
        "global_word_sequence_number": 76833,
        "global_verse_sequence_number": 6104
    },
    {
        "chapter": 95,
        "verse": 6,
        "juz": 30,
        "hizb": 239,
        "manzil": 7,
        "ruku": 537,
        "word_number_in_verse": 6,
        "language_code": "en",
        "text": "then for them",
        "root_word": "فَلَهُمۡ",
        "global_word_sequence_number": 76834,
        "global_verse_sequence_number": 6104
    },
    {
        "chapter": 95,
        "verse": 6,
        "juz": 30,
        "hizb": 239,
        "manzil": 7,
        "ruku": 537,
        "word_number_in_verse": 7,
        "language_code": "en",
        "text": "(is a) reward",
        "root_word": "أَجۡرٌ",
        "global_word_sequence_number": 76835,
        "global_verse_sequence_number": 6104
    },
    {
        "chapter": 95,
        "verse": 6,
        "juz": 30,
        "hizb": 239,
        "manzil": 7,
        "ruku": 537,
        "word_number_in_verse": 8,
        "language_code": "en",
        "text": "never",
        "root_word": "غَيۡرُ",
        "global_word_sequence_number": 76836,
        "global_verse_sequence_number": 6104
    },
    {
        "chapter": 95,
        "verse": 6,
        "juz": 30,
        "hizb": 239,
        "manzil": 7,
        "ruku": 537,
        "word_number_in_verse": 9,
        "language_code": "en",
        "text": "ending",
        "root_word": "مَمۡنُونٖ",
        "global_word_sequence_number": 76837,
        "global_verse_sequence_number": 6104
    },
    {
        "chapter": 95,
        "verse": 7,
        "juz": 30,
        "hizb": 239,
        "manzil": 7,
        "ruku": 537,
        "word_number_in_verse": 1,
        "language_code": "en",
        "text": "Then what",
        "root_word": "فَمَا",
        "global_word_sequence_number": 76838,
        "global_verse_sequence_number": 6105
    },
    {
        "chapter": 95,
        "verse": 7,
        "juz": 30,
        "hizb": 239,
        "manzil": 7,
        "ruku": 537,
        "word_number_in_verse": 2,
        "language_code": "en",
        "text": "causes you to deny",
        "root_word": "يُكَذِّبُكَ",
        "global_word_sequence_number": 76839,
        "global_verse_sequence_number": 6105
    },
    {
        "chapter": 95,
        "verse": 7,
        "juz": 30,
        "hizb": 239,
        "manzil": 7,
        "ruku": 537,
        "word_number_in_verse": 3,
        "language_code": "en",
        "text": "after (this)",
        "root_word": "بَعۡدُ",
        "global_word_sequence_number": 76840,
        "global_verse_sequence_number": 6105
    },
    {
        "chapter": 95,
        "verse": 7,
        "juz": 30,
        "hizb": 239,
        "manzil": 7,
        "ruku": 537,
        "word_number_in_verse": 4,
        "language_code": "en",
        "text": "the judgment",
        "root_word": "بِالدِّينِ",
        "global_word_sequence_number": 76841,
        "global_verse_sequence_number": 6105
    },
    {
        "chapter": 95,
        "verse": 8,
        "juz": 30,
        "hizb": 239,
        "manzil": 7,
        "ruku": 537,
        "word_number_in_verse": 1,
        "language_code": "en",
        "text": "Is not",
        "root_word": "أَلَيۡسَ",
        "global_word_sequence_number": 76842,
        "global_verse_sequence_number": 6106
    },
    {
        "chapter": 95,
        "verse": 8,
        "juz": 30,
        "hizb": 239,
        "manzil": 7,
        "ruku": 537,
        "word_number_in_verse": 2,
        "language_code": "en",
        "text": "Allah",
        "root_word": "اللَّهُ",
        "global_word_sequence_number": 76843,
        "global_verse_sequence_number": 6106
    },
    {
        "chapter": 95,
        "verse": 8,
        "juz": 30,
        "hizb": 239,
        "manzil": 7,
        "ruku": 537,
        "word_number_in_verse": 3,
        "language_code": "en",
        "text": "(the) Most Just",
        "root_word": "بِأَحۡكَمِ",
        "global_word_sequence_number": 76844,
        "global_verse_sequence_number": 6106
    },
    {
        "chapter": 95,
        "verse": 8,
        "juz": 30,
        "hizb": 239,
        "manzil": 7,
        "ruku": 537,
        "word_number_in_verse": 4,
        "language_code": "en",
        "text": "(of) the Judges",
        "root_word": "الۡحَٰكِمِينَ",
        "global_word_sequence_number": 76845,
        "global_verse_sequence_number": 6106
    }
]