[
    {
        "chapter": 96,
        "verse": 1,
        "juz": 30,
        "hizb": 239,
        "manzil": 7,
        "ruku": 538,
        "word_number_in_verse": 1,
        "language_code": "en",
        "text": "Read",
        "root_word": "اقۡرَأۡ",
        "global_word_sequence_number": 76846,
        "global_verse_sequence_number": 6107
    },
    {
        "chapter": 96,
        "verse": 1,
        "juz": 30,
        "hizb": 239,
        "manzil": 7,
        "ruku": 538,
        "word_number_in_verse": 2,
        "language_code": "en",
        "text": "in (the) name",
        "root_word": "بِاسۡمِ",
        "global_word_sequence_number": 76847,
        "global_verse_sequence_number": 6107
    },
    {
        "chapter": 96,
        "verse": 1,
        "juz": 30,
        "hizb": 239,
        "manzil": 7,
        "ruku": 538,
        "word_number_in_verse": 3,
        "language_code": "en",
        "text": "(of) your Lord",
        "root_word": "رَبِّكَ",
        "global_word_sequence_number": 76848,
        "global_verse_sequence_number": 6107
    },
    {
        "chapter": 96,
        "verse": 1,
        "juz": 30,
        "hizb": 239,
        "manzil": 7,
        "ruku": 538,
        "word_number_in_verse": 4,
        "language_code": "en",
        "text": "the One Who",
        "root_word": "الَّذِي",
        "global_word_sequence_number": 76849,
        "global_verse_sequence_number": 6107
    },
    {
        "chapter": 96,
        "verse": 1,
        "juz": 30,
        "hizb": 239,
        "manzil": 7,
        "ruku": 538,
        "word_number_in_verse": 5,
        "language_code": "en",
        "text": "created",
        "root_word": "خَلَقَ",
        "global_word_sequence_number": 76850,
        "global_verse_sequence_number": 6107
    },
    {
        "chapter": 96,
        "verse": 2,
        "juz": 30,
        "hizb": 239,
        "manzil": 7,
        "ruku": 538,
        "word_number_in_verse": 1,
        "language_code": "en",
        "text": "He created",
        "root_word": "خَلَقَ",
        "global_word_sequence_number": 76851,
        "global_verse_sequence_number": 6108
    },
    {
        "chapter": 96,
        "verse": 2,
        "juz": 30,
        "hizb": 239,
        "manzil": 7,
        "ruku": 538,
        "word_number_in_verse": 2,
        "language_code": "en",
        "text": "man",
        "root_word": "الۡإِنسَٰنَ",
        "global_word_sequence_number": 76852,
        "global_verse_sequence_number": 6108
    },
    {
        "chapter": 96,
        "verse": 2,
        "juz": 30,
        "hizb": 239,
        "manzil": 7,
        "ruku": 538,
        "word_number_in_verse": 3,
        "language_code": "en",
        "text": "from",
        "root_word": "مِنۡ",
        "global_word_sequence_number": 76853,
        "global_verse_sequence_number": 6108
    },
    {
        "chapter": 96,
        "verse": 2,
        "juz": 30,
        "hizb": 239,
        "manzil": 7,
        "ruku": 538,
        "word_number_in_verse": 4,
        "language_code": "en",
        "text": "a clinging substance",
        "root_word": "عَلَقٍ",
        "global_word_sequence_number": 76854,
        "global_verse_sequence_number": 6108
    },
    {
        "chapter": 96,
        "verse": 3,
        "juz": 30,
        "hizb": 239,
        "manzil": 7,
        "ruku": 538,
        "word_number_in_verse": 1,
        "language_code": "en",
        "text": "Read",
        "root_word": "اقۡرَأۡ",
        "global_word_sequence_number": 76855,
        "global_verse_sequence_number": 6109
    },
    {
        "chapter": 96,
        "verse": 3,
        "juz": 30,
        "hizb": 239,
        "manzil": 7,
        "ruku": 538,
        "word_number_in_verse": 2,
        "language_code": "en",
        "text": "and your Lord",
        "root_word": "وَرَبُّكَ",
        "global_word_sequence_number": 76856,
        "global_verse_sequence_number": 6109
    },
    {
        "chapter": 96,
        "verse": 3,
        "juz": 30,
        "hizb": 239,
        "manzil": 7,
        "ruku": 538,
        "word_number_in_verse": 3,
        "language_code": "en",
        "text": "(is) the Most Generous",
        "root_word": "الۡأَكۡرَمُ",
        "global_word_sequence_number": 76857,
        "global_verse_sequence_number": 6109
    },
    {
        "chapter": 96,
        "verse": 4,
        "juz": 30,
        "hizb": 239,
        "manzil": 7,
        "ruku": 538,
        "word_number_in_verse": 1,
        "language_code": "en",
        "text": "The One Who",
        "root_word": "الَّذِي",
        "global_word_sequence_number": 76858,
        "global_verse_sequence_number": 6110
    },
    {
        "chapter": 96,
        "verse": 4,
        "juz": 30,
        "hizb": 239,
        "manzil": 7,
        "ruku": 538,
        "word_number_in_verse": 2,
        "language_code": "en",
        "text": "taught",
        "root_word": "عَلَّمَ",
        "global_word_sequence_number": 76859,
        "global_verse_sequence_number": 6110
    },
    {
        "chapter": 96,
        "verse": 4,
        "juz": 30,
        "hizb": 239,
        "manzil": 7,
        "ruku": 538,
        "word_number_in_verse": 3,
        "language_code": "en",
        "text": "by the pen",
        "root_word": "بِالۡقَلَمِ",
        "global_word_sequence_number": 76860,
        "global_verse_sequence_number": 6110
    },
    {
        "chapter": 96,
        "verse": 5,
        "juz": 30,
        "hizb": 239,
        "manzil": 7,
        "ruku": 538,
        "word_number_in_verse": 1,
        "language_code": "en",
        "text": "Taught",
        "root_word": "عَلَّمَ",
        "global_word_sequence_number": 76861,
        "global_verse_sequence_number": 6111
    },
    {
        "chapter": 96,
        "verse": 5,
        "juz": 30,
        "hizb": 239,
        "manzil": 7,
        "ruku": 538,
        "word_number_in_verse": 2,
        "language_code": "en",
        "text": "man",
        "root_word": "الۡإِنسَٰنَ",
        "global_word_sequence_number": 76862,
        "global_verse_sequence_number": 6111
    },
    {
        "chapter": 96,
        "verse": 5,
        "juz": 30,
        "hizb": 239,
        "manzil": 7,
        "ruku": 538,
        "word_number_in_verse": 3,
        "language_code": "en",
        "text": "what",
        "root_word": "مَا",
        "global_word_sequence_number": 76863,
        "global_verse_sequence_number": 6111
    },
    {
        "chapter": 96,
        "verse": 5,
        "juz": 30,
        "hizb": 239,
        "manzil": 7,
        "ruku": 538,
        "word_number_in_verse": 4,
        "language_code": "en",
        "text": "not",
        "root_word": "لَمۡ",
        "global_word_sequence_number": 76864,
        "global_verse_sequence_number": 6111
    },
    {
        "chapter": 96,
        "verse": 5,
        "juz": 30,
        "hizb": 239,
        "manzil": 7,
        "ruku": 538,
        "word_number_in_verse": 5,
        "language_code": "en",
        "text": "he knew",
        "root_word": "يَعۡلَمۡ",
        "global_word_sequence_number": 76865,
        "global_verse_sequence_number": 6111
    },
    {
        "chapter": 96,
        "verse": 6,
        "juz": 30,
        "hizb": 239,
        "manzil": 7,
        "ruku": 538,
        "word_number_in_verse": 1,
        "language_code": "en",
        "text": "Nay",
        "root_word": "كـَلَّآ",
        "global_word_sequence_number": 76866,
        "global_verse_sequence_number": 6112
    },
    {
        "chapter": 96,
        "verse": 6,
        "juz": 30,
        "hizb": 239,
        "manzil": 7,
        "ruku": 538,
        "word_number_in_verse": 2,
        "language_code": "en",
        "text": "Indeed",
        "root_word": "إِنَّ",
        "global_word_sequence_number": 76867,
        "global_verse_sequence_number": 6112
    },
    {
        "chapter": 96,
        "verse": 6,
        "juz": 30,
        "hizb": 239,
        "manzil": 7,
        "ruku": 538,
        "word_number_in_verse": 3,
        "language_code": "en",
        "text": "man",
        "root_word": "الۡإِنسَٰنَ",
        "global_word_sequence_number": 76868,
        "global_verse_sequence_number": 6112
    },
    {
        "chapter": 96,
        "verse": 6,
        "juz": 30,
        "hizb": 239,
        "manzil": 7,
        "ruku": 538,
        "word_number_in_verse": 4,
        "language_code": "en",
        "text": "surely transgresses",
        "root_word": "لَيَطۡغَىٰٓ",
        "global_word_sequence_number": 76869,
        "global_verse_sequence_number": 6112
    },
    {
        "chapter": 96,
        "verse": 7,
        "juz": 30,
        "hizb": 239,
        "manzil": 7,
        "ruku": 538,
        "word_number_in_verse": 1,
        "language_code": "en",
        "text": "That",
        "root_word": "أَن",
        "global_word_sequence_number": 76870,
        "global_verse_sequence_number": 6113
    },
    {
        "chapter": 96,
        "verse": 7,
        "juz": 30,
        "hizb": 239,
        "manzil": 7,
        "ruku": 538,
        "word_number_in_verse": 2,
        "language_code": "en",
        "text": "he sees himself",
        "root_word": "رَّءَاهُ",
        "global_word_sequence_number": 76871,
        "global_verse_sequence_number": 6113
    },
    {
        "chapter": 96,
        "verse": 7,
        "juz": 30,
        "hizb": 239,
        "manzil": 7,
        "ruku": 538,
        "word_number_in_verse": 3,
        "language_code": "en",
        "text": "self-sufficient",
        "root_word": "اسۡتَغۡنَىٰٓ",
        "global_word_sequence_number": 76872,
        "global_verse_sequence_number": 6113
    },
    {
        "chapter": 96,
        "verse": 8,
        "juz": 30,
        "hizb": 239,
        "manzil": 7,
        "ruku": 538,
        "word_number_in_verse": 1,
        "language_code": "en",
        "text": "Indeed",
        "root_word": "إِنَّ",
        "global_word_sequence_number": 76873,
        "global_verse_sequence_number": 6114
    },
    {
        "chapter": 96,
        "verse": 8,
        "juz": 30,
        "hizb": 239,
        "manzil": 7,
        "ruku": 538,
        "word_number_in_verse": 2,
        "language_code": "en",
        "text": "to",
        "root_word": "إِلَىٰ",
        "global_word_sequence_number": 76874,
        "global_verse_sequence_number": 6114
    },
    {
        "chapter": 96,
        "verse": 8,
        "juz": 30,
        "hizb": 239,
        "manzil": 7,
        "ruku": 538,
        "word_number_in_verse": 3,
        "language_code": "en",
        "text": "your Lord",
        "root_word": "رَبِّكَ",
        "global_word_sequence_number": 76875,
        "global_verse_sequence_number": 6114
    },
    {
        "chapter": 96,
        "verse": 8,
        "juz": 30,
        "hizb": 239,
        "manzil": 7,
        "ruku": 538,
        "word_number_in_verse": 4,
        "language_code": "en",
        "text": "(is) the return",
        "root_word": "الرُّجۡعَىٰٓ",
        "global_word_sequence_number": 76876,
        "global_verse_sequence_number": 6114
    },
    {
        "chapter": 96,
        "verse": 9,
        "juz": 30,
        "hizb": 239,
        "manzil": 7,
        "ruku": 538,
        "word_number_in_verse": 1,
        "language_code": "en",
        "text": "Have you seen",
        "root_word": "أَرَءَيۡتَ",
        "global_word_sequence_number": 76877,
        "global_verse_sequence_number": 6115
    },
    {
        "chapter": 96,
        "verse": 9,
        "juz": 30,
        "hizb": 239,
        "manzil": 7,
        "ruku": 538,
        "word_number_in_verse": 2,
        "language_code": "en",
        "text": "the one who",
        "root_word": "الَّذِي",
        "global_word_sequence_number": 76878,
        "global_verse_sequence_number": 6115
    },
    {
        "chapter": 96,
        "verse": 9,
        "juz": 30,
        "hizb": 239,
        "manzil": 7,
        "ruku": 538,
        "word_number_in_verse": 3,
        "language_code": "en",
        "text": "forbids",
        "root_word": "يَنۡهَىٰ",
        "global_word_sequence_number": 76879,
        "global_verse_sequence_number": 6115
    },
    {
        "chapter": 96,
        "verse": 10,
        "juz": 30,
        "hizb": 239,
        "manzil": 7,
        "ruku": 538,
        "word_number_in_verse": 1,
        "language_code": "en",
        "text": "A slave",
        "root_word": "عَبۡدًا",
        "global_word_sequence_number": 76880,
        "global_verse_sequence_number": 6116
    },
    {
        "chapter": 96,
        "verse": 10,
        "juz": 30,
        "hizb": 239,
        "manzil": 7,
        "ruku": 538,
        "word_number_in_verse": 2,
        "language_code": "en",
        "text": "when",
        "root_word": "إِذَا",
        "global_word_sequence_number": 76881,
        "global_verse_sequence_number": 6116
    },
    {
        "chapter": 96,
        "verse": 10,
        "juz": 30,
        "hizb": 239,
        "manzil": 7,
        "ruku": 538,
        "word_number_in_verse": 3,
        "language_code": "en",
        "text": "he prays",
        "root_word": "صَلَّىٰٓ",
        "global_word_sequence_number": 76882,
        "global_verse_sequence_number": 6116
    },
    {
        "chapter": 96,
        "verse": 11,
        "juz": 30,
        "hizb": 239,
        "manzil": 7,
        "ruku": 538,
        "word_number_in_verse": 1,
        "language_code": "en",
        "text": "Have you seen",
        "root_word": "أَرَءَيۡتَ",
        "global_word_sequence_number": 76883,
        "global_verse_sequence_number": 6117
    },
    {
        "chapter": 96,
        "verse": 11,
        "juz": 30,
        "hizb": 239,
        "manzil": 7,
        "ruku": 538,
        "word_number_in_verse": 2,
        "language_code": "en",
        "text": "if",
        "root_word": "إِن",
        "global_word_sequence_number": 76884,
        "global_verse_sequence_number": 6117
    },
    {
        "chapter": 96,
        "verse": 11,
        "juz": 30,
        "hizb": 239,
        "manzil": 7,
        "ruku": 538,
        "word_number_in_verse": 3,
        "language_code": "en",
        "text": "he is",
        "root_word": "كَانَ",
        "global_word_sequence_number": 76885,
        "global_verse_sequence_number": 6117
    },
    {
        "chapter": 96,
        "verse": 11,
        "juz": 30,
        "hizb": 239,
        "manzil": 7,
        "ruku": 538,
        "word_number_in_verse": 4,
        "language_code": "en",
        "text": "upon",
        "root_word": "عَلَى",
        "global_word_sequence_number": 76886,
        "global_verse_sequence_number": 6117
    },
    {
        "chapter": 96,
        "verse": 11,
        "juz": 30,
        "hizb": 239,
        "manzil": 7,
        "ruku": 538,
        "word_number_in_verse": 5,
        "language_code": "en",
        "text": "[the] guidance",
        "root_word": "الۡهُدَىٰٓ",
        "global_word_sequence_number": 76887,
        "global_verse_sequence_number": 6117
    },
    {
        "chapter": 96,
        "verse": 12,
        "juz": 30,
        "hizb": 239,
        "manzil": 7,
        "ruku": 538,
        "word_number_in_verse": 1,
        "language_code": "en",
        "text": "Or",
        "root_word": "أَوۡ",
        "global_word_sequence_number": 76888,
        "global_verse_sequence_number": 6118
    },
    {
        "chapter": 96,
        "verse": 12,
        "juz": 30,
        "hizb": 239,
        "manzil": 7,
        "ruku": 538,
        "word_number_in_verse": 2,
        "language_code": "en",
        "text": "he enjoins",
        "root_word": "أَمَرَ",
        "global_word_sequence_number": 76889,
        "global_verse_sequence_number": 6118
    },
    {
        "chapter": 96,
        "verse": 12,
        "juz": 30,
        "hizb": 239,
        "manzil": 7,
        "ruku": 538,
        "word_number_in_verse": 3,
        "language_code": "en",
        "text": "[of the] righteousness",
        "root_word": "بِالتَّقۡوَىٰٓ",
        "global_word_sequence_number": 76890,
        "global_verse_sequence_number": 6118
    },
    {
        "chapter": 96,
        "verse": 13,
        "juz": 30,
        "hizb": 239,
        "manzil": 7,
        "ruku": 538,
        "word_number_in_verse": 1,
        "language_code": "en",
        "text": "Have you seen",
        "root_word": "أَرَءَيۡتَ",
        "global_word_sequence_number": 76891,
        "global_verse_sequence_number": 6119
    },
    {
        "chapter": 96,
        "verse": 13,
        "juz": 30,
        "hizb": 239,
        "manzil": 7,
        "ruku": 538,
        "word_number_in_verse": 2,
        "language_code": "en",
        "text": "if",
        "root_word": "إِن",
        "global_word_sequence_number": 76892,
        "global_verse_sequence_number": 6119
    },
    {
        "chapter": 96,
        "verse": 13,
        "juz": 30,
        "hizb": 239,
        "manzil": 7,
        "ruku": 538,
        "word_number_in_verse": 3,
        "language_code": "en",
        "text": "he denies",
        "root_word": "كَذَّبَ",
        "global_word_sequence_number": 76893,
        "global_verse_sequence_number": 6119
    },
    {
        "chapter": 96,
        "verse": 13,
        "juz": 30,
        "hizb": 239,
        "manzil": 7,
        "ruku": 538,
        "word_number_in_verse": 4,
        "language_code": "en",
        "text": "and turns away",
        "root_word": "وَتَوَلَّىٰٓ",
        "global_word_sequence_number": 76894,
        "global_verse_sequence_number": 6119
    },
    {
        "chapter": 96,
        "verse": 14,
        "juz": 30,
        "hizb": 239,
        "manzil": 7,
        "ruku": 538,
        "word_number_in_verse": 1,
        "language_code": "en",
        "text": "Does not",
        "root_word": "أَلَمۡ",
        "global_word_sequence_number": 76895,
        "global_verse_sequence_number": 6120
    },
    {
        "chapter": 96,
        "verse": 14,
        "juz": 30,
        "hizb": 239,
        "manzil": 7,
        "ruku": 538,
        "word_number_in_verse": 2,
        "language_code": "en",
        "text": "he know",
        "root_word": "يَعۡلَم",
        "global_word_sequence_number": 76896,
        "global_verse_sequence_number": 6120
    },
    {
        "chapter": 96,
        "verse": 14,
        "juz": 30,
        "hizb": 239,
        "manzil": 7,
        "ruku": 538,
        "word_number_in_verse": 3,
        "language_code": "en",
        "text": "that",
        "root_word": "بِأَنَّ",
        "global_word_sequence_number": 76897,
        "global_verse_sequence_number": 6120
    },
    {
        "chapter": 96,
        "verse": 14,
        "juz": 30,
        "hizb": 239,
        "manzil": 7,
        "ruku": 538,
        "word_number_in_verse": 4,
        "language_code": "en",
        "text": "Allah",
        "root_word": "اللَّهَ",
        "global_word_sequence_number": 76898,
        "global_verse_sequence_number": 6120
    },
    {
        "chapter": 96,
        "verse": 14,
        "juz": 30,
        "hizb": 239,
        "manzil": 7,
        "ruku": 538,
        "word_number_in_verse": 5,
        "language_code": "en",
        "text": "sees",
        "root_word": "يَرَىٰ",
        "global_word_sequence_number": 76899,
        "global_verse_sequence_number": 6120
    },
    {
        "chapter": 96,
        "verse": 15,
        "juz": 30,
        "hizb": 239,
        "manzil": 7,
        "ruku": 538,
        "word_number_in_verse": 1,
        "language_code": "en",
        "text": "Nay",
        "root_word": "كـَلَّا",
        "global_word_sequence_number": 76900,
        "global_verse_sequence_number": 6121
    },
    {
        "chapter": 96,
        "verse": 15,
        "juz": 30,
        "hizb": 239,
        "manzil": 7,
        "ruku": 538,
        "word_number_in_verse": 2,
        "language_code": "en",
        "text": "If",
        "root_word": "لَئِن",
        "global_word_sequence_number": 76901,
        "global_verse_sequence_number": 6121
    },
    {
        "chapter": 96,
        "verse": 15,
        "juz": 30,
        "hizb": 239,
        "manzil": 7,
        "ruku": 538,
        "word_number_in_verse": 3,
        "language_code": "en",
        "text": "not",
        "root_word": "لَّمۡ",
        "global_word_sequence_number": 76902,
        "global_verse_sequence_number": 6121
    },
    {
        "chapter": 96,
        "verse": 15,
        "juz": 30,
        "hizb": 239,
        "manzil": 7,
        "ruku": 538,
        "word_number_in_verse": 4,
        "language_code": "en",
        "text": "he desists",
        "root_word": "يَنتَهِ",
        "global_word_sequence_number": 76903,
        "global_verse_sequence_number": 6121
    },
    {
        "chapter": 96,
        "verse": 15,
        "juz": 30,
        "hizb": 239,
        "manzil": 7,
        "ruku": 538,
        "word_number_in_verse": 5,
        "language_code": "en",
        "text": "surely We will drag him",
        "root_word": "لَنَسۡفَعَۢا",
        "global_word_sequence_number": 76904,
        "global_verse_sequence_number": 6121
    },
    {
        "chapter": 96,
        "verse": 15,
        "juz": 30,
        "hizb": 239,
        "manzil": 7,
        "ruku": 538,
        "word_number_in_verse": 6,
        "language_code": "en",
        "text": "by the forelock",
        "root_word": "بِالنَّاصِيَةِ",
        "global_word_sequence_number": 76905,
        "global_verse_sequence_number": 6121
    },
    {
        "chapter": 96,
        "verse": 16,
        "juz": 30,
        "hizb": 239,
        "manzil": 7,
        "ruku": 538,
        "word_number_in_verse": 1,
        "language_code": "en",
        "text": "A forelock",
        "root_word": "نَاصِيَةٖ",
        "global_word_sequence_number": 76906,
        "global_verse_sequence_number": 6122
    },
    {
        "chapter": 96,
        "verse": 16,
        "juz": 30,
        "hizb": 239,
        "manzil": 7,
        "ruku": 538,
        "word_number_in_verse": 2,
        "language_code": "en",
        "text": "lying",
        "root_word": "كَٰذِبَةٍ",
        "global_word_sequence_number": 76907,
        "global_verse_sequence_number": 6122
    },
    {
        "chapter": 96,
        "verse": 16,
        "juz": 30,
        "hizb": 239,
        "manzil": 7,
        "ruku": 538,
        "word_number_in_verse": 3,
        "language_code": "en",
        "text": "sinful",
        "root_word": "خَاطِئَةٖ",
        "global_word_sequence_number": 76908,
        "global_verse_sequence_number": 6122
    },
    {
        "chapter": 96,
        "verse": 17,
        "juz": 30,
        "hizb": 239,
        "manzil": 7,
        "ruku": 538,
        "word_number_in_verse": 1,
        "language_code": "en",
        "text": "Then let him call",
        "root_word": "فَلۡيَدۡعُ",
        "global_word_sequence_number": 76909,
        "global_verse_sequence_number": 6123
    },
    {
        "chapter": 96,
        "verse": 17,
        "juz": 30,
        "hizb": 239,
        "manzil": 7,
        "ruku": 538,
        "word_number_in_verse": 2,
        "language_code": "en",
        "text": "his associates",
        "root_word": "نَادِيَهُۥ",
        "global_word_sequence_number": 76910,
        "global_verse_sequence_number": 6123
    },
    {
        "chapter": 96,
        "verse": 18,
        "juz": 30,
        "hizb": 239,
        "manzil": 7,
        "ruku": 538,
        "word_number_in_verse": 1,
        "language_code": "en",
        "text": "We will call",
        "root_word": "سَنَدۡعُ",
        "global_word_sequence_number": 76911,
        "global_verse_sequence_number": 6124
    },
    {
        "chapter": 96,
        "verse": 18,
        "juz": 30,
        "hizb": 239,
        "manzil": 7,
        "ruku": 538,
        "word_number_in_verse": 2,
        "language_code": "en",
        "text": "the Angels of Hell",
        "root_word": "الزَّبَانِيَةَ",
        "global_word_sequence_number": 76912,
        "global_verse_sequence_number": 6124
    },
    {
        "chapter": 96,
        "verse": 19,
        "juz": 30,
        "hizb": 239,
        "manzil": 7,
        "ruku": 538,
        "word_number_in_verse": 1,
        "language_code": "en",
        "text": "Nay",
        "root_word": "كـَلَّا",
        "global_word_sequence_number": 76913,
        "global_verse_sequence_number": 6125
    },
    {
        "chapter": 96,
        "verse": 19,
        "juz": 30,
        "hizb": 239,
        "manzil": 7,
        "ruku": 538,
        "word_number_in_verse": 2,
        "language_code": "en",
        "text": "(Do) not",
        "root_word": "لَا",
        "global_word_sequence_number": 76914,
        "global_verse_sequence_number": 6125
    },
    {
        "chapter": 96,
        "verse": 19,
        "juz": 30,
        "hizb": 239,
        "manzil": 7,
        "ruku": 538,
        "word_number_in_verse": 3,
        "language_code": "en",
        "text": "obey him",
        "root_word": "تُطِعۡهُ",
        "global_word_sequence_number": 76915,
        "global_verse_sequence_number": 6125
    },
    {
        "chapter": 96,
        "verse": 19,
        "juz": 30,
        "hizb": 239,
        "manzil": 7,
        "ruku": 538,
        "word_number_in_verse": 4,
        "language_code": "en",
        "text": "But prostrate",
        "root_word": "وَاسۡجُدۡۤ",
        "global_word_sequence_number": 76916,
        "global_verse_sequence_number": 6125
    },
    {
        "chapter": 96,
        "verse": 19,
        "juz": 30,
        "hizb": 239,
        "manzil": 7,
        "ruku": 538,
        "word_number_in_verse": 5,
        "language_code": "en",
        "text": "and draw near (to Allah)",
        "root_word": "وَاقۡتَرِب۩",
        "global_word_sequence_number": 76917,
        "global_verse_sequence_number": 6125
    }
]