[
    {
        "chapter": 97,
        "verse": 1,
        "juz": 30,
        "hizb": 239,
        "manzil": 7,
        "ruku": 539,
        "word_number_in_verse": 1,
        "language_code": "en",
        "text": "Indeed We",
        "root_word": "إِنَّآ",
        "global_word_sequence_number": 76918,
        "global_verse_sequence_number": 6126
    },
    {
        "chapter": 97,
        "verse": 1,
        "juz": 30,
        "hizb": 239,
        "manzil": 7,
        "ruku": 539,
        "word_number_in_verse": 2,
        "language_code": "en",
        "text": "revealed it",
        "root_word": "أَنزَلۡنَٰهُ",
        "global_word_sequence_number": 76919,
        "global_verse_sequence_number": 6126
    },
    {
        "chapter": 97,
        "verse": 1,
        "juz": 30,
        "hizb": 239,
        "manzil": 7,
        "ruku": 539,
        "word_number_in_verse": 3,
        "language_code": "en",
        "text": "in",
        "root_word": "فِي",
        "global_word_sequence_number": 76920,
        "global_verse_sequence_number": 6126
    },
    {
        "chapter": 97,
        "verse": 1,
        "juz": 30,
        "hizb": 239,
        "manzil": 7,
        "ruku": 539,
        "word_number_in_verse": 4,
        "language_code": "en",
        "text": "(the) Night",
        "root_word": "لَيۡلَةِ",
        "global_word_sequence_number": 76921,
        "global_verse_sequence_number": 6126
    },
    {
        "chapter": 97,
        "verse": 1,
        "juz": 30,
        "hizb": 239,
        "manzil": 7,
        "ruku": 539,
        "word_number_in_verse": 5,
        "language_code": "en",
        "text": "(of) Power",
        "root_word": "الۡقَدۡرِ",
        "global_word_sequence_number": 76922,
        "global_verse_sequence_number": 6126
    },
    {
        "chapter": 97,
        "verse": 2,
        "juz": 30,
        "hizb": 239,
        "manzil": 7,
        "ruku": 539,
        "word_number_in_verse": 1,
        "language_code": "en",
        "text": "And what",
        "root_word": "وَمَآ",
        "global_word_sequence_number": 76923,
        "global_verse_sequence_number": 6127
    },
    {
        "chapter": 97,
        "verse": 2,
        "juz": 30,
        "hizb": 239,
        "manzil": 7,
        "ruku": 539,
        "word_number_in_verse": 2,
        "language_code": "en",
        "text": "can make you know",
        "root_word": "أَدۡرَىٰكَ",
        "global_word_sequence_number": 76924,
        "global_verse_sequence_number": 6127
    },
    {
        "chapter": 97,
        "verse": 2,
        "juz": 30,
        "hizb": 239,
        "manzil": 7,
        "ruku": 539,
        "word_number_in_verse": 3,
        "language_code": "en",
        "text": "what",
        "root_word": "مَا",
        "global_word_sequence_number": 76925,
        "global_verse_sequence_number": 6127
    },
    {
        "chapter": 97,
        "verse": 2,
        "juz": 30,
        "hizb": 239,
        "manzil": 7,
        "ruku": 539,
        "word_number_in_verse": 4,
        "language_code": "en",
        "text": "(the) Night",
        "root_word": "لَيۡلَةُ",
        "global_word_sequence_number": 76926,
        "global_verse_sequence_number": 6127
    },
    {
        "chapter": 97,
        "verse": 2,
        "juz": 30,
        "hizb": 239,
        "manzil": 7,
        "ruku": 539,
        "word_number_in_verse": 5,
        "language_code": "en",
        "text": "(of) Power (is)",
        "root_word": "الۡقَدۡرِ",
        "global_word_sequence_number": 76927,
        "global_verse_sequence_number": 6127
    },
    {
        "chapter": 97,
        "verse": 3,
        "juz": 30,
        "hizb": 239,
        "manzil": 7,
        "ruku": 539,
        "word_number_in_verse": 1,
        "language_code": "en",
        "text": "(The) Night",
        "root_word": "لَيۡلَةُ",
        "global_word_sequence_number": 76928,
        "global_verse_sequence_number": 6128
    },
    {
        "chapter": 97,
        "verse": 3,
        "juz": 30,
        "hizb": 239,
        "manzil": 7,
        "ruku": 539,
        "word_number_in_verse": 2,
        "language_code": "en",
        "text": "(of) Power",
        "root_word": "الۡقَدۡرِ",
        "global_word_sequence_number": 76929,
        "global_verse_sequence_number": 6128
    },
    {
        "chapter": 97,
        "verse": 3,
        "juz": 30,
        "hizb": 239,
        "manzil": 7,
        "ruku": 539,
        "word_number_in_verse": 3,
        "language_code": "en",
        "text": "(is) better",
        "root_word": "خَيۡرٞ",
        "global_word_sequence_number": 76930,
        "global_verse_sequence_number": 6128
    },
    {
        "chapter": 97,
        "verse": 3,
        "juz": 30,
        "hizb": 239,
        "manzil": 7,
        "ruku": 539,
        "word_number_in_verse": 4,
        "language_code": "en",
        "text": "than",
        "root_word": "مِّنۡ",
        "global_word_sequence_number": 76931,
        "global_verse_sequence_number": 6128
    },
    {
        "chapter": 97,
        "verse": 3,
        "juz": 30,
        "hizb": 239,
        "manzil": 7,
        "ruku": 539,
        "word_number_in_verse": 5,
        "language_code": "en",
        "text": "a thousand",
        "root_word": "أَلۡفِ",
        "global_word_sequence_number": 76932,
        "global_verse_sequence_number": 6128
    },
    {
        "chapter": 97,
        "verse": 3,
        "juz": 30,
        "hizb": 239,
        "manzil": 7,
        "ruku": 539,
        "word_number_in_verse": 6,
        "language_code": "en",
        "text": "month(s)",
        "root_word": "شَهۡرٖ",
        "global_word_sequence_number": 76933,
        "global_verse_sequence_number": 6128
    },
    {
        "chapter": 97,
        "verse": 4,
        "juz": 30,
        "hizb": 239,
        "manzil": 7,
        "ruku": 539,
        "word_number_in_verse": 1,
        "language_code": "en",
        "text": "Descend",
        "root_word": "تَنَزَّلُ",
        "global_word_sequence_number": 76934,
        "global_verse_sequence_number": 6129
    },
    {
        "chapter": 97,
        "verse": 4,
        "juz": 30,
        "hizb": 239,
        "manzil": 7,
        "ruku": 539,
        "word_number_in_verse": 2,
        "language_code": "en",
        "text": "the Angels",
        "root_word": "الۡمَلَٰٓئِكَةُ",
        "global_word_sequence_number": 76935,
        "global_verse_sequence_number": 6129
    },
    {
        "chapter": 97,
        "verse": 4,
        "juz": 30,
        "hizb": 239,
        "manzil": 7,
        "ruku": 539,
        "word_number_in_verse": 3,
        "language_code": "en",
        "text": "and the Spirit",
        "root_word": "وَالرُّوحُ",
        "global_word_sequence_number": 76936,
        "global_verse_sequence_number": 6129
    },
    {
        "chapter": 97,
        "verse": 4,
        "juz": 30,
        "hizb": 239,
        "manzil": 7,
        "ruku": 539,
        "word_number_in_verse": 4,
        "language_code": "en",
        "text": "therein",
        "root_word": "فِيهَا",
        "global_word_sequence_number": 76937,
        "global_verse_sequence_number": 6129
    },
    {
        "chapter": 97,
        "verse": 4,
        "juz": 30,
        "hizb": 239,
        "manzil": 7,
        "ruku": 539,
        "word_number_in_verse": 5,
        "language_code": "en",
        "text": "by (the) permission",
        "root_word": "بِإِذۡنِ",
        "global_word_sequence_number": 76938,
        "global_verse_sequence_number": 6129
    },
    {
        "chapter": 97,
        "verse": 4,
        "juz": 30,
        "hizb": 239,
        "manzil": 7,
        "ruku": 539,
        "word_number_in_verse": 6,
        "language_code": "en",
        "text": "(of) their Lord",
        "root_word": "رَبِّهِم",
        "global_word_sequence_number": 76939,
        "global_verse_sequence_number": 6129
    },
    {
        "chapter": 97,
        "verse": 4,
        "juz": 30,
        "hizb": 239,
        "manzil": 7,
        "ruku": 539,
        "word_number_in_verse": 7,
        "language_code": "en",
        "text": "for",
        "root_word": "مِّن",
        "global_word_sequence_number": 76940,
        "global_verse_sequence_number": 6129
    },
    {
        "chapter": 97,
        "verse": 4,
        "juz": 30,
        "hizb": 239,
        "manzil": 7,
        "ruku": 539,
        "word_number_in_verse": 8,
        "language_code": "en",
        "text": "every",
        "root_word": "كُلِّ",
        "global_word_sequence_number": 76941,
        "global_verse_sequence_number": 6129
    },
    {
        "chapter": 97,
        "verse": 4,
        "juz": 30,
        "hizb": 239,
        "manzil": 7,
        "ruku": 539,
        "word_number_in_verse": 9,
        "language_code": "en",
        "text": "affair",
        "root_word": "أَمۡرٖ",
        "global_word_sequence_number": 76942,
        "global_verse_sequence_number": 6129
    },
    {
        "chapter": 97,
        "verse": 5,
        "juz": 30,
        "hizb": 239,
        "manzil": 7,
        "ruku": 539,
        "word_number_in_verse": 1,
        "language_code": "en",
        "text": "Peace",
        "root_word": "سَلَٰمٌ",
        "global_word_sequence_number": 76943,
        "global_verse_sequence_number": 6130
    },
    {
        "chapter": 97,
        "verse": 5,
        "juz": 30,
        "hizb": 239,
        "manzil": 7,
        "ruku": 539,
        "word_number_in_verse": 2,
        "language_code": "en",
        "text": "it (is)",
        "root_word": "هِيَ",
        "global_word_sequence_number": 76944,
        "global_verse_sequence_number": 6130
    },
    {
        "chapter": 97,
        "verse": 5,
        "juz": 30,
        "hizb": 239,
        "manzil": 7,
        "ruku": 539,
        "word_number_in_verse": 3,
        "language_code": "en",
        "text": "until",
        "root_word": "حَتَّىٰ",
        "global_word_sequence_number": 76945,
        "global_verse_sequence_number": 6130
    },
    {
        "chapter": 97,
        "verse": 5,
        "juz": 30,
        "hizb": 239,
        "manzil": 7,
        "ruku": 539,
        "word_number_in_verse": 4,
        "language_code": "en",
        "text": "(the) emergence",
        "root_word": "مَطۡلَعِ",
        "global_word_sequence_number": 76946,
        "global_verse_sequence_number": 6130
    },
    {
        "chapter": 97,
        "verse": 5,
        "juz": 30,
        "hizb": 239,
        "manzil": 7,
        "ruku": 539,
        "word_number_in_verse": 5,
        "language_code": "en",
        "text": "(of) the dawn",
        "root_word": "الۡفَجۡرِ",
        "global_word_sequence_number": 76947,
        "global_verse_sequence_number": 6130
    }
]