[
    {
        "chapter": 98,
        "verse": 1,
        "juz": 30,
        "hizb": 239,
        "manzil": 7,
        "ruku": 540,
        "word_number_in_verse": 1,
        "language_code": "en",
        "text": "Not",
        "root_word": "لَمۡ",
        "global_word_sequence_number": 76948,
        "global_verse_sequence_number": 6131
    },
    {
        "chapter": 98,
        "verse": 1,
        "juz": 30,
        "hizb": 239,
        "manzil": 7,
        "ruku": 540,
        "word_number_in_verse": 2,
        "language_code": "en",
        "text": "were",
        "root_word": "يَكُنِ",
        "global_word_sequence_number": 76949,
        "global_verse_sequence_number": 6131
    },
    {
        "chapter": 98,
        "verse": 1,
        "juz": 30,
        "hizb": 239,
        "manzil": 7,
        "ruku": 540,
        "word_number_in_verse": 3,
        "language_code": "en",
        "text": "those who",
        "root_word": "الَّذِينَ",
        "global_word_sequence_number": 76950,
        "global_verse_sequence_number": 6131
    },
    {
        "chapter": 98,
        "verse": 1,
        "juz": 30,
        "hizb": 239,
        "manzil": 7,
        "ruku": 540,
        "word_number_in_verse": 4,
        "language_code": "en",
        "text": "disbelieved",
        "root_word": "كَفَرُواْ",
        "global_word_sequence_number": 76951,
        "global_verse_sequence_number": 6131
    },
    {
        "chapter": 98,
        "verse": 1,
        "juz": 30,
        "hizb": 239,
        "manzil": 7,
        "ruku": 540,
        "word_number_in_verse": 5,
        "language_code": "en",
        "text": "from",
        "root_word": "مِنۡ",
        "global_word_sequence_number": 76952,
        "global_verse_sequence_number": 6131
    },
    {
        "chapter": 98,
        "verse": 1,
        "juz": 30,
        "hizb": 239,
        "manzil": 7,
        "ruku": 540,
        "word_number_in_verse": 6,
        "language_code": "en",
        "text": "(the) People",
        "root_word": "أَهۡلِ",
        "global_word_sequence_number": 76953,
        "global_verse_sequence_number": 6131
    },
    {
        "chapter": 98,
        "verse": 1,
        "juz": 30,
        "hizb": 239,
        "manzil": 7,
        "ruku": 540,
        "word_number_in_verse": 7,
        "language_code": "en",
        "text": "of the Book",
        "root_word": "الۡكِتَٰبِ",
        "global_word_sequence_number": 76954,
        "global_verse_sequence_number": 6131
    },
    {
        "chapter": 98,
        "verse": 1,
        "juz": 30,
        "hizb": 239,
        "manzil": 7,
        "ruku": 540,
        "word_number_in_verse": 8,
        "language_code": "en",
        "text": "and the polytheists",
        "root_word": "وَالۡمُشۡرِكِينَ",
        "global_word_sequence_number": 76955,
        "global_verse_sequence_number": 6131
    },
    {
        "chapter": 98,
        "verse": 1,
        "juz": 30,
        "hizb": 239,
        "manzil": 7,
        "ruku": 540,
        "word_number_in_verse": 9,
        "language_code": "en",
        "text": "to be abandoned",
        "root_word": "مُنفَكِّينَ",
        "global_word_sequence_number": 76956,
        "global_verse_sequence_number": 6131
    },
    {
        "chapter": 98,
        "verse": 1,
        "juz": 30,
        "hizb": 239,
        "manzil": 7,
        "ruku": 540,
        "word_number_in_verse": 10,
        "language_code": "en",
        "text": "until",
        "root_word": "حَتَّىٰ",
        "global_word_sequence_number": 76957,
        "global_verse_sequence_number": 6131
    },
    {
        "chapter": 98,
        "verse": 1,
        "juz": 30,
        "hizb": 239,
        "manzil": 7,
        "ruku": 540,
        "word_number_in_verse": 11,
        "language_code": "en",
        "text": "(there) comes to them",
        "root_word": "تَأۡتِيَهُمُ",
        "global_word_sequence_number": 76958,
        "global_verse_sequence_number": 6131
    },
    {
        "chapter": 98,
        "verse": 1,
        "juz": 30,
        "hizb": 239,
        "manzil": 7,
        "ruku": 540,
        "word_number_in_verse": 12,
        "language_code": "en",
        "text": "the clear evidence",
        "root_word": "الۡبَيِّنَةُ",
        "global_word_sequence_number": 76959,
        "global_verse_sequence_number": 6131
    },
    {
        "chapter": 98,
        "verse": 2,
        "juz": 30,
        "hizb": 239,
        "manzil": 7,
        "ruku": 540,
        "word_number_in_verse": 1,
        "language_code": "en",
        "text": "A Messenger",
        "root_word": "رَسُولٞ",
        "global_word_sequence_number": 76960,
        "global_verse_sequence_number": 6132
    },
    {
        "chapter": 98,
        "verse": 2,
        "juz": 30,
        "hizb": 239,
        "manzil": 7,
        "ruku": 540,
        "word_number_in_verse": 2,
        "language_code": "en",
        "text": "from",
        "root_word": "مِّنَ",
        "global_word_sequence_number": 76961,
        "global_verse_sequence_number": 6132
    },
    {
        "chapter": 98,
        "verse": 2,
        "juz": 30,
        "hizb": 239,
        "manzil": 7,
        "ruku": 540,
        "word_number_in_verse": 3,
        "language_code": "en",
        "text": "Allah",
        "root_word": "اللَّهِ",
        "global_word_sequence_number": 76962,
        "global_verse_sequence_number": 6132
    },
    {
        "chapter": 98,
        "verse": 2,
        "juz": 30,
        "hizb": 239,
        "manzil": 7,
        "ruku": 540,
        "word_number_in_verse": 4,
        "language_code": "en",
        "text": "reciting",
        "root_word": "يَتۡلُواْ",
        "global_word_sequence_number": 76963,
        "global_verse_sequence_number": 6132
    },
    {
        "chapter": 98,
        "verse": 2,
        "juz": 30,
        "hizb": 239,
        "manzil": 7,
        "ruku": 540,
        "word_number_in_verse": 5,
        "language_code": "en",
        "text": "pages",
        "root_word": "صُحُفٗا",
        "global_word_sequence_number": 76964,
        "global_verse_sequence_number": 6132
    },
    {
        "chapter": 98,
        "verse": 2,
        "juz": 30,
        "hizb": 239,
        "manzil": 7,
        "ruku": 540,
        "word_number_in_verse": 6,
        "language_code": "en",
        "text": "purified",
        "root_word": "مُّطَهَّرَةٗ",
        "global_word_sequence_number": 76965,
        "global_verse_sequence_number": 6132
    },
    {
        "chapter": 98,
        "verse": 3,
        "juz": 30,
        "hizb": 239,
        "manzil": 7,
        "ruku": 540,
        "word_number_in_verse": 1,
        "language_code": "en",
        "text": "Wherein",
        "root_word": "فِيهَا",
        "global_word_sequence_number": 76966,
        "global_verse_sequence_number": 6133
    },
    {
        "chapter": 98,
        "verse": 3,
        "juz": 30,
        "hizb": 239,
        "manzil": 7,
        "ruku": 540,
        "word_number_in_verse": 2,
        "language_code": "en",
        "text": "(are) writings",
        "root_word": "كُتُبٞ",
        "global_word_sequence_number": 76967,
        "global_verse_sequence_number": 6133
    },
    {
        "chapter": 98,
        "verse": 3,
        "juz": 30,
        "hizb": 239,
        "manzil": 7,
        "ruku": 540,
        "word_number_in_verse": 3,
        "language_code": "en",
        "text": "correct",
        "root_word": "قَيِّمَةٞ",
        "global_word_sequence_number": 76968,
        "global_verse_sequence_number": 6133
    },
    {
        "chapter": 98,
        "verse": 4,
        "juz": 30,
        "hizb": 239,
        "manzil": 7,
        "ruku": 540,
        "word_number_in_verse": 1,
        "language_code": "en",
        "text": "And not",
        "root_word": "وَمَا",
        "global_word_sequence_number": 76969,
        "global_verse_sequence_number": 6134
    },
    {
        "chapter": 98,
        "verse": 4,
        "juz": 30,
        "hizb": 239,
        "manzil": 7,
        "ruku": 540,
        "word_number_in_verse": 2,
        "language_code": "en",
        "text": "became divided",
        "root_word": "تَفَرَّقَ",
        "global_word_sequence_number": 76970,
        "global_verse_sequence_number": 6134
    },
    {
        "chapter": 98,
        "verse": 4,
        "juz": 30,
        "hizb": 239,
        "manzil": 7,
        "ruku": 540,
        "word_number_in_verse": 3,
        "language_code": "en",
        "text": "those who",
        "root_word": "الَّذِينَ",
        "global_word_sequence_number": 76971,
        "global_verse_sequence_number": 6134
    },
    {
        "chapter": 98,
        "verse": 4,
        "juz": 30,
        "hizb": 239,
        "manzil": 7,
        "ruku": 540,
        "word_number_in_verse": 4,
        "language_code": "en",
        "text": "were given",
        "root_word": "أُوتُواْ",
        "global_word_sequence_number": 76972,
        "global_verse_sequence_number": 6134
    },
    {
        "chapter": 98,
        "verse": 4,
        "juz": 30,
        "hizb": 239,
        "manzil": 7,
        "ruku": 540,
        "word_number_in_verse": 5,
        "language_code": "en",
        "text": "the Book",
        "root_word": "الۡكِتَٰبَ",
        "global_word_sequence_number": 76973,
        "global_verse_sequence_number": 6134
    },
    {
        "chapter": 98,
        "verse": 4,
        "juz": 30,
        "hizb": 239,
        "manzil": 7,
        "ruku": 540,
        "word_number_in_verse": 6,
        "language_code": "en",
        "text": "until",
        "root_word": "إِلَّا",
        "global_word_sequence_number": 76974,
        "global_verse_sequence_number": 6134
    },
    {
        "chapter": 98,
        "verse": 4,
        "juz": 30,
        "hizb": 239,
        "manzil": 7,
        "ruku": 540,
        "word_number_in_verse": 7,
        "language_code": "en",
        "text": "from",
        "root_word": "مِنۢ",
        "global_word_sequence_number": 76975,
        "global_verse_sequence_number": 6134
    },
    {
        "chapter": 98,
        "verse": 4,
        "juz": 30,
        "hizb": 239,
        "manzil": 7,
        "ruku": 540,
        "word_number_in_verse": 8,
        "language_code": "en",
        "text": "after",
        "root_word": "بَعۡدِ",
        "global_word_sequence_number": 76976,
        "global_verse_sequence_number": 6134
    },
    {
        "chapter": 98,
        "verse": 4,
        "juz": 30,
        "hizb": 239,
        "manzil": 7,
        "ruku": 540,
        "word_number_in_verse": 9,
        "language_code": "en",
        "text": "what",
        "root_word": "مَا",
        "global_word_sequence_number": 76977,
        "global_verse_sequence_number": 6134
    },
    {
        "chapter": 98,
        "verse": 4,
        "juz": 30,
        "hizb": 239,
        "manzil": 7,
        "ruku": 540,
        "word_number_in_verse": 10,
        "language_code": "en",
        "text": "came (to) them",
        "root_word": "جَآءَتۡهُمُ",
        "global_word_sequence_number": 76978,
        "global_verse_sequence_number": 6134
    },
    {
        "chapter": 98,
        "verse": 4,
        "juz": 30,
        "hizb": 239,
        "manzil": 7,
        "ruku": 540,
        "word_number_in_verse": 11,
        "language_code": "en",
        "text": "(of) the clear evidence",
        "root_word": "الۡبَيِّنَةُ",
        "global_word_sequence_number": 76979,
        "global_verse_sequence_number": 6134
    },
    {
        "chapter": 98,
        "verse": 5,
        "juz": 30,
        "hizb": 239,
        "manzil": 7,
        "ruku": 540,
        "word_number_in_verse": 1,
        "language_code": "en",
        "text": "And not",
        "root_word": "وَمَآ",
        "global_word_sequence_number": 76980,
        "global_verse_sequence_number": 6135
    },
    {
        "chapter": 98,
        "verse": 5,
        "juz": 30,
        "hizb": 239,
        "manzil": 7,
        "ruku": 540,
        "word_number_in_verse": 2,
        "language_code": "en",
        "text": "they were commanded",
        "root_word": "أُمِرُوٓاْ",
        "global_word_sequence_number": 76981,
        "global_verse_sequence_number": 6135
    },
    {
        "chapter": 98,
        "verse": 5,
        "juz": 30,
        "hizb": 239,
        "manzil": 7,
        "ruku": 540,
        "word_number_in_verse": 3,
        "language_code": "en",
        "text": "except",
        "root_word": "إِلَّا",
        "global_word_sequence_number": 76982,
        "global_verse_sequence_number": 6135
    },
    {
        "chapter": 98,
        "verse": 5,
        "juz": 30,
        "hizb": 239,
        "manzil": 7,
        "ruku": 540,
        "word_number_in_verse": 4,
        "language_code": "en",
        "text": "to worship",
        "root_word": "لِيَعۡبُدُواْ",
        "global_word_sequence_number": 76983,
        "global_verse_sequence_number": 6135
    },
    {
        "chapter": 98,
        "verse": 5,
        "juz": 30,
        "hizb": 239,
        "manzil": 7,
        "ruku": 540,
        "word_number_in_verse": 5,
        "language_code": "en",
        "text": "Allah",
        "root_word": "اللَّهَ",
        "global_word_sequence_number": 76984,
        "global_verse_sequence_number": 6135
    },
    {
        "chapter": 98,
        "verse": 5,
        "juz": 30,
        "hizb": 239,
        "manzil": 7,
        "ruku": 540,
        "word_number_in_verse": 6,
        "language_code": "en",
        "text": "(being) sincere",
        "root_word": "مُخۡلِصِينَ",
        "global_word_sequence_number": 76985,
        "global_verse_sequence_number": 6135
    },
    {
        "chapter": 98,
        "verse": 5,
        "juz": 30,
        "hizb": 239,
        "manzil": 7,
        "ruku": 540,
        "word_number_in_verse": 7,
        "language_code": "en",
        "text": "to Him",
        "root_word": "لَهُ",
        "global_word_sequence_number": 76986,
        "global_verse_sequence_number": 6135
    },
    {
        "chapter": 98,
        "verse": 5,
        "juz": 30,
        "hizb": 239,
        "manzil": 7,
        "ruku": 540,
        "word_number_in_verse": 8,
        "language_code": "en",
        "text": "(in) the religion",
        "root_word": "الدِّينَ",
        "global_word_sequence_number": 76987,
        "global_verse_sequence_number": 6135
    },
    {
        "chapter": 98,
        "verse": 5,
        "juz": 30,
        "hizb": 239,
        "manzil": 7,
        "ruku": 540,
        "word_number_in_verse": 9,
        "language_code": "en",
        "text": "upright",
        "root_word": "حُنَفَآءَ",
        "global_word_sequence_number": 76988,
        "global_verse_sequence_number": 6135
    },
    {
        "chapter": 98,
        "verse": 5,
        "juz": 30,
        "hizb": 239,
        "manzil": 7,
        "ruku": 540,
        "word_number_in_verse": 10,
        "language_code": "en",
        "text": "and to establish",
        "root_word": "وَيُقِيمُواْ",
        "global_word_sequence_number": 76989,
        "global_verse_sequence_number": 6135
    },
    {
        "chapter": 98,
        "verse": 5,
        "juz": 30,
        "hizb": 239,
        "manzil": 7,
        "ruku": 540,
        "word_number_in_verse": 11,
        "language_code": "en",
        "text": "the prayer",
        "root_word": "الصَّلَوٰةَ",
        "global_word_sequence_number": 76990,
        "global_verse_sequence_number": 6135
    },
    {
        "chapter": 98,
        "verse": 5,
        "juz": 30,
        "hizb": 239,
        "manzil": 7,
        "ruku": 540,
        "word_number_in_verse": 12,
        "language_code": "en",
        "text": "and to give",
        "root_word": "وَيُؤۡتُواْ",
        "global_word_sequence_number": 76991,
        "global_verse_sequence_number": 6135
    },
    {
        "chapter": 98,
        "verse": 5,
        "juz": 30,
        "hizb": 239,
        "manzil": 7,
        "ruku": 540,
        "word_number_in_verse": 13,
        "language_code": "en",
        "text": "the zakah",
        "root_word": "الزَّكَوٰةَۚ",
        "global_word_sequence_number": 76992,
        "global_verse_sequence_number": 6135
    },
    {
        "chapter": 98,
        "verse": 5,
        "juz": 30,
        "hizb": 239,
        "manzil": 7,
        "ruku": 540,
        "word_number_in_verse": 14,
        "language_code": "en",
        "text": "And that",
        "root_word": "وَذَٰلِكَ",
        "global_word_sequence_number": 76993,
        "global_verse_sequence_number": 6135
    },
    {
        "chapter": 98,
        "verse": 5,
        "juz": 30,
        "hizb": 239,
        "manzil": 7,
        "ruku": 540,
        "word_number_in_verse": 15,
        "language_code": "en",
        "text": "(is the) religion",
        "root_word": "دِينُ",
        "global_word_sequence_number": 76994,
        "global_verse_sequence_number": 6135
    },
    {
        "chapter": 98,
        "verse": 5,
        "juz": 30,
        "hizb": 239,
        "manzil": 7,
        "ruku": 540,
        "word_number_in_verse": 16,
        "language_code": "en",
        "text": "the correct",
        "root_word": "الۡقَيِّمَةِ",
        "global_word_sequence_number": 76995,
        "global_verse_sequence_number": 6135
    },
    {
        "chapter": 98,
        "verse": 6,
        "juz": 30,
        "hizb": 239,
        "manzil": 7,
        "ruku": 540,
        "word_number_in_verse": 1,
        "language_code": "en",
        "text": "Indeed",
        "root_word": "إِنَّ",
        "global_word_sequence_number": 76996,
        "global_verse_sequence_number": 6136
    },
    {
        "chapter": 98,
        "verse": 6,
        "juz": 30,
        "hizb": 239,
        "manzil": 7,
        "ruku": 540,
        "word_number_in_verse": 2,
        "language_code": "en",
        "text": "those who",
        "root_word": "الَّذِينَ",
        "global_word_sequence_number": 76997,
        "global_verse_sequence_number": 6136
    },
    {
        "chapter": 98,
        "verse": 6,
        "juz": 30,
        "hizb": 239,
        "manzil": 7,
        "ruku": 540,
        "word_number_in_verse": 3,
        "language_code": "en",
        "text": "disbelieve",
        "root_word": "كَفَرُواْ",
        "global_word_sequence_number": 76998,
        "global_verse_sequence_number": 6136
    },
    {
        "chapter": 98,
        "verse": 6,
        "juz": 30,
        "hizb": 239,
        "manzil": 7,
        "ruku": 540,
        "word_number_in_verse": 4,
        "language_code": "en",
        "text": "from",
        "root_word": "مِنۡ",
        "global_word_sequence_number": 76999,
        "global_verse_sequence_number": 6136
    },
    {
        "chapter": 98,
        "verse": 6,
        "juz": 30,
        "hizb": 239,
        "manzil": 7,
        "ruku": 540,
        "word_number_in_verse": 5,
        "language_code": "en",
        "text": "(the) People",
        "root_word": "أَهۡلِ",
        "global_word_sequence_number": 77000,
        "global_verse_sequence_number": 6136
    },
    {
        "chapter": 98,
        "verse": 6,
        "juz": 30,
        "hizb": 239,
        "manzil": 7,
        "ruku": 540,
        "word_number_in_verse": 6,
        "language_code": "en",
        "text": "(of) the Book",
        "root_word": "الۡكِتَٰبِ",
        "global_word_sequence_number": 77001,
        "global_verse_sequence_number": 6136
    },
    {
        "chapter": 98,
        "verse": 6,
        "juz": 30,
        "hizb": 239,
        "manzil": 7,
        "ruku": 540,
        "word_number_in_verse": 7,
        "language_code": "en",
        "text": "and the polytheists",
        "root_word": "وَالۡمُشۡرِكِينَ",
        "global_word_sequence_number": 77002,
        "global_verse_sequence_number": 6136
    },
    {
        "chapter": 98,
        "verse": 6,
        "juz": 30,
        "hizb": 239,
        "manzil": 7,
        "ruku": 540,
        "word_number_in_verse": 8,
        "language_code": "en",
        "text": "(will be) in",
        "root_word": "فِي",
        "global_word_sequence_number": 77003,
        "global_verse_sequence_number": 6136
    },
    {
        "chapter": 98,
        "verse": 6,
        "juz": 30,
        "hizb": 239,
        "manzil": 7,
        "ruku": 540,
        "word_number_in_verse": 9,
        "language_code": "en",
        "text": "(the) Fire",
        "root_word": "نَارِ",
        "global_word_sequence_number": 77004,
        "global_verse_sequence_number": 6136
    },
    {
        "chapter": 98,
        "verse": 6,
        "juz": 30,
        "hizb": 239,
        "manzil": 7,
        "ruku": 540,
        "word_number_in_verse": 10,
        "language_code": "en",
        "text": "(of) Hell",
        "root_word": "جَهَنَّمَ",
        "global_word_sequence_number": 77005,
        "global_verse_sequence_number": 6136
    },
    {
        "chapter": 98,
        "verse": 6,
        "juz": 30,
        "hizb": 239,
        "manzil": 7,
        "ruku": 540,
        "word_number_in_verse": 11,
        "language_code": "en",
        "text": "abiding eternally",
        "root_word": "خَٰلِدِينَ",
        "global_word_sequence_number": 77006,
        "global_verse_sequence_number": 6136
    },
    {
        "chapter": 98,
        "verse": 6,
        "juz": 30,
        "hizb": 239,
        "manzil": 7,
        "ruku": 540,
        "word_number_in_verse": 12,
        "language_code": "en",
        "text": "therein",
        "root_word": "فِيهَآۚ",
        "global_word_sequence_number": 77007,
        "global_verse_sequence_number": 6136
    },
    {
        "chapter": 98,
        "verse": 6,
        "juz": 30,
        "hizb": 239,
        "manzil": 7,
        "ruku": 540,
        "word_number_in_verse": 13,
        "language_code": "en",
        "text": "Those",
        "root_word": "أُوْلَٰٓئِكَ",
        "global_word_sequence_number": 77008,
        "global_verse_sequence_number": 6136
    },
    {
        "chapter": 98,
        "verse": 6,
        "juz": 30,
        "hizb": 239,
        "manzil": 7,
        "ruku": 540,
        "word_number_in_verse": 14,
        "language_code": "en",
        "text": "they",
        "root_word": "هُمۡ",
        "global_word_sequence_number": 77009,
        "global_verse_sequence_number": 6136
    },
    {
        "chapter": 98,
        "verse": 6,
        "juz": 30,
        "hizb": 239,
        "manzil": 7,
        "ruku": 540,
        "word_number_in_verse": 15,
        "language_code": "en",
        "text": "(are the) worst",
        "root_word": "شَرُّ",
        "global_word_sequence_number": 77010,
        "global_verse_sequence_number": 6136
    },
    {
        "chapter": 98,
        "verse": 6,
        "juz": 30,
        "hizb": 239,
        "manzil": 7,
        "ruku": 540,
        "word_number_in_verse": 16,
        "language_code": "en",
        "text": "(of) the creatures",
        "root_word": "الۡبَرِيَّةِ",
        "global_word_sequence_number": 77011,
        "global_verse_sequence_number": 6136
    },
    {
        "chapter": 98,
        "verse": 7,
        "juz": 30,
        "hizb": 239,
        "manzil": 7,
        "ruku": 540,
        "word_number_in_verse": 1,
        "language_code": "en",
        "text": "Indeed",
        "root_word": "إِنَّ",
        "global_word_sequence_number": 77012,
        "global_verse_sequence_number": 6137
    },
    {
        "chapter": 98,
        "verse": 7,
        "juz": 30,
        "hizb": 239,
        "manzil": 7,
        "ruku": 540,
        "word_number_in_verse": 2,
        "language_code": "en",
        "text": "those who",
        "root_word": "الَّذِينَ",
        "global_word_sequence_number": 77013,
        "global_verse_sequence_number": 6137
    },
    {
        "chapter": 98,
        "verse": 7,
        "juz": 30,
        "hizb": 239,
        "manzil": 7,
        "ruku": 540,
        "word_number_in_verse": 3,
        "language_code": "en",
        "text": "believe",
        "root_word": "ءَامَنُواْ",
        "global_word_sequence_number": 77014,
        "global_verse_sequence_number": 6137
    },
    {
        "chapter": 98,
        "verse": 7,
        "juz": 30,
        "hizb": 239,
        "manzil": 7,
        "ruku": 540,
        "word_number_in_verse": 4,
        "language_code": "en",
        "text": "and do",
        "root_word": "وَعَمِلُواْ",
        "global_word_sequence_number": 77015,
        "global_verse_sequence_number": 6137
    },
    {
        "chapter": 98,
        "verse": 7,
        "juz": 30,
        "hizb": 239,
        "manzil": 7,
        "ruku": 540,
        "word_number_in_verse": 5,
        "language_code": "en",
        "text": "righteous deeds",
        "root_word": "الصَّٰلِحَٰتِ",
        "global_word_sequence_number": 77016,
        "global_verse_sequence_number": 6137
    },
    {
        "chapter": 98,
        "verse": 7,
        "juz": 30,
        "hizb": 239,
        "manzil": 7,
        "ruku": 540,
        "word_number_in_verse": 6,
        "language_code": "en",
        "text": "those",
        "root_word": "أُوْلَٰٓئِكَ",
        "global_word_sequence_number": 77017,
        "global_verse_sequence_number": 6137
    },
    {
        "chapter": 98,
        "verse": 7,
        "juz": 30,
        "hizb": 239,
        "manzil": 7,
        "ruku": 540,
        "word_number_in_verse": 7,
        "language_code": "en",
        "text": "they",
        "root_word": "هُمۡ",
        "global_word_sequence_number": 77018,
        "global_verse_sequence_number": 6137
    },
    {
        "chapter": 98,
        "verse": 7,
        "juz": 30,
        "hizb": 239,
        "manzil": 7,
        "ruku": 540,
        "word_number_in_verse": 8,
        "language_code": "en",
        "text": "(are the) best",
        "root_word": "خَيۡرُ",
        "global_word_sequence_number": 77019,
        "global_verse_sequence_number": 6137
    },
    {
        "chapter": 98,
        "verse": 7,
        "juz": 30,
        "hizb": 239,
        "manzil": 7,
        "ruku": 540,
        "word_number_in_verse": 9,
        "language_code": "en",
        "text": "(of) the creatures",
        "root_word": "الۡبَرِيَّةِ",
        "global_word_sequence_number": 77020,
        "global_verse_sequence_number": 6137
    },
    {
        "chapter": 98,
        "verse": 8,
        "juz": 30,
        "hizb": 239,
        "manzil": 7,
        "ruku": 540,
        "word_number_in_verse": 1,
        "language_code": "en",
        "text": "Their reward",
        "root_word": "جَزَآؤُهُمۡ",
        "global_word_sequence_number": 77021,
        "global_verse_sequence_number": 6138
    },
    {
        "chapter": 98,
        "verse": 8,
        "juz": 30,
        "hizb": 239,
        "manzil": 7,
        "ruku": 540,
        "word_number_in_verse": 2,
        "language_code": "en",
        "text": "(is) with",
        "root_word": "عِندَ",
        "global_word_sequence_number": 77022,
        "global_verse_sequence_number": 6138
    },
    {
        "chapter": 98,
        "verse": 8,
        "juz": 30,
        "hizb": 239,
        "manzil": 7,
        "ruku": 540,
        "word_number_in_verse": 3,
        "language_code": "en",
        "text": "their Lord",
        "root_word": "رَبِّهِمۡ",
        "global_word_sequence_number": 77023,
        "global_verse_sequence_number": 6138
    },
    {
        "chapter": 98,
        "verse": 8,
        "juz": 30,
        "hizb": 239,
        "manzil": 7,
        "ruku": 540,
        "word_number_in_verse": 4,
        "language_code": "en",
        "text": "Gardens",
        "root_word": "جَنَّٰتُ",
        "global_word_sequence_number": 77024,
        "global_verse_sequence_number": 6138
    },
    {
        "chapter": 98,
        "verse": 8,
        "juz": 30,
        "hizb": 239,
        "manzil": 7,
        "ruku": 540,
        "word_number_in_verse": 5,
        "language_code": "en",
        "text": "(of) Eternity",
        "root_word": "عَدۡنٖ",
        "global_word_sequence_number": 77025,
        "global_verse_sequence_number": 6138
    },
    {
        "chapter": 98,
        "verse": 8,
        "juz": 30,
        "hizb": 239,
        "manzil": 7,
        "ruku": 540,
        "word_number_in_verse": 6,
        "language_code": "en",
        "text": "flow",
        "root_word": "تَجۡرِي",
        "global_word_sequence_number": 77026,
        "global_verse_sequence_number": 6138
    },
    {
        "chapter": 98,
        "verse": 8,
        "juz": 30,
        "hizb": 239,
        "manzil": 7,
        "ruku": 540,
        "word_number_in_verse": 7,
        "language_code": "en",
        "text": "from",
        "root_word": "مِن",
        "global_word_sequence_number": 77027,
        "global_verse_sequence_number": 6138
    },
    {
        "chapter": 98,
        "verse": 8,
        "juz": 30,
        "hizb": 239,
        "manzil": 7,
        "ruku": 540,
        "word_number_in_verse": 8,
        "language_code": "en",
        "text": "underneath them",
        "root_word": "تَحۡتِهَا",
        "global_word_sequence_number": 77028,
        "global_verse_sequence_number": 6138
    },
    {
        "chapter": 98,
        "verse": 8,
        "juz": 30,
        "hizb": 239,
        "manzil": 7,
        "ruku": 540,
        "word_number_in_verse": 9,
        "language_code": "en",
        "text": "the rivers",
        "root_word": "الۡأَنۡهَٰرُ",
        "global_word_sequence_number": 77029,
        "global_verse_sequence_number": 6138
    },
    {
        "chapter": 98,
        "verse": 8,
        "juz": 30,
        "hizb": 239,
        "manzil": 7,
        "ruku": 540,
        "word_number_in_verse": 10,
        "language_code": "en",
        "text": "will abide",
        "root_word": "خَٰلِدِينَ",
        "global_word_sequence_number": 77030,
        "global_verse_sequence_number": 6138
    },
    {
        "chapter": 98,
        "verse": 8,
        "juz": 30,
        "hizb": 239,
        "manzil": 7,
        "ruku": 540,
        "word_number_in_verse": 11,
        "language_code": "en",
        "text": "therein",
        "root_word": "فِيهَآ",
        "global_word_sequence_number": 77031,
        "global_verse_sequence_number": 6138
    },
    {
        "chapter": 98,
        "verse": 8,
        "juz": 30,
        "hizb": 239,
        "manzil": 7,
        "ruku": 540,
        "word_number_in_verse": 12,
        "language_code": "en",
        "text": "forever",
        "root_word": "أَبَدٗاۖ",
        "global_word_sequence_number": 77032,
        "global_verse_sequence_number": 6138
    },
    {
        "chapter": 98,
        "verse": 8,
        "juz": 30,
        "hizb": 239,
        "manzil": 7,
        "ruku": 540,
        "word_number_in_verse": 13,
        "language_code": "en",
        "text": "(will be) pleased",
        "root_word": "رَّضِيَ",
        "global_word_sequence_number": 77033,
        "global_verse_sequence_number": 6138
    },
    {
        "chapter": 98,
        "verse": 8,
        "juz": 30,
        "hizb": 239,
        "manzil": 7,
        "ruku": 540,
        "word_number_in_verse": 14,
        "language_code": "en",
        "text": "Allah",
        "root_word": "اللَّهُ",
        "global_word_sequence_number": 77034,
        "global_verse_sequence_number": 6138
    },
    {
        "chapter": 98,
        "verse": 8,
        "juz": 30,
        "hizb": 239,
        "manzil": 7,
        "ruku": 540,
        "word_number_in_verse": 15,
        "language_code": "en",
        "text": "with them",
        "root_word": "عَنۡهُمۡ",
        "global_word_sequence_number": 77035,
        "global_verse_sequence_number": 6138
    },
    {
        "chapter": 98,
        "verse": 8,
        "juz": 30,
        "hizb": 239,
        "manzil": 7,
        "ruku": 540,
        "word_number_in_verse": 16,
        "language_code": "en",
        "text": "and they (will be) pleased",
        "root_word": "وَرَضُواْ",
        "global_word_sequence_number": 77036,
        "global_verse_sequence_number": 6138
    },
    {
        "chapter": 98,
        "verse": 8,
        "juz": 30,
        "hizb": 239,
        "manzil": 7,
        "ruku": 540,
        "word_number_in_verse": 17,
        "language_code": "en",
        "text": "with Him",
        "root_word": "عَنۡهُۚ",
        "global_word_sequence_number": 77037,
        "global_verse_sequence_number": 6138
    },
    {
        "chapter": 98,
        "verse": 8,
        "juz": 30,
        "hizb": 239,
        "manzil": 7,
        "ruku": 540,
        "word_number_in_verse": 18,
        "language_code": "en",
        "text": "That",
        "root_word": "ذَٰلِكَ",
        "global_word_sequence_number": 77038,
        "global_verse_sequence_number": 6138
    },
    {
        "chapter": 98,
        "verse": 8,
        "juz": 30,
        "hizb": 239,
        "manzil": 7,
        "ruku": 540,
        "word_number_in_verse": 19,
        "language_code": "en",
        "text": "(is) for whoever",
        "root_word": "لِمَنۡ",
        "global_word_sequence_number": 77039,
        "global_verse_sequence_number": 6138
    },
    {
        "chapter": 98,
        "verse": 8,
        "juz": 30,
        "hizb": 239,
        "manzil": 7,
        "ruku": 540,
        "word_number_in_verse": 20,
        "language_code": "en",
        "text": "feared",
        "root_word": "خَشِيَ",
        "global_word_sequence_number": 77040,
        "global_verse_sequence_number": 6138
    },
    {
        "chapter": 98,
        "verse": 8,
        "juz": 30,
        "hizb": 239,
        "manzil": 7,
        "ruku": 540,
        "word_number_in_verse": 21,
        "language_code": "en",
        "text": "his Lord",
        "root_word": "رَبَّهُۥ",
        "global_word_sequence_number": 77041,
        "global_verse_sequence_number": 6138
    }
]