[
    {
        "chapter": 99,
        "verse": 1,
        "juz": 30,
        "hizb": 239,
        "manzil": 7,
        "ruku": 541,
        "word_number_in_verse": 1,
        "language_code": "en",
        "text": "When",
        "root_word": "إِذَا",
        "global_word_sequence_number": 77042,
        "global_verse_sequence_number": 6139
    },
    {
        "chapter": 99,
        "verse": 1,
        "juz": 30,
        "hizb": 239,
        "manzil": 7,
        "ruku": 541,
        "word_number_in_verse": 2,
        "language_code": "en",
        "text": "is shaken",
        "root_word": "زُلۡزِلَتِ",
        "global_word_sequence_number": 77043,
        "global_verse_sequence_number": 6139
    },
    {
        "chapter": 99,
        "verse": 1,
        "juz": 30,
        "hizb": 239,
        "manzil": 7,
        "ruku": 541,
        "word_number_in_verse": 3,
        "language_code": "en",
        "text": "the earth",
        "root_word": "الۡأَرۡضُ",
        "global_word_sequence_number": 77044,
        "global_verse_sequence_number": 6139
    },
    {
        "chapter": 99,
        "verse": 1,
        "juz": 30,
        "hizb": 239,
        "manzil": 7,
        "ruku": 541,
        "word_number_in_verse": 4,
        "language_code": "en",
        "text": "(with) its earthquake",
        "root_word": "زِلۡزَالَهَا",
        "global_word_sequence_number": 77045,
        "global_verse_sequence_number": 6139
    },
    {
        "chapter": 99,
        "verse": 2,
        "juz": 30,
        "hizb": 239,
        "manzil": 7,
        "ruku": 541,
        "word_number_in_verse": 1,
        "language_code": "en",
        "text": "And brings forth",
        "root_word": "وَأَخۡرَجَتِ",
        "global_word_sequence_number": 77046,
        "global_verse_sequence_number": 6140
    },
    {
        "chapter": 99,
        "verse": 2,
        "juz": 30,
        "hizb": 239,
        "manzil": 7,
        "ruku": 541,
        "word_number_in_verse": 2,
        "language_code": "en",
        "text": "the earth",
        "root_word": "الۡأَرۡضُ",
        "global_word_sequence_number": 77047,
        "global_verse_sequence_number": 6140
    },
    {
        "chapter": 99,
        "verse": 2,
        "juz": 30,
        "hizb": 239,
        "manzil": 7,
        "ruku": 541,
        "word_number_in_verse": 3,
        "language_code": "en",
        "text": "its burdens",
        "root_word": "أَثۡقَالَهَا",
        "global_word_sequence_number": 77048,
        "global_verse_sequence_number": 6140
    },
    {
        "chapter": 99,
        "verse": 3,
        "juz": 30,
        "hizb": 239,
        "manzil": 7,
        "ruku": 541,
        "word_number_in_verse": 1,
        "language_code": "en",
        "text": "And says",
        "root_word": "وَقَالَ",
        "global_word_sequence_number": 77049,
        "global_verse_sequence_number": 6141
    },
    {
        "chapter": 99,
        "verse": 3,
        "juz": 30,
        "hizb": 239,
        "manzil": 7,
        "ruku": 541,
        "word_number_in_verse": 2,
        "language_code": "en",
        "text": "man",
        "root_word": "الۡإِنسَٰنُ",
        "global_word_sequence_number": 77050,
        "global_verse_sequence_number": 6141
    },
    {
        "chapter": 99,
        "verse": 3,
        "juz": 30,
        "hizb": 239,
        "manzil": 7,
        "ruku": 541,
        "word_number_in_verse": 3,
        "language_code": "en",
        "text": "What",
        "root_word": "مَا",
        "global_word_sequence_number": 77051,
        "global_verse_sequence_number": 6141
    },
    {
        "chapter": 99,
        "verse": 3,
        "juz": 30,
        "hizb": 239,
        "manzil": 7,
        "ruku": 541,
        "word_number_in_verse": 4,
        "language_code": "en",
        "text": "(is) with it",
        "root_word": "لَهَا",
        "global_word_sequence_number": 77052,
        "global_verse_sequence_number": 6141
    },
    {
        "chapter": 99,
        "verse": 4,
        "juz": 30,
        "hizb": 239,
        "manzil": 7,
        "ruku": 541,
        "word_number_in_verse": 1,
        "language_code": "en",
        "text": "That Day",
        "root_word": "يَوۡمَئِذٖ",
        "global_word_sequence_number": 77053,
        "global_verse_sequence_number": 6142
    },
    {
        "chapter": 99,
        "verse": 4,
        "juz": 30,
        "hizb": 239,
        "manzil": 7,
        "ruku": 541,
        "word_number_in_verse": 2,
        "language_code": "en",
        "text": "it will report",
        "root_word": "تُحَدِّثُ",
        "global_word_sequence_number": 77054,
        "global_verse_sequence_number": 6142
    },
    {
        "chapter": 99,
        "verse": 4,
        "juz": 30,
        "hizb": 239,
        "manzil": 7,
        "ruku": 541,
        "word_number_in_verse": 3,
        "language_code": "en",
        "text": "its news",
        "root_word": "أَخۡبَارَهَا",
        "global_word_sequence_number": 77055,
        "global_verse_sequence_number": 6142
    },
    {
        "chapter": 99,
        "verse": 5,
        "juz": 30,
        "hizb": 239,
        "manzil": 7,
        "ruku": 541,
        "word_number_in_verse": 1,
        "language_code": "en",
        "text": "Because",
        "root_word": "بِأَنَّ",
        "global_word_sequence_number": 77056,
        "global_verse_sequence_number": 6143
    },
    {
        "chapter": 99,
        "verse": 5,
        "juz": 30,
        "hizb": 239,
        "manzil": 7,
        "ruku": 541,
        "word_number_in_verse": 2,
        "language_code": "en",
        "text": "your Lord",
        "root_word": "رَبَّكَ",
        "global_word_sequence_number": 77057,
        "global_verse_sequence_number": 6143
    },
    {
        "chapter": 99,
        "verse": 5,
        "juz": 30,
        "hizb": 239,
        "manzil": 7,
        "ruku": 541,
        "word_number_in_verse": 3,
        "language_code": "en",
        "text": "inspired",
        "root_word": "أَوۡحَىٰ",
        "global_word_sequence_number": 77058,
        "global_verse_sequence_number": 6143
    },
    {
        "chapter": 99,
        "verse": 5,
        "juz": 30,
        "hizb": 239,
        "manzil": 7,
        "ruku": 541,
        "word_number_in_verse": 4,
        "language_code": "en",
        "text": "[to] it",
        "root_word": "لَهَا",
        "global_word_sequence_number": 77059,
        "global_verse_sequence_number": 6143
    },
    {
        "chapter": 99,
        "verse": 6,
        "juz": 30,
        "hizb": 239,
        "manzil": 7,
        "ruku": 541,
        "word_number_in_verse": 1,
        "language_code": "en",
        "text": "That Day",
        "root_word": "يَوۡمَئِذٖ",
        "global_word_sequence_number": 77060,
        "global_verse_sequence_number": 6144
    },
    {
        "chapter": 99,
        "verse": 6,
        "juz": 30,
        "hizb": 239,
        "manzil": 7,
        "ruku": 541,
        "word_number_in_verse": 2,
        "language_code": "en",
        "text": "will proceed",
        "root_word": "يَصۡدُرُ",
        "global_word_sequence_number": 77061,
        "global_verse_sequence_number": 6144
    },
    {
        "chapter": 99,
        "verse": 6,
        "juz": 30,
        "hizb": 239,
        "manzil": 7,
        "ruku": 541,
        "word_number_in_verse": 3,
        "language_code": "en",
        "text": "the mankind",
        "root_word": "النَّاسُ",
        "global_word_sequence_number": 77062,
        "global_verse_sequence_number": 6144
    },
    {
        "chapter": 99,
        "verse": 6,
        "juz": 30,
        "hizb": 239,
        "manzil": 7,
        "ruku": 541,
        "word_number_in_verse": 4,
        "language_code": "en",
        "text": "(in) scattered groups",
        "root_word": "أَشۡتَاتٗا",
        "global_word_sequence_number": 77063,
        "global_verse_sequence_number": 6144
    },
    {
        "chapter": 99,
        "verse": 6,
        "juz": 30,
        "hizb": 239,
        "manzil": 7,
        "ruku": 541,
        "word_number_in_verse": 5,
        "language_code": "en",
        "text": "to be shown",
        "root_word": "لِّيُرَوۡاْ",
        "global_word_sequence_number": 77064,
        "global_verse_sequence_number": 6144
    },
    {
        "chapter": 99,
        "verse": 6,
        "juz": 30,
        "hizb": 239,
        "manzil": 7,
        "ruku": 541,
        "word_number_in_verse": 6,
        "language_code": "en",
        "text": "their deeds",
        "root_word": "أَعۡمَٰلَهُمۡ",
        "global_word_sequence_number": 77065,
        "global_verse_sequence_number": 6144
    },
    {
        "chapter": 99,
        "verse": 7,
        "juz": 30,
        "hizb": 239,
        "manzil": 7,
        "ruku": 541,
        "word_number_in_verse": 1,
        "language_code": "en",
        "text": "So whoever",
        "root_word": "فَمَن",
        "global_word_sequence_number": 77066,
        "global_verse_sequence_number": 6145
    },
    {
        "chapter": 99,
        "verse": 7,
        "juz": 30,
        "hizb": 239,
        "manzil": 7,
        "ruku": 541,
        "word_number_in_verse": 2,
        "language_code": "en",
        "text": "does",
        "root_word": "يَعۡمَلۡ",
        "global_word_sequence_number": 77067,
        "global_verse_sequence_number": 6145
    },
    {
        "chapter": 99,
        "verse": 7,
        "juz": 30,
        "hizb": 239,
        "manzil": 7,
        "ruku": 541,
        "word_number_in_verse": 3,
        "language_code": "en",
        "text": "(equal to the) weight",
        "root_word": "مِثۡقَالَ",
        "global_word_sequence_number": 77068,
        "global_verse_sequence_number": 6145
    },
    {
        "chapter": 99,
        "verse": 7,
        "juz": 30,
        "hizb": 239,
        "manzil": 7,
        "ruku": 541,
        "word_number_in_verse": 4,
        "language_code": "en",
        "text": "(of) an atom",
        "root_word": "ذَرَّةٍ",
        "global_word_sequence_number": 77069,
        "global_verse_sequence_number": 6145
    },
    {
        "chapter": 99,
        "verse": 7,
        "juz": 30,
        "hizb": 239,
        "manzil": 7,
        "ruku": 541,
        "word_number_in_verse": 5,
        "language_code": "en",
        "text": "good",
        "root_word": "خَيۡرٗا",
        "global_word_sequence_number": 77070,
        "global_verse_sequence_number": 6145
    },
    {
        "chapter": 99,
        "verse": 7,
        "juz": 30,
        "hizb": 239,
        "manzil": 7,
        "ruku": 541,
        "word_number_in_verse": 6,
        "language_code": "en",
        "text": "will see it",
        "root_word": "يَرَهُۥ",
        "global_word_sequence_number": 77071,
        "global_verse_sequence_number": 6145
    },
    {
        "chapter": 99,
        "verse": 8,
        "juz": 30,
        "hizb": 239,
        "manzil": 7,
        "ruku": 541,
        "word_number_in_verse": 1,
        "language_code": "en",
        "text": "And whoever",
        "root_word": "وَمَن",
        "global_word_sequence_number": 77072,
        "global_verse_sequence_number": 6146
    },
    {
        "chapter": 99,
        "verse": 8,
        "juz": 30,
        "hizb": 239,
        "manzil": 7,
        "ruku": 541,
        "word_number_in_verse": 2,
        "language_code": "en",
        "text": "does",
        "root_word": "يَعۡمَلۡ",
        "global_word_sequence_number": 77073,
        "global_verse_sequence_number": 6146
    },
    {
        "chapter": 99,
        "verse": 8,
        "juz": 30,
        "hizb": 239,
        "manzil": 7,
        "ruku": 541,
        "word_number_in_verse": 3,
        "language_code": "en",
        "text": "(equal to the) weight",
        "root_word": "مِثۡقَالَ",
        "global_word_sequence_number": 77074,
        "global_verse_sequence_number": 6146
    },
    {
        "chapter": 99,
        "verse": 8,
        "juz": 30,
        "hizb": 239,
        "manzil": 7,
        "ruku": 541,
        "word_number_in_verse": 4,
        "language_code": "en",
        "text": "(of) an atom",
        "root_word": "ذَرَّةٖ",
        "global_word_sequence_number": 77075,
        "global_verse_sequence_number": 6146
    },
    {
        "chapter": 99,
        "verse": 8,
        "juz": 30,
        "hizb": 239,
        "manzil": 7,
        "ruku": 541,
        "word_number_in_verse": 5,
        "language_code": "en",
        "text": "evil",
        "root_word": "شَرّٗا",
        "global_word_sequence_number": 77076,
        "global_verse_sequence_number": 6146
    },
    {
        "chapter": 99,
        "verse": 8,
        "juz": 30,
        "hizb": 239,
        "manzil": 7,
        "ruku": 541,
        "word_number_in_verse": 6,
        "language_code": "en",
        "text": "will see it",
        "root_word": "يَرَهُۥ",
        "global_word_sequence_number": 77077,
        "global_verse_sequence_number": 6146
    }
]