[
  { "name": "Abdul Basit Abdul Samad", "short_code": "ABSAMAD", "audio_url": "https://everyayah.com/data/AbdulSamad_64kbps_QuranExplorer.Com/" },
  { "name": "Abdul Basit Mujawwad", "short_code": "ABMUJWAD", "audio_url": "https://everyayah.com/data/Abdul_Basit_Mujawwad_128kbps/" },
  { "name": "Abdul Basit Murattal", "short_code": "ABMURATTAL", "audio_url": "https://everyayah.com/data/Abdul_Basit_Murattal_192kbps/" },
  { "name": "Abdullaah Awaad Al-Juhaynee", "short_code": "AJUHAYNEE", "audio_url": "https://everyayah.com/data/Abdullaah_3awwaad_Al-Juhaynee_128kbps/" },
  { "name": "Abdullah Basfar", "short_code": "ABASFER", "audio_url": "https://everyayah.com/data/Abdullah_Basfar_192kbps/" },
  { "name": "Abdullah Matroud", "short_code": "AMATROUD", "audio_url": "https://everyayah.com/data/Abdullah_Matroud_128kbps/" },
  { "name": "Abdurrahmaan As-Sudais", "short_code": "ASUDAIS", "audio_url": "https://everyayah.com/data/Abdurrahmaan_As-Sudais_192kbps/" },
  { "name": "Abu Bakr Ash-Shaatree", "short_code": "ASHATREE", "audio_url": "https://everyayah.com/data/Abu_Bakr_Ash-Shaatree_128kbps/" },
  { "name": "Ahmed Neana", "short_code": "ANEANA", "audio_url": "https://everyayah.com/data/Ahmed_Neana_128kbps/" },
  { "name": "Ahmed Ibn Ali Al-Ajamy", "short_code": "AAJAMY", "audio_url": "https://everyayah.com/data/Ahmed_ibn_Ali_al-Ajamy_128kbps_ketaballah.net/" },
  { "name": "Akram AlAlaqimy", "short_code": "AALQIMY", "audio_url": "https://everyayah.com/data/Akram_AlAlaqimy_128kbps/" },
  { "name": "Alafasy", "short_code": "ALAFASY", "audio_url": "https://everyayah.com/data/Alafasy_128kbps/" },
  { "name": "Ali Hajjaj AlSuesy", "short_code": "AHASUESY", "audio_url": "https://everyayah.com/data/Ali_Hajjaj_AlSuesy_128kbps/" },
  { "name": "Ali Jaber", "short_code": "ALIJABER", "audio_url": "https://everyayah.com/data/Ali_Jaber_64kbps/" },
  { "name": "Ayman Sowaid", "short_code": "ASOWAID", "audio_url": "https://everyayah.com/data/Ayman_Sowaid_64kbps/" },
  { "name": "Sahih Ibrahim (English)", "short_code": "SAHIHEN", "audio_url": "https://everyayah.com/data/English/Sahih_Intnl_Ibrahim_Walk_192kbps/" },
  { "name": "Fares Abbad", "short_code": "FABBAD", "audio_url": "https://everyayah.com/data/Fares_Abbad_64kbps/" },
  { "name": "Ghamadi", "short_code": "GHAMADI", "audio_url": "https://everyayah.com/data/Ghamadi_40kbps/" },
  { "name": "Hani Rifai", "short_code": "HRIFAI", "audio_url": "https://everyayah.com/data/Hani_Rifai_192kbps/" },
  { "name": "Hudhaify", "short_code": "HUDHAIFY", "audio_url": "https://everyayah.com/data/Hudhaify_128kbps/" },
  { "name": "Al Husary", "short_code": "AHUSARY", "audio_url": "https://everyayah.com/data/Husary_128kbps/" },
  { "name": "Al Husary - Mujawwad", "short_code": "AHMUJWAD", "audio_url": "https://everyayah.com/data/Husary_128kbps_Mujawwad/" },
  { "name": "Al Husary - Muallim", "short_code": "AHMUALLIM", "audio_url": "https://everyayah.com/data/Husary_Muallim_128kbps/" },
  { "name": "Ibrahim Akhdar", "short_code": "IAKHDAR", "audio_url": "https://everyayah.com/data/Ibrahim_Akhdar_64kbps/" },
  { "name": "Karim Mansoori", "short_code": "KMANSOORI", "audio_url": "https://everyayah.com/data/Karim_Mansoori_40kbps/" },
  { "name": "Khaalid Abdullaah Al-Qahtaanee", "short_code": "KQAHTANI", "audio_url": "https://everyayah.com/data/Khaalid_Abdullaah_al-Qahtaanee_192kbps/" },
  { "name": "Maher AlMuaiqly", "short_code": "MMUAIQLY", "audio_url": "https://everyayah.com/data/MaherAlMuaiqly128kbps/" },
  { "name": "Al Menshawi", "short_code": "AMENSHAWI", "audio_url": "https://everyayah.com/data/Menshawi_32kbps/" },
  { "name": "Al Minshawy - Mujawwad", "short_code": "AMMUJWAD", "audio_url": "https://everyayah.com/data/Minshawy_Mujawwad_192kbps/" },
  { "name": "Al Minshawy - Murattal", "short_code": "AMMURATTAL", "audio_url": "https://everyayah.com/data/Minshawy_Murattal_128kbps/" },
  { "name": "Mohammad Al Tablaway", "short_code": "MTABLAWI", "audio_url": "https://everyayah.com/data/Mohammad_al_Tablaway_128kbps/" },
  { "name": "Muhammad AbdulKareem", "short_code": "MABDULKAR", "audio_url": "https://everyayah.com/data/Muhammad_AbdulKareem_128kbps/" },
  { "name": "Muhammad Ayyoub", "short_code": "MAYYOUB", "audio_url": "https://everyayah.com/data/Muhammad_Ayyoub_128kbps/" },
  { "name": "Muhammad Jibreel", "short_code": "MJIBREEL", "audio_url": "https://everyayah.com/data/Muhammad_Jibreel_128kbps/" },
  { "name": "Muhsin Al Qasim", "short_code": "MQASIM", "audio_url": "https://everyayah.com/data/Muhsin_Al_Qasim_192kbps/" },
  { "name": "Basfar - MultiLanguage", "short_code": "BASFMULTI", "audio_url": "https://everyayah.com/data/MultiLanguage/Basfar_Walk_192kbps/" },
  { "name": "Mustafa Ismail", "short_code": "MISMIL", "audio_url": "https://everyayah.com/data/Mustafa_Ismail_48kbps/" },
  { "name": "Nabil Rifa3i", "short_code": "NRIFAI", "audio_url": "https://everyayah.com/data/Nabil_Rifa3i_48kbps/" },
  { "name": "Nasser Alqatami", "short_code": "NALQATAMI", "audio_url": "https://everyayah.com/data/Nasser_Alqatami_128kbps/" },
  { "name": "Parhizgar", "short_code": "PARHIZGAR", "audio_url": "https://everyayah.com/data/Parhizgar_48kbps/" },
  { "name": "Sahl Yassin", "short_code": "SYASSIN", "audio_url": "https://everyayah.com/data/Sahl_Yassin_128kbps/" },
  { "name": "Salaah AbdulRahman Bukhatir", "short_code": "SBUKHATIR", "audio_url": "https://everyayah.com/data/Salaah_AbdulRahman_Bukhatir_128kbps/" },
  { "name": "Salah Al Budair", "short_code": "SBUDAR", "audio_url": "https://everyayah.com/data/Salah_Al_Budair_128kbps/" },
  { "name": "Saood Ash-Shuraym", "short_code": "SSHURAYM", "audio_url": "https://everyayah.com/data/Shuraym_128kbps/" },
  { "name": "Yaser Salamah", "short_code": "YSALAMAH", "audio_url": "https://everyayah.com/data/Yaser_Salamah_128kbps/" },
  { "name": "Yasser Ad-Dussary", "short_code": "YDUSSARY", "audio_url": "https://everyayah.com/data/Yasser_Ad-Dussary_128kbps/" },
  { "name": "Ahmed Ibn Ali Al-Ajamy", "short_code": "AAJAMY2", "audio_url": "https://everyayah.com/data/ahmed_ibn_ali_al_ajamy_128kbps/" },
  { "name": "Aziz Alili", "short_code": "AZALILI", "audio_url": "https://everyayah.com/data/aziz_alili_128kbps/" },
  { "name": "Khalefa Al Tunaiji", "short_code": "KALTUNAIJI", "audio_url": "https://everyayah.com/data/khalefa_al_tunaiji_64kbps/" },
  { "name": "Mahmoud Ali Al Banna", "short_code": "MALBANNA", "audio_url": "https://everyayah.com/data/mahmoud_ali_al_banna_32kbps/" },
  { "name": "Hedayatfar - with translations by Fooladvand", "short_code": "HEDFOOL", "audio_url": "https://everyayah.com/data/translations/Fooladvand_Hedayatfar_40Kbps/" },
  { "name": "Makarem Kabiri - with translations", "short_code": "MAKAREM", "audio_url": "https://everyayah.com/data/translations/Makarem_Kabiri_16Kbps/" },
  { "name": "Balayev - with azerbaijani translations", "short_code": "BALAYEV", "audio_url": "https://everyayah.com/data/translations/azerbaijani/balayev/" },
  { "name": "Besim Korkut - with translations", "short_code": "BKORKUT", "audio_url": "https://everyayah.com/data/translations/besim_korkut_ajet_po_ajet/" },
  { "name": "Farhat Hashmi - with Urdu translations", "short_code": "FHASHMI", "audio_url": "https://everyayah.com/data/translations/urdu_farhat_hashmi/" },
  { "name": "Shamshad Ali Khan - with Urdu translations", "short_code": "SAKHAN", "audio_url": "https://everyayah.com/data/translations/urdu_shamshad_ali_khan_46kbps/" },
  { "name": "Ibrahim Al Dosary - warsh", "short_code": "IALDOSWAR", "audio_url": "https://everyayah.com/data/warsh/warsh_ibrahim_aldosary_128kbps/" },
  { "name": "Yassin Al Jazaery - warsh", "short_code": "YJAZWAR", "audio_url": "https://everyayah.com/data/warsh/warsh_yassin_al_jazaery_64kbps/" }
]
