[
    {
        "chapter": 101,
        "verse": 1,
        "juz": 30,
        "hizb": 240,
        "manzil": 7,
        "ruku": 543,
        "word_number_in_verse": 1,
        "language_code": "bn",
        "text": "মহাপ্রলয়",
        "root_word": "الۡقَارِعَةُ",
        "global_word_sequence_number": 77118,
        "global_verse_sequence_number": 6158
    },
    {
        "chapter": 101,
        "verse": 2,
        "juz": 30,
        "hizb": 240,
        "manzil": 7,
        "ruku": 543,
        "word_number_in_verse": 1,
        "language_code": "bn",
        "text": "কি সেই",
        "root_word": "مَا",
        "global_word_sequence_number": 77119,
        "global_verse_sequence_number": 6159
    },
    {
        "chapter": 101,
        "verse": 2,
        "juz": 30,
        "hizb": 240,
        "manzil": 7,
        "ruku": 543,
        "word_number_in_verse": 2,
        "language_code": "bn",
        "text": "মহাপ্রলয়",
        "root_word": "الۡقَارِعَةُ",
        "global_word_sequence_number": 77120,
        "global_verse_sequence_number": 6159
    },
    {
        "chapter": 101,
        "verse": 3,
        "juz": 30,
        "hizb": 240,
        "manzil": 7,
        "ruku": 543,
        "word_number_in_verse": 1,
        "language_code": "bn",
        "text": "এবং কিসে",
        "root_word": "وَمَآ",
        "global_word_sequence_number": 77121,
        "global_verse_sequence_number": 6160
    },
    {
        "chapter": 101,
        "verse": 3,
        "juz": 30,
        "hizb": 240,
        "manzil": 7,
        "ruku": 543,
        "word_number_in_verse": 2,
        "language_code": "bn",
        "text": "তোমাকে জানাবে",
        "root_word": "أَدۡرَىٰكَ",
        "global_word_sequence_number": 77122,
        "global_verse_sequence_number": 6160
    },
    {
        "chapter": 101,
        "verse": 3,
        "juz": 30,
        "hizb": 240,
        "manzil": 7,
        "ruku": 543,
        "word_number_in_verse": 3,
        "language_code": "bn",
        "text": "মহাপ্রলয়",
        "root_word": "مَا",
        "global_word_sequence_number": 77123,
        "global_verse_sequence_number": 6160
    },
    {
        "chapter": 101,
        "verse": 3,
        "juz": 30,
        "hizb": 240,
        "manzil": 7,
        "ruku": 543,
        "word_number_in_verse": 4,
        "language_code": "bn",
        "text": "ভয়াবহ দুর্ঘটনা",
        "root_word": "الۡقَارِعَةُ",
        "global_word_sequence_number": 77124,
        "global_verse_sequence_number": 6160
    },
    {
        "chapter": 101,
        "verse": 4,
        "juz": 30,
        "hizb": 240,
        "manzil": 7,
        "ruku": 543,
        "word_number_in_verse": 1,
        "language_code": "bn",
        "text": "সেদিন",
        "root_word": "يَوۡمَ",
        "global_word_sequence_number": 77125,
        "global_verse_sequence_number": 6161
    },
    {
        "chapter": 101,
        "verse": 4,
        "juz": 30,
        "hizb": 240,
        "manzil": 7,
        "ruku": 543,
        "word_number_in_verse": 2,
        "language_code": "bn",
        "text": "হবে",
        "root_word": "يَكُونُ",
        "global_word_sequence_number": 77126,
        "global_verse_sequence_number": 6161
    },
    {
        "chapter": 101,
        "verse": 4,
        "juz": 30,
        "hizb": 240,
        "manzil": 7,
        "ruku": 543,
        "word_number_in_verse": 3,
        "language_code": "bn",
        "text": "মানুষ",
        "root_word": "النَّاسُ",
        "global_word_sequence_number": 77127,
        "global_verse_sequence_number": 6161
    },
    {
        "chapter": 101,
        "verse": 4,
        "juz": 30,
        "hizb": 240,
        "manzil": 7,
        "ruku": 543,
        "word_number_in_verse": 4,
        "language_code": "bn",
        "text": "পতঙ্গের মতো",
        "root_word": "كَالۡفَرَاشِ",
        "global_word_sequence_number": 77128,
        "global_verse_sequence_number": 6161
    },
    {
        "chapter": 101,
        "verse": 4,
        "juz": 30,
        "hizb": 240,
        "manzil": 7,
        "ruku": 543,
        "word_number_in_verse": 5,
        "language_code": "bn",
        "text": "বিক্ষিপ্ত",
        "root_word": "ٱلۡمَبۡثُوثِ",
        "global_word_sequence_number": 77129,
        "global_verse_sequence_number": 6161
    },
    {
        "chapter": 101,
        "verse": 5,
        "juz": 30,
        "hizb": 240,
        "manzil": 7,
        "ruku": 543,
        "word_number_in_verse": 1,
        "language_code": "bn",
        "text": "এবং হবে",
        "root_word": "وَتَكُونُ",
        "global_word_sequence_number": 77130,
        "global_verse_sequence_number": 6162
    },
    {
        "chapter": 101,
        "verse": 5,
        "juz": 30,
        "hizb": 240,
        "manzil": 7,
        "ruku": 543,
        "word_number_in_verse": 2,
        "language_code": "bn",
        "text": "পাহাড়সমূহ",
        "root_word": "ٱلۡجِبَالُ",
        "global_word_sequence_number": 77131,
        "global_verse_sequence_number": 6162
    },
    {
        "chapter": 101,
        "verse": 5,
        "juz": 30,
        "hizb": 240,
        "manzil": 7,
        "ruku": 543,
        "word_number_in_verse": 3,
        "language_code": "bn",
        "text": "রঙিন পশমের মতো",
        "root_word": "كَٱلۡعِهۡنِ",
        "global_word_sequence_number": 77132,
        "global_verse_sequence_number": 6162
    },
    {
        "chapter": 101,
        "verse": 5,
        "juz": 30,
        "hizb": 240,
        "manzil": 7,
        "ruku": 543,
        "word_number_in_verse": 4,
        "language_code": "bn",
        "text": "ধুনিত",
        "root_word": "ٱلۡمَنفُوشِ",
        "global_word_sequence_number": 77133,
        "global_verse_sequence_number": 6162
    },
    {
        "chapter": 101,
        "verse": 6,
        "juz": 30,
        "hizb": 240,
        "manzil": 7,
        "ruku": 543,
        "word_number_in_verse": 1,
        "language_code": "bn",
        "text": "অতঃপর তার (ব্যাপার)",
        "root_word": "فَأَمَّا",
        "global_word_sequence_number": 77134,
        "global_verse_sequence_number": 6163
    },
    {
        "chapter": 101,
        "verse": 6,
        "juz": 30,
        "hizb": 240,
        "manzil": 7,
        "ruku": 543,
        "word_number_in_verse": 2,
        "language_code": "bn",
        "text": "যার",
        "root_word": "مَن",
        "global_word_sequence_number": 77135,
        "global_verse_sequence_number": 6163
    },
    {
        "chapter": 101,
        "verse": 6,
        "juz": 30,
        "hizb": 240,
        "manzil": 7,
        "ruku": 543,
        "word_number_in_verse": 3,
        "language_code": "bn",
        "text": "ভারী হবে",
        "root_word": "ثَقُلَتۡ",
        "global_word_sequence_number": 77136,
        "global_verse_sequence_number": 6163
    },
    {
        "chapter": 101,
        "verse": 6,
        "juz": 30,
        "hizb": 240,
        "manzil": 7,
        "ruku": 543,
        "word_number_in_verse": 4,
        "language_code": "bn",
        "text": "তার (পূণ্যের) পাল্লাসমূহ",
        "root_word": "مَوَٰزِينُهُۥ",
        "global_word_sequence_number": 77137,
        "global_verse_sequence_number": 6163
    },
    {
        "chapter": 101,
        "verse": 7,
        "juz": 30,
        "hizb": 240,
        "manzil": 7,
        "ruku": 543,
        "word_number_in_verse": 1,
        "language_code": "bn",
        "text": "সে অতঃপর থাকবে",
        "root_word": "فَهُوَ",
        "global_word_sequence_number": 77138,
        "global_verse_sequence_number": 6164
    },
    {
        "chapter": 101,
        "verse": 7,
        "juz": 30,
        "hizb": 240,
        "manzil": 7,
        "ruku": 543,
        "word_number_in_verse": 2,
        "language_code": "bn",
        "text": "মধ্যে",
        "root_word": "فِي",
        "global_word_sequence_number": 77139,
        "global_verse_sequence_number": 6164
    },
    {
        "chapter": 101,
        "verse": 7,
        "juz": 30,
        "hizb": 240,
        "manzil": 7,
        "ruku": 543,
        "word_number_in_verse": 3,
        "language_code": "bn",
        "text": "জীবনের",
        "root_word": "عِيشَةٖ",
        "global_word_sequence_number": 77140,
        "global_verse_sequence_number": 6164
    },
    {
        "chapter": 101,
        "verse": 7,
        "juz": 30,
        "hizb": 240,
        "manzil": 7,
        "ruku": 543,
        "word_number_in_verse": 4,
        "language_code": "bn",
        "text": "সন্তোষজনক",
        "root_word": "رَّاضِيَةٖ",
        "global_word_sequence_number": 77141,
        "global_verse_sequence_number": 6164
    },
    {
        "chapter": 101,
        "verse": 8,
        "juz": 30,
        "hizb": 240,
        "manzil": 7,
        "ruku": 543,
        "word_number_in_verse": 1,
        "language_code": "bn",
        "text": "আর (তার) ব্যাপার",
        "root_word": "وَأَمَّا",
        "global_word_sequence_number": 77142,
        "global_verse_sequence_number": 6165
    },
    {
        "chapter": 101,
        "verse": 8,
        "juz": 30,
        "hizb": 240,
        "manzil": 7,
        "ruku": 543,
        "word_number_in_verse": 2,
        "language_code": "bn",
        "text": "যার",
        "root_word": "مَنۡ",
        "global_word_sequence_number": 77143,
        "global_verse_sequence_number": 6165
    },
    {
        "chapter": 101,
        "verse": 8,
        "juz": 30,
        "hizb": 240,
        "manzil": 7,
        "ruku": 543,
        "word_number_in_verse": 3,
        "language_code": "bn",
        "text": "হালকা হবে",
        "root_word": "خَفَّتۡ",
        "global_word_sequence_number": 77144,
        "global_verse_sequence_number": 6165
    },
    {
        "chapter": 101,
        "verse": 8,
        "juz": 30,
        "hizb": 240,
        "manzil": 7,
        "ruku": 543,
        "word_number_in_verse": 4,
        "language_code": "bn",
        "text": "তার পাল্লাসমূহ নেকীর",
        "root_word": "مَوَٰزِينُهُۥ",
        "global_word_sequence_number": 77145,
        "global_verse_sequence_number": 6165
    },
    {
        "chapter": 101,
        "verse": 9,
        "juz": 30,
        "hizb": 240,
        "manzil": 7,
        "ruku": 543,
        "word_number_in_verse": 1,
        "language_code": "bn",
        "text": "অতঃপর তার বাসস্থান",
        "root_word": "فَأُمُّهُۥ",
        "global_word_sequence_number": 77146,
        "global_verse_sequence_number": 6166
    },
    {
        "chapter": 101,
        "verse": 9,
        "juz": 30,
        "hizb": 240,
        "manzil": 7,
        "ruku": 543,
        "word_number_in_verse": 2,
        "language_code": "bn",
        "text": "গভীর গর্ত হবে",
        "root_word": "هَاوِيَةٞ",
        "global_word_sequence_number": 77147,
        "global_verse_sequence_number": 6166
    },
    {
        "chapter": 101,
        "verse": 10,
        "juz": 30,
        "hizb": 240,
        "manzil": 7,
        "ruku": 543,
        "word_number_in_verse": 1,
        "language_code": "bn",
        "text": "এবং কিসে",
        "root_word": "وَمَآ",
        "global_word_sequence_number": 77148,
        "global_verse_sequence_number": 6167
    },
    {
        "chapter": 101,
        "verse": 10,
        "juz": 30,
        "hizb": 240,
        "manzil": 7,
        "ruku": 543,
        "word_number_in_verse": 2,
        "language_code": "bn",
        "text": "তোমাকে জানাবে",
        "root_word": "أَدۡرَىٰكَ",
        "global_word_sequence_number": 77149,
        "global_verse_sequence_number": 6167
    },
    {
        "chapter": 101,
        "verse": 10,
        "juz": 30,
        "hizb": 240,
        "manzil": 7,
        "ruku": 543,
        "word_number_in_verse": 3,
        "language_code": "bn",
        "text": "কি",
        "root_word": "مَا",
        "global_word_sequence_number": 77150,
        "global_verse_sequence_number": 6167
    },
    {
        "chapter": 101,
        "verse": 10,
        "juz": 30,
        "hizb": 240,
        "manzil": 7,
        "ruku": 543,
        "word_number_in_verse": 4,
        "language_code": "bn",
        "text": "সেটা",
        "root_word": "هِيَهۡ",
        "global_word_sequence_number": 77151,
        "global_verse_sequence_number": 6167
    },
    {
        "chapter": 101,
        "verse": 11,
        "juz": 30,
        "hizb": 240,
        "manzil": 7,
        "ruku": 543,
        "word_number_in_verse": 1,
        "language_code": "bn",
        "text": "(সেটা হলো) আগুন",
        "root_word": "نَارٌ",
        "global_word_sequence_number": 77152,
        "global_verse_sequence_number": 6168
    },
    {
        "chapter": 101,
        "verse": 11,
        "juz": 30,
        "hizb": 240,
        "manzil": 7,
        "ruku": 543,
        "word_number_in_verse": 2,
        "language_code": "bn",
        "text": "গণগণে",
        "root_word": "حَامِيَةُۢ",
        "global_word_sequence_number": 77153,
        "global_verse_sequence_number": 6168
    }
]