[
    {
        "chapter": 103,
        "verse": 1,
        "juz": 30,
        "hizb": 240,
        "manzil": 7,
        "ruku": 545,
        "word_number_in_verse": 1,
        "language_code": "bn",
        "text": "শপথ মহাকালের",
        "root_word": "وَالۡعَصۡرِ",
        "global_word_sequence_number": 77182,
        "global_verse_sequence_number": 6177
    },
    {
        "chapter": 103,
        "verse": 2,
        "juz": 30,
        "hizb": 240,
        "manzil": 7,
        "ruku": 545,
        "word_number_in_verse": 1,
        "language_code": "bn",
        "text": "নিশ্চয়ই",
        "root_word": "إِنَّ",
        "global_word_sequence_number": 77183,
        "global_verse_sequence_number": 6178
    },
    {
        "chapter": 103,
        "verse": 2,
        "juz": 30,
        "hizb": 240,
        "manzil": 7,
        "ruku": 545,
        "word_number_in_verse": 2,
        "language_code": "bn",
        "text": "মানুষ",
        "root_word": "الۡإِنسَٰنَ",
        "global_word_sequence_number": 77184,
        "global_verse_sequence_number": 6178
    },
    {
        "chapter": 103,
        "verse": 2,
        "juz": 30,
        "hizb": 240,
        "manzil": 7,
        "ruku": 545,
        "word_number_in_verse": 3,
        "language_code": "bn",
        "text": "অবশ্যই মধ্যে",
        "root_word": "لَفِي",
        "global_word_sequence_number": 77185,
        "global_verse_sequence_number": 6178
    },
    {
        "chapter": 103,
        "verse": 2,
        "juz": 30,
        "hizb": 240,
        "manzil": 7,
        "ruku": 545,
        "word_number_in_verse": 4,
        "language_code": "bn",
        "text": "ক্ষতির",
        "root_word": "خُسۡرٍ",
        "global_word_sequence_number": 77186,
        "global_verse_sequence_number": 6178
    },
    {
        "chapter": 103,
        "verse": 3,
        "juz": 30,
        "hizb": 240,
        "manzil": 7,
        "ruku": 545,
        "word_number_in_verse": 1,
        "language_code": "bn",
        "text": "(তাদের) ছাড়া",
        "root_word": "إِلَّا",
        "global_word_sequence_number": 77187,
        "global_verse_sequence_number": 6179
    },
    {
        "chapter": 103,
        "verse": 3,
        "juz": 30,
        "hizb": 240,
        "manzil": 7,
        "ruku": 545,
        "word_number_in_verse": 2,
        "language_code": "bn",
        "text": "যারা",
        "root_word": "الَّذِينَ",
        "global_word_sequence_number": 77188,
        "global_verse_sequence_number": 6179
    },
    {
        "chapter": 103,
        "verse": 3,
        "juz": 30,
        "hizb": 240,
        "manzil": 7,
        "ruku": 545,
        "word_number_in_verse": 3,
        "language_code": "bn",
        "text": "ঈমান এনেছে",
        "root_word": "ءَامَنُواْ",
        "global_word_sequence_number": 77189,
        "global_verse_sequence_number": 6179
    },
    {
        "chapter": 103,
        "verse": 3,
        "juz": 30,
        "hizb": 240,
        "manzil": 7,
        "ruku": 545,
        "word_number_in_verse": 4,
        "language_code": "bn",
        "text": "এবং করেছে",
        "root_word": "وَعَمِلُواْ",
        "global_word_sequence_number": 77190,
        "global_verse_sequence_number": 6179
    },
    {
        "chapter": 103,
        "verse": 3,
        "juz": 30,
        "hizb": 240,
        "manzil": 7,
        "ruku": 545,
        "word_number_in_verse": 5,
        "language_code": "bn",
        "text": "সৎকর্মের",
        "root_word": "الصَّٰلِحَٰتِ",
        "global_word_sequence_number": 77191,
        "global_verse_sequence_number": 6179
    },
    {
        "chapter": 103,
        "verse": 3,
        "juz": 30,
        "hizb": 240,
        "manzil": 7,
        "ruku": 545,
        "word_number_in_verse": 6,
        "language_code": "bn",
        "text": "এবং পরস্পরকে উপদেশ দিয়েছে",
        "root_word": "وَتَوَاصَوۡاْ",
        "global_word_sequence_number": 77192,
        "global_verse_sequence_number": 6179
    },
    {
        "chapter": 103,
        "verse": 3,
        "juz": 30,
        "hizb": 240,
        "manzil": 7,
        "ruku": 545,
        "word_number_in_verse": 7,
        "language_code": "bn",
        "text": "সত্যের",
        "root_word": "بِالۡحَقِّ",
        "global_word_sequence_number": 77193,
        "global_verse_sequence_number": 6179
    },
    {
        "chapter": 103,
        "verse": 3,
        "juz": 30,
        "hizb": 240,
        "manzil": 7,
        "ruku": 545,
        "word_number_in_verse": 8,
        "language_code": "bn",
        "text": "ও পরস্পরকে উপদেশ দিয়েছে",
        "root_word": "وَتَوَاصَوۡاْ",
        "global_word_sequence_number": 77194,
        "global_verse_sequence_number": 6179
    },
    {
        "chapter": 103,
        "verse": 3,
        "juz": 30,
        "hizb": 240,
        "manzil": 7,
        "ruku": 545,
        "word_number_in_verse": 9,
        "language_code": "bn",
        "text": "ধৈর্যের",
        "root_word": "بِٱلصَّبۡرِ",
        "global_word_sequence_number": 77195,
        "global_verse_sequence_number": 6179
    }
]