[
    {
        "chapter": 104,
        "verse": 1,
        "juz": 30,
        "hizb": 240,
        "manzil": 7,
        "ruku": 546,
        "word_number_in_verse": 1,
        "language_code": "bn",
        "text": "দুর্ভোগ",
        "root_word": "وَيۡلٞ",
        "global_word_sequence_number": 77196,
        "global_verse_sequence_number": 6180
    },
    {
        "chapter": 104,
        "verse": 1,
        "juz": 30,
        "hizb": 240,
        "manzil": 7,
        "ruku": 546,
        "word_number_in_verse": 2,
        "language_code": "bn",
        "text": "প্রত্যেকের",
        "root_word": "لِّكُلِّ",
        "global_word_sequence_number": 77197,
        "global_verse_sequence_number": 6180
    },
    {
        "chapter": 104,
        "verse": 1,
        "juz": 30,
        "hizb": 240,
        "manzil": 7,
        "ruku": 546,
        "word_number_in_verse": 3,
        "language_code": "bn",
        "text": "সামনে নিন্দাকারীর",
        "root_word": "هُمَزَةٖ",
        "global_word_sequence_number": 77198,
        "global_verse_sequence_number": 6180
    },
    {
        "chapter": 104,
        "verse": 1,
        "juz": 30,
        "hizb": 240,
        "manzil": 7,
        "ruku": 546,
        "word_number_in_verse": 4,
        "language_code": "bn",
        "text": "পিছনে দোষ প্রচারকারীর",
        "root_word": "لُّمَزَةٍ",
        "global_word_sequence_number": 77199,
        "global_verse_sequence_number": 6180
    },
    {
        "chapter": 104,
        "verse": 2,
        "juz": 30,
        "hizb": 240,
        "manzil": 7,
        "ruku": 546,
        "word_number_in_verse": 1,
        "language_code": "bn",
        "text": "যে",
        "root_word": "الَّذِي",
        "global_word_sequence_number": 77200,
        "global_verse_sequence_number": 6181
    },
    {
        "chapter": 104,
        "verse": 2,
        "juz": 30,
        "hizb": 240,
        "manzil": 7,
        "ruku": 546,
        "word_number_in_verse": 2,
        "language_code": "bn",
        "text": "জমা করেছে",
        "root_word": "جَمَعَ",
        "global_word_sequence_number": 77201,
        "global_verse_sequence_number": 6181
    },
    {
        "chapter": 104,
        "verse": 2,
        "juz": 30,
        "hizb": 240,
        "manzil": 7,
        "ruku": 546,
        "word_number_in_verse": 3,
        "language_code": "bn",
        "text": "অর্থ",
        "root_word": "مَالٗا",
        "global_word_sequence_number": 77202,
        "global_verse_sequence_number": 6181
    },
    {
        "chapter": 104,
        "verse": 2,
        "juz": 30,
        "hizb": 240,
        "manzil": 7,
        "ruku": 546,
        "word_number_in_verse": 4,
        "language_code": "bn",
        "text": "এবং তা বারবার গণনা করে রেখেছে",
        "root_word": "وَعَدَّدَهُۥ",
        "global_word_sequence_number": 77203,
        "global_verse_sequence_number": 6181
    },
    {
        "chapter": 104,
        "verse": 3,
        "juz": 30,
        "hizb": 240,
        "manzil": 7,
        "ruku": 546,
        "word_number_in_verse": 1,
        "language_code": "bn",
        "text": "সে ধারণা করে",
        "root_word": "يَحۡسَبُ",
        "global_word_sequence_number": 77204,
        "global_verse_sequence_number": 6182
    },
    {
        "chapter": 104,
        "verse": 3,
        "juz": 30,
        "hizb": 240,
        "manzil": 7,
        "ruku": 546,
        "word_number_in_verse": 2,
        "language_code": "bn",
        "text": "যে",
        "root_word": "أَنَّ",
        "global_word_sequence_number": 77205,
        "global_verse_sequence_number": 6182
    },
    {
        "chapter": 104,
        "verse": 3,
        "juz": 30,
        "hizb": 240,
        "manzil": 7,
        "ruku": 546,
        "word_number_in_verse": 3,
        "language_code": "bn",
        "text": "তার অর্থ",
        "root_word": "مَالَهُۥٓ",
        "global_word_sequence_number": 77206,
        "global_verse_sequence_number": 6182
    },
    {
        "chapter": 104,
        "verse": 3,
        "juz": 30,
        "hizb": 240,
        "manzil": 7,
        "ruku": 546,
        "word_number_in_verse": 4,
        "language_code": "bn",
        "text": "তাকে অমর করবে",
        "root_word": "أَخۡلَدَهُۥ",
        "global_word_sequence_number": 77207,
        "global_verse_sequence_number": 6182
    },
    {
        "chapter": 104,
        "verse": 4,
        "juz": 30,
        "hizb": 240,
        "manzil": 7,
        "ruku": 546,
        "word_number_in_verse": 1,
        "language_code": "bn",
        "text": "কখনও না",
        "root_word": "كـَلَّاۖ",
        "global_word_sequence_number": 77208,
        "global_verse_sequence_number": 6183
    },
    {
        "chapter": 104,
        "verse": 4,
        "juz": 30,
        "hizb": 240,
        "manzil": 7,
        "ruku": 546,
        "word_number_in_verse": 2,
        "language_code": "bn",
        "text": "সে নিক্ষিপ্ত হবে অবশ্যই",
        "root_word": "لَيُنۢبَذَنَّ",
        "global_word_sequence_number": 77209,
        "global_verse_sequence_number": 6183
    },
    {
        "chapter": 104,
        "verse": 4,
        "juz": 30,
        "hizb": 240,
        "manzil": 7,
        "ruku": 546,
        "word_number_in_verse": 3,
        "language_code": "bn",
        "text": "মধ্যে",
        "root_word": "فِي",
        "global_word_sequence_number": 77210,
        "global_verse_sequence_number": 6183
    },
    {
        "chapter": 104,
        "verse": 4,
        "juz": 30,
        "hizb": 240,
        "manzil": 7,
        "ruku": 546,
        "word_number_in_verse": 4,
        "language_code": "bn",
        "text": "বিচূর্ণকারী স্থানের",
        "root_word": "الۡحُطَمَةِ",
        "global_word_sequence_number": 77211,
        "global_verse_sequence_number": 6183
    },
    {
        "chapter": 104,
        "verse": 5,
        "juz": 30,
        "hizb": 240,
        "manzil": 7,
        "ruku": 546,
        "word_number_in_verse": 1,
        "language_code": "bn",
        "text": "এবং কি",
        "root_word": "وَمَآ",
        "global_word_sequence_number": 77212,
        "global_verse_sequence_number": 6184
    },
    {
        "chapter": 104,
        "verse": 5,
        "juz": 30,
        "hizb": 240,
        "manzil": 7,
        "ruku": 546,
        "word_number_in_verse": 2,
        "language_code": "bn",
        "text": "তোমাকে জানাবে",
        "root_word": "أَدۡرَىٰكَ",
        "global_word_sequence_number": 77213,
        "global_verse_sequence_number": 6184
    },
    {
        "chapter": 104,
        "verse": 5,
        "juz": 30,
        "hizb": 240,
        "manzil": 7,
        "ruku": 546,
        "word_number_in_verse": 3,
        "language_code": "bn",
        "text": "কি",
        "root_word": "مَا",
        "global_word_sequence_number": 77214,
        "global_verse_sequence_number": 6184
    },
    {
        "chapter": 104,
        "verse": 5,
        "juz": 30,
        "hizb": 240,
        "manzil": 7,
        "ruku": 546,
        "word_number_in_verse": 4,
        "language_code": "bn",
        "text": "বিচূর্ণকারী স্থান",
        "root_word": "الۡحُطَمَةُ",
        "global_word_sequence_number": 77215,
        "global_verse_sequence_number": 6184
    },
    {
        "chapter": 104,
        "verse": 6,
        "juz": 30,
        "hizb": 240,
        "manzil": 7,
        "ruku": 546,
        "word_number_in_verse": 1,
        "language_code": "bn",
        "text": "আগুন",
        "root_word": "نَارُ",
        "global_word_sequence_number": 77216,
        "global_verse_sequence_number": 6185
    },
    {
        "chapter": 104,
        "verse": 6,
        "juz": 30,
        "hizb": 240,
        "manzil": 7,
        "ruku": 546,
        "word_number_in_verse": 2,
        "language_code": "bn",
        "text": "আল্লাহর",
        "root_word": "ٱللَّهِ",
        "global_word_sequence_number": 77217,
        "global_verse_sequence_number": 6185
    },
    {
        "chapter": 104,
        "verse": 6,
        "juz": 30,
        "hizb": 240,
        "manzil": 7,
        "ruku": 546,
        "word_number_in_verse": 3,
        "language_code": "bn",
        "text": "প্রজ্জ্বলিত",
        "root_word": "ٱلۡمُوقَدَةُ",
        "global_word_sequence_number": 77218,
        "global_verse_sequence_number": 6185
    },
    {
        "chapter": 104,
        "verse": 7,
        "juz": 30,
        "hizb": 240,
        "manzil": 7,
        "ruku": 546,
        "word_number_in_verse": 1,
        "language_code": "bn",
        "text": "যা",
        "root_word": "ٱلَّتِي",
        "global_word_sequence_number": 77219,
        "global_verse_sequence_number": 6186
    },
    {
        "chapter": 104,
        "verse": 7,
        "juz": 30,
        "hizb": 240,
        "manzil": 7,
        "ruku": 546,
        "word_number_in_verse": 2,
        "language_code": "bn",
        "text": "পৌঁছে যাবে",
        "root_word": "تَطَّلِعُ",
        "global_word_sequence_number": 77220,
        "global_verse_sequence_number": 6186
    },
    {
        "chapter": 104,
        "verse": 7,
        "juz": 30,
        "hizb": 240,
        "manzil": 7,
        "ruku": 546,
        "word_number_in_verse": 3,
        "language_code": "bn",
        "text": "উপর",
        "root_word": "عَلَى",
        "global_word_sequence_number": 77221,
        "global_verse_sequence_number": 6186
    },
    {
        "chapter": 104,
        "verse": 7,
        "juz": 30,
        "hizb": 240,
        "manzil": 7,
        "ruku": 546,
        "word_number_in_verse": 4,
        "language_code": "bn",
        "text": "অন্তরসমূহের",
        "root_word": "ٱلۡأَفۡـِٔدَةِ",
        "global_word_sequence_number": 77222,
        "global_verse_sequence_number": 6186
    },
    {
        "chapter": 104,
        "verse": 8,
        "juz": 30,
        "hizb": 240,
        "manzil": 7,
        "ruku": 546,
        "word_number_in_verse": 1,
        "language_code": "bn",
        "text": "নিশ্চয়ই তা",
        "root_word": "إِنَّهَا",
        "global_word_sequence_number": 77223,
        "global_verse_sequence_number": 6187
    },
    {
        "chapter": 104,
        "verse": 8,
        "juz": 30,
        "hizb": 240,
        "manzil": 7,
        "ruku": 546,
        "word_number_in_verse": 2,
        "language_code": "bn",
        "text": "তাদের উপর",
        "root_word": "عَلَيۡهِم",
        "global_word_sequence_number": 77224,
        "global_verse_sequence_number": 6187
    },
    {
        "chapter": 104,
        "verse": 8,
        "juz": 30,
        "hizb": 240,
        "manzil": 7,
        "ruku": 546,
        "word_number_in_verse": 3,
        "language_code": "bn",
        "text": "অবরুদ্ধ করে দেয়া হবে",
        "root_word": "مُّؤۡصَدَةٞ",
        "global_word_sequence_number": 77225,
        "global_verse_sequence_number": 6187
    },
    {
        "chapter": 104,
        "verse": 9,
        "juz": 30,
        "hizb": 240,
        "manzil": 7,
        "ruku": 546,
        "word_number_in_verse": 1,
        "language_code": "bn",
        "text": "মধ্যে",
        "root_word": "فِي",
        "global_word_sequence_number": 77226,
        "global_verse_sequence_number": 6188
    },
    {
        "chapter": 104,
        "verse": 9,
        "juz": 30,
        "hizb": 240,
        "manzil": 7,
        "ruku": 546,
        "word_number_in_verse": 2,
        "language_code": "bn",
        "text": "স্তম্ভসমূহের",
        "root_word": "عَمَدٖ",
        "global_word_sequence_number": 77227,
        "global_verse_sequence_number": 6188
    },
    {
        "chapter": 104,
        "verse": 9,
        "juz": 30,
        "hizb": 240,
        "manzil": 7,
        "ruku": 546,
        "word_number_in_verse": 3,
        "language_code": "bn",
        "text": "দীর্ঘায়িত",
        "root_word": "مُّمَدَّدَةِۭ",
        "global_word_sequence_number": 77228,
        "global_verse_sequence_number": 6188
    }
]