[
    {
        "chapter": 105,
        "verse": 1,
        "juz": 30,
        "hizb": 240,
        "manzil": 7,
        "ruku": 547,
        "word_number_in_verse": 1,
        "language_code": "bn",
        "text": "নাই কি",
        "root_word": "أَلَمۡ",
        "global_word_sequence_number": 77229,
        "global_verse_sequence_number": 6189
    },
    {
        "chapter": 105,
        "verse": 1,
        "juz": 30,
        "hizb": 240,
        "manzil": 7,
        "ruku": 547,
        "word_number_in_verse": 2,
        "language_code": "bn",
        "text": "তুমি দেখো",
        "root_word": "تَرَ",
        "global_word_sequence_number": 77230,
        "global_verse_sequence_number": 6189
    },
    {
        "chapter": 105,
        "verse": 1,
        "juz": 30,
        "hizb": 240,
        "manzil": 7,
        "ruku": 547,
        "word_number_in_verse": 3,
        "language_code": "bn",
        "text": "কেমন",
        "root_word": "كَيۡفَ",
        "global_word_sequence_number": 77231,
        "global_verse_sequence_number": 6189
    },
    {
        "chapter": 105,
        "verse": 1,
        "juz": 30,
        "hizb": 240,
        "manzil": 7,
        "ruku": 547,
        "word_number_in_verse": 4,
        "language_code": "bn",
        "text": "করেছেন",
        "root_word": "فَعَلَ",
        "global_word_sequence_number": 77232,
        "global_verse_sequence_number": 6189
    },
    {
        "chapter": 105,
        "verse": 1,
        "juz": 30,
        "hizb": 240,
        "manzil": 7,
        "ruku": 547,
        "word_number_in_verse": 5,
        "language_code": "bn",
        "text": "তোমার রব",
        "root_word": "رَبُّكَ",
        "global_word_sequence_number": 77233,
        "global_verse_sequence_number": 6189
    },
    {
        "chapter": 105,
        "verse": 1,
        "juz": 30,
        "hizb": 240,
        "manzil": 7,
        "ruku": 547,
        "word_number_in_verse": 6,
        "language_code": "bn",
        "text": "বাহিনীর সাথে",
        "root_word": "بِأَصۡحَٰبِ",
        "global_word_sequence_number": 77234,
        "global_verse_sequence_number": 6189
    },
    {
        "chapter": 105,
        "verse": 1,
        "juz": 30,
        "hizb": 240,
        "manzil": 7,
        "ruku": 547,
        "word_number_in_verse": 7,
        "language_code": "bn",
        "text": "হাতি",
        "root_word": "الۡفِيلِ",
        "global_word_sequence_number": 77235,
        "global_verse_sequence_number": 6189
    },
    {
        "chapter": 105,
        "verse": 2,
        "juz": 30,
        "hizb": 240,
        "manzil": 7,
        "ruku": 547,
        "word_number_in_verse": 1,
        "language_code": "bn",
        "text": "নাই কি",
        "root_word": "أَلَمۡ",
        "global_word_sequence_number": 77236,
        "global_verse_sequence_number": 6190
    },
    {
        "chapter": 105,
        "verse": 2,
        "juz": 30,
        "hizb": 240,
        "manzil": 7,
        "ruku": 547,
        "word_number_in_verse": 2,
        "language_code": "bn",
        "text": "তিনি পরণত করে",
        "root_word": "يَجۡعَلۡ",
        "global_word_sequence_number": 77237,
        "global_verse_sequence_number": 6190
    },
    {
        "chapter": 105,
        "verse": 2,
        "juz": 30,
        "hizb": 240,
        "manzil": 7,
        "ruku": 547,
        "word_number_in_verse": 3,
        "language_code": "bn",
        "text": "তাদের ষড়যন্ত্রকে",
        "root_word": "كَيۡدَهُمۡ",
        "global_word_sequence_number": 77238,
        "global_verse_sequence_number": 6190
    },
    {
        "chapter": 105,
        "verse": 2,
        "juz": 30,
        "hizb": 240,
        "manzil": 7,
        "ruku": 547,
        "word_number_in_verse": 4,
        "language_code": "bn",
        "text": "মধ্যে",
        "root_word": "فِي",
        "global_word_sequence_number": 77239,
        "global_verse_sequence_number": 6190
    },
    {
        "chapter": 105,
        "verse": 2,
        "juz": 30,
        "hizb": 240,
        "manzil": 7,
        "ruku": 547,
        "word_number_in_verse": 5,
        "language_code": "bn",
        "text": "নিষ্ফলতার",
        "root_word": "تَضۡلِيلٖ",
        "global_word_sequence_number": 77240,
        "global_verse_sequence_number": 6190
    },
    {
        "chapter": 105,
        "verse": 3,
        "juz": 30,
        "hizb": 240,
        "manzil": 7,
        "ruku": 547,
        "word_number_in_verse": 1,
        "language_code": "bn",
        "text": "এবং পাঠিয়েছেন",
        "root_word": "وَأَرۡسَلَ",
        "global_word_sequence_number": 77241,
        "global_verse_sequence_number": 6191
    },
    {
        "chapter": 105,
        "verse": 3,
        "juz": 30,
        "hizb": 240,
        "manzil": 7,
        "ruku": 547,
        "word_number_in_verse": 2,
        "language_code": "bn",
        "text": "তাদের বিরুদ্ধে",
        "root_word": "عَلَيۡهِمۡ",
        "global_word_sequence_number": 77242,
        "global_verse_sequence_number": 6191
    },
    {
        "chapter": 105,
        "verse": 3,
        "juz": 30,
        "hizb": 240,
        "manzil": 7,
        "ruku": 547,
        "word_number_in_verse": 3,
        "language_code": "bn",
        "text": "পাখি",
        "root_word": "طَيۡرًا",
        "global_word_sequence_number": 77243,
        "global_verse_sequence_number": 6191
    },
    {
        "chapter": 105,
        "verse": 3,
        "juz": 30,
        "hizb": 240,
        "manzil": 7,
        "ruku": 547,
        "word_number_in_verse": 4,
        "language_code": "bn",
        "text": "ঝাঁকে ঝাঁকে",
        "root_word": "أَبَابِيلَ",
        "global_word_sequence_number": 77244,
        "global_verse_sequence_number": 6191
    },
    {
        "chapter": 105,
        "verse": 4,
        "juz": 30,
        "hizb": 240,
        "manzil": 7,
        "ruku": 547,
        "word_number_in_verse": 1,
        "language_code": "bn",
        "text": "তাদের উপর নিক্ষেপ করে",
        "root_word": "تَرۡمِيهِم",
        "global_word_sequence_number": 77245,
        "global_verse_sequence_number": 6192
    },
    {
        "chapter": 105,
        "verse": 4,
        "juz": 30,
        "hizb": 240,
        "manzil": 7,
        "ruku": 547,
        "word_number_in_verse": 2,
        "language_code": "bn",
        "text": "পাথরসমূহকে",
        "root_word": "بِحِجَارَةٖ",
        "global_word_sequence_number": 77246,
        "global_verse_sequence_number": 6192
    },
    {
        "chapter": 105,
        "verse": 4,
        "juz": 30,
        "hizb": 240,
        "manzil": 7,
        "ruku": 547,
        "word_number_in_verse": 3,
        "language_code": "bn",
        "text": "হতে",
        "root_word": "مِّن",
        "global_word_sequence_number": 77247,
        "global_verse_sequence_number": 6192
    },
    {
        "chapter": 105,
        "verse": 4,
        "juz": 30,
        "hizb": 240,
        "manzil": 7,
        "ruku": 547,
        "word_number_in_verse": 4,
        "language_code": "bn",
        "text": "কংকরের",
        "root_word": "سِجِّيلٖ",
        "global_word_sequence_number": 77248,
        "global_verse_sequence_number": 6192
    },
    {
        "chapter": 105,
        "verse": 5,
        "juz": 30,
        "hizb": 240,
        "manzil": 7,
        "ruku": 547,
        "word_number_in_verse": 1,
        "language_code": "bn",
        "text": "অতঃপর তিনি তাদের করে দেন",
        "root_word": "فَجَعَلَهُمۡ",
        "global_word_sequence_number": 77249,
        "global_verse_sequence_number": 6193
    },
    {
        "chapter": 105,
        "verse": 5,
        "juz": 30,
        "hizb": 240,
        "manzil": 7,
        "ruku": 547,
        "word_number_in_verse": 2,
        "language_code": "bn",
        "text": "ভুসির মতো",
        "root_word": "كَعَصۡفٖ",
        "global_word_sequence_number": 77250,
        "global_verse_sequence_number": 6193
    },
    {
        "chapter": 105,
        "verse": 5,
        "juz": 30,
        "hizb": 240,
        "manzil": 7,
        "ruku": 547,
        "word_number_in_verse": 3,
        "language_code": "bn",
        "text": "খাওয়া/ভক্ষিত",
        "root_word": "مَّأۡكُولِۭ",
        "global_word_sequence_number": 77251,
        "global_verse_sequence_number": 6193
    }
]