[
    {
        "chapter": 106,
        "verse": 1,
        "juz": 30,
        "hizb": 240,
        "manzil": 7,
        "ruku": 548,
        "word_number_in_verse": 1,
        "language_code": "bn",
        "text": "যেহেতু আসক্তি আছে",
        "root_word": "لِإِيلَٰفِ",
        "global_word_sequence_number": 77252,
        "global_verse_sequence_number": 6194
    },
    {
        "chapter": 106,
        "verse": 1,
        "juz": 30,
        "hizb": 240,
        "manzil": 7,
        "ruku": 548,
        "word_number_in_verse": 2,
        "language_code": "bn",
        "text": "কুরাইশদের",
        "root_word": "قُرَيۡشٍ",
        "global_word_sequence_number": 77253,
        "global_verse_sequence_number": 6194
    },
    {
        "chapter": 106,
        "verse": 2,
        "juz": 30,
        "hizb": 240,
        "manzil": 7,
        "ruku": 548,
        "word_number_in_verse": 1,
        "language_code": "bn",
        "text": "আসক্তি আছে",
        "root_word": "إِۦلَٰفِهِمۡ",
        "global_word_sequence_number": 77254,
        "global_verse_sequence_number": 6195
    },
    {
        "chapter": 106,
        "verse": 2,
        "juz": 30,
        "hizb": 240,
        "manzil": 7,
        "ruku": 548,
        "word_number_in_verse": 2,
        "language_code": "bn",
        "text": "ভ্রমণে",
        "root_word": "رِحۡلَةَ",
        "global_word_sequence_number": 77255,
        "global_verse_sequence_number": 6195
    },
    {
        "chapter": 106,
        "verse": 2,
        "juz": 30,
        "hizb": 240,
        "manzil": 7,
        "ruku": 548,
        "word_number_in_verse": 3,
        "language_code": "bn",
        "text": "শীতের",
        "root_word": "ٱلشِّتَآءِ",
        "global_word_sequence_number": 77256,
        "global_verse_sequence_number": 6195
    },
    {
        "chapter": 106,
        "verse": 2,
        "juz": 30,
        "hizb": 240,
        "manzil": 7,
        "ruku": 548,
        "word_number_in_verse": 4,
        "language_code": "bn",
        "text": "ও গ্রীষ্মের",
        "root_word": "وَٱلصَّيۡفِ",
        "global_word_sequence_number": 77257,
        "global_verse_sequence_number": 6195
    },
    {
        "chapter": 106,
        "verse": 3,
        "juz": 30,
        "hizb": 240,
        "manzil": 7,
        "ruku": 548,
        "word_number_in_verse": 1,
        "language_code": "bn",
        "text": "অতএব তারা ইবাদত করুক",
        "root_word": "فَلۡيَعۡبُدُواْ",
        "global_word_sequence_number": 77258,
        "global_verse_sequence_number": 6196
    },
    {
        "chapter": 106,
        "verse": 3,
        "juz": 30,
        "hizb": 240,
        "manzil": 7,
        "ruku": 548,
        "word_number_in_verse": 2,
        "language_code": "bn",
        "text": "রবের",
        "root_word": "رَبَّ",
        "global_word_sequence_number": 77259,
        "global_verse_sequence_number": 6196
    },
    {
        "chapter": 106,
        "verse": 3,
        "juz": 30,
        "hizb": 240,
        "manzil": 7,
        "ruku": 548,
        "word_number_in_verse": 3,
        "language_code": "bn",
        "text": "এই",
        "root_word": "هَٰذَا",
        "global_word_sequence_number": 77260,
        "global_verse_sequence_number": 6196
    },
    {
        "chapter": 106,
        "verse": 3,
        "juz": 30,
        "hizb": 240,
        "manzil": 7,
        "ruku": 548,
        "word_number_in_verse": 4,
        "language_code": "bn",
        "text": "ঘরের",
        "root_word": "ٱلۡبَيۡتِ",
        "global_word_sequence_number": 77261,
        "global_verse_sequence_number": 6196
    },
    {
        "chapter": 106,
        "verse": 4,
        "juz": 30,
        "hizb": 240,
        "manzil": 7,
        "ruku": 548,
        "word_number_in_verse": 1,
        "language_code": "bn",
        "text": "যিনি",
        "root_word": "ٱلَّذِيٓ",
        "global_word_sequence_number": 77262,
        "global_verse_sequence_number": 6197
    },
    {
        "chapter": 106,
        "verse": 4,
        "juz": 30,
        "hizb": 240,
        "manzil": 7,
        "ruku": 548,
        "word_number_in_verse": 2,
        "language_code": "bn",
        "text": "তাদেরকে খাবার দিয়েছেন",
        "root_word": "أَطۡعَمَهُم",
        "global_word_sequence_number": 77263,
        "global_verse_sequence_number": 6197
    },
    {
        "chapter": 106,
        "verse": 4,
        "juz": 30,
        "hizb": 240,
        "manzil": 7,
        "ruku": 548,
        "word_number_in_verse": 3,
        "language_code": "bn",
        "text": "হতে",
        "root_word": "مِّن",
        "global_word_sequence_number": 77264,
        "global_verse_sequence_number": 6197
    },
    {
        "chapter": 106,
        "verse": 4,
        "juz": 30,
        "hizb": 240,
        "manzil": 7,
        "ruku": 548,
        "word_number_in_verse": 4,
        "language_code": "bn",
        "text": "ক্ষুধা",
        "root_word": "جُوعٖ",
        "global_word_sequence_number": 77265,
        "global_verse_sequence_number": 6197
    },
    {
        "chapter": 106,
        "verse": 4,
        "juz": 30,
        "hizb": 240,
        "manzil": 7,
        "ruku": 548,
        "word_number_in_verse": 5,
        "language_code": "bn",
        "text": "এবং তাদের নিরাপত্তা দিয়েছেন",
        "root_word": "وَءَامَنَهُم",
        "global_word_sequence_number": 77266,
        "global_verse_sequence_number": 6197
    },
    {
        "chapter": 106,
        "verse": 4,
        "juz": 30,
        "hizb": 240,
        "manzil": 7,
        "ruku": 548,
        "word_number_in_verse": 6,
        "language_code": "bn",
        "text": "হতে",
        "root_word": "مِّنۡ",
        "global_word_sequence_number": 77267,
        "global_verse_sequence_number": 6197
    },
    {
        "chapter": 106,
        "verse": 4,
        "juz": 30,
        "hizb": 240,
        "manzil": 7,
        "ruku": 548,
        "word_number_in_verse": 7,
        "language_code": "bn",
        "text": "ভয়",
        "root_word": "خَوۡفِۭ",
        "global_word_sequence_number": 77268,
        "global_verse_sequence_number": 6197
    }
]