[
    {
        "chapter": 107,
        "verse": 1,
        "juz": 30,
        "hizb": 240,
        "manzil": 7,
        "ruku": 549,
        "word_number_in_verse": 1,
        "language_code": "bn",
        "text": "তুমি কি দেখেছ",
        "root_word": "أَرَءَيۡتَ",
        "global_word_sequence_number": 77269,
        "global_verse_sequence_number": 6198
    },
    {
        "chapter": 107,
        "verse": 1,
        "juz": 30,
        "hizb": 240,
        "manzil": 7,
        "ruku": 549,
        "word_number_in_verse": 2,
        "language_code": "bn",
        "text": "(তাকে) যে",
        "root_word": "ٱلَّذِي",
        "global_word_sequence_number": 77270,
        "global_verse_sequence_number": 6198
    },
    {
        "chapter": 107,
        "verse": 1,
        "juz": 30,
        "hizb": 240,
        "manzil": 7,
        "ruku": 549,
        "word_number_in_verse": 3,
        "language_code": "bn",
        "text": "মিথ্যা অভিহিত করে",
        "root_word": "يُكَذِّبُ",
        "global_word_sequence_number": 77271,
        "global_verse_sequence_number": 6198
    },
    {
        "chapter": 107,
        "verse": 1,
        "juz": 30,
        "hizb": 240,
        "manzil": 7,
        "ruku": 549,
        "word_number_in_verse": 4,
        "language_code": "bn",
        "text": "বিচার দিনকে",
        "root_word": "بِٱلدِّينِ",
        "global_word_sequence_number": 77272,
        "global_verse_sequence_number": 6198
    },
    {
        "chapter": 107,
        "verse": 2,
        "juz": 30,
        "hizb": 240,
        "manzil": 7,
        "ruku": 549,
        "word_number_in_verse": 1,
        "language_code": "bn",
        "text": "সে তো সে-ই",
        "root_word": "فَذَٰلِكَ",
        "global_word_sequence_number": 77273,
        "global_verse_sequence_number": 6199
    },
    {
        "chapter": 107,
        "verse": 2,
        "juz": 30,
        "hizb": 240,
        "manzil": 7,
        "ruku": 549,
        "word_number_in_verse": 2,
        "language_code": "bn",
        "text": "যে",
        "root_word": "ٱلَّذِي",
        "global_word_sequence_number": 77274,
        "global_verse_sequence_number": 6199
    },
    {
        "chapter": 107,
        "verse": 2,
        "juz": 30,
        "hizb": 240,
        "manzil": 7,
        "ruku": 549,
        "word_number_in_verse": 3,
        "language_code": "bn",
        "text": "ধাক্কা দেয়",
        "root_word": "يَدُعُّ",
        "global_word_sequence_number": 77275,
        "global_verse_sequence_number": 6199
    },
    {
        "chapter": 107,
        "verse": 2,
        "juz": 30,
        "hizb": 240,
        "manzil": 7,
        "ruku": 549,
        "word_number_in_verse": 4,
        "language_code": "bn",
        "text": "ইয়াতিমকে",
        "root_word": "ٱلۡيَتِيمَ",
        "global_word_sequence_number": 77276,
        "global_verse_sequence_number": 6199
    },
    {
        "chapter": 107,
        "verse": 3,
        "juz": 30,
        "hizb": 240,
        "manzil": 7,
        "ruku": 549,
        "word_number_in_verse": 1,
        "language_code": "bn",
        "text": "এবং না",
        "root_word": "وَلَا",
        "global_word_sequence_number": 77277,
        "global_verse_sequence_number": 6200
    },
    {
        "chapter": 107,
        "verse": 3,
        "juz": 30,
        "hizb": 240,
        "manzil": 7,
        "ruku": 549,
        "word_number_in_verse": 2,
        "language_code": "bn",
        "text": "উৎসাহিত করে",
        "root_word": "يَحُضُّ",
        "global_word_sequence_number": 77278,
        "global_verse_sequence_number": 6200
    },
    {
        "chapter": 107,
        "verse": 3,
        "juz": 30,
        "hizb": 240,
        "manzil": 7,
        "ruku": 549,
        "word_number_in_verse": 3,
        "language_code": "bn",
        "text": "ব্যাপারে",
        "root_word": "عَلَىٰ",
        "global_word_sequence_number": 77279,
        "global_verse_sequence_number": 6200
    },
    {
        "chapter": 107,
        "verse": 3,
        "juz": 30,
        "hizb": 240,
        "manzil": 7,
        "ruku": 549,
        "word_number_in_verse": 4,
        "language_code": "bn",
        "text": "খাদ্যদানের",
        "root_word": "طَعَامِ",
        "global_word_sequence_number": 77280,
        "global_verse_sequence_number": 6200
    },
    {
        "chapter": 107,
        "verse": 3,
        "juz": 30,
        "hizb": 240,
        "manzil": 7,
        "ruku": 549,
        "word_number_in_verse": 5,
        "language_code": "bn",
        "text": "অভাবগ্রস্তকে",
        "root_word": "ٱلۡمِسۡكِينِ",
        "global_word_sequence_number": 77281,
        "global_verse_sequence_number": 6200
    },
    {
        "chapter": 107,
        "verse": 4,
        "juz": 30,
        "hizb": 240,
        "manzil": 7,
        "ruku": 549,
        "word_number_in_verse": 1,
        "language_code": "bn",
        "text": "অতএব দুর্ভোগ",
        "root_word": "فَوَيۡلٞ",
        "global_word_sequence_number": 77282,
        "global_verse_sequence_number": 6201
    },
    {
        "chapter": 107,
        "verse": 4,
        "juz": 30,
        "hizb": 240,
        "manzil": 7,
        "ruku": 549,
        "word_number_in_verse": 2,
        "language_code": "bn",
        "text": "(ঐসব) সালাত আদায়কারীদের জন্য",
        "root_word": "لِّلۡمُصَلِّينَ",
        "global_word_sequence_number": 77283,
        "global_verse_sequence_number": 6201
    },
    {
        "chapter": 107,
        "verse": 5,
        "juz": 30,
        "hizb": 240,
        "manzil": 7,
        "ruku": 549,
        "word_number_in_verse": 1,
        "language_code": "bn",
        "text": "যাদের (বৈশিষ্ট্য হলো)",
        "root_word": "ٱلَّذِينَ",
        "global_word_sequence_number": 77284,
        "global_verse_sequence_number": 6202
    },
    {
        "chapter": 107,
        "verse": 5,
        "juz": 30,
        "hizb": 240,
        "manzil": 7,
        "ruku": 549,
        "word_number_in_verse": 2,
        "language_code": "bn",
        "text": "তারা",
        "root_word": "هُمۡ",
        "global_word_sequence_number": 77285,
        "global_verse_sequence_number": 6202
    },
    {
        "chapter": 107,
        "verse": 5,
        "juz": 30,
        "hizb": 240,
        "manzil": 7,
        "ruku": 549,
        "word_number_in_verse": 3,
        "language_code": "bn",
        "text": "সম্বন্ধে",
        "root_word": "عَن",
        "global_word_sequence_number": 77286,
        "global_verse_sequence_number": 6202
    },
    {
        "chapter": 107,
        "verse": 5,
        "juz": 30,
        "hizb": 240,
        "manzil": 7,
        "ruku": 549,
        "word_number_in_verse": 4,
        "language_code": "bn",
        "text": "তাদের সালাত",
        "root_word": "صَلَاتِهِمۡ",
        "global_word_sequence_number": 77287,
        "global_verse_sequence_number": 6202
    },
    {
        "chapter": 107,
        "verse": 5,
        "juz": 30,
        "hizb": 240,
        "manzil": 7,
        "ruku": 549,
        "word_number_in_verse": 5,
        "language_code": "bn",
        "text": "উদাসীন",
        "root_word": "سَاهُونَ",
        "global_word_sequence_number": 77288,
        "global_verse_sequence_number": 6202
    },
    {
        "chapter": 107,
        "verse": 6,
        "juz": 30,
        "hizb": 240,
        "manzil": 7,
        "ruku": 549,
        "word_number_in_verse": 1,
        "language_code": "bn",
        "text": "যাদের (বৈশিষ্ট্য হলো)",
        "root_word": "ٱلَّذِينَ",
        "global_word_sequence_number": 77289,
        "global_verse_sequence_number": 6203
    },
    {
        "chapter": 107,
        "verse": 6,
        "juz": 30,
        "hizb": 240,
        "manzil": 7,
        "ruku": 549,
        "word_number_in_verse": 2,
        "language_code": "bn",
        "text": "তারা",
        "root_word": "هُمۡ",
        "global_word_sequence_number": 77290,
        "global_verse_sequence_number": 6203
    },
    {
        "chapter": 107,
        "verse": 6,
        "juz": 30,
        "hizb": 240,
        "manzil": 7,
        "ruku": 549,
        "word_number_in_verse": 3,
        "language_code": "bn",
        "text": "লোকদেখানোর (কাজ করে)",
        "root_word": "يُرَآءُونَ",
        "global_word_sequence_number": 77291,
        "global_verse_sequence_number": 6203
    },
    {
        "chapter": 107,
        "verse": 7,
        "juz": 30,
        "hizb": 240,
        "manzil": 7,
        "ruku": 549,
        "word_number_in_verse": 1,
        "language_code": "bn",
        "text": "এবং দেওয়া হতে বিরত থাকে",
        "root_word": "وَيَمۡنَعُونَ",
        "global_word_sequence_number": 77292,
        "global_verse_sequence_number": 6204
    },
    {
        "chapter": 107,
        "verse": 7,
        "juz": 30,
        "hizb": 240,
        "manzil": 7,
        "ruku": 549,
        "word_number_in_verse": 2,
        "language_code": "bn",
        "text": "সংসারের প্রয়োজনীয় ছোটখাটো জিনিসের",
        "root_word": "ٱلۡمَاعُونَ",
        "global_word_sequence_number": 77293,
        "global_verse_sequence_number": 6204
    }
]