[
    {
        "chapter": 108,
        "verse": 1,
        "juz": 30,
        "hizb": 240,
        "manzil": 7,
        "ruku": 550,
        "word_number_in_verse": 1,
        "language_code": "bn",
        "text": "নিশ্চয়ই আমরা",
        "root_word": "إِنَّآ",
        "global_word_sequence_number": 77294,
        "global_verse_sequence_number": 6205
    },
    {
        "chapter": 108,
        "verse": 1,
        "juz": 30,
        "hizb": 240,
        "manzil": 7,
        "ruku": 550,
        "word_number_in_verse": 2,
        "language_code": "bn",
        "text": "আমরা তোমাকে দিয়েছি",
        "root_word": "أَعۡطَيۡنَٰكَ",
        "global_word_sequence_number": 77295,
        "global_verse_sequence_number": 6205
    },
    {
        "chapter": 108,
        "verse": 1,
        "juz": 30,
        "hizb": 240,
        "manzil": 7,
        "ruku": 550,
        "word_number_in_verse": 3,
        "language_code": "bn",
        "text": "কাউসার",
        "root_word": "ٱلۡكَوۡثَرَ",
        "global_word_sequence_number": 77296,
        "global_verse_sequence_number": 6205
    },
    {
        "chapter": 108,
        "verse": 2,
        "juz": 30,
        "hizb": 240,
        "manzil": 7,
        "ruku": 550,
        "word_number_in_verse": 1,
        "language_code": "bn",
        "text": "সুতরাং তুমি সালাত পড়ো",
        "root_word": "فَصَلِّ",
        "global_word_sequence_number": 77297,
        "global_verse_sequence_number": 6206
    },
    {
        "chapter": 108,
        "verse": 2,
        "juz": 30,
        "hizb": 240,
        "manzil": 7,
        "ruku": 550,
        "word_number_in_verse": 2,
        "language_code": "bn",
        "text": "তোমার রবের উদ্দেশ্যে",
        "root_word": "لِرَبِّكَ",
        "global_word_sequence_number": 77298,
        "global_verse_sequence_number": 6206
    },
    {
        "chapter": 108,
        "verse": 2,
        "juz": 30,
        "hizb": 240,
        "manzil": 7,
        "ruku": 550,
        "word_number_in_verse": 3,
        "language_code": "bn",
        "text": "এবং তুমি কুরবানী করো",
        "root_word": "وَٱنۡحَرۡ",
        "global_word_sequence_number": 77299,
        "global_verse_sequence_number": 6206
    },
    {
        "chapter": 108,
        "verse": 3,
        "juz": 30,
        "hizb": 240,
        "manzil": 7,
        "ruku": 550,
        "word_number_in_verse": 1,
        "language_code": "bn",
        "text": "নিশ্চয়ই",
        "root_word": "إِنَّ",
        "global_word_sequence_number": 77300,
        "global_verse_sequence_number": 6207
    },
    {
        "chapter": 108,
        "verse": 3,
        "juz": 30,
        "hizb": 240,
        "manzil": 7,
        "ruku": 550,
        "word_number_in_verse": 2,
        "language_code": "bn",
        "text": "তোমার দুশমন",
        "root_word": "شَانِئَكَ",
        "global_word_sequence_number": 77301,
        "global_verse_sequence_number": 6207
    },
    {
        "chapter": 108,
        "verse": 3,
        "juz": 30,
        "hizb": 240,
        "manzil": 7,
        "ruku": 550,
        "word_number_in_verse": 3,
        "language_code": "bn",
        "text": "সে-ই তো",
        "root_word": "هُوَ",
        "global_word_sequence_number": 77302,
        "global_verse_sequence_number": 6207
    },
    {
        "chapter": 108,
        "verse": 3,
        "juz": 30,
        "hizb": 240,
        "manzil": 7,
        "ruku": 550,
        "word_number_in_verse": 4,
        "language_code": "bn",
        "text": "নির্বংশ",
        "root_word": "ٱلۡأَبۡتَرُ",
        "global_word_sequence_number": 77303,
        "global_verse_sequence_number": 6207
    }
]