[
    {
        "chapter": 109,
        "verse": 1,
        "juz": 30,
        "hizb": 240,
        "manzil": 7,
        "ruku": 551,
        "word_number_in_verse": 1,
        "language_code": "bn",
        "text": "বলো",
        "root_word": "قُلۡ",
        "global_word_sequence_number": 77304,
        "global_verse_sequence_number": 6208
    },
    {
        "chapter": 109,
        "verse": 1,
        "juz": 30,
        "hizb": 240,
        "manzil": 7,
        "ruku": 551,
        "word_number_in_verse": 2,
        "language_code": "bn",
        "text": "\"হে",
        "root_word": "يَٰٓأَيُّهَا",
        "global_word_sequence_number": 77305,
        "global_verse_sequence_number": 6208
    },
    {
        "chapter": 109,
        "verse": 1,
        "juz": 30,
        "hizb": 240,
        "manzil": 7,
        "ruku": 551,
        "word_number_in_verse": 3,
        "language_code": "bn",
        "text": "কাফিররা",
        "root_word": "الۡكَٰفِرُونَ",
        "global_word_sequence_number": 77306,
        "global_verse_sequence_number": 6208
    },
    {
        "chapter": 109,
        "verse": 2,
        "juz": 30,
        "hizb": 240,
        "manzil": 7,
        "ruku": 551,
        "word_number_in_verse": 1,
        "language_code": "bn",
        "text": "না",
        "root_word": "لَآ",
        "global_word_sequence_number": 77307,
        "global_verse_sequence_number": 6209
    },
    {
        "chapter": 109,
        "verse": 2,
        "juz": 30,
        "hizb": 240,
        "manzil": 7,
        "ruku": 551,
        "word_number_in_verse": 2,
        "language_code": "bn",
        "text": "আমি ইবাদাত করি",
        "root_word": "أَعۡبُدُ",
        "global_word_sequence_number": 77308,
        "global_verse_sequence_number": 6209
    },
    {
        "chapter": 109,
        "verse": 2,
        "juz": 30,
        "hizb": 240,
        "manzil": 7,
        "ruku": 551,
        "word_number_in_verse": 3,
        "language_code": "bn",
        "text": "যার",
        "root_word": "مَا",
        "global_word_sequence_number": 77309,
        "global_verse_sequence_number": 6209
    },
    {
        "chapter": 109,
        "verse": 2,
        "juz": 30,
        "hizb": 240,
        "manzil": 7,
        "ruku": 551,
        "word_number_in_verse": 4,
        "language_code": "bn",
        "text": "তোমরা ইবাদাত কর",
        "root_word": "تَعۡبُدُونَ",
        "global_word_sequence_number": 77310,
        "global_verse_sequence_number": 6209
    },
    {
        "chapter": 109,
        "verse": 3,
        "juz": 30,
        "hizb": 240,
        "manzil": 7,
        "ruku": 551,
        "word_number_in_verse": 1,
        "language_code": "bn",
        "text": "এবং না",
        "root_word": "وَلَآ",
        "global_word_sequence_number": 77311,
        "global_verse_sequence_number": 6210
    },
    {
        "chapter": 109,
        "verse": 3,
        "juz": 30,
        "hizb": 240,
        "manzil": 7,
        "ruku": 551,
        "word_number_in_verse": 2,
        "language_code": "bn",
        "text": "তোমরা",
        "root_word": "أَنتُمۡ",
        "global_word_sequence_number": 77312,
        "global_verse_sequence_number": 6210
    },
    {
        "chapter": 109,
        "verse": 3,
        "juz": 30,
        "hizb": 240,
        "manzil": 7,
        "ruku": 551,
        "word_number_in_verse": 3,
        "language_code": "bn",
        "text": "ইবাদাতকারী",
        "root_word": "عَٰبِدُونَ",
        "global_word_sequence_number": 77313,
        "global_verse_sequence_number": 6210
    },
    {
        "chapter": 109,
        "verse": 3,
        "juz": 30,
        "hizb": 240,
        "manzil": 7,
        "ruku": 551,
        "word_number_in_verse": 4,
        "language_code": "bn",
        "text": "যার",
        "root_word": "مَآ",
        "global_word_sequence_number": 77314,
        "global_verse_sequence_number": 6210
    },
    {
        "chapter": 109,
        "verse": 3,
        "juz": 30,
        "hizb": 240,
        "manzil": 7,
        "ruku": 551,
        "word_number_in_verse": 5,
        "language_code": "bn",
        "text": "আমি ইবাদাত করি",
        "root_word": "أَعۡبُدُ",
        "global_word_sequence_number": 77315,
        "global_verse_sequence_number": 6210
    },
    {
        "chapter": 109,
        "verse": 4,
        "juz": 30,
        "hizb": 240,
        "manzil": 7,
        "ruku": 551,
        "word_number_in_verse": 1,
        "language_code": "bn",
        "text": "আর না",
        "root_word": "وَلَآ",
        "global_word_sequence_number": 77316,
        "global_verse_sequence_number": 6211
    },
    {
        "chapter": 109,
        "verse": 4,
        "juz": 30,
        "hizb": 240,
        "manzil": 7,
        "ruku": 551,
        "word_number_in_verse": 2,
        "language_code": "bn",
        "text": "আমি",
        "root_word": "أَنَا۠",
        "global_word_sequence_number": 77317,
        "global_verse_sequence_number": 6211
    },
    {
        "chapter": 109,
        "verse": 4,
        "juz": 30,
        "hizb": 240,
        "manzil": 7,
        "ruku": 551,
        "word_number_in_verse": 3,
        "language_code": "bn",
        "text": "ইবাদাতকারী",
        "root_word": "عَابِدٞ",
        "global_word_sequence_number": 77318,
        "global_verse_sequence_number": 6211
    },
    {
        "chapter": 109,
        "verse": 4,
        "juz": 30,
        "hizb": 240,
        "manzil": 7,
        "ruku": 551,
        "word_number_in_verse": 4,
        "language_code": "bn",
        "text": "যার",
        "root_word": "مَّا",
        "global_word_sequence_number": 77319,
        "global_verse_sequence_number": 6211
    },
    {
        "chapter": 109,
        "verse": 4,
        "juz": 30,
        "hizb": 240,
        "manzil": 7,
        "ruku": 551,
        "word_number_in_verse": 5,
        "language_code": "bn",
        "text": "তোমরা ইবাদাত করেছ",
        "root_word": "عَبَدتُّمۡ",
        "global_word_sequence_number": 77320,
        "global_verse_sequence_number": 6211
    },
    {
        "chapter": 109,
        "verse": 5,
        "juz": 30,
        "hizb": 240,
        "manzil": 7,
        "ruku": 551,
        "word_number_in_verse": 1,
        "language_code": "bn",
        "text": "আর না",
        "root_word": "وَلَآ",
        "global_word_sequence_number": 77321,
        "global_verse_sequence_number": 6212
    },
    {
        "chapter": 109,
        "verse": 5,
        "juz": 30,
        "hizb": 240,
        "manzil": 7,
        "ruku": 551,
        "word_number_in_verse": 2,
        "language_code": "bn",
        "text": "তোমরা",
        "root_word": "أَنتُمۡ",
        "global_word_sequence_number": 77322,
        "global_verse_sequence_number": 6212
    },
    {
        "chapter": 109,
        "verse": 5,
        "juz": 30,
        "hizb": 240,
        "manzil": 7,
        "ruku": 551,
        "word_number_in_verse": 3,
        "language_code": "bn",
        "text": "ইবাদাতকারী",
        "root_word": "عَٰبِدُونَ",
        "global_word_sequence_number": 77323,
        "global_verse_sequence_number": 6212
    },
    {
        "chapter": 109,
        "verse": 5,
        "juz": 30,
        "hizb": 240,
        "manzil": 7,
        "ruku": 551,
        "word_number_in_verse": 4,
        "language_code": "bn",
        "text": "যার",
        "root_word": "مَآ",
        "global_word_sequence_number": 77324,
        "global_verse_sequence_number": 6212
    },
    {
        "chapter": 109,
        "verse": 5,
        "juz": 30,
        "hizb": 240,
        "manzil": 7,
        "ruku": 551,
        "word_number_in_verse": 5,
        "language_code": "bn",
        "text": "আমি ইবাদাত করি",
        "root_word": "أَعۡبُدُ",
        "global_word_sequence_number": 77325,
        "global_verse_sequence_number": 6212
    },
    {
        "chapter": 109,
        "verse": 6,
        "juz": 30,
        "hizb": 240,
        "manzil": 7,
        "ruku": 551,
        "word_number_in_verse": 1,
        "language_code": "bn",
        "text": "তোমাদের জন্য",
        "root_word": "لَكُمۡ",
        "global_word_sequence_number": 77326,
        "global_verse_sequence_number": 6213
    },
    {
        "chapter": 109,
        "verse": 6,
        "juz": 30,
        "hizb": 240,
        "manzil": 7,
        "ruku": 551,
        "word_number_in_verse": 2,
        "language_code": "bn",
        "text": "তোমার ধর্ম",
        "root_word": "دِينُكُمۡ",
        "global_word_sequence_number": 77327,
        "global_verse_sequence_number": 6213
    },
    {
        "chapter": 109,
        "verse": 6,
        "juz": 30,
        "hizb": 240,
        "manzil": 7,
        "ruku": 551,
        "word_number_in_verse": 3,
        "language_code": "bn",
        "text": "এবং আমার জন্য",
        "root_word": "وَلِيَ",
        "global_word_sequence_number": 77328,
        "global_verse_sequence_number": 6213
    },
    {
        "chapter": 109,
        "verse": 6,
        "juz": 30,
        "hizb": 240,
        "manzil": 7,
        "ruku": 551,
        "word_number_in_verse": 4,
        "language_code": "bn",
        "text": "আমার ধর্ম\"",
        "root_word": "دِينِ",
        "global_word_sequence_number": 77329,
        "global_verse_sequence_number": 6213
    }
]