[
    {
        "chapter": 110,
        "verse": 1,
        "juz": 30,
        "hizb": 240,
        "manzil": 7,
        "ruku": 552,
        "word_number_in_verse": 1,
        "language_code": "bn",
        "text": "যখন",
        "root_word": "إِذَا",
        "global_word_sequence_number": 77330,
        "global_verse_sequence_number": 6214
    },
    {
        "chapter": 110,
        "verse": 1,
        "juz": 30,
        "hizb": 240,
        "manzil": 7,
        "ruku": 552,
        "word_number_in_verse": 2,
        "language_code": "bn",
        "text": "আসবে",
        "root_word": "جَآءَ",
        "global_word_sequence_number": 77331,
        "global_verse_sequence_number": 6214
    },
    {
        "chapter": 110,
        "verse": 1,
        "juz": 30,
        "hizb": 240,
        "manzil": 7,
        "ruku": 552,
        "word_number_in_verse": 3,
        "language_code": "bn",
        "text": "সাহায্য",
        "root_word": "نَصۡرُ",
        "global_word_sequence_number": 77332,
        "global_verse_sequence_number": 6214
    },
    {
        "chapter": 110,
        "verse": 1,
        "juz": 30,
        "hizb": 240,
        "manzil": 7,
        "ruku": 552,
        "word_number_in_verse": 4,
        "language_code": "bn",
        "text": "আল্লাহর",
        "root_word": "اللَّهِ",
        "global_word_sequence_number": 77333,
        "global_verse_sequence_number": 6214
    },
    {
        "chapter": 110,
        "verse": 1,
        "juz": 30,
        "hizb": 240,
        "manzil": 7,
        "ruku": 552,
        "word_number_in_verse": 5,
        "language_code": "bn",
        "text": "ও বিজয়",
        "root_word": "وَالۡفَتۡحُ",
        "global_word_sequence_number": 77334,
        "global_verse_sequence_number": 6214
    },
    {
        "chapter": 110,
        "verse": 2,
        "juz": 30,
        "hizb": 240,
        "manzil": 7,
        "ruku": 552,
        "word_number_in_verse": 1,
        "language_code": "bn",
        "text": "এবং তুমি দেখবে",
        "root_word": "وَرَأَيۡتَ",
        "global_word_sequence_number": 77335,
        "global_verse_sequence_number": 6215
    },
    {
        "chapter": 110,
        "verse": 2,
        "juz": 30,
        "hizb": 240,
        "manzil": 7,
        "ruku": 552,
        "word_number_in_verse": 2,
        "language_code": "bn",
        "text": "মানুষকে",
        "root_word": "النَّاسَ",
        "global_word_sequence_number": 77336,
        "global_verse_sequence_number": 6215
    },
    {
        "chapter": 110,
        "verse": 2,
        "juz": 30,
        "hizb": 240,
        "manzil": 7,
        "ruku": 552,
        "word_number_in_verse": 3,
        "language_code": "bn",
        "text": "প্রবেশ করছে",
        "root_word": "يَدۡخُلُونَ",
        "global_word_sequence_number": 77337,
        "global_verse_sequence_number": 6215
    },
    {
        "chapter": 110,
        "verse": 2,
        "juz": 30,
        "hizb": 240,
        "manzil": 7,
        "ruku": 552,
        "word_number_in_verse": 4,
        "language_code": "bn",
        "text": "মধ্যে",
        "root_word": "فِي",
        "global_word_sequence_number": 77338,
        "global_verse_sequence_number": 6215
    },
    {
        "chapter": 110,
        "verse": 2,
        "juz": 30,
        "hizb": 240,
        "manzil": 7,
        "ruku": 552,
        "word_number_in_verse": 5,
        "language_code": "bn",
        "text": "দীনের",
        "root_word": "دِينِ",
        "global_word_sequence_number": 77339,
        "global_verse_sequence_number": 6215
    },
    {
        "chapter": 110,
        "verse": 2,
        "juz": 30,
        "hizb": 240,
        "manzil": 7,
        "ruku": 552,
        "word_number_in_verse": 6,
        "language_code": "bn",
        "text": "আল্লাহর",
        "root_word": "اللَّهِ",
        "global_word_sequence_number": 77340,
        "global_verse_sequence_number": 6215
    },
    {
        "chapter": 110,
        "verse": 2,
        "juz": 30,
        "hizb": 240,
        "manzil": 7,
        "ruku": 552,
        "word_number_in_verse": 7,
        "language_code": "bn",
        "text": "দলে দলে",
        "root_word": "أَفۡوَاجٗا",
        "global_word_sequence_number": 77341,
        "global_verse_sequence_number": 6215
    },
    {
        "chapter": 110,
        "verse": 3,
        "juz": 30,
        "hizb": 240,
        "manzil": 7,
        "ruku": 552,
        "word_number_in_verse": 1,
        "language_code": "bn",
        "text": "তখন তুমি গুণগান করবে",
        "root_word": "فَسَبِّحۡ",
        "global_word_sequence_number": 77342,
        "global_verse_sequence_number": 6216
    },
    {
        "chapter": 110,
        "verse": 3,
        "juz": 30,
        "hizb": 240,
        "manzil": 7,
        "ruku": 552,
        "word_number_in_verse": 2,
        "language_code": "bn",
        "text": "প্রশংসার সাথে",
        "root_word": "بِحَمۡدِ",
        "global_word_sequence_number": 77343,
        "global_verse_sequence_number": 6216
    },
    {
        "chapter": 110,
        "verse": 3,
        "juz": 30,
        "hizb": 240,
        "manzil": 7,
        "ruku": 552,
        "word_number_in_verse": 3,
        "language_code": "bn",
        "text": "তোমার রবের",
        "root_word": "رَبِّكَ",
        "global_word_sequence_number": 77344,
        "global_verse_sequence_number": 6216
    },
    {
        "chapter": 110,
        "verse": 3,
        "juz": 30,
        "hizb": 240,
        "manzil": 7,
        "ruku": 552,
        "word_number_in_verse": 4,
        "language_code": "bn",
        "text": "এবং তাঁর (নিকট) ক্ষমা চাও",
        "root_word": "وَاسۡتَغۡفِرۡهُۚ",
        "global_word_sequence_number": 77345,
        "global_verse_sequence_number": 6216
    },
    {
        "chapter": 110,
        "verse": 3,
        "juz": 30,
        "hizb": 240,
        "manzil": 7,
        "ruku": 552,
        "word_number_in_verse": 5,
        "language_code": "bn",
        "text": "নিশ্চয়ই",
        "root_word": "إِنَّهُۥ",
        "global_word_sequence_number": 77346,
        "global_verse_sequence_number": 6216
    },
    {
        "chapter": 110,
        "verse": 3,
        "juz": 30,
        "hizb": 240,
        "manzil": 7,
        "ruku": 552,
        "word_number_in_verse": 6,
        "language_code": "bn",
        "text": "হলেন",
        "root_word": "كَانَ",
        "global_word_sequence_number": 77347,
        "global_verse_sequence_number": 6216
    },
    {
        "chapter": 110,
        "verse": 3,
        "juz": 30,
        "hizb": 240,
        "manzil": 7,
        "ruku": 552,
        "word_number_in_verse": 7,
        "language_code": "bn",
        "text": "ক্ষমাপরবশ",
        "root_word": "تَوَّابَۢا",
        "global_word_sequence_number": 77348,
        "global_verse_sequence_number": 6216
    }
]