[
    {
        "chapter": 111,
        "verse": 1,
        "juz": 30,
        "hizb": 240,
        "manzil": 7,
        "ruku": 553,
        "word_number_in_verse": 1,
        "language_code": "bn",
        "text": "ধ্বংস হোক",
        "root_word": "تَبَّتۡ",
        "global_word_sequence_number": 77349,
        "global_verse_sequence_number": 6217
    },
    {
        "chapter": 111,
        "verse": 1,
        "juz": 30,
        "hizb": 240,
        "manzil": 7,
        "ruku": 553,
        "word_number_in_verse": 2,
        "language_code": "bn",
        "text": "দু'হাত",
        "root_word": "يَدَآ",
        "global_word_sequence_number": 77350,
        "global_verse_sequence_number": 6217
    },
    {
        "chapter": 111,
        "verse": 1,
        "juz": 30,
        "hizb": 240,
        "manzil": 7,
        "ruku": 553,
        "word_number_in_verse": 3,
        "language_code": "bn",
        "text": "আবু",
        "root_word": "أَبِي",
        "global_word_sequence_number": 77351,
        "global_verse_sequence_number": 6217
    },
    {
        "chapter": 111,
        "verse": 1,
        "juz": 30,
        "hizb": 240,
        "manzil": 7,
        "ruku": 553,
        "word_number_in_verse": 4,
        "language_code": "bn",
        "text": "লাহাবের",
        "root_word": "لَهَبٖ",
        "global_word_sequence_number": 77352,
        "global_verse_sequence_number": 6217
    },
    {
        "chapter": 111,
        "verse": 1,
        "juz": 30,
        "hizb": 240,
        "manzil": 7,
        "ruku": 553,
        "word_number_in_verse": 5,
        "language_code": "bn",
        "text": "এবং সেও ধ্বংস হোক",
        "root_word": "وَتَبَّ",
        "global_word_sequence_number": 77353,
        "global_verse_sequence_number": 6217
    },
    {
        "chapter": 111,
        "verse": 2,
        "juz": 30,
        "hizb": 240,
        "manzil": 7,
        "ruku": 553,
        "word_number_in_verse": 1,
        "language_code": "bn",
        "text": "না",
        "root_word": "مَآ",
        "global_word_sequence_number": 77354,
        "global_verse_sequence_number": 6218
    },
    {
        "chapter": 111,
        "verse": 2,
        "juz": 30,
        "hizb": 240,
        "manzil": 7,
        "ruku": 553,
        "word_number_in_verse": 2,
        "language_code": "bn",
        "text": "কাজে আসলো",
        "root_word": "أَغۡنَىٰ",
        "global_word_sequence_number": 77355,
        "global_verse_sequence_number": 6218
    },
    {
        "chapter": 111,
        "verse": 2,
        "juz": 30,
        "hizb": 240,
        "manzil": 7,
        "ruku": 553,
        "word_number_in_verse": 3,
        "language_code": "bn",
        "text": "তার পক্ষে",
        "root_word": "عَنۡهُ",
        "global_word_sequence_number": 77356,
        "global_verse_sequence_number": 6218
    },
    {
        "chapter": 111,
        "verse": 2,
        "juz": 30,
        "hizb": 240,
        "manzil": 7,
        "ruku": 553,
        "word_number_in_verse": 4,
        "language_code": "bn",
        "text": "তার সম্পদ",
        "root_word": "مَالُهُۥ",
        "global_word_sequence_number": 77357,
        "global_verse_sequence_number": 6218
    },
    {
        "chapter": 111,
        "verse": 2,
        "juz": 30,
        "hizb": 240,
        "manzil": 7,
        "ruku": 553,
        "word_number_in_verse": 5,
        "language_code": "bn",
        "text": "আর যা",
        "root_word": "وَمَا",
        "global_word_sequence_number": 77358,
        "global_verse_sequence_number": 6218
    },
    {
        "chapter": 111,
        "verse": 2,
        "juz": 30,
        "hizb": 240,
        "manzil": 7,
        "ruku": 553,
        "word_number_in_verse": 6,
        "language_code": "bn",
        "text": "সে  উপার্জন করেছিল",
        "root_word": "كَسَبَ",
        "global_word_sequence_number": 77359,
        "global_verse_sequence_number": 6218
    },
    {
        "chapter": 111,
        "verse": 3,
        "juz": 30,
        "hizb": 240,
        "manzil": 7,
        "ruku": 553,
        "word_number_in_verse": 1,
        "language_code": "bn",
        "text": "শীঘ্রই জ্বলবে",
        "root_word": "سَيَصۡلَىٰ",
        "global_word_sequence_number": 77360,
        "global_verse_sequence_number": 6219
    },
    {
        "chapter": 111,
        "verse": 3,
        "juz": 30,
        "hizb": 240,
        "manzil": 7,
        "ruku": 553,
        "word_number_in_verse": 2,
        "language_code": "bn",
        "text": "আগুনে",
        "root_word": "نَارٗا",
        "global_word_sequence_number": 77361,
        "global_verse_sequence_number": 6219
    },
    {
        "chapter": 111,
        "verse": 3,
        "juz": 30,
        "hizb": 240,
        "manzil": 7,
        "ruku": 553,
        "word_number_in_verse": 3,
        "language_code": "bn",
        "text": "সমন্বিত",
        "root_word": "ذَاتَ",
        "global_word_sequence_number": 77362,
        "global_verse_sequence_number": 6219
    },
    {
        "chapter": 111,
        "verse": 3,
        "juz": 30,
        "hizb": 240,
        "manzil": 7,
        "ruku": 553,
        "word_number_in_verse": 4,
        "language_code": "bn",
        "text": "শিখা",
        "root_word": "لَهَبٖ",
        "global_word_sequence_number": 77363,
        "global_verse_sequence_number": 6219
    },
    {
        "chapter": 111,
        "verse": 4,
        "juz": 30,
        "hizb": 240,
        "manzil": 7,
        "ruku": 553,
        "word_number_in_verse": 1,
        "language_code": "bn",
        "text": "এবং তার স্ত্রীও",
        "root_word": "وَامۡرَأَتُهُۥ",
        "global_word_sequence_number": 77364,
        "global_verse_sequence_number": 6220
    },
    {
        "chapter": 111,
        "verse": 4,
        "juz": 30,
        "hizb": 240,
        "manzil": 7,
        "ruku": 553,
        "word_number_in_verse": 2,
        "language_code": "bn",
        "text": "বহনকারিণী",
        "root_word": "حَمَّالَةَ",
        "global_word_sequence_number": 77365,
        "global_verse_sequence_number": 6220
    },
    {
        "chapter": 111,
        "verse": 4,
        "juz": 30,
        "hizb": 240,
        "manzil": 7,
        "ruku": 553,
        "word_number_in_verse": 3,
        "language_code": "bn",
        "text": "কাঠের",
        "root_word": "الۡحَطَبِ",
        "global_word_sequence_number": 77366,
        "global_verse_sequence_number": 6220
    },
    {
        "chapter": 111,
        "verse": 5,
        "juz": 30,
        "hizb": 240,
        "manzil": 7,
        "ruku": 553,
        "word_number_in_verse": 1,
        "language_code": "bn",
        "text": "মধ্যে",
        "root_word": "فِي",
        "global_word_sequence_number": 77367,
        "global_verse_sequence_number": 6221
    },
    {
        "chapter": 111,
        "verse": 5,
        "juz": 30,
        "hizb": 240,
        "manzil": 7,
        "ruku": 553,
        "word_number_in_verse": 2,
        "language_code": "bn",
        "text": "তার গলার",
        "root_word": "جِيدِهَا",
        "global_word_sequence_number": 77368,
        "global_verse_sequence_number": 6221
    },
    {
        "chapter": 111,
        "verse": 5,
        "juz": 30,
        "hizb": 240,
        "manzil": 7,
        "ruku": 553,
        "word_number_in_verse": 3,
        "language_code": "bn",
        "text": "দড়ি",
        "root_word": "حَبۡلٞ",
        "global_word_sequence_number": 77369,
        "global_verse_sequence_number": 6221
    },
    {
        "chapter": 111,
        "verse": 5,
        "juz": 30,
        "hizb": 240,
        "manzil": 7,
        "ruku": 553,
        "word_number_in_verse": 4,
        "language_code": "bn",
        "text": "থেকে",
        "root_word": "مِّن",
        "global_word_sequence_number": 77370,
        "global_verse_sequence_number": 6221
    },
    {
        "chapter": 111,
        "verse": 5,
        "juz": 30,
        "hizb": 240,
        "manzil": 7,
        "ruku": 553,
        "word_number_in_verse": 5,
        "language_code": "bn",
        "text": "পাকানো",
        "root_word": "مَّسَدِۭ",
        "global_word_sequence_number": 77371,
        "global_verse_sequence_number": 6221
    }
]