[
    {
        "chapter": 112,
        "verse": 1,
        "juz": 30,
        "hizb": 240,
        "manzil": 7,
        "ruku": 554,
        "word_number_in_verse": 1,
        "language_code": "bn",
        "text": "বলো",
        "root_word": "قُلۡ",
        "global_word_sequence_number": 77372,
        "global_verse_sequence_number": 6222
    },
    {
        "chapter": 112,
        "verse": 1,
        "juz": 30,
        "hizb": 240,
        "manzil": 7,
        "ruku": 554,
        "word_number_in_verse": 2,
        "language_code": "bn",
        "text": "\"তিনি",
        "root_word": "هُوَ",
        "global_word_sequence_number": 77373,
        "global_verse_sequence_number": 6222
    },
    {
        "chapter": 112,
        "verse": 1,
        "juz": 30,
        "hizb": 240,
        "manzil": 7,
        "ruku": 554,
        "word_number_in_verse": 3,
        "language_code": "bn",
        "text": "আল্লাহ",
        "root_word": "اللَّهُ",
        "global_word_sequence_number": 77374,
        "global_verse_sequence_number": 6222
    },
    {
        "chapter": 112,
        "verse": 1,
        "juz": 30,
        "hizb": 240,
        "manzil": 7,
        "ruku": 554,
        "word_number_in_verse": 4,
        "language_code": "bn",
        "text": "এক-অদ্বিতীয়",
        "root_word": "أَحَدٌ",
        "global_word_sequence_number": 77375,
        "global_verse_sequence_number": 6222
    },
    {
        "chapter": 112,
        "verse": 2,
        "juz": 30,
        "hizb": 240,
        "manzil": 7,
        "ruku": 554,
        "word_number_in_verse": 1,
        "language_code": "bn",
        "text": "আল্লাহ",
        "root_word": "اللَّهُ",
        "global_word_sequence_number": 77376,
        "global_verse_sequence_number": 6223
    },
    {
        "chapter": 112,
        "verse": 2,
        "juz": 30,
        "hizb": 240,
        "manzil": 7,
        "ruku": 554,
        "word_number_in_verse": 2,
        "language_code": "bn",
        "text": "অমুখাপেক্ষী",
        "root_word": "الصَّمَدُ",
        "global_word_sequence_number": 77377,
        "global_verse_sequence_number": 6223
    },
    {
        "chapter": 112,
        "verse": 3,
        "juz": 30,
        "hizb": 240,
        "manzil": 7,
        "ruku": 554,
        "word_number_in_verse": 1,
        "language_code": "bn",
        "text": "নি",
        "root_word": "لَمۡ",
        "global_word_sequence_number": 77378,
        "global_verse_sequence_number": 6224
    },
    {
        "chapter": 112,
        "verse": 3,
        "juz": 30,
        "hizb": 240,
        "manzil": 7,
        "ruku": 554,
        "word_number_in_verse": 2,
        "language_code": "bn",
        "text": "তিনি (কাউকে) জন্ম দেন",
        "root_word": "يَلِدۡ",
        "global_word_sequence_number": 77379,
        "global_verse_sequence_number": 6224
    },
    {
        "chapter": 112,
        "verse": 3,
        "juz": 30,
        "hizb": 240,
        "manzil": 7,
        "ruku": 554,
        "word_number_in_verse": 3,
        "language_code": "bn",
        "text": "এবং নি",
        "root_word": "وَلَمۡ",
        "global_word_sequence_number": 77380,
        "global_verse_sequence_number": 6224
    },
    {
        "chapter": 112,
        "verse": 3,
        "juz": 30,
        "hizb": 240,
        "manzil": 7,
        "ruku": 554,
        "word_number_in_verse": 4,
        "language_code": "bn",
        "text": "তাঁকে জন্ম দেয়া হয়",
        "root_word": "يُولَدۡ",
        "global_word_sequence_number": 77381,
        "global_verse_sequence_number": 6224
    },
    {
        "chapter": 112,
        "verse": 4,
        "juz": 30,
        "hizb": 240,
        "manzil": 7,
        "ruku": 554,
        "word_number_in_verse": 1,
        "language_code": "bn",
        "text": "এবং নাই",
        "root_word": "وَلَمۡ",
        "global_word_sequence_number": 77382,
        "global_verse_sequence_number": 6225
    },
    {
        "chapter": 112,
        "verse": 4,
        "juz": 30,
        "hizb": 240,
        "manzil": 7,
        "ruku": 554,
        "word_number_in_verse": 2,
        "language_code": "bn",
        "text": "(হয়)",
        "root_word": "يَكُن",
        "global_word_sequence_number": 77383,
        "global_verse_sequence_number": 6225
    },
    {
        "chapter": 112,
        "verse": 4,
        "juz": 30,
        "hizb": 240,
        "manzil": 7,
        "ruku": 554,
        "word_number_in_verse": 3,
        "language_code": "bn",
        "text": "তাঁর",
        "root_word": "لَّهُۥ",
        "global_word_sequence_number": 77384,
        "global_verse_sequence_number": 6225
    },
    {
        "chapter": 112,
        "verse": 4,
        "juz": 30,
        "hizb": 240,
        "manzil": 7,
        "ruku": 554,
        "word_number_in_verse": 4,
        "language_code": "bn",
        "text": "সমতুল্য/ সমান",
        "root_word": "كُفُوًا",
        "global_word_sequence_number": 77385,
        "global_verse_sequence_number": 6225
    },
    {
        "chapter": 112,
        "verse": 4,
        "juz": 30,
        "hizb": 240,
        "manzil": 7,
        "ruku": 554,
        "word_number_in_verse": 5,
        "language_code": "bn",
        "text": "কেউই\"",
        "root_word": "أَحَدُۢ",
        "global_word_sequence_number": 77386,
        "global_verse_sequence_number": 6225
    }
]