[
    {
        "chapter": 113,
        "verse": 1,
        "juz": 30,
        "hizb": 240,
        "manzil": 7,
        "ruku": 555,
        "word_number_in_verse": 1,
        "language_code": "bn",
        "text": "বলো",
        "root_word": "قُلۡ",
        "global_word_sequence_number": 77387,
        "global_verse_sequence_number": 6226
    },
    {
        "chapter": 113,
        "verse": 1,
        "juz": 30,
        "hizb": 240,
        "manzil": 7,
        "ruku": 555,
        "word_number_in_verse": 2,
        "language_code": "bn",
        "text": "\"আমি আশ্রয় চাই",
        "root_word": "أَعُوذُ",
        "global_word_sequence_number": 77388,
        "global_verse_sequence_number": 6226
    },
    {
        "chapter": 113,
        "verse": 1,
        "juz": 30,
        "hizb": 240,
        "manzil": 7,
        "ruku": 555,
        "word_number_in_verse": 3,
        "language_code": "bn",
        "text": "স্রষ্টার নিকট",
        "root_word": "بِرَبِّ",
        "global_word_sequence_number": 77389,
        "global_verse_sequence_number": 6226
    },
    {
        "chapter": 113,
        "verse": 1,
        "juz": 30,
        "hizb": 240,
        "manzil": 7,
        "ruku": 555,
        "word_number_in_verse": 4,
        "language_code": "bn",
        "text": "প্রভাতের",
        "root_word": "الۡفَلَقِ",
        "global_word_sequence_number": 77390,
        "global_verse_sequence_number": 6226
    },
    {
        "chapter": 113,
        "verse": 2,
        "juz": 30,
        "hizb": 240,
        "manzil": 7,
        "ruku": 555,
        "word_number_in_verse": 1,
        "language_code": "bn",
        "text": "হতে",
        "root_word": "مِن",
        "global_word_sequence_number": 77391,
        "global_verse_sequence_number": 6227
    },
    {
        "chapter": 113,
        "verse": 2,
        "juz": 30,
        "hizb": 240,
        "manzil": 7,
        "ruku": 555,
        "word_number_in_verse": 2,
        "language_code": "bn",
        "text": "অনিষ্ট",
        "root_word": "شَرِّ",
        "global_word_sequence_number": 77392,
        "global_verse_sequence_number": 6227
    },
    {
        "chapter": 113,
        "verse": 2,
        "juz": 30,
        "hizb": 240,
        "manzil": 7,
        "ruku": 555,
        "word_number_in_verse": 3,
        "language_code": "bn",
        "text": "যা",
        "root_word": "مَا",
        "global_word_sequence_number": 77393,
        "global_verse_sequence_number": 6227
    },
    {
        "chapter": 113,
        "verse": 2,
        "juz": 30,
        "hizb": 240,
        "manzil": 7,
        "ruku": 555,
        "word_number_in_verse": 4,
        "language_code": "bn",
        "text": "তিনি সৃষ্টি করেছেন",
        "root_word": "خَلَقَ",
        "global_word_sequence_number": 77394,
        "global_verse_sequence_number": 6227
    },
    {
        "chapter": 113,
        "verse": 3,
        "juz": 30,
        "hizb": 240,
        "manzil": 7,
        "ruku": 555,
        "word_number_in_verse": 1,
        "language_code": "bn",
        "text": "এবং হতে",
        "root_word": "وَمِن",
        "global_word_sequence_number": 77395,
        "global_verse_sequence_number": 6228
    },
    {
        "chapter": 113,
        "verse": 3,
        "juz": 30,
        "hizb": 240,
        "manzil": 7,
        "ruku": 555,
        "word_number_in_verse": 2,
        "language_code": "bn",
        "text": "অনিষ্ট",
        "root_word": "شَرِّ",
        "global_word_sequence_number": 77396,
        "global_verse_sequence_number": 6228
    },
    {
        "chapter": 113,
        "verse": 3,
        "juz": 30,
        "hizb": 240,
        "manzil": 7,
        "ruku": 555,
        "word_number_in_verse": 3,
        "language_code": "bn",
        "text": "রাতের অন্ধকারের",
        "root_word": "غَاسِقٍ",
        "global_word_sequence_number": 77397,
        "global_verse_sequence_number": 6228
    },
    {
        "chapter": 113,
        "verse": 3,
        "juz": 30,
        "hizb": 240,
        "manzil": 7,
        "ruku": 555,
        "word_number_in_verse": 4,
        "language_code": "bn",
        "text": "যখন",
        "root_word": "إِذَا",
        "global_word_sequence_number": 77398,
        "global_verse_sequence_number": 6228
    },
    {
        "chapter": 113,
        "verse": 3,
        "juz": 30,
        "hizb": 240,
        "manzil": 7,
        "ruku": 555,
        "word_number_in_verse": 5,
        "language_code": "bn",
        "text": "তা গভীর হয়",
        "root_word": "وَقَبَ",
        "global_word_sequence_number": 77399,
        "global_verse_sequence_number": 6228
    },
    {
        "chapter": 113,
        "verse": 4,
        "juz": 30,
        "hizb": 240,
        "manzil": 7,
        "ruku": 555,
        "word_number_in_verse": 1,
        "language_code": "bn",
        "text": "এবং হতে",
        "root_word": "وَمِن",
        "global_word_sequence_number": 77400,
        "global_verse_sequence_number": 6229
    },
    {
        "chapter": 113,
        "verse": 4,
        "juz": 30,
        "hizb": 240,
        "manzil": 7,
        "ruku": 555,
        "word_number_in_verse": 2,
        "language_code": "bn",
        "text": "অনিষ্ট",
        "root_word": "شَرِّ",
        "global_word_sequence_number": 77401,
        "global_verse_sequence_number": 6229
    },
    {
        "chapter": 113,
        "verse": 4,
        "juz": 30,
        "hizb": 240,
        "manzil": 7,
        "ruku": 555,
        "word_number_in_verse": 3,
        "language_code": "bn",
        "text": "ফুঁকদানকারীর (রাতের) অনিষ্ট",
        "root_word": "النَّفَّٰثَٰتِ",
        "global_word_sequence_number": 77402,
        "global_verse_sequence_number": 6229
    },
    {
        "chapter": 113,
        "verse": 4,
        "juz": 30,
        "hizb": 240,
        "manzil": 7,
        "ruku": 555,
        "word_number_in_verse": 4,
        "language_code": "bn",
        "text": "মধ্যে",
        "root_word": "فِي",
        "global_word_sequence_number": 77403,
        "global_verse_sequence_number": 6229
    },
    {
        "chapter": 113,
        "verse": 4,
        "juz": 30,
        "hizb": 240,
        "manzil": 7,
        "ruku": 555,
        "word_number_in_verse": 5,
        "language_code": "bn",
        "text": "গিঁটগুলোর",
        "root_word": "الۡعُقَدِ",
        "global_word_sequence_number": 77404,
        "global_verse_sequence_number": 6229
    },
    {
        "chapter": 113,
        "verse": 5,
        "juz": 30,
        "hizb": 240,
        "manzil": 7,
        "ruku": 555,
        "word_number_in_verse": 1,
        "language_code": "bn",
        "text": "এবং হতে",
        "root_word": "وَمِن",
        "global_word_sequence_number": 77405,
        "global_verse_sequence_number": 6230
    },
    {
        "chapter": 113,
        "verse": 5,
        "juz": 30,
        "hizb": 240,
        "manzil": 7,
        "ruku": 555,
        "word_number_in_verse": 2,
        "language_code": "bn",
        "text": "অনিষ্ট",
        "root_word": "شَرِّ",
        "global_word_sequence_number": 77406,
        "global_verse_sequence_number": 6230
    },
    {
        "chapter": 113,
        "verse": 5,
        "juz": 30,
        "hizb": 240,
        "manzil": 7,
        "ruku": 555,
        "word_number_in_verse": 3,
        "language_code": "bn",
        "text": "হিংসুকের",
        "root_word": "حَاسِدٍ",
        "global_word_sequence_number": 77407,
        "global_verse_sequence_number": 6230
    },
    {
        "chapter": 113,
        "verse": 5,
        "juz": 30,
        "hizb": 240,
        "manzil": 7,
        "ruku": 555,
        "word_number_in_verse": 4,
        "language_code": "bn",
        "text": "যখন",
        "root_word": "إِذَا",
        "global_word_sequence_number": 77408,
        "global_verse_sequence_number": 6230
    },
    {
        "chapter": 113,
        "verse": 5,
        "juz": 30,
        "hizb": 240,
        "manzil": 7,
        "ruku": 555,
        "word_number_in_verse": 5,
        "language_code": "bn",
        "text": "সে হিংসা করে\"",
        "root_word": "حَسَدَ",
        "global_word_sequence_number": 77409,
        "global_verse_sequence_number": 6230
    }
]