[
    {
        "chapter": 114,
        "verse": 1,
        "juz": 30,
        "hizb": 240,
        "manzil": 7,
        "ruku": 556,
        "word_number_in_verse": 1,
        "language_code": "bn",
        "text": "বলো",
        "root_word": "قُلۡ",
        "global_word_sequence_number": 77410,
        "global_verse_sequence_number": 6231
    },
    {
        "chapter": 114,
        "verse": 1,
        "juz": 30,
        "hizb": 240,
        "manzil": 7,
        "ruku": 556,
        "word_number_in_verse": 2,
        "language_code": "bn",
        "text": "\"আমি আশ্রয় চাই",
        "root_word": "أَعُوذُ",
        "global_word_sequence_number": 77411,
        "global_verse_sequence_number": 6231
    },
    {
        "chapter": 114,
        "verse": 1,
        "juz": 30,
        "hizb": 240,
        "manzil": 7,
        "ruku": 556,
        "word_number_in_verse": 3,
        "language_code": "bn",
        "text": "রবের নিকট",
        "root_word": "بِرَبِّ",
        "global_word_sequence_number": 77412,
        "global_verse_sequence_number": 6231
    },
    {
        "chapter": 114,
        "verse": 1,
        "juz": 30,
        "hizb": 240,
        "manzil": 7,
        "ruku": 556,
        "word_number_in_verse": 4,
        "language_code": "bn",
        "text": "মানুষের",
        "root_word": "النَّاسِ",
        "global_word_sequence_number": 77413,
        "global_verse_sequence_number": 6231
    },
    {
        "chapter": 114,
        "verse": 2,
        "juz": 30,
        "hizb": 240,
        "manzil": 7,
        "ruku": 556,
        "word_number_in_verse": 1,
        "language_code": "bn",
        "text": "মহা অধিপতির (নিকট)",
        "root_word": "مَلِكِ",
        "global_word_sequence_number": 77414,
        "global_verse_sequence_number": 6232
    },
    {
        "chapter": 114,
        "verse": 2,
        "juz": 30,
        "hizb": 240,
        "manzil": 7,
        "ruku": 556,
        "word_number_in_verse": 2,
        "language_code": "bn",
        "text": "মানুষের",
        "root_word": "النَّاسِ",
        "global_word_sequence_number": 77415,
        "global_verse_sequence_number": 6232
    },
    {
        "chapter": 114,
        "verse": 3,
        "juz": 30,
        "hizb": 240,
        "manzil": 7,
        "ruku": 556,
        "word_number_in_verse": 1,
        "language_code": "bn",
        "text": "ইলাহ্‌র (নিকট)",
        "root_word": "إِلَٰهِ",
        "global_word_sequence_number": 77416,
        "global_verse_sequence_number": 6233
    },
    {
        "chapter": 114,
        "verse": 3,
        "juz": 30,
        "hizb": 240,
        "manzil": 7,
        "ruku": 556,
        "word_number_in_verse": 2,
        "language_code": "bn",
        "text": "মানুষের",
        "root_word": "النَّاسِ",
        "global_word_sequence_number": 77417,
        "global_verse_sequence_number": 6233
    },
    {
        "chapter": 114,
        "verse": 4,
        "juz": 30,
        "hizb": 240,
        "manzil": 7,
        "ruku": 556,
        "word_number_in_verse": 1,
        "language_code": "bn",
        "text": "হতে",
        "root_word": "مِن",
        "global_word_sequence_number": 77418,
        "global_verse_sequence_number": 6234
    },
    {
        "chapter": 114,
        "verse": 4,
        "juz": 30,
        "hizb": 240,
        "manzil": 7,
        "ruku": 556,
        "word_number_in_verse": 2,
        "language_code": "bn",
        "text": "অমঙ্গল",
        "root_word": "شَرِّ",
        "global_word_sequence_number": 77419,
        "global_verse_sequence_number": 6234
    },
    {
        "chapter": 114,
        "verse": 4,
        "juz": 30,
        "hizb": 240,
        "manzil": 7,
        "ruku": 556,
        "word_number_in_verse": 3,
        "language_code": "bn",
        "text": "কুমন্ত্রণার",
        "root_word": "الۡوَسۡوَاسِ",
        "global_word_sequence_number": 77420,
        "global_verse_sequence_number": 6234
    },
    {
        "chapter": 114,
        "verse": 4,
        "juz": 30,
        "hizb": 240,
        "manzil": 7,
        "ruku": 556,
        "word_number_in_verse": 4,
        "language_code": "bn",
        "text": "আত্নগোপনকারী",
        "root_word": "الۡخَنَّاسِ",
        "global_word_sequence_number": 77421,
        "global_verse_sequence_number": 6234
    },
    {
        "chapter": 114,
        "verse": 5,
        "juz": 30,
        "hizb": 240,
        "manzil": 7,
        "ruku": 556,
        "word_number_in_verse": 1,
        "language_code": "bn",
        "text": "যে",
        "root_word": "الَّذِي",
        "global_word_sequence_number": 77422,
        "global_verse_sequence_number": 6235
    },
    {
        "chapter": 114,
        "verse": 5,
        "juz": 30,
        "hizb": 240,
        "manzil": 7,
        "ruku": 556,
        "word_number_in_verse": 2,
        "language_code": "bn",
        "text": "কুমন্ত্রণা দেয়",
        "root_word": "يُوَسۡوِسُ",
        "global_word_sequence_number": 77423,
        "global_verse_sequence_number": 6235
    },
    {
        "chapter": 114,
        "verse": 5,
        "juz": 30,
        "hizb": 240,
        "manzil": 7,
        "ruku": 556,
        "word_number_in_verse": 3,
        "language_code": "bn",
        "text": "মধ্যে",
        "root_word": "فِي",
        "global_word_sequence_number": 77424,
        "global_verse_sequence_number": 6235
    },
    {
        "chapter": 114,
        "verse": 5,
        "juz": 30,
        "hizb": 240,
        "manzil": 7,
        "ruku": 556,
        "word_number_in_verse": 4,
        "language_code": "bn",
        "text": "অন্তরসমূহের",
        "root_word": "صُدُورِ",
        "global_word_sequence_number": 77425,
        "global_verse_sequence_number": 6235
    },
    {
        "chapter": 114,
        "verse": 5,
        "juz": 30,
        "hizb": 240,
        "manzil": 7,
        "ruku": 556,
        "word_number_in_verse": 5,
        "language_code": "bn",
        "text": "মানুষের",
        "root_word": "النَّاسِ",
        "global_word_sequence_number": 77426,
        "global_verse_sequence_number": 6235
    },
    {
        "chapter": 114,
        "verse": 6,
        "juz": 30,
        "hizb": 240,
        "manzil": 7,
        "ruku": 556,
        "word_number_in_verse": 1,
        "language_code": "bn",
        "text": "মধ্য হতে",
        "root_word": "مِنَ",
        "global_word_sequence_number": 77427,
        "global_verse_sequence_number": 6236
    },
    {
        "chapter": 114,
        "verse": 6,
        "juz": 30,
        "hizb": 240,
        "manzil": 7,
        "ruku": 556,
        "word_number_in_verse": 2,
        "language_code": "bn",
        "text": "জিনের",
        "root_word": "ٱلۡجِنَّةِ",
        "global_word_sequence_number": 77428,
        "global_verse_sequence_number": 6236
    },
    {
        "chapter": 114,
        "verse": 6,
        "juz": 30,
        "hizb": 240,
        "manzil": 7,
        "ruku": 556,
        "word_number_in_verse": 3,
        "language_code": "bn",
        "text": "ও মানুষের",
        "root_word": "وَٱلنَّاسِ",
        "global_word_sequence_number": 77429,
        "global_verse_sequence_number": 6236
    }
]