[
    {
        "chapter": 1,
        "verse": 1,
        "juz": 1,
        "hizb": 1,
        "manzil": 1,
        "ruku": 1,
        "word_number_in_verse": 1,
        "language_code": "bn",
        "text": "নামে",
        "root_word": "بِسۡمِ",
        "global_word_sequence_number": 1,
        "global_verse_sequence_number": 1
    },
    {
        "chapter": 1,
        "verse": 1,
        "juz": 1,
        "hizb": 1,
        "manzil": 1,
        "ruku": 1,
        "word_number_in_verse": 2,
        "language_code": "bn",
        "text": "আল্লাহ (র)",
        "root_word": "اللَّهِ",
        "global_word_sequence_number": 2,
        "global_verse_sequence_number": 1
    },
    {
        "chapter": 1,
        "verse": 1,
        "juz": 1,
        "hizb": 1,
        "manzil": 1,
        "ruku": 1,
        "word_number_in_verse": 3,
        "language_code": "bn",
        "text": "পরম করুণাময়",
        "root_word": "الرَّحۡمَٰنِ",
        "global_word_sequence_number": 3,
        "global_verse_sequence_number": 1
    },
    {
        "chapter": 1,
        "verse": 1,
        "juz": 1,
        "hizb": 1,
        "manzil": 1,
        "ruku": 1,
        "word_number_in_verse": 4,
        "language_code": "bn",
        "text": "অসীম দয়ালু",
        "root_word": "الرَّحِيمِ",
        "global_word_sequence_number": 4,
        "global_verse_sequence_number": 1
    },
    {
        "chapter": 1,
        "verse": 2,
        "juz": 1,
        "hizb": 1,
        "manzil": 1,
        "ruku": 1,
        "word_number_in_verse": 1,
        "language_code": "bn",
        "text": "সকল প্রশংসা",
        "root_word": "الۡحَمۡدُ",
        "global_word_sequence_number": 5,
        "global_verse_sequence_number": 2
    },
    {
        "chapter": 1,
        "verse": 2,
        "juz": 1,
        "hizb": 1,
        "manzil": 1,
        "ruku": 1,
        "word_number_in_verse": 2,
        "language_code": "bn",
        "text": "আল্লাহ্‌রই জন্য",
        "root_word": "لِلَّهِ",
        "global_word_sequence_number": 6,
        "global_verse_sequence_number": 2
    },
    {
        "chapter": 1,
        "verse": 2,
        "juz": 1,
        "hizb": 1,
        "manzil": 1,
        "ruku": 1,
        "word_number_in_verse": 3,
        "language_code": "bn",
        "text": "(যিনি) রব",
        "root_word": "رَبِّ",
        "global_word_sequence_number": 7,
        "global_verse_sequence_number": 2
    },
    {
        "chapter": 1,
        "verse": 2,
        "juz": 1,
        "hizb": 1,
        "manzil": 1,
        "ruku": 1,
        "word_number_in_verse": 4,
        "language_code": "bn",
        "text": "সারা জগতের",
        "root_word": "الۡعَٰلَمِينَ",
        "global_word_sequence_number": 8,
        "global_verse_sequence_number": 2
    },
    {
        "chapter": 1,
        "verse": 3,
        "juz": 1,
        "hizb": 1,
        "manzil": 1,
        "ruku": 1,
        "word_number_in_verse": 1,
        "language_code": "bn",
        "text": "অশেষ করুণাময়",
        "root_word": "الرَّحۡمَٰنِ",
        "global_word_sequence_number": 9,
        "global_verse_sequence_number": 3
    },
    {
        "chapter": 1,
        "verse": 3,
        "juz": 1,
        "hizb": 1,
        "manzil": 1,
        "ruku": 1,
        "word_number_in_verse": 2,
        "language_code": "bn",
        "text": "পরম দয়ালু",
        "root_word": "الرَّحِيمِ",
        "global_word_sequence_number": 10,
        "global_verse_sequence_number": 3
    },
    {
        "chapter": 1,
        "verse": 4,
        "juz": 1,
        "hizb": 1,
        "manzil": 1,
        "ruku": 1,
        "word_number_in_verse": 1,
        "language_code": "bn",
        "text": "অধিপতি",
        "root_word": "مَٰلِكِ",
        "global_word_sequence_number": 11,
        "global_verse_sequence_number": 4
    },
    {
        "chapter": 1,
        "verse": 4,
        "juz": 1,
        "hizb": 1,
        "manzil": 1,
        "ruku": 1,
        "word_number_in_verse": 2,
        "language_code": "bn",
        "text": "দিনের",
        "root_word": "يَوۡمِ",
        "global_word_sequence_number": 12,
        "global_verse_sequence_number": 4
    },
    {
        "chapter": 1,
        "verse": 4,
        "juz": 1,
        "hizb": 1,
        "manzil": 1,
        "ruku": 1,
        "word_number_in_verse": 3,
        "language_code": "bn",
        "text": "বিচারের",
        "root_word": "الدِّينِ",
        "global_word_sequence_number": 13,
        "global_verse_sequence_number": 4
    },
    {
        "chapter": 1,
        "verse": 5,
        "juz": 1,
        "hizb": 1,
        "manzil": 1,
        "ruku": 1,
        "word_number_in_verse": 1,
        "language_code": "bn",
        "text": "আপনারই শুধু",
        "root_word": "إِيَّاكَ",
        "global_word_sequence_number": 14,
        "global_verse_sequence_number": 5
    },
    {
        "chapter": 1,
        "verse": 5,
        "juz": 1,
        "hizb": 1,
        "manzil": 1,
        "ruku": 1,
        "word_number_in_verse": 2,
        "language_code": "bn",
        "text": "আমরা ইবাদত করি",
        "root_word": "نَعۡبُدُ",
        "global_word_sequence_number": 15,
        "global_verse_sequence_number": 5
    },
    {
        "chapter": 1,
        "verse": 5,
        "juz": 1,
        "hizb": 1,
        "manzil": 1,
        "ruku": 1,
        "word_number_in_verse": 3,
        "language_code": "bn",
        "text": "এবং আপনারই (কাছে  শুধু)",
        "root_word": "وَإِيَّاكَ",
        "global_word_sequence_number": 16,
        "global_verse_sequence_number": 5
    },
    {
        "chapter": 1,
        "verse": 5,
        "juz": 1,
        "hizb": 1,
        "manzil": 1,
        "ruku": 1,
        "word_number_in_verse": 4,
        "language_code": "bn",
        "text": "আমরা সাহায্য চাই।",
        "root_word": "نَسۡتَعِينُ",
        "global_word_sequence_number": 17,
        "global_verse_sequence_number": 5
    },
    {
        "chapter": 1,
        "verse": 6,
        "juz": 1,
        "hizb": 1,
        "manzil": 1,
        "ruku": 1,
        "word_number_in_verse": 1,
        "language_code": "bn",
        "text": "আমাদেরকে দেখান",
        "root_word": "اهۡدِنَا",
        "global_word_sequence_number": 18,
        "global_verse_sequence_number": 6
    },
    {
        "chapter": 1,
        "verse": 6,
        "juz": 1,
        "hizb": 1,
        "manzil": 1,
        "ruku": 1,
        "word_number_in_verse": 2,
        "language_code": "bn",
        "text": "পথ",
        "root_word": "الصِّرَٰطَ",
        "global_word_sequence_number": 19,
        "global_verse_sequence_number": 6
    },
    {
        "chapter": 1,
        "verse": 6,
        "juz": 1,
        "hizb": 1,
        "manzil": 1,
        "ruku": 1,
        "word_number_in_verse": 3,
        "language_code": "bn",
        "text": "সরল সঠিক",
        "root_word": "الۡمُسۡتَقِيمَ",
        "global_word_sequence_number": 20,
        "global_verse_sequence_number": 6
    },
    {
        "chapter": 1,
        "verse": 7,
        "juz": 1,
        "hizb": 1,
        "manzil": 1,
        "ruku": 1,
        "word_number_in_verse": 1,
        "language_code": "bn",
        "text": "(সেই) পথে",
        "root_word": "صِرَٰطَ",
        "global_word_sequence_number": 21,
        "global_verse_sequence_number": 7
    },
    {
        "chapter": 1,
        "verse": 7,
        "juz": 1,
        "hizb": 1,
        "manzil": 1,
        "ruku": 1,
        "word_number_in_verse": 2,
        "language_code": "bn",
        "text": "যাদেরকে",
        "root_word": "الَّذِينَ",
        "global_word_sequence_number": 22,
        "global_verse_sequence_number": 7
    },
    {
        "chapter": 1,
        "verse": 7,
        "juz": 1,
        "hizb": 1,
        "manzil": 1,
        "ruku": 1,
        "word_number_in_verse": 3,
        "language_code": "bn",
        "text": "আপনি অনুগ্রহ দান করেছেন",
        "root_word": "أَنۡعَمۡتَ",
        "global_word_sequence_number": 23,
        "global_verse_sequence_number": 7
    },
    {
        "chapter": 1,
        "verse": 7,
        "juz": 1,
        "hizb": 1,
        "manzil": 1,
        "ruku": 1,
        "word_number_in_verse": 4,
        "language_code": "bn",
        "text": "তাদের উপর",
        "root_word": "عَلَيۡهِمۡ",
        "global_word_sequence_number": 24,
        "global_verse_sequence_number": 7
    },
    {
        "chapter": 1,
        "verse": 7,
        "juz": 1,
        "hizb": 1,
        "manzil": 1,
        "ruku": 1,
        "word_number_in_verse": 5,
        "language_code": "bn",
        "text": "নয় (পথ)",
        "root_word": "غَيۡرِ",
        "global_word_sequence_number": 25,
        "global_verse_sequence_number": 7
    },
    {
        "chapter": 1,
        "verse": 7,
        "juz": 1,
        "hizb": 1,
        "manzil": 1,
        "ruku": 1,
        "word_number_in_verse": 6,
        "language_code": "bn",
        "text": "অভিশপ্তদের",
        "root_word": "الۡمَغۡضُوبِ",
        "global_word_sequence_number": 26,
        "global_verse_sequence_number": 7
    },
    {
        "chapter": 1,
        "verse": 7,
        "juz": 1,
        "hizb": 1,
        "manzil": 1,
        "ruku": 1,
        "word_number_in_verse": 7,
        "language_code": "bn",
        "text": "যাদের উপর (গজব পরেছে)",
        "root_word": "عَلَيۡهِمۡ",
        "global_word_sequence_number": 27,
        "global_verse_sequence_number": 7
    },
    {
        "chapter": 1,
        "verse": 7,
        "juz": 1,
        "hizb": 1,
        "manzil": 1,
        "ruku": 1,
        "word_number_in_verse": 8,
        "language_code": "bn",
        "text": "এবং না",
        "root_word": "وَلَا",
        "global_word_sequence_number": 28,
        "global_verse_sequence_number": 7
    },
    {
        "chapter": 1,
        "verse": 7,
        "juz": 1,
        "hizb": 1,
        "manzil": 1,
        "ruku": 1,
        "word_number_in_verse": 9,
        "language_code": "bn",
        "text": "পথভ্রষ্টদের",
        "root_word": "الضَّآلِّينَ",
        "global_word_sequence_number": 29,
        "global_verse_sequence_number": 7
    }
]