[
    {
        "chapter": 61,
        "verse": 1,
        "juz": 28,
        "hizb": 220,
        "manzil": 7,
        "ruku": 484,
        "word_number_in_verse": 1,
        "language_code": "bn",
        "text": "তসবীহ করে",
        "root_word": "سَبَّحَ",
        "global_word_sequence_number": 71108,
        "global_verse_sequence_number": 5164
    },
    {
        "chapter": 61,
        "verse": 1,
        "juz": 28,
        "hizb": 220,
        "manzil": 7,
        "ruku": 484,
        "word_number_in_verse": 2,
        "language_code": "bn",
        "text": "আল্লাহর",
        "root_word": "لِلَّهِ",
        "global_word_sequence_number": 71109,
        "global_verse_sequence_number": 5164
    },
    {
        "chapter": 61,
        "verse": 1,
        "juz": 28,
        "hizb": 220,
        "manzil": 7,
        "ruku": 484,
        "word_number_in_verse": 3,
        "language_code": "bn",
        "text": "যা কিছু",
        "root_word": "مَا",
        "global_word_sequence_number": 71110,
        "global_verse_sequence_number": 5164
    },
    {
        "chapter": 61,
        "verse": 1,
        "juz": 28,
        "hizb": 220,
        "manzil": 7,
        "ruku": 484,
        "word_number_in_verse": 4,
        "language_code": "bn",
        "text": "মধ্যে",
        "root_word": "فِي",
        "global_word_sequence_number": 71111,
        "global_verse_sequence_number": 5164
    },
    {
        "chapter": 61,
        "verse": 1,
        "juz": 28,
        "hizb": 220,
        "manzil": 7,
        "ruku": 484,
        "word_number_in_verse": 5,
        "language_code": "bn",
        "text": "আসমানসমূহের",
        "root_word": "ٱلسَّمَٰوَٰتِ",
        "global_word_sequence_number": 71112,
        "global_verse_sequence_number": 5164
    },
    {
        "chapter": 61,
        "verse": 1,
        "juz": 28,
        "hizb": 220,
        "manzil": 7,
        "ruku": 484,
        "word_number_in_verse": 6,
        "language_code": "bn",
        "text": "ও যা",
        "root_word": "وَمَا",
        "global_word_sequence_number": 71113,
        "global_verse_sequence_number": 5164
    },
    {
        "chapter": 61,
        "verse": 1,
        "juz": 28,
        "hizb": 220,
        "manzil": 7,
        "ruku": 484,
        "word_number_in_verse": 7,
        "language_code": "bn",
        "text": "মধ্যে",
        "root_word": "فِي",
        "global_word_sequence_number": 71114,
        "global_verse_sequence_number": 5164
    },
    {
        "chapter": 61,
        "verse": 1,
        "juz": 28,
        "hizb": 220,
        "manzil": 7,
        "ruku": 484,
        "word_number_in_verse": 8,
        "language_code": "bn",
        "text": "পৃথিবীর",
        "root_word": "ٱلۡأَرۡضِۖ",
        "global_word_sequence_number": 71115,
        "global_verse_sequence_number": 5164
    },
    {
        "chapter": 61,
        "verse": 1,
        "juz": 28,
        "hizb": 220,
        "manzil": 7,
        "ruku": 484,
        "word_number_in_verse": 9,
        "language_code": "bn",
        "text": "এবং তিনিই",
        "root_word": "وَهُوَ",
        "global_word_sequence_number": 71116,
        "global_verse_sequence_number": 5164
    },
    {
        "chapter": 61,
        "verse": 1,
        "juz": 28,
        "hizb": 220,
        "manzil": 7,
        "ruku": 484,
        "word_number_in_verse": 10,
        "language_code": "bn",
        "text": "পরাক্রমশালী",
        "root_word": "ٱلۡعَزِيزُ",
        "global_word_sequence_number": 71117,
        "global_verse_sequence_number": 5164
    },
    {
        "chapter": 61,
        "verse": 1,
        "juz": 28,
        "hizb": 220,
        "manzil": 7,
        "ruku": 484,
        "word_number_in_verse": 11,
        "language_code": "bn",
        "text": "প্রজ্ঞাময়",
        "root_word": "ٱلۡحَكِيمُ",
        "global_word_sequence_number": 71118,
        "global_verse_sequence_number": 5164
    },
    {
        "chapter": 61,
        "verse": 2,
        "juz": 28,
        "hizb": 220,
        "manzil": 7,
        "ruku": 484,
        "word_number_in_verse": 1,
        "language_code": "bn",
        "text": "ওহে",
        "root_word": "يَٰٓأَيُّهَا",
        "global_word_sequence_number": 71119,
        "global_verse_sequence_number": 5165
    },
    {
        "chapter": 61,
        "verse": 2,
        "juz": 28,
        "hizb": 220,
        "manzil": 7,
        "ruku": 484,
        "word_number_in_verse": 2,
        "language_code": "bn",
        "text": "যারা",
        "root_word": "ٱلَّذِينَ",
        "global_word_sequence_number": 71120,
        "global_verse_sequence_number": 5165
    },
    {
        "chapter": 61,
        "verse": 2,
        "juz": 28,
        "hizb": 220,
        "manzil": 7,
        "ruku": 484,
        "word_number_in_verse": 3,
        "language_code": "bn",
        "text": "ঈমান এনেছো",
        "root_word": "ءَامَنُواْ",
        "global_word_sequence_number": 71121,
        "global_verse_sequence_number": 5165
    },
    {
        "chapter": 61,
        "verse": 2,
        "juz": 28,
        "hizb": 220,
        "manzil": 7,
        "ruku": 484,
        "word_number_in_verse": 4,
        "language_code": "bn",
        "text": "কেন",
        "root_word": "لِمَ",
        "global_word_sequence_number": 71122,
        "global_verse_sequence_number": 5165
    },
    {
        "chapter": 61,
        "verse": 2,
        "juz": 28,
        "hizb": 220,
        "manzil": 7,
        "ruku": 484,
        "word_number_in_verse": 5,
        "language_code": "bn",
        "text": "তোমরা বলো",
        "root_word": "تَقُولُونَ",
        "global_word_sequence_number": 71123,
        "global_verse_sequence_number": 5165
    },
    {
        "chapter": 61,
        "verse": 2,
        "juz": 28,
        "hizb": 220,
        "manzil": 7,
        "ruku": 484,
        "word_number_in_verse": 6,
        "language_code": "bn",
        "text": "যা",
        "root_word": "مَا",
        "global_word_sequence_number": 71124,
        "global_verse_sequence_number": 5165
    },
    {
        "chapter": 61,
        "verse": 2,
        "juz": 28,
        "hizb": 220,
        "manzil": 7,
        "ruku": 484,
        "word_number_in_verse": 7,
        "language_code": "bn",
        "text": "না",
        "root_word": "لَا",
        "global_word_sequence_number": 71125,
        "global_verse_sequence_number": 5165
    },
    {
        "chapter": 61,
        "verse": 2,
        "juz": 28,
        "hizb": 220,
        "manzil": 7,
        "ruku": 484,
        "word_number_in_verse": 8,
        "language_code": "bn",
        "text": "তোমরা করো",
        "root_word": "تَفۡعَلُونَ",
        "global_word_sequence_number": 71126,
        "global_verse_sequence_number": 5165
    },
    {
        "chapter": 61,
        "verse": 3,
        "juz": 28,
        "hizb": 220,
        "manzil": 7,
        "ruku": 484,
        "word_number_in_verse": 1,
        "language_code": "bn",
        "text": "অতিশয়",
        "root_word": "كَبُرَ",
        "global_word_sequence_number": 71127,
        "global_verse_sequence_number": 5166
    },
    {
        "chapter": 61,
        "verse": 3,
        "juz": 28,
        "hizb": 220,
        "manzil": 7,
        "ruku": 484,
        "word_number_in_verse": 2,
        "language_code": "bn",
        "text": "ক্রোধজনক",
        "root_word": "مَقۡتًا",
        "global_word_sequence_number": 71128,
        "global_verse_sequence_number": 5166
    },
    {
        "chapter": 61,
        "verse": 3,
        "juz": 28,
        "hizb": 220,
        "manzil": 7,
        "ruku": 484,
        "word_number_in_verse": 3,
        "language_code": "bn",
        "text": "কাছে",
        "root_word": "عِندَ",
        "global_word_sequence_number": 71129,
        "global_verse_sequence_number": 5166
    },
    {
        "chapter": 61,
        "verse": 3,
        "juz": 28,
        "hizb": 220,
        "manzil": 7,
        "ruku": 484,
        "word_number_in_verse": 4,
        "language_code": "bn",
        "text": "আল্লাহর",
        "root_word": "ٱللَّهِ",
        "global_word_sequence_number": 71130,
        "global_verse_sequence_number": 5166
    },
    {
        "chapter": 61,
        "verse": 3,
        "juz": 28,
        "hizb": 220,
        "manzil": 7,
        "ruku": 484,
        "word_number_in_verse": 5,
        "language_code": "bn",
        "text": "যে",
        "root_word": "أَن",
        "global_word_sequence_number": 71131,
        "global_verse_sequence_number": 5166
    },
    {
        "chapter": 61,
        "verse": 3,
        "juz": 28,
        "hizb": 220,
        "manzil": 7,
        "ruku": 484,
        "word_number_in_verse": 6,
        "language_code": "bn",
        "text": "তোমরা বলো",
        "root_word": "تَقُولُواْ",
        "global_word_sequence_number": 71132,
        "global_verse_sequence_number": 5166
    },
    {
        "chapter": 61,
        "verse": 3,
        "juz": 28,
        "hizb": 220,
        "manzil": 7,
        "ruku": 484,
        "word_number_in_verse": 7,
        "language_code": "bn",
        "text": "যা",
        "root_word": "مَا",
        "global_word_sequence_number": 71133,
        "global_verse_sequence_number": 5166
    },
    {
        "chapter": 61,
        "verse": 3,
        "juz": 28,
        "hizb": 220,
        "manzil": 7,
        "ruku": 484,
        "word_number_in_verse": 8,
        "language_code": "bn",
        "text": "না",
        "root_word": "لَا",
        "global_word_sequence_number": 71134,
        "global_verse_sequence_number": 5166
    },
    {
        "chapter": 61,
        "verse": 3,
        "juz": 28,
        "hizb": 220,
        "manzil": 7,
        "ruku": 484,
        "word_number_in_verse": 9,
        "language_code": "bn",
        "text": "তোমরা করো",
        "root_word": "تَفۡعَلُونَ",
        "global_word_sequence_number": 71135,
        "global_verse_sequence_number": 5166
    },
    {
        "chapter": 61,
        "verse": 4,
        "juz": 28,
        "hizb": 220,
        "manzil": 7,
        "ruku": 484,
        "word_number_in_verse": 1,
        "language_code": "bn",
        "text": "নিশ্চয়",
        "root_word": "إِنَّ",
        "global_word_sequence_number": 71136,
        "global_verse_sequence_number": 5167
    },
    {
        "chapter": 61,
        "verse": 4,
        "juz": 28,
        "hizb": 220,
        "manzil": 7,
        "ruku": 484,
        "word_number_in_verse": 2,
        "language_code": "bn",
        "text": "আল্লাহ",
        "root_word": "ٱللَّهَ",
        "global_word_sequence_number": 71137,
        "global_verse_sequence_number": 5167
    },
    {
        "chapter": 61,
        "verse": 4,
        "juz": 28,
        "hizb": 220,
        "manzil": 7,
        "ruku": 484,
        "word_number_in_verse": 3,
        "language_code": "bn",
        "text": "পছন্দ করেন",
        "root_word": "يُحِبُّ",
        "global_word_sequence_number": 71138,
        "global_verse_sequence_number": 5167
    },
    {
        "chapter": 61,
        "verse": 4,
        "juz": 28,
        "hizb": 220,
        "manzil": 7,
        "ruku": 484,
        "word_number_in_verse": 4,
        "language_code": "bn",
        "text": "(তাদের) যারা",
        "root_word": "ٱلَّذِينَ",
        "global_word_sequence_number": 71139,
        "global_verse_sequence_number": 5167
    },
    {
        "chapter": 61,
        "verse": 4,
        "juz": 28,
        "hizb": 220,
        "manzil": 7,
        "ruku": 484,
        "word_number_in_verse": 5,
        "language_code": "bn",
        "text": "লড়াই করে",
        "root_word": "يُقَٰتِلُونَ",
        "global_word_sequence_number": 71140,
        "global_verse_sequence_number": 5167
    },
    {
        "chapter": 61,
        "verse": 4,
        "juz": 28,
        "hizb": 220,
        "manzil": 7,
        "ruku": 484,
        "word_number_in_verse": 6,
        "language_code": "bn",
        "text": "(পথে)",
        "root_word": "فِي",
        "global_word_sequence_number": 71141,
        "global_verse_sequence_number": 5167
    },
    {
        "chapter": 61,
        "verse": 4,
        "juz": 28,
        "hizb": 220,
        "manzil": 7,
        "ruku": 484,
        "word_number_in_verse": 7,
        "language_code": "bn",
        "text": "তাঁর পথে",
        "root_word": "سَبِيلِهِۦ",
        "global_word_sequence_number": 71142,
        "global_verse_sequence_number": 5167
    },
    {
        "chapter": 61,
        "verse": 4,
        "juz": 28,
        "hizb": 220,
        "manzil": 7,
        "ruku": 484,
        "word_number_in_verse": 8,
        "language_code": "bn",
        "text": "সারিবদ্ধ হয়ে",
        "root_word": "صَفّٗا",
        "global_word_sequence_number": 71143,
        "global_verse_sequence_number": 5167
    },
    {
        "chapter": 61,
        "verse": 4,
        "juz": 28,
        "hizb": 220,
        "manzil": 7,
        "ruku": 484,
        "word_number_in_verse": 9,
        "language_code": "bn",
        "text": "তারা যেন",
        "root_word": "كَأَنَّهُم",
        "global_word_sequence_number": 71144,
        "global_verse_sequence_number": 5167
    },
    {
        "chapter": 61,
        "verse": 4,
        "juz": 28,
        "hizb": 220,
        "manzil": 7,
        "ruku": 484,
        "word_number_in_verse": 10,
        "language_code": "bn",
        "text": "প্রাচীর",
        "root_word": "بُنۡيَٰنٞ",
        "global_word_sequence_number": 71145,
        "global_verse_sequence_number": 5167
    },
    {
        "chapter": 61,
        "verse": 4,
        "juz": 28,
        "hizb": 220,
        "manzil": 7,
        "ruku": 484,
        "word_number_in_verse": 11,
        "language_code": "bn",
        "text": "সুদৃঢ়",
        "root_word": "مَّرۡصُوصٞ",
        "global_word_sequence_number": 71146,
        "global_verse_sequence_number": 5167
    },
    {
        "chapter": 61,
        "verse": 5,
        "juz": 28,
        "hizb": 220,
        "manzil": 7,
        "ruku": 484,
        "word_number_in_verse": 1,
        "language_code": "bn",
        "text": "এবং যখন",
        "root_word": "وَإِذۡ",
        "global_word_sequence_number": 71147,
        "global_verse_sequence_number": 5168
    },
    {
        "chapter": 61,
        "verse": 5,
        "juz": 28,
        "hizb": 220,
        "manzil": 7,
        "ruku": 484,
        "word_number_in_verse": 2,
        "language_code": "bn",
        "text": "বলেছিল",
        "root_word": "قَالَ",
        "global_word_sequence_number": 71148,
        "global_verse_sequence_number": 5168
    },
    {
        "chapter": 61,
        "verse": 5,
        "juz": 28,
        "hizb": 220,
        "manzil": 7,
        "ruku": 484,
        "word_number_in_verse": 3,
        "language_code": "bn",
        "text": "মূসা",
        "root_word": "مُوسَىٰ",
        "global_word_sequence_number": 71149,
        "global_verse_sequence_number": 5168
    },
    {
        "chapter": 61,
        "verse": 5,
        "juz": 28,
        "hizb": 220,
        "manzil": 7,
        "ruku": 484,
        "word_number_in_verse": 4,
        "language_code": "bn",
        "text": "তার জাতিকে",
        "root_word": "لِقَوۡمِهِۦ",
        "global_word_sequence_number": 71150,
        "global_verse_sequence_number": 5168
    },
    {
        "chapter": 61,
        "verse": 5,
        "juz": 28,
        "hizb": 220,
        "manzil": 7,
        "ruku": 484,
        "word_number_in_verse": 5,
        "language_code": "bn",
        "text": "\"হে আমার জাতি",
        "root_word": "يَٰقَوۡمِ",
        "global_word_sequence_number": 71151,
        "global_verse_sequence_number": 5168
    },
    {
        "chapter": 61,
        "verse": 5,
        "juz": 28,
        "hizb": 220,
        "manzil": 7,
        "ruku": 484,
        "word_number_in_verse": 6,
        "language_code": "bn",
        "text": "কেন",
        "root_word": "لِمَ",
        "global_word_sequence_number": 71152,
        "global_verse_sequence_number": 5168
    },
    {
        "chapter": 61,
        "verse": 5,
        "juz": 28,
        "hizb": 220,
        "manzil": 7,
        "ruku": 484,
        "word_number_in_verse": 7,
        "language_code": "bn",
        "text": "তোমরা আমাকে কষ্ট দাও",
        "root_word": "تُؤۡذُونَنِي",
        "global_word_sequence_number": 71153,
        "global_verse_sequence_number": 5168
    },
    {
        "chapter": 61,
        "verse": 5,
        "juz": 28,
        "hizb": 220,
        "manzil": 7,
        "ruku": 484,
        "word_number_in_verse": 8,
        "language_code": "bn",
        "text": "অথচ নিশ্চয়",
        "root_word": "وَقَد",
        "global_word_sequence_number": 71154,
        "global_verse_sequence_number": 5168
    },
    {
        "chapter": 61,
        "verse": 5,
        "juz": 28,
        "hizb": 220,
        "manzil": 7,
        "ruku": 484,
        "word_number_in_verse": 9,
        "language_code": "bn",
        "text": "তোমরা জানো",
        "root_word": "تَّعۡلَمُونَ",
        "global_word_sequence_number": 71155,
        "global_verse_sequence_number": 5168
    },
    {
        "chapter": 61,
        "verse": 5,
        "juz": 28,
        "hizb": 220,
        "manzil": 7,
        "ruku": 484,
        "word_number_in_verse": 10,
        "language_code": "bn",
        "text": "যে আমি",
        "root_word": "أَنِّي",
        "global_word_sequence_number": 71156,
        "global_verse_sequence_number": 5168
    },
    {
        "chapter": 61,
        "verse": 5,
        "juz": 28,
        "hizb": 220,
        "manzil": 7,
        "ruku": 484,
        "word_number_in_verse": 11,
        "language_code": "bn",
        "text": "রাসূল",
        "root_word": "رَسُولُ",
        "global_word_sequence_number": 71157,
        "global_verse_sequence_number": 5168
    },
    {
        "chapter": 61,
        "verse": 5,
        "juz": 28,
        "hizb": 220,
        "manzil": 7,
        "ruku": 484,
        "word_number_in_verse": 12,
        "language_code": "bn",
        "text": "আল্লাহর",
        "root_word": "ٱللَّهِ",
        "global_word_sequence_number": 71158,
        "global_verse_sequence_number": 5168
    },
    {
        "chapter": 61,
        "verse": 5,
        "juz": 28,
        "hizb": 220,
        "manzil": 7,
        "ruku": 484,
        "word_number_in_verse": 13,
        "language_code": "bn",
        "text": "তোমাদের প্রতি\"",
        "root_word": "إِلَيۡكُمۡۖ",
        "global_word_sequence_number": 71159,
        "global_verse_sequence_number": 5168
    },
    {
        "chapter": 61,
        "verse": 5,
        "juz": 28,
        "hizb": 220,
        "manzil": 7,
        "ruku": 484,
        "word_number_in_verse": 14,
        "language_code": "bn",
        "text": "অতঃপর যখন",
        "root_word": "فَلَمَّا",
        "global_word_sequence_number": 71160,
        "global_verse_sequence_number": 5168
    },
    {
        "chapter": 61,
        "verse": 5,
        "juz": 28,
        "hizb": 220,
        "manzil": 7,
        "ruku": 484,
        "word_number_in_verse": 15,
        "language_code": "bn",
        "text": "তারা বক্রতা অবলম্বন করল",
        "root_word": "زَاغُوٓاْ",
        "global_word_sequence_number": 71161,
        "global_verse_sequence_number": 5168
    },
    {
        "chapter": 61,
        "verse": 5,
        "juz": 28,
        "hizb": 220,
        "manzil": 7,
        "ruku": 484,
        "word_number_in_verse": 16,
        "language_code": "bn",
        "text": "বক্র করে দিলেন",
        "root_word": "أَزَاغَ",
        "global_word_sequence_number": 71162,
        "global_verse_sequence_number": 5168
    },
    {
        "chapter": 61,
        "verse": 5,
        "juz": 28,
        "hizb": 220,
        "manzil": 7,
        "ruku": 484,
        "word_number_in_verse": 17,
        "language_code": "bn",
        "text": "আল্লাহ",
        "root_word": "ٱللَّهُ",
        "global_word_sequence_number": 71163,
        "global_verse_sequence_number": 5168
    },
    {
        "chapter": 61,
        "verse": 5,
        "juz": 28,
        "hizb": 220,
        "manzil": 7,
        "ruku": 484,
        "word_number_in_verse": 18,
        "language_code": "bn",
        "text": "তাদের অন্তরসমূহকে",
        "root_word": "قُلُوبَهُمۡۚ",
        "global_word_sequence_number": 71164,
        "global_verse_sequence_number": 5168
    },
    {
        "chapter": 61,
        "verse": 5,
        "juz": 28,
        "hizb": 220,
        "manzil": 7,
        "ruku": 484,
        "word_number_in_verse": 19,
        "language_code": "bn",
        "text": "এবং আল্লাহ",
        "root_word": "وَٱللَّهُ",
        "global_word_sequence_number": 71165,
        "global_verse_sequence_number": 5168
    },
    {
        "chapter": 61,
        "verse": 5,
        "juz": 28,
        "hizb": 220,
        "manzil": 7,
        "ruku": 484,
        "word_number_in_verse": 20,
        "language_code": "bn",
        "text": "না",
        "root_word": "لَا",
        "global_word_sequence_number": 71166,
        "global_verse_sequence_number": 5168
    },
    {
        "chapter": 61,
        "verse": 5,
        "juz": 28,
        "hizb": 220,
        "manzil": 7,
        "ruku": 484,
        "word_number_in_verse": 21,
        "language_code": "bn",
        "text": "পথ দেখান",
        "root_word": "يَهۡدِي",
        "global_word_sequence_number": 71167,
        "global_verse_sequence_number": 5168
    },
    {
        "chapter": 61,
        "verse": 5,
        "juz": 28,
        "hizb": 220,
        "manzil": 7,
        "ruku": 484,
        "word_number_in_verse": 22,
        "language_code": "bn",
        "text": "জাতিকে",
        "root_word": "ٱلۡقَوۡمَ",
        "global_word_sequence_number": 71168,
        "global_verse_sequence_number": 5168
    },
    {
        "chapter": 61,
        "verse": 5,
        "juz": 28,
        "hizb": 220,
        "manzil": 7,
        "ruku": 484,
        "word_number_in_verse": 23,
        "language_code": "bn",
        "text": "ফাসেক",
        "root_word": "ٱلۡفَٰسِقِينَ",
        "global_word_sequence_number": 71169,
        "global_verse_sequence_number": 5168
    },
    {
        "chapter": 61,
        "verse": 6,
        "juz": 28,
        "hizb": 220,
        "manzil": 7,
        "ruku": 484,
        "word_number_in_verse": 1,
        "language_code": "bn",
        "text": "এবং যখন",
        "root_word": "وَإِذۡ",
        "global_word_sequence_number": 71170,
        "global_verse_sequence_number": 5169
    },
    {
        "chapter": 61,
        "verse": 6,
        "juz": 28,
        "hizb": 220,
        "manzil": 7,
        "ruku": 484,
        "word_number_in_verse": 2,
        "language_code": "bn",
        "text": "বলল",
        "root_word": "قَالَ",
        "global_word_sequence_number": 71171,
        "global_verse_sequence_number": 5169
    },
    {
        "chapter": 61,
        "verse": 6,
        "juz": 28,
        "hizb": 220,
        "manzil": 7,
        "ruku": 484,
        "word_number_in_verse": 3,
        "language_code": "bn",
        "text": "ঈসা",
        "root_word": "عِيسَى",
        "global_word_sequence_number": 71172,
        "global_verse_sequence_number": 5169
    },
    {
        "chapter": 61,
        "verse": 6,
        "juz": 28,
        "hizb": 220,
        "manzil": 7,
        "ruku": 484,
        "word_number_in_verse": 4,
        "language_code": "bn",
        "text": "পুত্র",
        "root_word": "ٱبۡنُ",
        "global_word_sequence_number": 71173,
        "global_verse_sequence_number": 5169
    },
    {
        "chapter": 61,
        "verse": 6,
        "juz": 28,
        "hizb": 220,
        "manzil": 7,
        "ruku": 484,
        "word_number_in_verse": 5,
        "language_code": "bn",
        "text": "মারয়ামের",
        "root_word": "مَرۡيَمَ",
        "global_word_sequence_number": 71174,
        "global_verse_sequence_number": 5169
    },
    {
        "chapter": 61,
        "verse": 6,
        "juz": 28,
        "hizb": 220,
        "manzil": 7,
        "ruku": 484,
        "word_number_in_verse": 6,
        "language_code": "bn",
        "text": "\"হে বনী",
        "root_word": "يَٰبَنِيٓ",
        "global_word_sequence_number": 71175,
        "global_verse_sequence_number": 5169
    },
    {
        "chapter": 61,
        "verse": 6,
        "juz": 28,
        "hizb": 220,
        "manzil": 7,
        "ruku": 484,
        "word_number_in_verse": 7,
        "language_code": "bn",
        "text": "\"ইসরাইল",
        "root_word": "إِسۡرَٰٓءِيلَ",
        "global_word_sequence_number": 71176,
        "global_verse_sequence_number": 5169
    },
    {
        "chapter": 61,
        "verse": 6,
        "juz": 28,
        "hizb": 220,
        "manzil": 7,
        "ruku": 484,
        "word_number_in_verse": 8,
        "language_code": "bn",
        "text": "আমি নিশ্চয়",
        "root_word": "إِنِّي",
        "global_word_sequence_number": 71177,
        "global_verse_sequence_number": 5169
    },
    {
        "chapter": 61,
        "verse": 6,
        "juz": 28,
        "hizb": 220,
        "manzil": 7,
        "ruku": 484,
        "word_number_in_verse": 9,
        "language_code": "bn",
        "text": "রাসূূল",
        "root_word": "رَسُولُ",
        "global_word_sequence_number": 71178,
        "global_verse_sequence_number": 5169
    },
    {
        "chapter": 61,
        "verse": 6,
        "juz": 28,
        "hizb": 220,
        "manzil": 7,
        "ruku": 484,
        "word_number_in_verse": 10,
        "language_code": "bn",
        "text": "আল্লাহর",
        "root_word": "ٱللَّهِ",
        "global_word_sequence_number": 71179,
        "global_verse_sequence_number": 5169
    },
    {
        "chapter": 61,
        "verse": 6,
        "juz": 28,
        "hizb": 220,
        "manzil": 7,
        "ruku": 484,
        "word_number_in_verse": 11,
        "language_code": "bn",
        "text": "তোমাদের প্রতি",
        "root_word": "إِلَيۡكُم",
        "global_word_sequence_number": 71180,
        "global_verse_sequence_number": 5169
    },
    {
        "chapter": 61,
        "verse": 6,
        "juz": 28,
        "hizb": 220,
        "manzil": 7,
        "ruku": 484,
        "word_number_in_verse": 12,
        "language_code": "bn",
        "text": "সত্যায়নকারী",
        "root_word": "مُّصَدِّقٗا",
        "global_word_sequence_number": 71181,
        "global_verse_sequence_number": 5169
    },
    {
        "chapter": 61,
        "verse": 6,
        "juz": 28,
        "hizb": 220,
        "manzil": 7,
        "ruku": 484,
        "word_number_in_verse": 13,
        "language_code": "bn",
        "text": "যা জন্যে",
        "root_word": "لِّمَا",
        "global_word_sequence_number": 71182,
        "global_verse_sequence_number": 5169
    },
    {
        "chapter": 61,
        "verse": 6,
        "juz": 28,
        "hizb": 220,
        "manzil": 7,
        "ruku": 484,
        "word_number_in_verse": 14,
        "language_code": "bn",
        "text": "আমার পূর্বে (এসেছে)",
        "root_word": "بَيۡنَ",
        "global_word_sequence_number": 71183,
        "global_verse_sequence_number": 5169
    },
    {
        "chapter": 61,
        "verse": 6,
        "juz": 28,
        "hizb": 220,
        "manzil": 7,
        "ruku": 484,
        "word_number_in_verse": 15,
        "language_code": "bn",
        "text": "আমার পূর্বে (এসেছে)",
        "root_word": "يَدَيَّ",
        "global_word_sequence_number": 71184,
        "global_verse_sequence_number": 5169
    },
    {
        "chapter": 61,
        "verse": 6,
        "juz": 28,
        "hizb": 220,
        "manzil": 7,
        "ruku": 484,
        "word_number_in_verse": 16,
        "language_code": "bn",
        "text": "মধ্য হতে",
        "root_word": "مِنَ",
        "global_word_sequence_number": 71185,
        "global_verse_sequence_number": 5169
    },
    {
        "chapter": 61,
        "verse": 6,
        "juz": 28,
        "hizb": 220,
        "manzil": 7,
        "ruku": 484,
        "word_number_in_verse": 17,
        "language_code": "bn",
        "text": "তাওরাত",
        "root_word": "ٱلتَّوۡرَىٰةِ",
        "global_word_sequence_number": 71186,
        "global_verse_sequence_number": 5169
    },
    {
        "chapter": 61,
        "verse": 6,
        "juz": 28,
        "hizb": 220,
        "manzil": 7,
        "ruku": 484,
        "word_number_in_verse": 18,
        "language_code": "bn",
        "text": "এবং সুসংবাদদাতা",
        "root_word": "وَمُبَشِّرَۢا",
        "global_word_sequence_number": 71187,
        "global_verse_sequence_number": 5169
    },
    {
        "chapter": 61,
        "verse": 6,
        "juz": 28,
        "hizb": 220,
        "manzil": 7,
        "ruku": 484,
        "word_number_in_verse": 19,
        "language_code": "bn",
        "text": "একজন রাসূলের",
        "root_word": "بِرَسُولٖ",
        "global_word_sequence_number": 71188,
        "global_verse_sequence_number": 5169
    },
    {
        "chapter": 61,
        "verse": 6,
        "juz": 28,
        "hizb": 220,
        "manzil": 7,
        "ruku": 484,
        "word_number_in_verse": 20,
        "language_code": "bn",
        "text": "আসবেন",
        "root_word": "يَأۡتِي",
        "global_word_sequence_number": 71189,
        "global_verse_sequence_number": 5169
    },
    {
        "chapter": 61,
        "verse": 6,
        "juz": 28,
        "hizb": 220,
        "manzil": 7,
        "ruku": 484,
        "word_number_in_verse": 21,
        "language_code": "bn",
        "text": "মধ্য হতে",
        "root_word": "مِنۢ",
        "global_word_sequence_number": 71190,
        "global_verse_sequence_number": 5169
    },
    {
        "chapter": 61,
        "verse": 6,
        "juz": 28,
        "hizb": 220,
        "manzil": 7,
        "ruku": 484,
        "word_number_in_verse": 22,
        "language_code": "bn",
        "text": "আমার পরে",
        "root_word": "بَعۡدِي",
        "global_word_sequence_number": 71191,
        "global_verse_sequence_number": 5169
    },
    {
        "chapter": 61,
        "verse": 6,
        "juz": 28,
        "hizb": 220,
        "manzil": 7,
        "ruku": 484,
        "word_number_in_verse": 23,
        "language_code": "bn",
        "text": "তার নাম (হবে)",
        "root_word": "ٱسۡمُهُۥٓ",
        "global_word_sequence_number": 71192,
        "global_verse_sequence_number": 5169
    },
    {
        "chapter": 61,
        "verse": 6,
        "juz": 28,
        "hizb": 220,
        "manzil": 7,
        "ruku": 484,
        "word_number_in_verse": 24,
        "language_code": "bn",
        "text": "আহ্‌মদ\"",
        "root_word": "أَحۡمَدُۖ",
        "global_word_sequence_number": 71193,
        "global_verse_sequence_number": 5169
    },
    {
        "chapter": 61,
        "verse": 6,
        "juz": 28,
        "hizb": 220,
        "manzil": 7,
        "ruku": 484,
        "word_number_in_verse": 25,
        "language_code": "bn",
        "text": "অতঃপর যখন",
        "root_word": "فَلَمَّا",
        "global_word_sequence_number": 71194,
        "global_verse_sequence_number": 5169
    },
    {
        "chapter": 61,
        "verse": 6,
        "juz": 28,
        "hizb": 220,
        "manzil": 7,
        "ruku": 484,
        "word_number_in_verse": 26,
        "language_code": "bn",
        "text": "তাদের তিনি (কাছে) আসলেন",
        "root_word": "جَآءَهُم",
        "global_word_sequence_number": 71195,
        "global_verse_sequence_number": 5169
    },
    {
        "chapter": 61,
        "verse": 6,
        "juz": 28,
        "hizb": 220,
        "manzil": 7,
        "ruku": 484,
        "word_number_in_verse": 27,
        "language_code": "bn",
        "text": "সুস্পষ্ট প্রমাণাদিসহ",
        "root_word": "بِٱلۡبَيِّنَٰتِ",
        "global_word_sequence_number": 71196,
        "global_verse_sequence_number": 5169
    },
    {
        "chapter": 61,
        "verse": 6,
        "juz": 28,
        "hizb": 220,
        "manzil": 7,
        "ruku": 484,
        "word_number_in_verse": 28,
        "language_code": "bn",
        "text": "তারা বলল",
        "root_word": "قَالُواْ",
        "global_word_sequence_number": 71197,
        "global_verse_sequence_number": 5169
    },
    {
        "chapter": 61,
        "verse": 6,
        "juz": 28,
        "hizb": 220,
        "manzil": 7,
        "ruku": 484,
        "word_number_in_verse": 29,
        "language_code": "bn",
        "text": "\"এটা",
        "root_word": "هَٰذَا",
        "global_word_sequence_number": 71198,
        "global_verse_sequence_number": 5169
    },
    {
        "chapter": 61,
        "verse": 6,
        "juz": 28,
        "hizb": 220,
        "manzil": 7,
        "ruku": 484,
        "word_number_in_verse": 30,
        "language_code": "bn",
        "text": "জাদু",
        "root_word": "سِحۡرٞ",
        "global_word_sequence_number": 71199,
        "global_verse_sequence_number": 5169
    },
    {
        "chapter": 61,
        "verse": 6,
        "juz": 28,
        "hizb": 220,
        "manzil": 7,
        "ruku": 484,
        "word_number_in_verse": 31,
        "language_code": "bn",
        "text": "প্রকাশ্য\"",
        "root_word": "مُّبِينٞ",
        "global_word_sequence_number": 71200,
        "global_verse_sequence_number": 5169
    },
    {
        "chapter": 61,
        "verse": 7,
        "juz": 28,
        "hizb": 220,
        "manzil": 7,
        "ruku": 484,
        "word_number_in_verse": 1,
        "language_code": "bn",
        "text": "এবং কে",
        "root_word": "وَمَنۡ",
        "global_word_sequence_number": 71201,
        "global_verse_sequence_number": 5170
    },
    {
        "chapter": 61,
        "verse": 7,
        "juz": 28,
        "hizb": 220,
        "manzil": 7,
        "ruku": 484,
        "word_number_in_verse": 2,
        "language_code": "bn",
        "text": "অধিক যালেম",
        "root_word": "أَظۡلَمُ",
        "global_word_sequence_number": 71202,
        "global_verse_sequence_number": 5170
    },
    {
        "chapter": 61,
        "verse": 7,
        "juz": 28,
        "hizb": 220,
        "manzil": 7,
        "ruku": 484,
        "word_number_in_verse": 3,
        "language_code": "bn",
        "text": "(তার) অপেক্ষা",
        "root_word": "مِمَّنِ",
        "global_word_sequence_number": 71203,
        "global_verse_sequence_number": 5170
    },
    {
        "chapter": 61,
        "verse": 7,
        "juz": 28,
        "hizb": 220,
        "manzil": 7,
        "ruku": 484,
        "word_number_in_verse": 4,
        "language_code": "bn",
        "text": "যে রচনা করে",
        "root_word": "ٱفۡتَرَىٰ",
        "global_word_sequence_number": 71204,
        "global_verse_sequence_number": 5170
    },
    {
        "chapter": 61,
        "verse": 7,
        "juz": 28,
        "hizb": 220,
        "manzil": 7,
        "ruku": 484,
        "word_number_in_verse": 5,
        "language_code": "bn",
        "text": "উপর",
        "root_word": "عَلَى",
        "global_word_sequence_number": 71205,
        "global_verse_sequence_number": 5170
    },
    {
        "chapter": 61,
        "verse": 7,
        "juz": 28,
        "hizb": 220,
        "manzil": 7,
        "ruku": 484,
        "word_number_in_verse": 6,
        "language_code": "bn",
        "text": "আল্লাহর",
        "root_word": "ٱللَّهِ",
        "global_word_sequence_number": 71206,
        "global_verse_sequence_number": 5170
    },
    {
        "chapter": 61,
        "verse": 7,
        "juz": 28,
        "hizb": 220,
        "manzil": 7,
        "ruku": 484,
        "word_number_in_verse": 7,
        "language_code": "bn",
        "text": "মিথ্যা",
        "root_word": "ٱلۡكَذِبَ",
        "global_word_sequence_number": 71207,
        "global_verse_sequence_number": 5170
    },
    {
        "chapter": 61,
        "verse": 7,
        "juz": 28,
        "hizb": 220,
        "manzil": 7,
        "ruku": 484,
        "word_number_in_verse": 8,
        "language_code": "bn",
        "text": "অথচ তাকে",
        "root_word": "وَهُوَ",
        "global_word_sequence_number": 71208,
        "global_verse_sequence_number": 5170
    },
    {
        "chapter": 61,
        "verse": 7,
        "juz": 28,
        "hizb": 220,
        "manzil": 7,
        "ruku": 484,
        "word_number_in_verse": 9,
        "language_code": "bn",
        "text": "আহ্বান করা হয়",
        "root_word": "يُدۡعَىٰٓ",
        "global_word_sequence_number": 71209,
        "global_verse_sequence_number": 5170
    },
    {
        "chapter": 61,
        "verse": 7,
        "juz": 28,
        "hizb": 220,
        "manzil": 7,
        "ruku": 484,
        "word_number_in_verse": 10,
        "language_code": "bn",
        "text": "দিকে",
        "root_word": "إِلَى",
        "global_word_sequence_number": 71210,
        "global_verse_sequence_number": 5170
    },
    {
        "chapter": 61,
        "verse": 7,
        "juz": 28,
        "hizb": 220,
        "manzil": 7,
        "ruku": 484,
        "word_number_in_verse": 11,
        "language_code": "bn",
        "text": "ইসলামের",
        "root_word": "ٱلۡإِسۡلَٰمِۚ",
        "global_word_sequence_number": 71211,
        "global_verse_sequence_number": 5170
    },
    {
        "chapter": 61,
        "verse": 7,
        "juz": 28,
        "hizb": 220,
        "manzil": 7,
        "ruku": 484,
        "word_number_in_verse": 12,
        "language_code": "bn",
        "text": "এবং আল্লাহ",
        "root_word": "وَٱللَّهُ",
        "global_word_sequence_number": 71212,
        "global_verse_sequence_number": 5170
    },
    {
        "chapter": 61,
        "verse": 7,
        "juz": 28,
        "hizb": 220,
        "manzil": 7,
        "ruku": 484,
        "word_number_in_verse": 13,
        "language_code": "bn",
        "text": "না",
        "root_word": "لَا",
        "global_word_sequence_number": 71213,
        "global_verse_sequence_number": 5170
    },
    {
        "chapter": 61,
        "verse": 7,
        "juz": 28,
        "hizb": 220,
        "manzil": 7,
        "ruku": 484,
        "word_number_in_verse": 14,
        "language_code": "bn",
        "text": "পথ দেখান",
        "root_word": "يَهۡدِي",
        "global_word_sequence_number": 71214,
        "global_verse_sequence_number": 5170
    },
    {
        "chapter": 61,
        "verse": 7,
        "juz": 28,
        "hizb": 220,
        "manzil": 7,
        "ruku": 484,
        "word_number_in_verse": 15,
        "language_code": "bn",
        "text": "লোকদের",
        "root_word": "ٱلۡقَوۡمَ",
        "global_word_sequence_number": 71215,
        "global_verse_sequence_number": 5170
    },
    {
        "chapter": 61,
        "verse": 7,
        "juz": 28,
        "hizb": 220,
        "manzil": 7,
        "ruku": 484,
        "word_number_in_verse": 16,
        "language_code": "bn",
        "text": "যালেম",
        "root_word": "ٱلظَّٰلِمِينَ",
        "global_word_sequence_number": 71216,
        "global_verse_sequence_number": 5170
    },
    {
        "chapter": 61,
        "verse": 8,
        "juz": 28,
        "hizb": 220,
        "manzil": 7,
        "ruku": 484,
        "word_number_in_verse": 1,
        "language_code": "bn",
        "text": "তারা চায়",
        "root_word": "يُرِيدُونَ",
        "global_word_sequence_number": 71217,
        "global_verse_sequence_number": 5171
    },
    {
        "chapter": 61,
        "verse": 8,
        "juz": 28,
        "hizb": 220,
        "manzil": 7,
        "ruku": 484,
        "word_number_in_verse": 2,
        "language_code": "bn",
        "text": "নিভিয়ে দিতে",
        "root_word": "لِيُطۡفِـُٔواْ",
        "global_word_sequence_number": 71218,
        "global_verse_sequence_number": 5171
    },
    {
        "chapter": 61,
        "verse": 8,
        "juz": 28,
        "hizb": 220,
        "manzil": 7,
        "ruku": 484,
        "word_number_in_verse": 3,
        "language_code": "bn",
        "text": "নূর",
        "root_word": "نُورَ",
        "global_word_sequence_number": 71219,
        "global_verse_sequence_number": 5171
    },
    {
        "chapter": 61,
        "verse": 8,
        "juz": 28,
        "hizb": 220,
        "manzil": 7,
        "ruku": 484,
        "word_number_in_verse": 4,
        "language_code": "bn",
        "text": "আল্লাহর",
        "root_word": "ٱللَّهِ",
        "global_word_sequence_number": 71220,
        "global_verse_sequence_number": 5171
    },
    {
        "chapter": 61,
        "verse": 8,
        "juz": 28,
        "hizb": 220,
        "manzil": 7,
        "ruku": 484,
        "word_number_in_verse": 5,
        "language_code": "bn",
        "text": "তাদের মুখের (ফুঁৎকার) দিয়ে",
        "root_word": "بِأَفۡوَٰهِهِمۡ",
        "global_word_sequence_number": 71221,
        "global_verse_sequence_number": 5171
    },
    {
        "chapter": 61,
        "verse": 8,
        "juz": 28,
        "hizb": 220,
        "manzil": 7,
        "ruku": 484,
        "word_number_in_verse": 6,
        "language_code": "bn",
        "text": "এবং আল্লাহ",
        "root_word": "وَٱللَّهُ",
        "global_word_sequence_number": 71222,
        "global_verse_sequence_number": 5171
    },
    {
        "chapter": 61,
        "verse": 8,
        "juz": 28,
        "hizb": 220,
        "manzil": 7,
        "ruku": 484,
        "word_number_in_verse": 7,
        "language_code": "bn",
        "text": "সম্পূর্নকারী",
        "root_word": "مُتِمُّ",
        "global_word_sequence_number": 71223,
        "global_verse_sequence_number": 5171
    },
    {
        "chapter": 61,
        "verse": 8,
        "juz": 28,
        "hizb": 220,
        "manzil": 7,
        "ruku": 484,
        "word_number_in_verse": 8,
        "language_code": "bn",
        "text": "তাঁর নূর",
        "root_word": "نُورِهِۦ",
        "global_word_sequence_number": 71224,
        "global_verse_sequence_number": 5171
    },
    {
        "chapter": 61,
        "verse": 8,
        "juz": 28,
        "hizb": 220,
        "manzil": 7,
        "ruku": 484,
        "word_number_in_verse": 9,
        "language_code": "bn",
        "text": "এবং যদিও",
        "root_word": "وَلَوۡ",
        "global_word_sequence_number": 71225,
        "global_verse_sequence_number": 5171
    },
    {
        "chapter": 61,
        "verse": 8,
        "juz": 28,
        "hizb": 220,
        "manzil": 7,
        "ruku": 484,
        "word_number_in_verse": 10,
        "language_code": "bn",
        "text": "অপছন্দ করে",
        "root_word": "كَرِهَ",
        "global_word_sequence_number": 71226,
        "global_verse_sequence_number": 5171
    },
    {
        "chapter": 61,
        "verse": 8,
        "juz": 28,
        "hizb": 220,
        "manzil": 7,
        "ruku": 484,
        "word_number_in_verse": 11,
        "language_code": "bn",
        "text": "কাফিররা",
        "root_word": "ٱلۡكَٰفِرُونَ",
        "global_word_sequence_number": 71227,
        "global_verse_sequence_number": 5171
    },
    {
        "chapter": 61,
        "verse": 9,
        "juz": 28,
        "hizb": 220,
        "manzil": 7,
        "ruku": 484,
        "word_number_in_verse": 1,
        "language_code": "bn",
        "text": "তিনিই",
        "root_word": "هُوَ",
        "global_word_sequence_number": 71228,
        "global_verse_sequence_number": 5172
    },
    {
        "chapter": 61,
        "verse": 9,
        "juz": 28,
        "hizb": 220,
        "manzil": 7,
        "ruku": 484,
        "word_number_in_verse": 2,
        "language_code": "bn",
        "text": "যিনি",
        "root_word": "ٱلَّذِيٓ",
        "global_word_sequence_number": 71229,
        "global_verse_sequence_number": 5172
    },
    {
        "chapter": 61,
        "verse": 9,
        "juz": 28,
        "hizb": 220,
        "manzil": 7,
        "ruku": 484,
        "word_number_in_verse": 3,
        "language_code": "bn",
        "text": "পাঠিয়েছেন",
        "root_word": "أَرۡسَلَ",
        "global_word_sequence_number": 71230,
        "global_verse_sequence_number": 5172
    },
    {
        "chapter": 61,
        "verse": 9,
        "juz": 28,
        "hizb": 220,
        "manzil": 7,
        "ruku": 484,
        "word_number_in_verse": 4,
        "language_code": "bn",
        "text": "তাঁর রাসূলকে",
        "root_word": "رَسُولَهُۥ",
        "global_word_sequence_number": 71231,
        "global_verse_sequence_number": 5172
    },
    {
        "chapter": 61,
        "verse": 9,
        "juz": 28,
        "hizb": 220,
        "manzil": 7,
        "ruku": 484,
        "word_number_in_verse": 5,
        "language_code": "bn",
        "text": "হেদায়াতসহ",
        "root_word": "بِٱلۡهُدَىٰ",
        "global_word_sequence_number": 71232,
        "global_verse_sequence_number": 5172
    },
    {
        "chapter": 61,
        "verse": 9,
        "juz": 28,
        "hizb": 220,
        "manzil": 7,
        "ruku": 484,
        "word_number_in_verse": 6,
        "language_code": "bn",
        "text": "ও দ্বীন",
        "root_word": "وَدِينِ",
        "global_word_sequence_number": 71233,
        "global_verse_sequence_number": 5172
    },
    {
        "chapter": 61,
        "verse": 9,
        "juz": 28,
        "hizb": 220,
        "manzil": 7,
        "ruku": 484,
        "word_number_in_verse": 7,
        "language_code": "bn",
        "text": "সত্য",
        "root_word": "ٱلۡحَقِّ",
        "global_word_sequence_number": 71234,
        "global_verse_sequence_number": 5172
    },
    {
        "chapter": 61,
        "verse": 9,
        "juz": 28,
        "hizb": 220,
        "manzil": 7,
        "ruku": 484,
        "word_number_in_verse": 8,
        "language_code": "bn",
        "text": "তা বিজয়ী করে যেন",
        "root_word": "لِيُظۡهِرَهُۥ",
        "global_word_sequence_number": 71235,
        "global_verse_sequence_number": 5172
    },
    {
        "chapter": 61,
        "verse": 9,
        "juz": 28,
        "hizb": 220,
        "manzil": 7,
        "ruku": 484,
        "word_number_in_verse": 9,
        "language_code": "bn",
        "text": "উপর",
        "root_word": "عَلَى",
        "global_word_sequence_number": 71236,
        "global_verse_sequence_number": 5172
    },
    {
        "chapter": 61,
        "verse": 9,
        "juz": 28,
        "hizb": 220,
        "manzil": 7,
        "ruku": 484,
        "word_number_in_verse": 10,
        "language_code": "bn",
        "text": "দ্বীনের",
        "root_word": "ٱلدِّينِ",
        "global_word_sequence_number": 71237,
        "global_verse_sequence_number": 5172
    },
    {
        "chapter": 61,
        "verse": 9,
        "juz": 28,
        "hizb": 220,
        "manzil": 7,
        "ruku": 484,
        "word_number_in_verse": 11,
        "language_code": "bn",
        "text": "সর্বপ্রকারের",
        "root_word": "كُلِّهِۦ",
        "global_word_sequence_number": 71238,
        "global_verse_sequence_number": 5172
    },
    {
        "chapter": 61,
        "verse": 9,
        "juz": 28,
        "hizb": 220,
        "manzil": 7,
        "ruku": 484,
        "word_number_in_verse": 12,
        "language_code": "bn",
        "text": "এবং যদিও",
        "root_word": "وَلَوۡ",
        "global_word_sequence_number": 71239,
        "global_verse_sequence_number": 5172
    },
    {
        "chapter": 61,
        "verse": 9,
        "juz": 28,
        "hizb": 220,
        "manzil": 7,
        "ruku": 484,
        "word_number_in_verse": 13,
        "language_code": "bn",
        "text": "অপছন্দ করে",
        "root_word": "كَرِهَ",
        "global_word_sequence_number": 71240,
        "global_verse_sequence_number": 5172
    },
    {
        "chapter": 61,
        "verse": 9,
        "juz": 28,
        "hizb": 220,
        "manzil": 7,
        "ruku": 484,
        "word_number_in_verse": 14,
        "language_code": "bn",
        "text": "মুশরিকরা",
        "root_word": "ٱلۡمُشۡرِكُونَ",
        "global_word_sequence_number": 71241,
        "global_verse_sequence_number": 5172
    },
    {
        "chapter": 61,
        "verse": 10,
        "juz": 28,
        "hizb": 220,
        "manzil": 7,
        "ruku": 485,
        "word_number_in_verse": 1,
        "language_code": "bn",
        "text": "ওহে",
        "root_word": "يَٰٓأَيُّهَا",
        "global_word_sequence_number": 71242,
        "global_verse_sequence_number": 5173
    },
    {
        "chapter": 61,
        "verse": 10,
        "juz": 28,
        "hizb": 220,
        "manzil": 7,
        "ruku": 485,
        "word_number_in_verse": 2,
        "language_code": "bn",
        "text": "যারা",
        "root_word": "ٱلَّذِينَ",
        "global_word_sequence_number": 71243,
        "global_verse_sequence_number": 5173
    },
    {
        "chapter": 61,
        "verse": 10,
        "juz": 28,
        "hizb": 220,
        "manzil": 7,
        "ruku": 485,
        "word_number_in_verse": 3,
        "language_code": "bn",
        "text": "ঈমান এনেছো",
        "root_word": "ءَامَنُواْ",
        "global_word_sequence_number": 71244,
        "global_verse_sequence_number": 5173
    },
    {
        "chapter": 61,
        "verse": 10,
        "juz": 28,
        "hizb": 220,
        "manzil": 7,
        "ruku": 485,
        "word_number_in_verse": 4,
        "language_code": "bn",
        "text": "কি",
        "root_word": "هَلۡ",
        "global_word_sequence_number": 71245,
        "global_verse_sequence_number": 5173
    },
    {
        "chapter": 61,
        "verse": 10,
        "juz": 28,
        "hizb": 220,
        "manzil": 7,
        "ruku": 485,
        "word_number_in_verse": 5,
        "language_code": "bn",
        "text": "আমি তোমাদের সন্ধান দিবো",
        "root_word": "أَدُلُّكُمۡ",
        "global_word_sequence_number": 71246,
        "global_verse_sequence_number": 5173
    },
    {
        "chapter": 61,
        "verse": 10,
        "juz": 28,
        "hizb": 220,
        "manzil": 7,
        "ruku": 485,
        "word_number_in_verse": 6,
        "language_code": "bn",
        "text": "সম্বন্ধে",
        "root_word": "عَلَىٰ",
        "global_word_sequence_number": 71247,
        "global_verse_sequence_number": 5173
    },
    {
        "chapter": 61,
        "verse": 10,
        "juz": 28,
        "hizb": 220,
        "manzil": 7,
        "ruku": 485,
        "word_number_in_verse": 7,
        "language_code": "bn",
        "text": "ব্যবসা (যা)",
        "root_word": "تِجَٰرَةٖ",
        "global_word_sequence_number": 71248,
        "global_verse_sequence_number": 5173
    },
    {
        "chapter": 61,
        "verse": 10,
        "juz": 28,
        "hizb": 220,
        "manzil": 7,
        "ruku": 485,
        "word_number_in_verse": 8,
        "language_code": "bn",
        "text": "তোমাদের মুক্তি দিবে",
        "root_word": "تُنجِيكُم",
        "global_word_sequence_number": 71249,
        "global_verse_sequence_number": 5173
    },
    {
        "chapter": 61,
        "verse": 10,
        "juz": 28,
        "hizb": 220,
        "manzil": 7,
        "ruku": 485,
        "word_number_in_verse": 9,
        "language_code": "bn",
        "text": "থেকে",
        "root_word": "مِّنۡ",
        "global_word_sequence_number": 71250,
        "global_verse_sequence_number": 5173
    },
    {
        "chapter": 61,
        "verse": 10,
        "juz": 28,
        "hizb": 220,
        "manzil": 7,
        "ruku": 485,
        "word_number_in_verse": 10,
        "language_code": "bn",
        "text": "আযাব",
        "root_word": "عَذَابٍ",
        "global_word_sequence_number": 71251,
        "global_verse_sequence_number": 5173
    },
    {
        "chapter": 61,
        "verse": 10,
        "juz": 28,
        "hizb": 220,
        "manzil": 7,
        "ruku": 485,
        "word_number_in_verse": 11,
        "language_code": "bn",
        "text": "কষ্টদায়ক",
        "root_word": "أَلِيمٖ",
        "global_word_sequence_number": 71252,
        "global_verse_sequence_number": 5173
    },
    {
        "chapter": 61,
        "verse": 11,
        "juz": 28,
        "hizb": 220,
        "manzil": 7,
        "ruku": 485,
        "word_number_in_verse": 1,
        "language_code": "bn",
        "text": "তোমরা ঈমান আনো",
        "root_word": "تُؤۡمِنُونَ",
        "global_word_sequence_number": 71253,
        "global_verse_sequence_number": 5174
    },
    {
        "chapter": 61,
        "verse": 11,
        "juz": 28,
        "hizb": 220,
        "manzil": 7,
        "ruku": 485,
        "word_number_in_verse": 2,
        "language_code": "bn",
        "text": "আল্লাহর উপর",
        "root_word": "بِٱللَّهِ",
        "global_word_sequence_number": 71254,
        "global_verse_sequence_number": 5174
    },
    {
        "chapter": 61,
        "verse": 11,
        "juz": 28,
        "hizb": 220,
        "manzil": 7,
        "ruku": 485,
        "word_number_in_verse": 3,
        "language_code": "bn",
        "text": "ও তাঁর রাসূলের",
        "root_word": "وَرَسُولِهِۦ",
        "global_word_sequence_number": 71255,
        "global_verse_sequence_number": 5174
    },
    {
        "chapter": 61,
        "verse": 11,
        "juz": 28,
        "hizb": 220,
        "manzil": 7,
        "ruku": 485,
        "word_number_in_verse": 4,
        "language_code": "bn",
        "text": "এবং তোমরা জিহাদ করো",
        "root_word": "وَتُجَٰهِدُونَ",
        "global_word_sequence_number": 71256,
        "global_verse_sequence_number": 5174
    },
    {
        "chapter": 61,
        "verse": 11,
        "juz": 28,
        "hizb": 220,
        "manzil": 7,
        "ruku": 485,
        "word_number_in_verse": 5,
        "language_code": "bn",
        "text": "(মধ্যে)",
        "root_word": "فِي",
        "global_word_sequence_number": 71257,
        "global_verse_sequence_number": 5174
    },
    {
        "chapter": 61,
        "verse": 11,
        "juz": 28,
        "hizb": 220,
        "manzil": 7,
        "ruku": 485,
        "word_number_in_verse": 6,
        "language_code": "bn",
        "text": "পথে",
        "root_word": "سَبِيلِ",
        "global_word_sequence_number": 71258,
        "global_verse_sequence_number": 5174
    },
    {
        "chapter": 61,
        "verse": 11,
        "juz": 28,
        "hizb": 220,
        "manzil": 7,
        "ruku": 485,
        "word_number_in_verse": 7,
        "language_code": "bn",
        "text": "আল্লাহর",
        "root_word": "ٱللَّهِ",
        "global_word_sequence_number": 71259,
        "global_verse_sequence_number": 5174
    },
    {
        "chapter": 61,
        "verse": 11,
        "juz": 28,
        "hizb": 220,
        "manzil": 7,
        "ruku": 485,
        "word_number_in_verse": 8,
        "language_code": "bn",
        "text": "তোমাদের মালসমূহ দিয়ে",
        "root_word": "بِأَمۡوَٰلِكُمۡ",
        "global_word_sequence_number": 71260,
        "global_verse_sequence_number": 5174
    },
    {
        "chapter": 61,
        "verse": 11,
        "juz": 28,
        "hizb": 220,
        "manzil": 7,
        "ruku": 485,
        "word_number_in_verse": 9,
        "language_code": "bn",
        "text": "ও তোমাদের জানপ্রাণ (দিয়ে)",
        "root_word": "وَأَنفُسِكُمۡۚ",
        "global_word_sequence_number": 71261,
        "global_verse_sequence_number": 5174
    },
    {
        "chapter": 61,
        "verse": 11,
        "juz": 28,
        "hizb": 220,
        "manzil": 7,
        "ruku": 485,
        "word_number_in_verse": 10,
        "language_code": "bn",
        "text": "এটাই",
        "root_word": "ذَٰلِكُمۡ",
        "global_word_sequence_number": 71262,
        "global_verse_sequence_number": 5174
    },
    {
        "chapter": 61,
        "verse": 11,
        "juz": 28,
        "hizb": 220,
        "manzil": 7,
        "ruku": 485,
        "word_number_in_verse": 11,
        "language_code": "bn",
        "text": "উত্তম",
        "root_word": "خَيۡرٞ",
        "global_word_sequence_number": 71263,
        "global_verse_sequence_number": 5174
    },
    {
        "chapter": 61,
        "verse": 11,
        "juz": 28,
        "hizb": 220,
        "manzil": 7,
        "ruku": 485,
        "word_number_in_verse": 12,
        "language_code": "bn",
        "text": "তোমাদের জন্যে",
        "root_word": "لَّكُمۡ",
        "global_word_sequence_number": 71264,
        "global_verse_sequence_number": 5174
    },
    {
        "chapter": 61,
        "verse": 11,
        "juz": 28,
        "hizb": 220,
        "manzil": 7,
        "ruku": 485,
        "word_number_in_verse": 13,
        "language_code": "bn",
        "text": "যদি",
        "root_word": "إِن",
        "global_word_sequence_number": 71265,
        "global_verse_sequence_number": 5174
    },
    {
        "chapter": 61,
        "verse": 11,
        "juz": 28,
        "hizb": 220,
        "manzil": 7,
        "ruku": 485,
        "word_number_in_verse": 14,
        "language_code": "bn",
        "text": "তোমরা",
        "root_word": "كُنتُمۡ",
        "global_word_sequence_number": 71266,
        "global_verse_sequence_number": 5174
    },
    {
        "chapter": 61,
        "verse": 11,
        "juz": 28,
        "hizb": 220,
        "manzil": 7,
        "ruku": 485,
        "word_number_in_verse": 15,
        "language_code": "bn",
        "text": "জানো",
        "root_word": "تَعۡلَمُونَ",
        "global_word_sequence_number": 71267,
        "global_verse_sequence_number": 5174
    },
    {
        "chapter": 61,
        "verse": 12,
        "juz": 28,
        "hizb": 220,
        "manzil": 7,
        "ruku": 485,
        "word_number_in_verse": 1,
        "language_code": "bn",
        "text": "তিনি মাফ করবেন",
        "root_word": "يَغۡفِرۡ",
        "global_word_sequence_number": 71268,
        "global_verse_sequence_number": 5175
    },
    {
        "chapter": 61,
        "verse": 12,
        "juz": 28,
        "hizb": 220,
        "manzil": 7,
        "ruku": 485,
        "word_number_in_verse": 2,
        "language_code": "bn",
        "text": "তোমাদের",
        "root_word": "لَكُمۡ",
        "global_word_sequence_number": 71269,
        "global_verse_sequence_number": 5175
    },
    {
        "chapter": 61,
        "verse": 12,
        "juz": 28,
        "hizb": 220,
        "manzil": 7,
        "ruku": 485,
        "word_number_in_verse": 3,
        "language_code": "bn",
        "text": "তোমাদের গুনাহসমূহকে",
        "root_word": "ذُنُوبَكُمۡ",
        "global_word_sequence_number": 71270,
        "global_verse_sequence_number": 5175
    },
    {
        "chapter": 61,
        "verse": 12,
        "juz": 28,
        "hizb": 220,
        "manzil": 7,
        "ruku": 485,
        "word_number_in_verse": 4,
        "language_code": "bn",
        "text": "ও তোমাদের প্রবেশ করাবেন",
        "root_word": "وَيُدۡخِلۡكُمۡ",
        "global_word_sequence_number": 71271,
        "global_verse_sequence_number": 5175
    },
    {
        "chapter": 61,
        "verse": 12,
        "juz": 28,
        "hizb": 220,
        "manzil": 7,
        "ruku": 485,
        "word_number_in_verse": 5,
        "language_code": "bn",
        "text": "জান্নাতে",
        "root_word": "جَنَّٰتٖ",
        "global_word_sequence_number": 71272,
        "global_verse_sequence_number": 5175
    },
    {
        "chapter": 61,
        "verse": 12,
        "juz": 28,
        "hizb": 220,
        "manzil": 7,
        "ruku": 485,
        "word_number_in_verse": 6,
        "language_code": "bn",
        "text": "প্রবাহিত হয়",
        "root_word": "تَجۡرِي",
        "global_word_sequence_number": 71273,
        "global_verse_sequence_number": 5175
    },
    {
        "chapter": 61,
        "verse": 12,
        "juz": 28,
        "hizb": 220,
        "manzil": 7,
        "ruku": 485,
        "word_number_in_verse": 7,
        "language_code": "bn",
        "text": "মধ্য হতে",
        "root_word": "مِن",
        "global_word_sequence_number": 71274,
        "global_verse_sequence_number": 5175
    },
    {
        "chapter": 61,
        "verse": 12,
        "juz": 28,
        "hizb": 220,
        "manzil": 7,
        "ruku": 485,
        "word_number_in_verse": 8,
        "language_code": "bn",
        "text": "তার পাদদেশে",
        "root_word": "تَحۡتِهَا",
        "global_word_sequence_number": 71275,
        "global_verse_sequence_number": 5175
    },
    {
        "chapter": 61,
        "verse": 12,
        "juz": 28,
        "hizb": 220,
        "manzil": 7,
        "ruku": 485,
        "word_number_in_verse": 9,
        "language_code": "bn",
        "text": "ঝর্ণাধারাসমূহ",
        "root_word": "ٱلۡأَنۡهَٰرُ",
        "global_word_sequence_number": 71276,
        "global_verse_sequence_number": 5175
    },
    {
        "chapter": 61,
        "verse": 12,
        "juz": 28,
        "hizb": 220,
        "manzil": 7,
        "ruku": 485,
        "word_number_in_verse": 10,
        "language_code": "bn",
        "text": "এবং বাসগৃহসমূহ",
        "root_word": "وَمَسَٰكِنَ",
        "global_word_sequence_number": 71277,
        "global_verse_sequence_number": 5175
    },
    {
        "chapter": 61,
        "verse": 12,
        "juz": 28,
        "hizb": 220,
        "manzil": 7,
        "ruku": 485,
        "word_number_in_verse": 11,
        "language_code": "bn",
        "text": "উত্তম",
        "root_word": "طَيِّبَةٗ",
        "global_word_sequence_number": 71278,
        "global_verse_sequence_number": 5175
    },
    {
        "chapter": 61,
        "verse": 12,
        "juz": 28,
        "hizb": 220,
        "manzil": 7,
        "ruku": 485,
        "word_number_in_verse": 12,
        "language_code": "bn",
        "text": "মধ্যে",
        "root_word": "فِي",
        "global_word_sequence_number": 71279,
        "global_verse_sequence_number": 5175
    },
    {
        "chapter": 61,
        "verse": 12,
        "juz": 28,
        "hizb": 220,
        "manzil": 7,
        "ruku": 485,
        "word_number_in_verse": 13,
        "language_code": "bn",
        "text": "জান্নাতের",
        "root_word": "جَنَّٰتِ",
        "global_word_sequence_number": 71280,
        "global_verse_sequence_number": 5175
    },
    {
        "chapter": 61,
        "verse": 12,
        "juz": 28,
        "hizb": 220,
        "manzil": 7,
        "ruku": 485,
        "word_number_in_verse": 14,
        "language_code": "bn",
        "text": "চিরস্থায়ী",
        "root_word": "عَدۡنٖۚ",
        "global_word_sequence_number": 71281,
        "global_verse_sequence_number": 5175
    },
    {
        "chapter": 61,
        "verse": 12,
        "juz": 28,
        "hizb": 220,
        "manzil": 7,
        "ruku": 485,
        "word_number_in_verse": 15,
        "language_code": "bn",
        "text": "এটা",
        "root_word": "ذَٰلِكَ",
        "global_word_sequence_number": 71282,
        "global_verse_sequence_number": 5175
    },
    {
        "chapter": 61,
        "verse": 12,
        "juz": 28,
        "hizb": 220,
        "manzil": 7,
        "ruku": 485,
        "word_number_in_verse": 16,
        "language_code": "bn",
        "text": "সাফল্য",
        "root_word": "ٱلۡفَوۡزُ",
        "global_word_sequence_number": 71283,
        "global_verse_sequence_number": 5175
    },
    {
        "chapter": 61,
        "verse": 12,
        "juz": 28,
        "hizb": 220,
        "manzil": 7,
        "ruku": 485,
        "word_number_in_verse": 17,
        "language_code": "bn",
        "text": "মহা",
        "root_word": "ٱلۡعَظِيمُ",
        "global_word_sequence_number": 71284,
        "global_verse_sequence_number": 5175
    },
    {
        "chapter": 61,
        "verse": 13,
        "juz": 28,
        "hizb": 220,
        "manzil": 7,
        "ruku": 485,
        "word_number_in_verse": 1,
        "language_code": "bn",
        "text": "এবং অন্যটি",
        "root_word": "وَأُخۡرَىٰ",
        "global_word_sequence_number": 71285,
        "global_verse_sequence_number": 5176
    },
    {
        "chapter": 61,
        "verse": 13,
        "juz": 28,
        "hizb": 220,
        "manzil": 7,
        "ruku": 485,
        "word_number_in_verse": 2,
        "language_code": "bn",
        "text": "যা তোমরা পছন্দ করো",
        "root_word": "تُحِبُّونَهَاۖ",
        "global_word_sequence_number": 71286,
        "global_verse_sequence_number": 5176
    },
    {
        "chapter": 61,
        "verse": 13,
        "juz": 28,
        "hizb": 220,
        "manzil": 7,
        "ruku": 485,
        "word_number_in_verse": 3,
        "language_code": "bn",
        "text": "সাহায্য",
        "root_word": "نَصۡرٞ",
        "global_word_sequence_number": 71287,
        "global_verse_sequence_number": 5176
    },
    {
        "chapter": 61,
        "verse": 13,
        "juz": 28,
        "hizb": 220,
        "manzil": 7,
        "ruku": 485,
        "word_number_in_verse": 4,
        "language_code": "bn",
        "text": "থেকে",
        "root_word": "مِّنَ",
        "global_word_sequence_number": 71288,
        "global_verse_sequence_number": 5176
    },
    {
        "chapter": 61,
        "verse": 13,
        "juz": 28,
        "hizb": 220,
        "manzil": 7,
        "ruku": 485,
        "word_number_in_verse": 5,
        "language_code": "bn",
        "text": "আল্লাহর",
        "root_word": "ٱللَّهِ",
        "global_word_sequence_number": 71289,
        "global_verse_sequence_number": 5176
    },
    {
        "chapter": 61,
        "verse": 13,
        "juz": 28,
        "hizb": 220,
        "manzil": 7,
        "ruku": 485,
        "word_number_in_verse": 6,
        "language_code": "bn",
        "text": "ও বিজয়",
        "root_word": "وَفَتۡحٞ",
        "global_word_sequence_number": 71290,
        "global_verse_sequence_number": 5176
    },
    {
        "chapter": 61,
        "verse": 13,
        "juz": 28,
        "hizb": 220,
        "manzil": 7,
        "ruku": 485,
        "word_number_in_verse": 7,
        "language_code": "bn",
        "text": "আসন্ন",
        "root_word": "قَرِيبٞۗ",
        "global_word_sequence_number": 71291,
        "global_verse_sequence_number": 5176
    },
    {
        "chapter": 61,
        "verse": 13,
        "juz": 28,
        "hizb": 220,
        "manzil": 7,
        "ruku": 485,
        "word_number_in_verse": 8,
        "language_code": "bn",
        "text": "এবং সুসংবাদ দাও",
        "root_word": "وَبَشِّرِ",
        "global_word_sequence_number": 71292,
        "global_verse_sequence_number": 5176
    },
    {
        "chapter": 61,
        "verse": 13,
        "juz": 28,
        "hizb": 220,
        "manzil": 7,
        "ruku": 485,
        "word_number_in_verse": 9,
        "language_code": "bn",
        "text": "মু'মিনদের",
        "root_word": "ٱلۡمُؤۡمِنِينَ",
        "global_word_sequence_number": 71293,
        "global_verse_sequence_number": 5176
    },
    {
        "chapter": 61,
        "verse": 14,
        "juz": 28,
        "hizb": 220,
        "manzil": 7,
        "ruku": 485,
        "word_number_in_verse": 1,
        "language_code": "bn",
        "text": "ওহে",
        "root_word": "يَٰٓأَيُّهَا",
        "global_word_sequence_number": 71294,
        "global_verse_sequence_number": 5177
    },
    {
        "chapter": 61,
        "verse": 14,
        "juz": 28,
        "hizb": 220,
        "manzil": 7,
        "ruku": 485,
        "word_number_in_verse": 2,
        "language_code": "bn",
        "text": "যারা",
        "root_word": "ٱلَّذِينَ",
        "global_word_sequence_number": 71295,
        "global_verse_sequence_number": 5177
    },
    {
        "chapter": 61,
        "verse": 14,
        "juz": 28,
        "hizb": 220,
        "manzil": 7,
        "ruku": 485,
        "word_number_in_verse": 3,
        "language_code": "bn",
        "text": "ঈমান এনেছো",
        "root_word": "ءَامَنُواْ",
        "global_word_sequence_number": 71296,
        "global_verse_sequence_number": 5177
    },
    {
        "chapter": 61,
        "verse": 14,
        "juz": 28,
        "hizb": 220,
        "manzil": 7,
        "ruku": 485,
        "word_number_in_verse": 4,
        "language_code": "bn",
        "text": "তোমরা হও",
        "root_word": "كُونُوٓاْ",
        "global_word_sequence_number": 71297,
        "global_verse_sequence_number": 5177
    },
    {
        "chapter": 61,
        "verse": 14,
        "juz": 28,
        "hizb": 220,
        "manzil": 7,
        "ruku": 485,
        "word_number_in_verse": 5,
        "language_code": "bn",
        "text": "সাহায্যকারী",
        "root_word": "أَنصَارَ",
        "global_word_sequence_number": 71298,
        "global_verse_sequence_number": 5177
    },
    {
        "chapter": 61,
        "verse": 14,
        "juz": 28,
        "hizb": 220,
        "manzil": 7,
        "ruku": 485,
        "word_number_in_verse": 6,
        "language_code": "bn",
        "text": "আল্লাহর",
        "root_word": "ٱللَّهِ",
        "global_word_sequence_number": 71299,
        "global_verse_sequence_number": 5177
    },
    {
        "chapter": 61,
        "verse": 14,
        "juz": 28,
        "hizb": 220,
        "manzil": 7,
        "ruku": 485,
        "word_number_in_verse": 7,
        "language_code": "bn",
        "text": "যেমন",
        "root_word": "كَمَا",
        "global_word_sequence_number": 71300,
        "global_verse_sequence_number": 5177
    },
    {
        "chapter": 61,
        "verse": 14,
        "juz": 28,
        "hizb": 220,
        "manzil": 7,
        "ruku": 485,
        "word_number_in_verse": 8,
        "language_code": "bn",
        "text": "বলেছিল",
        "root_word": "قَالَ",
        "global_word_sequence_number": 71301,
        "global_verse_sequence_number": 5177
    },
    {
        "chapter": 61,
        "verse": 14,
        "juz": 28,
        "hizb": 220,
        "manzil": 7,
        "ruku": 485,
        "word_number_in_verse": 9,
        "language_code": "bn",
        "text": "ঈসা",
        "root_word": "عِيسَى",
        "global_word_sequence_number": 71302,
        "global_verse_sequence_number": 5177
    },
    {
        "chapter": 61,
        "verse": 14,
        "juz": 28,
        "hizb": 220,
        "manzil": 7,
        "ruku": 485,
        "word_number_in_verse": 10,
        "language_code": "bn",
        "text": "তনয়",
        "root_word": "ٱبۡنُ",
        "global_word_sequence_number": 71303,
        "global_verse_sequence_number": 5177
    },
    {
        "chapter": 61,
        "verse": 14,
        "juz": 28,
        "hizb": 220,
        "manzil": 7,
        "ruku": 485,
        "word_number_in_verse": 11,
        "language_code": "bn",
        "text": "মারয়ামের",
        "root_word": "مَرۡيَمَ",
        "global_word_sequence_number": 71304,
        "global_verse_sequence_number": 5177
    },
    {
        "chapter": 61,
        "verse": 14,
        "juz": 28,
        "hizb": 220,
        "manzil": 7,
        "ruku": 485,
        "word_number_in_verse": 12,
        "language_code": "bn",
        "text": "হাওয়ারীদেরকে",
        "root_word": "لِلۡحَوَارِيِّـۧنَ",
        "global_word_sequence_number": 71305,
        "global_verse_sequence_number": 5177
    },
    {
        "chapter": 61,
        "verse": 14,
        "juz": 28,
        "hizb": 220,
        "manzil": 7,
        "ruku": 485,
        "word_number_in_verse": 13,
        "language_code": "bn",
        "text": "\"কে",
        "root_word": "مَنۡ",
        "global_word_sequence_number": 71306,
        "global_verse_sequence_number": 5177
    },
    {
        "chapter": 61,
        "verse": 14,
        "juz": 28,
        "hizb": 220,
        "manzil": 7,
        "ruku": 485,
        "word_number_in_verse": 14,
        "language_code": "bn",
        "text": "আমার সাহায্যকারী",
        "root_word": "أَنصَارِيٓ",
        "global_word_sequence_number": 71307,
        "global_verse_sequence_number": 5177
    },
    {
        "chapter": 61,
        "verse": 14,
        "juz": 28,
        "hizb": 220,
        "manzil": 7,
        "ruku": 485,
        "word_number_in_verse": 15,
        "language_code": "bn",
        "text": "দিকে",
        "root_word": "إِلَى",
        "global_word_sequence_number": 71308,
        "global_verse_sequence_number": 5177
    },
    {
        "chapter": 61,
        "verse": 14,
        "juz": 28,
        "hizb": 220,
        "manzil": 7,
        "ruku": 485,
        "word_number_in_verse": 16,
        "language_code": "bn",
        "text": "আল্লাহর\"",
        "root_word": "ٱللَّهِۖ",
        "global_word_sequence_number": 71309,
        "global_verse_sequence_number": 5177
    },
    {
        "chapter": 61,
        "verse": 14,
        "juz": 28,
        "hizb": 220,
        "manzil": 7,
        "ruku": 485,
        "word_number_in_verse": 17,
        "language_code": "bn",
        "text": "বলেছিল",
        "root_word": "قَالَ",
        "global_word_sequence_number": 71310,
        "global_verse_sequence_number": 5177
    },
    {
        "chapter": 61,
        "verse": 14,
        "juz": 28,
        "hizb": 220,
        "manzil": 7,
        "ruku": 485,
        "word_number_in_verse": 18,
        "language_code": "bn",
        "text": "হাওয়ারীরা",
        "root_word": "ٱلۡحَوَارِيُّونَ",
        "global_word_sequence_number": 71311,
        "global_verse_sequence_number": 5177
    },
    {
        "chapter": 61,
        "verse": 14,
        "juz": 28,
        "hizb": 220,
        "manzil": 7,
        "ruku": 485,
        "word_number_in_verse": 19,
        "language_code": "bn",
        "text": "\"আমরা",
        "root_word": "نَحۡنُ",
        "global_word_sequence_number": 71312,
        "global_verse_sequence_number": 5177
    },
    {
        "chapter": 61,
        "verse": 14,
        "juz": 28,
        "hizb": 220,
        "manzil": 7,
        "ruku": 485,
        "word_number_in_verse": 20,
        "language_code": "bn",
        "text": "সাহায্যকারী",
        "root_word": "أَنصَارُ",
        "global_word_sequence_number": 71313,
        "global_verse_sequence_number": 5177
    },
    {
        "chapter": 61,
        "verse": 14,
        "juz": 28,
        "hizb": 220,
        "manzil": 7,
        "ruku": 485,
        "word_number_in_verse": 21,
        "language_code": "bn",
        "text": "আল্লাহর\"",
        "root_word": "ٱللَّهِۖ",
        "global_word_sequence_number": 71314,
        "global_verse_sequence_number": 5177
    },
    {
        "chapter": 61,
        "verse": 14,
        "juz": 28,
        "hizb": 220,
        "manzil": 7,
        "ruku": 485,
        "word_number_in_verse": 22,
        "language_code": "bn",
        "text": "অতঃপর ঈমান আনল",
        "root_word": "فَـَٔامَنَت",
        "global_word_sequence_number": 71315,
        "global_verse_sequence_number": 5177
    },
    {
        "chapter": 61,
        "verse": 14,
        "juz": 28,
        "hizb": 220,
        "manzil": 7,
        "ruku": 485,
        "word_number_in_verse": 23,
        "language_code": "bn",
        "text": "এক দল",
        "root_word": "طَّآئِفَةٞ",
        "global_word_sequence_number": 71316,
        "global_verse_sequence_number": 5177
    },
    {
        "chapter": 61,
        "verse": 14,
        "juz": 28,
        "hizb": 220,
        "manzil": 7,
        "ruku": 485,
        "word_number_in_verse": 24,
        "language_code": "bn",
        "text": "মধ্যে",
        "root_word": "مِّنۢ",
        "global_word_sequence_number": 71317,
        "global_verse_sequence_number": 5177
    },
    {
        "chapter": 61,
        "verse": 14,
        "juz": 28,
        "hizb": 220,
        "manzil": 7,
        "ruku": 485,
        "word_number_in_verse": 25,
        "language_code": "bn",
        "text": "বনী",
        "root_word": "بَنِيٓ",
        "global_word_sequence_number": 71318,
        "global_verse_sequence_number": 5177
    },
    {
        "chapter": 61,
        "verse": 14,
        "juz": 28,
        "hizb": 220,
        "manzil": 7,
        "ruku": 485,
        "word_number_in_verse": 26,
        "language_code": "bn",
        "text": "ইসরাইল",
        "root_word": "إِسۡرَٰٓءِيلَ",
        "global_word_sequence_number": 71319,
        "global_verse_sequence_number": 5177
    },
    {
        "chapter": 61,
        "verse": 14,
        "juz": 28,
        "hizb": 220,
        "manzil": 7,
        "ruku": 485,
        "word_number_in_verse": 27,
        "language_code": "bn",
        "text": "এবং কুফরি করল",
        "root_word": "وَكَفَرَت",
        "global_word_sequence_number": 71320,
        "global_verse_sequence_number": 5177
    },
    {
        "chapter": 61,
        "verse": 14,
        "juz": 28,
        "hizb": 220,
        "manzil": 7,
        "ruku": 485,
        "word_number_in_verse": 28,
        "language_code": "bn",
        "text": "এক দল",
        "root_word": "طَّآئِفَةٞۖ",
        "global_word_sequence_number": 71321,
        "global_verse_sequence_number": 5177
    },
    {
        "chapter": 61,
        "verse": 14,
        "juz": 28,
        "hizb": 220,
        "manzil": 7,
        "ruku": 485,
        "word_number_in_verse": 29,
        "language_code": "bn",
        "text": "অতঃপর আমরা সাহায্য করলাম",
        "root_word": "فَأَيَّدۡنَا",
        "global_word_sequence_number": 71322,
        "global_verse_sequence_number": 5177
    },
    {
        "chapter": 61,
        "verse": 14,
        "juz": 28,
        "hizb": 220,
        "manzil": 7,
        "ruku": 485,
        "word_number_in_verse": 30,
        "language_code": "bn",
        "text": "(তাদেরকে) যারা",
        "root_word": "ٱلَّذِينَ",
        "global_word_sequence_number": 71323,
        "global_verse_sequence_number": 5177
    },
    {
        "chapter": 61,
        "verse": 14,
        "juz": 28,
        "hizb": 220,
        "manzil": 7,
        "ruku": 485,
        "word_number_in_verse": 31,
        "language_code": "bn",
        "text": "ঈমান এনেছিল",
        "root_word": "ءَامَنُواْ",
        "global_word_sequence_number": 71324,
        "global_verse_sequence_number": 5177
    },
    {
        "chapter": 61,
        "verse": 14,
        "juz": 28,
        "hizb": 220,
        "manzil": 7,
        "ruku": 485,
        "word_number_in_verse": 32,
        "language_code": "bn",
        "text": "উপর",
        "root_word": "عَلَىٰ",
        "global_word_sequence_number": 71325,
        "global_verse_sequence_number": 5177
    },
    {
        "chapter": 61,
        "verse": 14,
        "juz": 28,
        "hizb": 220,
        "manzil": 7,
        "ruku": 485,
        "word_number_in_verse": 33,
        "language_code": "bn",
        "text": "তাদের দুশমনের",
        "root_word": "عَدُوِّهِمۡ",
        "global_word_sequence_number": 71326,
        "global_verse_sequence_number": 5177
    },
    {
        "chapter": 61,
        "verse": 14,
        "juz": 28,
        "hizb": 220,
        "manzil": 7,
        "ruku": 485,
        "word_number_in_verse": 34,
        "language_code": "bn",
        "text": "অতঃপর তারা হলো",
        "root_word": "فَأَصۡبَحُواْ",
        "global_word_sequence_number": 71327,
        "global_verse_sequence_number": 5177
    },
    {
        "chapter": 61,
        "verse": 14,
        "juz": 28,
        "hizb": 220,
        "manzil": 7,
        "ruku": 485,
        "word_number_in_verse": 35,
        "language_code": "bn",
        "text": "বিজয়ী",
        "root_word": "ظَٰهِرِينَ",
        "global_word_sequence_number": 71328,
        "global_verse_sequence_number": 5177
    }
]