[
    {
        "chapter": 62,
        "verse": 1,
        "juz": 28,
        "hizb": 221,
        "manzil": 7,
        "ruku": 486,
        "word_number_in_verse": 1,
        "language_code": "bn",
        "text": "মহিমা ঘোষণা করে",
        "root_word": "يُسَبِّحُ",
        "global_word_sequence_number": 71329,
        "global_verse_sequence_number": 5178
    },
    {
        "chapter": 62,
        "verse": 1,
        "juz": 28,
        "hizb": 221,
        "manzil": 7,
        "ruku": 486,
        "word_number_in_verse": 2,
        "language_code": "bn",
        "text": "আল্লাহরই",
        "root_word": "لِلَّهِ",
        "global_word_sequence_number": 71330,
        "global_verse_sequence_number": 5178
    },
    {
        "chapter": 62,
        "verse": 1,
        "juz": 28,
        "hizb": 221,
        "manzil": 7,
        "ruku": 486,
        "word_number_in_verse": 3,
        "language_code": "bn",
        "text": "যা",
        "root_word": "مَا",
        "global_word_sequence_number": 71331,
        "global_verse_sequence_number": 5178
    },
    {
        "chapter": 62,
        "verse": 1,
        "juz": 28,
        "hizb": 221,
        "manzil": 7,
        "ruku": 486,
        "word_number_in_verse": 4,
        "language_code": "bn",
        "text": "মধ্যে (আছে)",
        "root_word": "فِي",
        "global_word_sequence_number": 71332,
        "global_verse_sequence_number": 5178
    },
    {
        "chapter": 62,
        "verse": 1,
        "juz": 28,
        "hizb": 221,
        "manzil": 7,
        "ruku": 486,
        "word_number_in_verse": 5,
        "language_code": "bn",
        "text": "আকাশ জগতের",
        "root_word": "ٱلسَّمَٰوَٰتِ",
        "global_word_sequence_number": 71333,
        "global_verse_sequence_number": 5178
    },
    {
        "chapter": 62,
        "verse": 1,
        "juz": 28,
        "hizb": 221,
        "manzil": 7,
        "ruku": 486,
        "word_number_in_verse": 6,
        "language_code": "bn",
        "text": "ও যা",
        "root_word": "وَمَا",
        "global_word_sequence_number": 71334,
        "global_verse_sequence_number": 5178
    },
    {
        "chapter": 62,
        "verse": 1,
        "juz": 28,
        "hizb": 221,
        "manzil": 7,
        "ruku": 486,
        "word_number_in_verse": 7,
        "language_code": "bn",
        "text": "মধ্যে (আছে)",
        "root_word": "فِي",
        "global_word_sequence_number": 71335,
        "global_verse_sequence_number": 5178
    },
    {
        "chapter": 62,
        "verse": 1,
        "juz": 28,
        "hizb": 221,
        "manzil": 7,
        "ruku": 486,
        "word_number_in_verse": 8,
        "language_code": "bn",
        "text": "পৃথিবীর",
        "root_word": "ٱلۡأَرۡضِ",
        "global_word_sequence_number": 71336,
        "global_verse_sequence_number": 5178
    },
    {
        "chapter": 62,
        "verse": 1,
        "juz": 28,
        "hizb": 221,
        "manzil": 7,
        "ruku": 486,
        "word_number_in_verse": 9,
        "language_code": "bn",
        "text": "অধিপতি",
        "root_word": "ٱلۡمَلِكِ",
        "global_word_sequence_number": 71337,
        "global_verse_sequence_number": 5178
    },
    {
        "chapter": 62,
        "verse": 1,
        "juz": 28,
        "hizb": 221,
        "manzil": 7,
        "ruku": 486,
        "word_number_in_verse": 10,
        "language_code": "bn",
        "text": "মহান পবিত্র",
        "root_word": "ٱلۡقُدُّوسِ",
        "global_word_sequence_number": 71338,
        "global_verse_sequence_number": 5178
    },
    {
        "chapter": 62,
        "verse": 1,
        "juz": 28,
        "hizb": 221,
        "manzil": 7,
        "ruku": 486,
        "word_number_in_verse": 11,
        "language_code": "bn",
        "text": "মহাপরাক্রমশালী",
        "root_word": "ٱلۡعَزِيزِ",
        "global_word_sequence_number": 71339,
        "global_verse_sequence_number": 5178
    },
    {
        "chapter": 62,
        "verse": 1,
        "juz": 28,
        "hizb": 221,
        "manzil": 7,
        "ruku": 486,
        "word_number_in_verse": 12,
        "language_code": "bn",
        "text": "প্রজ্ঞাময়",
        "root_word": "ٱلۡحَكِيمِ",
        "global_word_sequence_number": 71340,
        "global_verse_sequence_number": 5178
    },
    {
        "chapter": 62,
        "verse": 2,
        "juz": 28,
        "hizb": 221,
        "manzil": 7,
        "ruku": 486,
        "word_number_in_verse": 1,
        "language_code": "bn",
        "text": "তিনিই",
        "root_word": "هُوَ",
        "global_word_sequence_number": 71341,
        "global_verse_sequence_number": 5179
    },
    {
        "chapter": 62,
        "verse": 2,
        "juz": 28,
        "hizb": 221,
        "manzil": 7,
        "ruku": 486,
        "word_number_in_verse": 2,
        "language_code": "bn",
        "text": "যিনি",
        "root_word": "ٱلَّذِي",
        "global_word_sequence_number": 71342,
        "global_verse_sequence_number": 5179
    },
    {
        "chapter": 62,
        "verse": 2,
        "juz": 28,
        "hizb": 221,
        "manzil": 7,
        "ruku": 486,
        "word_number_in_verse": 3,
        "language_code": "bn",
        "text": "পাঠিয়েছেন",
        "root_word": "بَعَثَ",
        "global_word_sequence_number": 71343,
        "global_verse_sequence_number": 5179
    },
    {
        "chapter": 62,
        "verse": 2,
        "juz": 28,
        "hizb": 221,
        "manzil": 7,
        "ruku": 486,
        "word_number_in_verse": 4,
        "language_code": "bn",
        "text": "মধ্যে",
        "root_word": "فِي",
        "global_word_sequence_number": 71344,
        "global_verse_sequence_number": 5179
    },
    {
        "chapter": 62,
        "verse": 2,
        "juz": 28,
        "hizb": 221,
        "manzil": 7,
        "ruku": 486,
        "word_number_in_verse": 5,
        "language_code": "bn",
        "text": "নিরক্ষরদের",
        "root_word": "ٱلۡأُمِّيِّـۧنَ",
        "global_word_sequence_number": 71345,
        "global_verse_sequence_number": 5179
    },
    {
        "chapter": 62,
        "verse": 2,
        "juz": 28,
        "hizb": 221,
        "manzil": 7,
        "ruku": 486,
        "word_number_in_verse": 6,
        "language_code": "bn",
        "text": "একজন রাসূল",
        "root_word": "رَسُولٗا",
        "global_word_sequence_number": 71346,
        "global_verse_sequence_number": 5179
    },
    {
        "chapter": 62,
        "verse": 2,
        "juz": 28,
        "hizb": 221,
        "manzil": 7,
        "ruku": 486,
        "word_number_in_verse": 7,
        "language_code": "bn",
        "text": "তাদের মধ্য থেকে",
        "root_word": "مِّنۡهُمۡ",
        "global_word_sequence_number": 71347,
        "global_verse_sequence_number": 5179
    },
    {
        "chapter": 62,
        "verse": 2,
        "juz": 28,
        "hizb": 221,
        "manzil": 7,
        "ruku": 486,
        "word_number_in_verse": 8,
        "language_code": "bn",
        "text": "যে আবৃত্তি করে",
        "root_word": "يَتۡلُواْ",
        "global_word_sequence_number": 71348,
        "global_verse_sequence_number": 5179
    },
    {
        "chapter": 62,
        "verse": 2,
        "juz": 28,
        "hizb": 221,
        "manzil": 7,
        "ruku": 486,
        "word_number_in_verse": 9,
        "language_code": "bn",
        "text": "তাদের নিকট",
        "root_word": "عَلَيۡهِمۡ",
        "global_word_sequence_number": 71349,
        "global_verse_sequence_number": 5179
    },
    {
        "chapter": 62,
        "verse": 2,
        "juz": 28,
        "hizb": 221,
        "manzil": 7,
        "ruku": 486,
        "word_number_in_verse": 10,
        "language_code": "bn",
        "text": "তাঁর আয়াতগুলো",
        "root_word": "ءَايَٰتِهِۦ",
        "global_word_sequence_number": 71350,
        "global_verse_sequence_number": 5179
    },
    {
        "chapter": 62,
        "verse": 2,
        "juz": 28,
        "hizb": 221,
        "manzil": 7,
        "ruku": 486,
        "word_number_in_verse": 11,
        "language_code": "bn",
        "text": "ও তাদের পরিশুদ্ধ করে",
        "root_word": "وَيُزَكِّيهِمۡ",
        "global_word_sequence_number": 71351,
        "global_verse_sequence_number": 5179
    },
    {
        "chapter": 62,
        "verse": 2,
        "juz": 28,
        "hizb": 221,
        "manzil": 7,
        "ruku": 486,
        "word_number_in_verse": 12,
        "language_code": "bn",
        "text": "ও তাদের শিক্ষা দেয়",
        "root_word": "وَيُعَلِّمُهُمُ",
        "global_word_sequence_number": 71352,
        "global_verse_sequence_number": 5179
    },
    {
        "chapter": 62,
        "verse": 2,
        "juz": 28,
        "hizb": 221,
        "manzil": 7,
        "ruku": 486,
        "word_number_in_verse": 13,
        "language_code": "bn",
        "text": "কিতাব",
        "root_word": "ٱلۡكِتَٰبَ",
        "global_word_sequence_number": 71353,
        "global_verse_sequence_number": 5179
    },
    {
        "chapter": 62,
        "verse": 2,
        "juz": 28,
        "hizb": 221,
        "manzil": 7,
        "ruku": 486,
        "word_number_in_verse": 14,
        "language_code": "bn",
        "text": "হিকমত",
        "root_word": "وَٱلۡحِكۡمَةَ",
        "global_word_sequence_number": 71354,
        "global_verse_sequence_number": 5179
    },
    {
        "chapter": 62,
        "verse": 2,
        "juz": 28,
        "hizb": 221,
        "manzil": 7,
        "ruku": 486,
        "word_number_in_verse": 15,
        "language_code": "bn",
        "text": "এবং যদিও",
        "root_word": "وَإِن",
        "global_word_sequence_number": 71355,
        "global_verse_sequence_number": 5179
    },
    {
        "chapter": 62,
        "verse": 2,
        "juz": 28,
        "hizb": 221,
        "manzil": 7,
        "ruku": 486,
        "word_number_in_verse": 16,
        "language_code": "bn",
        "text": "তারা ছিল",
        "root_word": "كَانُواْ",
        "global_word_sequence_number": 71356,
        "global_verse_sequence_number": 5179
    },
    {
        "chapter": 62,
        "verse": 2,
        "juz": 28,
        "hizb": 221,
        "manzil": 7,
        "ruku": 486,
        "word_number_in_verse": 17,
        "language_code": "bn",
        "text": "মধ্য হতে",
        "root_word": "مِن",
        "global_word_sequence_number": 71357,
        "global_verse_sequence_number": 5179
    },
    {
        "chapter": 62,
        "verse": 2,
        "juz": 28,
        "hizb": 221,
        "manzil": 7,
        "ruku": 486,
        "word_number_in_verse": 18,
        "language_code": "bn",
        "text": "ইতিপূর্বে",
        "root_word": "قَبۡلُ",
        "global_word_sequence_number": 71358,
        "global_verse_sequence_number": 5179
    },
    {
        "chapter": 62,
        "verse": 2,
        "juz": 28,
        "hizb": 221,
        "manzil": 7,
        "ruku": 486,
        "word_number_in_verse": 19,
        "language_code": "bn",
        "text": "মধ্যে অবশ্যই",
        "root_word": "لَفِي",
        "global_word_sequence_number": 71359,
        "global_verse_sequence_number": 5179
    },
    {
        "chapter": 62,
        "verse": 2,
        "juz": 28,
        "hizb": 221,
        "manzil": 7,
        "ruku": 486,
        "word_number_in_verse": 20,
        "language_code": "bn",
        "text": "বিভ্রান্তির",
        "root_word": "ضَلَٰلٖ",
        "global_word_sequence_number": 71360,
        "global_verse_sequence_number": 5179
    },
    {
        "chapter": 62,
        "verse": 2,
        "juz": 28,
        "hizb": 221,
        "manzil": 7,
        "ruku": 486,
        "word_number_in_verse": 21,
        "language_code": "bn",
        "text": "সুস্পষ্ট",
        "root_word": "مُّبِينٖ",
        "global_word_sequence_number": 71361,
        "global_verse_sequence_number": 5179
    },
    {
        "chapter": 62,
        "verse": 3,
        "juz": 28,
        "hizb": 221,
        "manzil": 7,
        "ruku": 486,
        "word_number_in_verse": 1,
        "language_code": "bn",
        "text": "এবং অন্যান্যদের (জন্যেও)",
        "root_word": "وَءَاخَرِينَ",
        "global_word_sequence_number": 71362,
        "global_verse_sequence_number": 5180
    },
    {
        "chapter": 62,
        "verse": 3,
        "juz": 28,
        "hizb": 221,
        "manzil": 7,
        "ruku": 486,
        "word_number_in_verse": 2,
        "language_code": "bn",
        "text": "তাদের থেকে (যারা)",
        "root_word": "مِنۡهُمۡ",
        "global_word_sequence_number": 71363,
        "global_verse_sequence_number": 5180
    },
    {
        "chapter": 62,
        "verse": 3,
        "juz": 28,
        "hizb": 221,
        "manzil": 7,
        "ruku": 486,
        "word_number_in_verse": 3,
        "language_code": "bn",
        "text": "নাই এখনও",
        "root_word": "لَمَّا",
        "global_word_sequence_number": 71364,
        "global_verse_sequence_number": 5180
    },
    {
        "chapter": 62,
        "verse": 3,
        "juz": 28,
        "hizb": 221,
        "manzil": 7,
        "ruku": 486,
        "word_number_in_verse": 4,
        "language_code": "bn",
        "text": "মিলে",
        "root_word": "يَلۡحَقُواْ",
        "global_word_sequence_number": 71365,
        "global_verse_sequence_number": 5180
    },
    {
        "chapter": 62,
        "verse": 3,
        "juz": 28,
        "hizb": 221,
        "manzil": 7,
        "ruku": 486,
        "word_number_in_verse": 5,
        "language_code": "bn",
        "text": "তাদের সাথে",
        "root_word": "بِهِمۡۚ",
        "global_word_sequence_number": 71366,
        "global_verse_sequence_number": 5180
    },
    {
        "chapter": 62,
        "verse": 3,
        "juz": 28,
        "hizb": 221,
        "manzil": 7,
        "ruku": 486,
        "word_number_in_verse": 6,
        "language_code": "bn",
        "text": "এবং তিনি",
        "root_word": "وَهُوَ",
        "global_word_sequence_number": 71367,
        "global_verse_sequence_number": 5180
    },
    {
        "chapter": 62,
        "verse": 3,
        "juz": 28,
        "hizb": 221,
        "manzil": 7,
        "ruku": 486,
        "word_number_in_verse": 7,
        "language_code": "bn",
        "text": "পরাক্রমশীল",
        "root_word": "ٱلۡعَزِيزُ",
        "global_word_sequence_number": 71368,
        "global_verse_sequence_number": 5180
    },
    {
        "chapter": 62,
        "verse": 3,
        "juz": 28,
        "hizb": 221,
        "manzil": 7,
        "ruku": 486,
        "word_number_in_verse": 8,
        "language_code": "bn",
        "text": "প্রজ্ঞাময়",
        "root_word": "ٱلۡحَكِيمُ",
        "global_word_sequence_number": 71369,
        "global_verse_sequence_number": 5180
    },
    {
        "chapter": 62,
        "verse": 4,
        "juz": 28,
        "hizb": 221,
        "manzil": 7,
        "ruku": 486,
        "word_number_in_verse": 1,
        "language_code": "bn",
        "text": "এটা",
        "root_word": "ذَٰلِكَ",
        "global_word_sequence_number": 71370,
        "global_verse_sequence_number": 5181
    },
    {
        "chapter": 62,
        "verse": 4,
        "juz": 28,
        "hizb": 221,
        "manzil": 7,
        "ruku": 486,
        "word_number_in_verse": 2,
        "language_code": "bn",
        "text": "অনুগ্রহ",
        "root_word": "فَضۡلُ",
        "global_word_sequence_number": 71371,
        "global_verse_sequence_number": 5181
    },
    {
        "chapter": 62,
        "verse": 4,
        "juz": 28,
        "hizb": 221,
        "manzil": 7,
        "ruku": 486,
        "word_number_in_verse": 3,
        "language_code": "bn",
        "text": "আল্লাহর",
        "root_word": "ٱللَّهِ",
        "global_word_sequence_number": 71372,
        "global_verse_sequence_number": 5181
    },
    {
        "chapter": 62,
        "verse": 4,
        "juz": 28,
        "hizb": 221,
        "manzil": 7,
        "ruku": 486,
        "word_number_in_verse": 4,
        "language_code": "bn",
        "text": "তাকে দেন",
        "root_word": "يُؤۡتِيهِ",
        "global_word_sequence_number": 71373,
        "global_verse_sequence_number": 5181
    },
    {
        "chapter": 62,
        "verse": 4,
        "juz": 28,
        "hizb": 221,
        "manzil": 7,
        "ruku": 486,
        "word_number_in_verse": 5,
        "language_code": "bn",
        "text": "যাকে",
        "root_word": "مَن",
        "global_word_sequence_number": 71374,
        "global_verse_sequence_number": 5181
    },
    {
        "chapter": 62,
        "verse": 4,
        "juz": 28,
        "hizb": 221,
        "manzil": 7,
        "ruku": 486,
        "word_number_in_verse": 6,
        "language_code": "bn",
        "text": "তিনি চান",
        "root_word": "يَشَآءُۚ",
        "global_word_sequence_number": 71375,
        "global_verse_sequence_number": 5181
    },
    {
        "chapter": 62,
        "verse": 4,
        "juz": 28,
        "hizb": 221,
        "manzil": 7,
        "ruku": 486,
        "word_number_in_verse": 7,
        "language_code": "bn",
        "text": "এবং আল্লাহ",
        "root_word": "وَٱللَّهُ",
        "global_word_sequence_number": 71376,
        "global_verse_sequence_number": 5181
    },
    {
        "chapter": 62,
        "verse": 4,
        "juz": 28,
        "hizb": 221,
        "manzil": 7,
        "ruku": 486,
        "word_number_in_verse": 8,
        "language_code": "bn",
        "text": "(আছে)",
        "root_word": "ذُو",
        "global_word_sequence_number": 71377,
        "global_verse_sequence_number": 5181
    },
    {
        "chapter": 62,
        "verse": 4,
        "juz": 28,
        "hizb": 221,
        "manzil": 7,
        "ruku": 486,
        "word_number_in_verse": 9,
        "language_code": "bn",
        "text": "অনুগ্রহকারী",
        "root_word": "ٱلۡفَضۡلِ",
        "global_word_sequence_number": 71378,
        "global_verse_sequence_number": 5181
    },
    {
        "chapter": 62,
        "verse": 4,
        "juz": 28,
        "hizb": 221,
        "manzil": 7,
        "ruku": 486,
        "word_number_in_verse": 10,
        "language_code": "bn",
        "text": "মহান",
        "root_word": "ٱلۡعَظِيمِ",
        "global_word_sequence_number": 71379,
        "global_verse_sequence_number": 5181
    },
    {
        "chapter": 62,
        "verse": 5,
        "juz": 28,
        "hizb": 221,
        "manzil": 7,
        "ruku": 486,
        "word_number_in_verse": 1,
        "language_code": "bn",
        "text": "দৃষ্টান্ত",
        "root_word": "مَثَلُ",
        "global_word_sequence_number": 71380,
        "global_verse_sequence_number": 5182
    },
    {
        "chapter": 62,
        "verse": 5,
        "juz": 28,
        "hizb": 221,
        "manzil": 7,
        "ruku": 486,
        "word_number_in_verse": 2,
        "language_code": "bn",
        "text": "যাদের",
        "root_word": "ٱلَّذِينَ",
        "global_word_sequence_number": 71381,
        "global_verse_sequence_number": 5182
    },
    {
        "chapter": 62,
        "verse": 5,
        "juz": 28,
        "hizb": 221,
        "manzil": 7,
        "ruku": 486,
        "word_number_in_verse": 3,
        "language_code": "bn",
        "text": "ভার দেয়া হয়েছিল",
        "root_word": "حُمِّلُواْ",
        "global_word_sequence_number": 71382,
        "global_verse_sequence_number": 5182
    },
    {
        "chapter": 62,
        "verse": 5,
        "juz": 28,
        "hizb": 221,
        "manzil": 7,
        "ruku": 486,
        "word_number_in_verse": 4,
        "language_code": "bn",
        "text": "তাওরাতের (দায়িত্ব)",
        "root_word": "ٱلتَّوۡرَىٰةَ",
        "global_word_sequence_number": 71383,
        "global_verse_sequence_number": 5182
    },
    {
        "chapter": 62,
        "verse": 5,
        "juz": 28,
        "hizb": 221,
        "manzil": 7,
        "ruku": 486,
        "word_number_in_verse": 5,
        "language_code": "bn",
        "text": "এরপর",
        "root_word": "ثُمَّ",
        "global_word_sequence_number": 71384,
        "global_verse_sequence_number": 5182
    },
    {
        "chapter": 62,
        "verse": 5,
        "juz": 28,
        "hizb": 221,
        "manzil": 7,
        "ruku": 486,
        "word_number_in_verse": 6,
        "language_code": "bn",
        "text": "নাই",
        "root_word": "لَمۡ",
        "global_word_sequence_number": 71385,
        "global_verse_sequence_number": 5182
    },
    {
        "chapter": 62,
        "verse": 5,
        "juz": 28,
        "hizb": 221,
        "manzil": 7,
        "ruku": 486,
        "word_number_in_verse": 7,
        "language_code": "bn",
        "text": "তা বহন করে",
        "root_word": "يَحۡمِلُوهَا",
        "global_word_sequence_number": 71386,
        "global_verse_sequence_number": 5182
    },
    {
        "chapter": 62,
        "verse": 5,
        "juz": 28,
        "hizb": 221,
        "manzil": 7,
        "ruku": 486,
        "word_number_in_verse": 8,
        "language_code": "bn",
        "text": "দৃষ্টান্ত যেমন",
        "root_word": "كَمَثَلِ",
        "global_word_sequence_number": 71387,
        "global_verse_sequence_number": 5182
    },
    {
        "chapter": 62,
        "verse": 5,
        "juz": 28,
        "hizb": 221,
        "manzil": 7,
        "ruku": 486,
        "word_number_in_verse": 9,
        "language_code": "bn",
        "text": "গাধার",
        "root_word": "ٱلۡحِمَارِ",
        "global_word_sequence_number": 71388,
        "global_verse_sequence_number": 5182
    },
    {
        "chapter": 62,
        "verse": 5,
        "juz": 28,
        "hizb": 221,
        "manzil": 7,
        "ruku": 486,
        "word_number_in_verse": 10,
        "language_code": "bn",
        "text": "বহন করে",
        "root_word": "يَحۡمِلُ",
        "global_word_sequence_number": 71389,
        "global_verse_sequence_number": 5182
    },
    {
        "chapter": 62,
        "verse": 5,
        "juz": 28,
        "hizb": 221,
        "manzil": 7,
        "ruku": 486,
        "word_number_in_verse": 11,
        "language_code": "bn",
        "text": "কিতাবসমূহ",
        "root_word": "أَسۡفَارَۢاۚ",
        "global_word_sequence_number": 71390,
        "global_verse_sequence_number": 5182
    },
    {
        "chapter": 62,
        "verse": 5,
        "juz": 28,
        "hizb": 221,
        "manzil": 7,
        "ruku": 486,
        "word_number_in_verse": 12,
        "language_code": "bn",
        "text": "কত নিকৃষ্ট",
        "root_word": "بِئۡسَ",
        "global_word_sequence_number": 71391,
        "global_verse_sequence_number": 5182
    },
    {
        "chapter": 62,
        "verse": 5,
        "juz": 28,
        "hizb": 221,
        "manzil": 7,
        "ruku": 486,
        "word_number_in_verse": 13,
        "language_code": "bn",
        "text": "দৃষ্টান্ত",
        "root_word": "مَثَلُ",
        "global_word_sequence_number": 71392,
        "global_verse_sequence_number": 5182
    },
    {
        "chapter": 62,
        "verse": 5,
        "juz": 28,
        "hizb": 221,
        "manzil": 7,
        "ruku": 486,
        "word_number_in_verse": 14,
        "language_code": "bn",
        "text": "(সেই) লোকদের",
        "root_word": "ٱلۡقَوۡمِ",
        "global_word_sequence_number": 71393,
        "global_verse_sequence_number": 5182
    },
    {
        "chapter": 62,
        "verse": 5,
        "juz": 28,
        "hizb": 221,
        "manzil": 7,
        "ruku": 486,
        "word_number_in_verse": 15,
        "language_code": "bn",
        "text": "যারা",
        "root_word": "ٱلَّذِينَ",
        "global_word_sequence_number": 71394,
        "global_verse_sequence_number": 5182
    },
    {
        "chapter": 62,
        "verse": 5,
        "juz": 28,
        "hizb": 221,
        "manzil": 7,
        "ruku": 486,
        "word_number_in_verse": 16,
        "language_code": "bn",
        "text": "মিথ্যারোপ করেছে",
        "root_word": "كَذَّبُواْ",
        "global_word_sequence_number": 71395,
        "global_verse_sequence_number": 5182
    },
    {
        "chapter": 62,
        "verse": 5,
        "juz": 28,
        "hizb": 221,
        "manzil": 7,
        "ruku": 486,
        "word_number_in_verse": 17,
        "language_code": "bn",
        "text": "আয়াতগুলোকে",
        "root_word": "بِـَٔايَٰتِ",
        "global_word_sequence_number": 71396,
        "global_verse_sequence_number": 5182
    },
    {
        "chapter": 62,
        "verse": 5,
        "juz": 28,
        "hizb": 221,
        "manzil": 7,
        "ruku": 486,
        "word_number_in_verse": 18,
        "language_code": "bn",
        "text": "আল্লাহর",
        "root_word": "ٱللَّهِۚ",
        "global_word_sequence_number": 71397,
        "global_verse_sequence_number": 5182
    },
    {
        "chapter": 62,
        "verse": 5,
        "juz": 28,
        "hizb": 221,
        "manzil": 7,
        "ruku": 486,
        "word_number_in_verse": 19,
        "language_code": "bn",
        "text": "এবং আল্লাহ",
        "root_word": "وَٱللَّهُ",
        "global_word_sequence_number": 71398,
        "global_verse_sequence_number": 5182
    },
    {
        "chapter": 62,
        "verse": 5,
        "juz": 28,
        "hizb": 221,
        "manzil": 7,
        "ruku": 486,
        "word_number_in_verse": 20,
        "language_code": "bn",
        "text": "না",
        "root_word": "لَا",
        "global_word_sequence_number": 71399,
        "global_verse_sequence_number": 5182
    },
    {
        "chapter": 62,
        "verse": 5,
        "juz": 28,
        "hizb": 221,
        "manzil": 7,
        "ruku": 486,
        "word_number_in_verse": 21,
        "language_code": "bn",
        "text": "হেদায়াত দেন",
        "root_word": "يَهۡدِي",
        "global_word_sequence_number": 71400,
        "global_verse_sequence_number": 5182
    },
    {
        "chapter": 62,
        "verse": 5,
        "juz": 28,
        "hizb": 221,
        "manzil": 7,
        "ruku": 486,
        "word_number_in_verse": 22,
        "language_code": "bn",
        "text": "লোকদের",
        "root_word": "ٱلۡقَوۡمَ",
        "global_word_sequence_number": 71401,
        "global_verse_sequence_number": 5182
    },
    {
        "chapter": 62,
        "verse": 5,
        "juz": 28,
        "hizb": 221,
        "manzil": 7,
        "ruku": 486,
        "word_number_in_verse": 23,
        "language_code": "bn",
        "text": "যালেম",
        "root_word": "ٱلظَّٰلِمِينَ",
        "global_word_sequence_number": 71402,
        "global_verse_sequence_number": 5182
    },
    {
        "chapter": 62,
        "verse": 6,
        "juz": 28,
        "hizb": 221,
        "manzil": 7,
        "ruku": 486,
        "word_number_in_verse": 1,
        "language_code": "bn",
        "text": "বল",
        "root_word": "قُلۡ",
        "global_word_sequence_number": 71403,
        "global_verse_sequence_number": 5183
    },
    {
        "chapter": 62,
        "verse": 6,
        "juz": 28,
        "hizb": 221,
        "manzil": 7,
        "ruku": 486,
        "word_number_in_verse": 2,
        "language_code": "bn",
        "text": "\"ওহে",
        "root_word": "يَٰٓأَيُّهَا",
        "global_word_sequence_number": 71404,
        "global_verse_sequence_number": 5183
    },
    {
        "chapter": 62,
        "verse": 6,
        "juz": 28,
        "hizb": 221,
        "manzil": 7,
        "ruku": 486,
        "word_number_in_verse": 3,
        "language_code": "bn",
        "text": "\"যারা",
        "root_word": "ٱلَّذِينَ",
        "global_word_sequence_number": 71405,
        "global_verse_sequence_number": 5183
    },
    {
        "chapter": 62,
        "verse": 6,
        "juz": 28,
        "hizb": 221,
        "manzil": 7,
        "ruku": 486,
        "word_number_in_verse": 4,
        "language_code": "bn",
        "text": "\"ইহুদী হয়েছো",
        "root_word": "هَادُوٓاْ",
        "global_word_sequence_number": 71406,
        "global_verse_sequence_number": 5183
    },
    {
        "chapter": 62,
        "verse": 6,
        "juz": 28,
        "hizb": 221,
        "manzil": 7,
        "ruku": 486,
        "word_number_in_verse": 5,
        "language_code": "bn",
        "text": "যদি",
        "root_word": "إِن",
        "global_word_sequence_number": 71407,
        "global_verse_sequence_number": 5183
    },
    {
        "chapter": 62,
        "verse": 6,
        "juz": 28,
        "hizb": 221,
        "manzil": 7,
        "ruku": 486,
        "word_number_in_verse": 6,
        "language_code": "bn",
        "text": "তোমরা দাবি করো",
        "root_word": "زَعَمۡتُمۡ",
        "global_word_sequence_number": 71408,
        "global_verse_sequence_number": 5183
    },
    {
        "chapter": 62,
        "verse": 6,
        "juz": 28,
        "hizb": 221,
        "manzil": 7,
        "ruku": 486,
        "word_number_in_verse": 7,
        "language_code": "bn",
        "text": "তোমরাই যে",
        "root_word": "أَنَّكُمۡ",
        "global_word_sequence_number": 71409,
        "global_verse_sequence_number": 5183
    },
    {
        "chapter": 62,
        "verse": 6,
        "juz": 28,
        "hizb": 221,
        "manzil": 7,
        "ruku": 486,
        "word_number_in_verse": 8,
        "language_code": "bn",
        "text": "বন্ধু",
        "root_word": "أَوۡلِيَآءُ",
        "global_word_sequence_number": 71410,
        "global_verse_sequence_number": 5183
    },
    {
        "chapter": 62,
        "verse": 6,
        "juz": 28,
        "hizb": 221,
        "manzil": 7,
        "ruku": 486,
        "word_number_in_verse": 9,
        "language_code": "bn",
        "text": "আল্লাহরই",
        "root_word": "لِلَّهِ",
        "global_word_sequence_number": 71411,
        "global_verse_sequence_number": 5183
    },
    {
        "chapter": 62,
        "verse": 6,
        "juz": 28,
        "hizb": 221,
        "manzil": 7,
        "ruku": 486,
        "word_number_in_verse": 10,
        "language_code": "bn",
        "text": "মধ্য হতে",
        "root_word": "مِن",
        "global_word_sequence_number": 71412,
        "global_verse_sequence_number": 5183
    },
    {
        "chapter": 62,
        "verse": 6,
        "juz": 28,
        "hizb": 221,
        "manzil": 7,
        "ruku": 486,
        "word_number_in_verse": 11,
        "language_code": "bn",
        "text": "ছাড়া",
        "root_word": "دُونِ",
        "global_word_sequence_number": 71413,
        "global_verse_sequence_number": 5183
    },
    {
        "chapter": 62,
        "verse": 6,
        "juz": 28,
        "hizb": 221,
        "manzil": 7,
        "ruku": 486,
        "word_number_in_verse": 12,
        "language_code": "bn",
        "text": "(অন্য) মানবগোষ্ঠী",
        "root_word": "ٱلنَّاسِ",
        "global_word_sequence_number": 71414,
        "global_verse_sequence_number": 5183
    },
    {
        "chapter": 62,
        "verse": 6,
        "juz": 28,
        "hizb": 221,
        "manzil": 7,
        "ruku": 486,
        "word_number_in_verse": 13,
        "language_code": "bn",
        "text": "তবে তোমরা কামনা করো",
        "root_word": "فَتَمَنَّوُاْ",
        "global_word_sequence_number": 71415,
        "global_verse_sequence_number": 5183
    },
    {
        "chapter": 62,
        "verse": 6,
        "juz": 28,
        "hizb": 221,
        "manzil": 7,
        "ruku": 486,
        "word_number_in_verse": 14,
        "language_code": "bn",
        "text": "মৃত্যু",
        "root_word": "ٱلۡمَوۡتَ",
        "global_word_sequence_number": 71416,
        "global_verse_sequence_number": 5183
    },
    {
        "chapter": 62,
        "verse": 6,
        "juz": 28,
        "hizb": 221,
        "manzil": 7,
        "ruku": 486,
        "word_number_in_verse": 15,
        "language_code": "bn",
        "text": "যদি",
        "root_word": "إِن",
        "global_word_sequence_number": 71417,
        "global_verse_sequence_number": 5183
    },
    {
        "chapter": 62,
        "verse": 6,
        "juz": 28,
        "hizb": 221,
        "manzil": 7,
        "ruku": 486,
        "word_number_in_verse": 16,
        "language_code": "bn",
        "text": "তোমরা হও",
        "root_word": "كُنتُمۡ",
        "global_word_sequence_number": 71418,
        "global_verse_sequence_number": 5183
    },
    {
        "chapter": 62,
        "verse": 6,
        "juz": 28,
        "hizb": 221,
        "manzil": 7,
        "ruku": 486,
        "word_number_in_verse": 17,
        "language_code": "bn",
        "text": "সত্যবাদী\"",
        "root_word": "صَٰدِقِينَ",
        "global_word_sequence_number": 71419,
        "global_verse_sequence_number": 5183
    },
    {
        "chapter": 62,
        "verse": 7,
        "juz": 28,
        "hizb": 221,
        "manzil": 7,
        "ruku": 486,
        "word_number_in_verse": 1,
        "language_code": "bn",
        "text": "এবং না",
        "root_word": "وَلَا",
        "global_word_sequence_number": 71420,
        "global_verse_sequence_number": 5184
    },
    {
        "chapter": 62,
        "verse": 7,
        "juz": 28,
        "hizb": 221,
        "manzil": 7,
        "ruku": 486,
        "word_number_in_verse": 2,
        "language_code": "bn",
        "text": "তারা তা কামনা করবে",
        "root_word": "يَتَمَنَّوۡنَهُۥٓ",
        "global_word_sequence_number": 71421,
        "global_verse_sequence_number": 5184
    },
    {
        "chapter": 62,
        "verse": 7,
        "juz": 28,
        "hizb": 221,
        "manzil": 7,
        "ruku": 486,
        "word_number_in_verse": 3,
        "language_code": "bn",
        "text": "কখনও",
        "root_word": "أَبَدَۢا",
        "global_word_sequence_number": 71422,
        "global_verse_sequence_number": 5184
    },
    {
        "chapter": 62,
        "verse": 7,
        "juz": 28,
        "hizb": 221,
        "manzil": 7,
        "ruku": 486,
        "word_number_in_verse": 4,
        "language_code": "bn",
        "text": "এ কারণে যা",
        "root_word": "بِمَا",
        "global_word_sequence_number": 71423,
        "global_verse_sequence_number": 5184
    },
    {
        "chapter": 62,
        "verse": 7,
        "juz": 28,
        "hizb": 221,
        "manzil": 7,
        "ruku": 486,
        "word_number_in_verse": 5,
        "language_code": "bn",
        "text": "আগে পাঠিয়েছে",
        "root_word": "قَدَّمَتۡ",
        "global_word_sequence_number": 71424,
        "global_verse_sequence_number": 5184
    },
    {
        "chapter": 62,
        "verse": 7,
        "juz": 28,
        "hizb": 221,
        "manzil": 7,
        "ruku": 486,
        "word_number_in_verse": 6,
        "language_code": "bn",
        "text": "তাদের হাতগুলো",
        "root_word": "أَيۡدِيهِمۡۚ",
        "global_word_sequence_number": 71425,
        "global_verse_sequence_number": 5184
    },
    {
        "chapter": 62,
        "verse": 7,
        "juz": 28,
        "hizb": 221,
        "manzil": 7,
        "ruku": 486,
        "word_number_in_verse": 7,
        "language_code": "bn",
        "text": "এবং আল্লাহ",
        "root_word": "وَٱللَّهُ",
        "global_word_sequence_number": 71426,
        "global_verse_sequence_number": 5184
    },
    {
        "chapter": 62,
        "verse": 7,
        "juz": 28,
        "hizb": 221,
        "manzil": 7,
        "ruku": 486,
        "word_number_in_verse": 8,
        "language_code": "bn",
        "text": "খুব অবহিত",
        "root_word": "عَلِيمُۢ",
        "global_word_sequence_number": 71427,
        "global_verse_sequence_number": 5184
    },
    {
        "chapter": 62,
        "verse": 7,
        "juz": 28,
        "hizb": 221,
        "manzil": 7,
        "ruku": 486,
        "word_number_in_verse": 9,
        "language_code": "bn",
        "text": "যালিমদের সম্পর্কে",
        "root_word": "بِٱلظَّٰلِمِينَ",
        "global_word_sequence_number": 71428,
        "global_verse_sequence_number": 5184
    },
    {
        "chapter": 62,
        "verse": 8,
        "juz": 28,
        "hizb": 221,
        "manzil": 7,
        "ruku": 486,
        "word_number_in_verse": 1,
        "language_code": "bn",
        "text": "বলো",
        "root_word": "قُلۡ",
        "global_word_sequence_number": 71429,
        "global_verse_sequence_number": 5185
    },
    {
        "chapter": 62,
        "verse": 8,
        "juz": 28,
        "hizb": 221,
        "manzil": 7,
        "ruku": 486,
        "word_number_in_verse": 2,
        "language_code": "bn",
        "text": "\"নিশ্চয়",
        "root_word": "إِنَّ",
        "global_word_sequence_number": 71430,
        "global_verse_sequence_number": 5185
    },
    {
        "chapter": 62,
        "verse": 8,
        "juz": 28,
        "hizb": 221,
        "manzil": 7,
        "ruku": 486,
        "word_number_in_verse": 3,
        "language_code": "bn",
        "text": "মৃত্যু",
        "root_word": "ٱلۡمَوۡتَ",
        "global_word_sequence_number": 71431,
        "global_verse_sequence_number": 5185
    },
    {
        "chapter": 62,
        "verse": 8,
        "juz": 28,
        "hizb": 221,
        "manzil": 7,
        "ruku": 486,
        "word_number_in_verse": 4,
        "language_code": "bn",
        "text": "যা (থেকে)",
        "root_word": "ٱلَّذِي",
        "global_word_sequence_number": 71432,
        "global_verse_sequence_number": 5185
    },
    {
        "chapter": 62,
        "verse": 8,
        "juz": 28,
        "hizb": 221,
        "manzil": 7,
        "ruku": 486,
        "word_number_in_verse": 5,
        "language_code": "bn",
        "text": "তোমরা পলায়ন কর",
        "root_word": "تَفِرُّونَ",
        "global_word_sequence_number": 71433,
        "global_verse_sequence_number": 5185
    },
    {
        "chapter": 62,
        "verse": 8,
        "juz": 28,
        "hizb": 221,
        "manzil": 7,
        "ruku": 486,
        "word_number_in_verse": 6,
        "language_code": "bn",
        "text": "তা থেকে",
        "root_word": "مِنۡهُ",
        "global_word_sequence_number": 71434,
        "global_verse_sequence_number": 5185
    },
    {
        "chapter": 62,
        "verse": 8,
        "juz": 28,
        "hizb": 221,
        "manzil": 7,
        "ruku": 486,
        "word_number_in_verse": 7,
        "language_code": "bn",
        "text": "অতঃপর নিশ্চয় তা",
        "root_word": "فَإِنَّهُۥ",
        "global_word_sequence_number": 71435,
        "global_verse_sequence_number": 5185
    },
    {
        "chapter": 62,
        "verse": 8,
        "juz": 28,
        "hizb": 221,
        "manzil": 7,
        "ruku": 486,
        "word_number_in_verse": 8,
        "language_code": "bn",
        "text": "তোমাদের মিলবে",
        "root_word": "مُلَٰقِيكُمۡۖ",
        "global_word_sequence_number": 71436,
        "global_verse_sequence_number": 5185
    },
    {
        "chapter": 62,
        "verse": 8,
        "juz": 28,
        "hizb": 221,
        "manzil": 7,
        "ruku": 486,
        "word_number_in_verse": 9,
        "language_code": "bn",
        "text": "এরপর",
        "root_word": "ثُمَّ",
        "global_word_sequence_number": 71437,
        "global_verse_sequence_number": 5185
    },
    {
        "chapter": 62,
        "verse": 8,
        "juz": 28,
        "hizb": 221,
        "manzil": 7,
        "ruku": 486,
        "word_number_in_verse": 10,
        "language_code": "bn",
        "text": "তোমরা প্রত্যানীত হবে",
        "root_word": "تُرَدُّونَ",
        "global_word_sequence_number": 71438,
        "global_verse_sequence_number": 5185
    },
    {
        "chapter": 62,
        "verse": 8,
        "juz": 28,
        "hizb": 221,
        "manzil": 7,
        "ruku": 486,
        "word_number_in_verse": 11,
        "language_code": "bn",
        "text": "দিকে",
        "root_word": "إِلَىٰ",
        "global_word_sequence_number": 71439,
        "global_verse_sequence_number": 5185
    },
    {
        "chapter": 62,
        "verse": 8,
        "juz": 28,
        "hizb": 221,
        "manzil": 7,
        "ruku": 486,
        "word_number_in_verse": 12,
        "language_code": "bn",
        "text": "পরিজ্ঞাতার",
        "root_word": "عَٰلِمِ",
        "global_word_sequence_number": 71440,
        "global_verse_sequence_number": 5185
    },
    {
        "chapter": 62,
        "verse": 8,
        "juz": 28,
        "hizb": 221,
        "manzil": 7,
        "ruku": 486,
        "word_number_in_verse": 13,
        "language_code": "bn",
        "text": "অদৃশ্যের",
        "root_word": "ٱلۡغَيۡبِ",
        "global_word_sequence_number": 71441,
        "global_verse_sequence_number": 5185
    },
    {
        "chapter": 62,
        "verse": 8,
        "juz": 28,
        "hizb": 221,
        "manzil": 7,
        "ruku": 486,
        "word_number_in_verse": 14,
        "language_code": "bn",
        "text": "ও দৃশ্যের",
        "root_word": "وَٱلشَّهَٰدَةِ",
        "global_word_sequence_number": 71442,
        "global_verse_sequence_number": 5185
    },
    {
        "chapter": 62,
        "verse": 8,
        "juz": 28,
        "hizb": 221,
        "manzil": 7,
        "ruku": 486,
        "word_number_in_verse": 15,
        "language_code": "bn",
        "text": "অতঃপর তোমাদের জানিয়ে দিবেন",
        "root_word": "فَيُنَبِّئُكُم",
        "global_word_sequence_number": 71443,
        "global_verse_sequence_number": 5185
    },
    {
        "chapter": 62,
        "verse": 8,
        "juz": 28,
        "hizb": 221,
        "manzil": 7,
        "ruku": 486,
        "word_number_in_verse": 16,
        "language_code": "bn",
        "text": "যা কিছু",
        "root_word": "بِمَا",
        "global_word_sequence_number": 71444,
        "global_verse_sequence_number": 5185
    },
    {
        "chapter": 62,
        "verse": 8,
        "juz": 28,
        "hizb": 221,
        "manzil": 7,
        "ruku": 486,
        "word_number_in_verse": 17,
        "language_code": "bn",
        "text": "তোমরা",
        "root_word": "كُنتُمۡ",
        "global_word_sequence_number": 71445,
        "global_verse_sequence_number": 5185
    },
    {
        "chapter": 62,
        "verse": 8,
        "juz": 28,
        "hizb": 221,
        "manzil": 7,
        "ruku": 486,
        "word_number_in_verse": 18,
        "language_code": "bn",
        "text": "কাজ করতেছিলে\"",
        "root_word": "تَعۡمَلُونَ",
        "global_word_sequence_number": 71446,
        "global_verse_sequence_number": 5185
    },
    {
        "chapter": 62,
        "verse": 9,
        "juz": 28,
        "hizb": 221,
        "manzil": 7,
        "ruku": 487,
        "word_number_in_verse": 1,
        "language_code": "bn",
        "text": "ওহে",
        "root_word": "يَٰٓأَيُّهَا",
        "global_word_sequence_number": 71447,
        "global_verse_sequence_number": 5186
    },
    {
        "chapter": 62,
        "verse": 9,
        "juz": 28,
        "hizb": 221,
        "manzil": 7,
        "ruku": 487,
        "word_number_in_verse": 2,
        "language_code": "bn",
        "text": "যারা",
        "root_word": "ٱلَّذِينَ",
        "global_word_sequence_number": 71448,
        "global_verse_sequence_number": 5186
    },
    {
        "chapter": 62,
        "verse": 9,
        "juz": 28,
        "hizb": 221,
        "manzil": 7,
        "ruku": 487,
        "word_number_in_verse": 3,
        "language_code": "bn",
        "text": "ঈমান এনেছো",
        "root_word": "ءَامَنُوٓاْ",
        "global_word_sequence_number": 71449,
        "global_verse_sequence_number": 5186
    },
    {
        "chapter": 62,
        "verse": 9,
        "juz": 28,
        "hizb": 221,
        "manzil": 7,
        "ruku": 487,
        "word_number_in_verse": 4,
        "language_code": "bn",
        "text": "যখন",
        "root_word": "إِذَا",
        "global_word_sequence_number": 71450,
        "global_verse_sequence_number": 5186
    },
    {
        "chapter": 62,
        "verse": 9,
        "juz": 28,
        "hizb": 221,
        "manzil": 7,
        "ruku": 487,
        "word_number_in_verse": 5,
        "language_code": "bn",
        "text": "ডাকা হয়",
        "root_word": "نُودِيَ",
        "global_word_sequence_number": 71451,
        "global_verse_sequence_number": 5186
    },
    {
        "chapter": 62,
        "verse": 9,
        "juz": 28,
        "hizb": 221,
        "manzil": 7,
        "ruku": 487,
        "word_number_in_verse": 6,
        "language_code": "bn",
        "text": "নামাজের জন্যে",
        "root_word": "لِلصَّلَوٰةِ",
        "global_word_sequence_number": 71452,
        "global_verse_sequence_number": 5186
    },
    {
        "chapter": 62,
        "verse": 9,
        "juz": 28,
        "hizb": 221,
        "manzil": 7,
        "ruku": 487,
        "word_number_in_verse": 7,
        "language_code": "bn",
        "text": "মধ্য হতে",
        "root_word": "مِن",
        "global_word_sequence_number": 71453,
        "global_verse_sequence_number": 5186
    },
    {
        "chapter": 62,
        "verse": 9,
        "juz": 28,
        "hizb": 221,
        "manzil": 7,
        "ruku": 487,
        "word_number_in_verse": 8,
        "language_code": "bn",
        "text": "দিনে",
        "root_word": "يَوۡمِ",
        "global_word_sequence_number": 71454,
        "global_verse_sequence_number": 5186
    },
    {
        "chapter": 62,
        "verse": 9,
        "juz": 28,
        "hizb": 221,
        "manzil": 7,
        "ruku": 487,
        "word_number_in_verse": 9,
        "language_code": "bn",
        "text": "জুমুয়া'র",
        "root_word": "ٱلۡجُمُعَةِ",
        "global_word_sequence_number": 71455,
        "global_verse_sequence_number": 5186
    },
    {
        "chapter": 62,
        "verse": 9,
        "juz": 28,
        "hizb": 221,
        "manzil": 7,
        "ruku": 487,
        "word_number_in_verse": 10,
        "language_code": "bn",
        "text": "তখন তোমরা ধাবিত  হও",
        "root_word": "فَٱسۡعَوۡاْ",
        "global_word_sequence_number": 71456,
        "global_verse_sequence_number": 5186
    },
    {
        "chapter": 62,
        "verse": 9,
        "juz": 28,
        "hizb": 221,
        "manzil": 7,
        "ruku": 487,
        "word_number_in_verse": 11,
        "language_code": "bn",
        "text": "দিকে",
        "root_word": "إِلَىٰ",
        "global_word_sequence_number": 71457,
        "global_verse_sequence_number": 5186
    },
    {
        "chapter": 62,
        "verse": 9,
        "juz": 28,
        "hizb": 221,
        "manzil": 7,
        "ruku": 487,
        "word_number_in_verse": 12,
        "language_code": "bn",
        "text": "স্মরণের",
        "root_word": "ذِكۡرِ",
        "global_word_sequence_number": 71458,
        "global_verse_sequence_number": 5186
    },
    {
        "chapter": 62,
        "verse": 9,
        "juz": 28,
        "hizb": 221,
        "manzil": 7,
        "ruku": 487,
        "word_number_in_verse": 13,
        "language_code": "bn",
        "text": "আল্লাহর",
        "root_word": "ٱللَّهِ",
        "global_word_sequence_number": 71459,
        "global_verse_sequence_number": 5186
    },
    {
        "chapter": 62,
        "verse": 9,
        "juz": 28,
        "hizb": 221,
        "manzil": 7,
        "ruku": 487,
        "word_number_in_verse": 14,
        "language_code": "bn",
        "text": "ও ত্যাগ করো",
        "root_word": "وَذَرُواْ",
        "global_word_sequence_number": 71460,
        "global_verse_sequence_number": 5186
    },
    {
        "chapter": 62,
        "verse": 9,
        "juz": 28,
        "hizb": 221,
        "manzil": 7,
        "ruku": 487,
        "word_number_in_verse": 15,
        "language_code": "bn",
        "text": "কেনাবেচা",
        "root_word": "ٱلۡبَيۡعَۚ",
        "global_word_sequence_number": 71461,
        "global_verse_sequence_number": 5186
    },
    {
        "chapter": 62,
        "verse": 9,
        "juz": 28,
        "hizb": 221,
        "manzil": 7,
        "ruku": 487,
        "word_number_in_verse": 16,
        "language_code": "bn",
        "text": "এটা",
        "root_word": "ذَٰلِكُمۡ",
        "global_word_sequence_number": 71462,
        "global_verse_sequence_number": 5186
    },
    {
        "chapter": 62,
        "verse": 9,
        "juz": 28,
        "hizb": 221,
        "manzil": 7,
        "ruku": 487,
        "word_number_in_verse": 17,
        "language_code": "bn",
        "text": "উত্তম",
        "root_word": "خَيۡرٞ",
        "global_word_sequence_number": 71463,
        "global_verse_sequence_number": 5186
    },
    {
        "chapter": 62,
        "verse": 9,
        "juz": 28,
        "hizb": 221,
        "manzil": 7,
        "ruku": 487,
        "word_number_in_verse": 18,
        "language_code": "bn",
        "text": "তোমাদের জন্যে",
        "root_word": "لَّكُمۡ",
        "global_word_sequence_number": 71464,
        "global_verse_sequence_number": 5186
    },
    {
        "chapter": 62,
        "verse": 9,
        "juz": 28,
        "hizb": 221,
        "manzil": 7,
        "ruku": 487,
        "word_number_in_verse": 19,
        "language_code": "bn",
        "text": "যদি",
        "root_word": "إِن",
        "global_word_sequence_number": 71465,
        "global_verse_sequence_number": 5186
    },
    {
        "chapter": 62,
        "verse": 9,
        "juz": 28,
        "hizb": 221,
        "manzil": 7,
        "ruku": 487,
        "word_number_in_verse": 20,
        "language_code": "bn",
        "text": "তোমরা",
        "root_word": "كُنتُمۡ",
        "global_word_sequence_number": 71466,
        "global_verse_sequence_number": 5186
    },
    {
        "chapter": 62,
        "verse": 9,
        "juz": 28,
        "hizb": 221,
        "manzil": 7,
        "ruku": 487,
        "word_number_in_verse": 21,
        "language_code": "bn",
        "text": "জানো",
        "root_word": "تَعۡلَمُونَ",
        "global_word_sequence_number": 71467,
        "global_verse_sequence_number": 5186
    },
    {
        "chapter": 62,
        "verse": 10,
        "juz": 28,
        "hizb": 221,
        "manzil": 7,
        "ruku": 487,
        "word_number_in_verse": 1,
        "language_code": "bn",
        "text": "অতঃপর যখন",
        "root_word": "فَإِذَا",
        "global_word_sequence_number": 71468,
        "global_verse_sequence_number": 5187
    },
    {
        "chapter": 62,
        "verse": 10,
        "juz": 28,
        "hizb": 221,
        "manzil": 7,
        "ruku": 487,
        "word_number_in_verse": 2,
        "language_code": "bn",
        "text": "সমাপ্ত হয়",
        "root_word": "قُضِيَتِ",
        "global_word_sequence_number": 71469,
        "global_verse_sequence_number": 5187
    },
    {
        "chapter": 62,
        "verse": 10,
        "juz": 28,
        "hizb": 221,
        "manzil": 7,
        "ruku": 487,
        "word_number_in_verse": 3,
        "language_code": "bn",
        "text": "নামাজ",
        "root_word": "ٱلصَّلَوٰةُ",
        "global_word_sequence_number": 71470,
        "global_verse_sequence_number": 5187
    },
    {
        "chapter": 62,
        "verse": 10,
        "juz": 28,
        "hizb": 221,
        "manzil": 7,
        "ruku": 487,
        "word_number_in_verse": 4,
        "language_code": "bn",
        "text": "তখন তোমরা ছড়িয়ে পড়ো",
        "root_word": "فَٱنتَشِرُواْ",
        "global_word_sequence_number": 71471,
        "global_verse_sequence_number": 5187
    },
    {
        "chapter": 62,
        "verse": 10,
        "juz": 28,
        "hizb": 221,
        "manzil": 7,
        "ruku": 487,
        "word_number_in_verse": 5,
        "language_code": "bn",
        "text": "উপর",
        "root_word": "فِي",
        "global_word_sequence_number": 71472,
        "global_verse_sequence_number": 5187
    },
    {
        "chapter": 62,
        "verse": 10,
        "juz": 28,
        "hizb": 221,
        "manzil": 7,
        "ruku": 487,
        "word_number_in_verse": 6,
        "language_code": "bn",
        "text": "পৃথিবীর",
        "root_word": "ٱلۡأَرۡضِ",
        "global_word_sequence_number": 71473,
        "global_verse_sequence_number": 5187
    },
    {
        "chapter": 62,
        "verse": 10,
        "juz": 28,
        "hizb": 221,
        "manzil": 7,
        "ruku": 487,
        "word_number_in_verse": 7,
        "language_code": "bn",
        "text": "ও তোমরা সন্ধান করো",
        "root_word": "وَٱبۡتَغُواْ",
        "global_word_sequence_number": 71474,
        "global_verse_sequence_number": 5187
    },
    {
        "chapter": 62,
        "verse": 10,
        "juz": 28,
        "hizb": 221,
        "manzil": 7,
        "ruku": 487,
        "word_number_in_verse": 8,
        "language_code": "bn",
        "text": "মধ্য হতে",
        "root_word": "مِن",
        "global_word_sequence_number": 71475,
        "global_verse_sequence_number": 5187
    },
    {
        "chapter": 62,
        "verse": 10,
        "juz": 28,
        "hizb": 221,
        "manzil": 7,
        "ruku": 487,
        "word_number_in_verse": 9,
        "language_code": "bn",
        "text": "অনুগ্রহ",
        "root_word": "فَضۡلِ",
        "global_word_sequence_number": 71476,
        "global_verse_sequence_number": 5187
    },
    {
        "chapter": 62,
        "verse": 10,
        "juz": 28,
        "hizb": 221,
        "manzil": 7,
        "ruku": 487,
        "word_number_in_verse": 10,
        "language_code": "bn",
        "text": "আল্লাহর",
        "root_word": "ٱللَّهِ",
        "global_word_sequence_number": 71477,
        "global_verse_sequence_number": 5187
    },
    {
        "chapter": 62,
        "verse": 10,
        "juz": 28,
        "hizb": 221,
        "manzil": 7,
        "ruku": 487,
        "word_number_in_verse": 11,
        "language_code": "bn",
        "text": "এবং তোমরা স্মরণ করো",
        "root_word": "وَٱذۡكُرُواْ",
        "global_word_sequence_number": 71478,
        "global_verse_sequence_number": 5187
    },
    {
        "chapter": 62,
        "verse": 10,
        "juz": 28,
        "hizb": 221,
        "manzil": 7,
        "ruku": 487,
        "word_number_in_verse": 12,
        "language_code": "bn",
        "text": "আল্লাহকে",
        "root_word": "ٱللَّهَ",
        "global_word_sequence_number": 71479,
        "global_verse_sequence_number": 5187
    },
    {
        "chapter": 62,
        "verse": 10,
        "juz": 28,
        "hizb": 221,
        "manzil": 7,
        "ruku": 487,
        "word_number_in_verse": 13,
        "language_code": "bn",
        "text": "অধিক",
        "root_word": "كَثِيرٗا",
        "global_word_sequence_number": 71480,
        "global_verse_sequence_number": 5187
    },
    {
        "chapter": 62,
        "verse": 10,
        "juz": 28,
        "hizb": 221,
        "manzil": 7,
        "ruku": 487,
        "word_number_in_verse": 14,
        "language_code": "bn",
        "text": "সম্ভবতঃ",
        "root_word": "لَّعَلَّكُمۡ",
        "global_word_sequence_number": 71481,
        "global_verse_sequence_number": 5187
    },
    {
        "chapter": 62,
        "verse": 10,
        "juz": 28,
        "hizb": 221,
        "manzil": 7,
        "ruku": 487,
        "word_number_in_verse": 15,
        "language_code": "bn",
        "text": "তোমরা সফল হবে",
        "root_word": "تُفۡلِحُونَ",
        "global_word_sequence_number": 71482,
        "global_verse_sequence_number": 5187
    },
    {
        "chapter": 62,
        "verse": 11,
        "juz": 28,
        "hizb": 221,
        "manzil": 7,
        "ruku": 487,
        "word_number_in_verse": 1,
        "language_code": "bn",
        "text": "এবং যখন",
        "root_word": "وَإِذَا",
        "global_word_sequence_number": 71483,
        "global_verse_sequence_number": 5188
    },
    {
        "chapter": 62,
        "verse": 11,
        "juz": 28,
        "hizb": 221,
        "manzil": 7,
        "ruku": 487,
        "word_number_in_verse": 2,
        "language_code": "bn",
        "text": "তারা দেখল",
        "root_word": "رَأَوۡاْ",
        "global_word_sequence_number": 71484,
        "global_verse_sequence_number": 5188
    },
    {
        "chapter": 62,
        "verse": 11,
        "juz": 28,
        "hizb": 221,
        "manzil": 7,
        "ruku": 487,
        "word_number_in_verse": 3,
        "language_code": "bn",
        "text": "ব্যবসা",
        "root_word": "تِجَٰرَةً",
        "global_word_sequence_number": 71485,
        "global_verse_sequence_number": 5188
    },
    {
        "chapter": 62,
        "verse": 11,
        "juz": 28,
        "hizb": 221,
        "manzil": 7,
        "ruku": 487,
        "word_number_in_verse": 4,
        "language_code": "bn",
        "text": "বা",
        "root_word": "أَوۡ",
        "global_word_sequence_number": 71486,
        "global_verse_sequence_number": 5188
    },
    {
        "chapter": 62,
        "verse": 11,
        "juz": 28,
        "hizb": 221,
        "manzil": 7,
        "ruku": 487,
        "word_number_in_verse": 5,
        "language_code": "bn",
        "text": "খেলা-তামাশা",
        "root_word": "لَهۡوًا",
        "global_word_sequence_number": 71487,
        "global_verse_sequence_number": 5188
    },
    {
        "chapter": 62,
        "verse": 11,
        "juz": 28,
        "hizb": 221,
        "manzil": 7,
        "ruku": 487,
        "word_number_in_verse": 6,
        "language_code": "bn",
        "text": "তারা ছুটে গেল",
        "root_word": "ٱنفَضُّوٓاْ",
        "global_word_sequence_number": 71488,
        "global_verse_sequence_number": 5188
    },
    {
        "chapter": 62,
        "verse": 11,
        "juz": 28,
        "hizb": 221,
        "manzil": 7,
        "ruku": 487,
        "word_number_in_verse": 7,
        "language_code": "bn",
        "text": "তার দিকে",
        "root_word": "إِلَيۡهَا",
        "global_word_sequence_number": 71489,
        "global_verse_sequence_number": 5188
    },
    {
        "chapter": 62,
        "verse": 11,
        "juz": 28,
        "hizb": 221,
        "manzil": 7,
        "ruku": 487,
        "word_number_in_verse": 8,
        "language_code": "bn",
        "text": "ও তোমাকে ছেড়ে গেল",
        "root_word": "وَتَرَكُوكَ",
        "global_word_sequence_number": 71490,
        "global_verse_sequence_number": 5188
    },
    {
        "chapter": 62,
        "verse": 11,
        "juz": 28,
        "hizb": 221,
        "manzil": 7,
        "ruku": 487,
        "word_number_in_verse": 9,
        "language_code": "bn",
        "text": "দাঁড়ানো অবস্থায়",
        "root_word": "قَآئِمٗاۚ",
        "global_word_sequence_number": 71491,
        "global_verse_sequence_number": 5188
    },
    {
        "chapter": 62,
        "verse": 11,
        "juz": 28,
        "hizb": 221,
        "manzil": 7,
        "ruku": 487,
        "word_number_in_verse": 10,
        "language_code": "bn",
        "text": "বলো",
        "root_word": "قُلۡ",
        "global_word_sequence_number": 71492,
        "global_verse_sequence_number": 5188
    },
    {
        "chapter": 62,
        "verse": 11,
        "juz": 28,
        "hizb": 221,
        "manzil": 7,
        "ruku": 487,
        "word_number_in_verse": 11,
        "language_code": "bn",
        "text": "\"যা কিছুু",
        "root_word": "مَا",
        "global_word_sequence_number": 71493,
        "global_verse_sequence_number": 5188
    },
    {
        "chapter": 62,
        "verse": 11,
        "juz": 28,
        "hizb": 221,
        "manzil": 7,
        "ruku": 487,
        "word_number_in_verse": 12,
        "language_code": "bn",
        "text": "কাছে",
        "root_word": "عِندَ",
        "global_word_sequence_number": 71494,
        "global_verse_sequence_number": 5188
    },
    {
        "chapter": 62,
        "verse": 11,
        "juz": 28,
        "hizb": 221,
        "manzil": 7,
        "ruku": 487,
        "word_number_in_verse": 13,
        "language_code": "bn",
        "text": "আল্লাহর",
        "root_word": "ٱللَّهِ",
        "global_word_sequence_number": 71495,
        "global_verse_sequence_number": 5188
    },
    {
        "chapter": 62,
        "verse": 11,
        "juz": 28,
        "hizb": 221,
        "manzil": 7,
        "ruku": 487,
        "word_number_in_verse": 14,
        "language_code": "bn",
        "text": "উত্তম",
        "root_word": "خَيۡرٞ",
        "global_word_sequence_number": 71496,
        "global_verse_sequence_number": 5188
    },
    {
        "chapter": 62,
        "verse": 11,
        "juz": 28,
        "hizb": 221,
        "manzil": 7,
        "ruku": 487,
        "word_number_in_verse": 15,
        "language_code": "bn",
        "text": "অপেক্ষা",
        "root_word": "مِّنَ",
        "global_word_sequence_number": 71497,
        "global_verse_sequence_number": 5188
    },
    {
        "chapter": 62,
        "verse": 11,
        "juz": 28,
        "hizb": 221,
        "manzil": 7,
        "ruku": 487,
        "word_number_in_verse": 16,
        "language_code": "bn",
        "text": "খেলা-তামাশা",
        "root_word": "ٱللَّهۡوِ",
        "global_word_sequence_number": 71498,
        "global_verse_sequence_number": 5188
    },
    {
        "chapter": 62,
        "verse": 11,
        "juz": 28,
        "hizb": 221,
        "manzil": 7,
        "ruku": 487,
        "word_number_in_verse": 17,
        "language_code": "bn",
        "text": "ও থেকে",
        "root_word": "وَمِنَ",
        "global_word_sequence_number": 71499,
        "global_verse_sequence_number": 5188
    },
    {
        "chapter": 62,
        "verse": 11,
        "juz": 28,
        "hizb": 221,
        "manzil": 7,
        "ruku": 487,
        "word_number_in_verse": 18,
        "language_code": "bn",
        "text": "ব্যবসা",
        "root_word": "ٱلتِّجَٰرَةِۚ",
        "global_word_sequence_number": 71500,
        "global_verse_sequence_number": 5188
    },
    {
        "chapter": 62,
        "verse": 11,
        "juz": 28,
        "hizb": 221,
        "manzil": 7,
        "ruku": 487,
        "word_number_in_verse": 19,
        "language_code": "bn",
        "text": "এবং আল্লাহই",
        "root_word": "وَٱللَّهُ",
        "global_word_sequence_number": 71501,
        "global_verse_sequence_number": 5188
    },
    {
        "chapter": 62,
        "verse": 11,
        "juz": 28,
        "hizb": 221,
        "manzil": 7,
        "ruku": 487,
        "word_number_in_verse": 20,
        "language_code": "bn",
        "text": "উত্তম",
        "root_word": "خَيۡرُ",
        "global_word_sequence_number": 71502,
        "global_verse_sequence_number": 5188
    },
    {
        "chapter": 62,
        "verse": 11,
        "juz": 28,
        "hizb": 221,
        "manzil": 7,
        "ruku": 487,
        "word_number_in_verse": 21,
        "language_code": "bn",
        "text": "রিযিকদাতাদের\"",
        "root_word": "ٱلرَّٰزِقِينَ",
        "global_word_sequence_number": 71503,
        "global_verse_sequence_number": 5188
    }
]