[
    {
        "chapter": 63,
        "verse": 1,
        "juz": 28,
        "hizb": 221,
        "manzil": 7,
        "ruku": 488,
        "word_number_in_verse": 1,
        "language_code": "bn",
        "text": "যখন",
        "root_word": "إِذَا",
        "global_word_sequence_number": 71504,
        "global_verse_sequence_number": 5189
    },
    {
        "chapter": 63,
        "verse": 1,
        "juz": 28,
        "hizb": 221,
        "manzil": 7,
        "ruku": 488,
        "word_number_in_verse": 2,
        "language_code": "bn",
        "text": "তোমার  কাছে আসে",
        "root_word": "جَآءَكَ",
        "global_word_sequence_number": 71505,
        "global_verse_sequence_number": 5189
    },
    {
        "chapter": 63,
        "verse": 1,
        "juz": 28,
        "hizb": 221,
        "manzil": 7,
        "ruku": 488,
        "word_number_in_verse": 3,
        "language_code": "bn",
        "text": "মুনাফিকরা",
        "root_word": "ٱلۡمُنَٰفِقُونَ",
        "global_word_sequence_number": 71506,
        "global_verse_sequence_number": 5189
    },
    {
        "chapter": 63,
        "verse": 1,
        "juz": 28,
        "hizb": 221,
        "manzil": 7,
        "ruku": 488,
        "word_number_in_verse": 4,
        "language_code": "bn",
        "text": "তারা বলে",
        "root_word": "قَالُواْ",
        "global_word_sequence_number": 71507,
        "global_verse_sequence_number": 5189
    },
    {
        "chapter": 63,
        "verse": 1,
        "juz": 28,
        "hizb": 221,
        "manzil": 7,
        "ruku": 488,
        "word_number_in_verse": 5,
        "language_code": "bn",
        "text": "\"আমরা সাক্ষ্য দিচ্ছি",
        "root_word": "نَشۡهَدُ",
        "global_word_sequence_number": 71508,
        "global_verse_sequence_number": 5189
    },
    {
        "chapter": 63,
        "verse": 1,
        "juz": 28,
        "hizb": 221,
        "manzil": 7,
        "ruku": 488,
        "word_number_in_verse": 6,
        "language_code": "bn",
        "text": "আপনি নিশ্চয়",
        "root_word": "إِنَّكَ",
        "global_word_sequence_number": 71509,
        "global_verse_sequence_number": 5189
    },
    {
        "chapter": 63,
        "verse": 1,
        "juz": 28,
        "hizb": 221,
        "manzil": 7,
        "ruku": 488,
        "word_number_in_verse": 7,
        "language_code": "bn",
        "text": "অবশ্যই রাসূল",
        "root_word": "لَرَسُولُ",
        "global_word_sequence_number": 71510,
        "global_verse_sequence_number": 5189
    },
    {
        "chapter": 63,
        "verse": 1,
        "juz": 28,
        "hizb": 221,
        "manzil": 7,
        "ruku": 488,
        "word_number_in_verse": 8,
        "language_code": "bn",
        "text": "আল্লাহর\"",
        "root_word": "ٱللَّهِۗ",
        "global_word_sequence_number": 71511,
        "global_verse_sequence_number": 5189
    },
    {
        "chapter": 63,
        "verse": 1,
        "juz": 28,
        "hizb": 221,
        "manzil": 7,
        "ruku": 488,
        "word_number_in_verse": 9,
        "language_code": "bn",
        "text": "এবং আল্লাহ",
        "root_word": "وَٱللَّهُ",
        "global_word_sequence_number": 71512,
        "global_verse_sequence_number": 5189
    },
    {
        "chapter": 63,
        "verse": 1,
        "juz": 28,
        "hizb": 221,
        "manzil": 7,
        "ruku": 488,
        "word_number_in_verse": 10,
        "language_code": "bn",
        "text": "জানেন",
        "root_word": "يَعۡلَمُ",
        "global_word_sequence_number": 71513,
        "global_verse_sequence_number": 5189
    },
    {
        "chapter": 63,
        "verse": 1,
        "juz": 28,
        "hizb": 221,
        "manzil": 7,
        "ruku": 488,
        "word_number_in_verse": 11,
        "language_code": "bn",
        "text": "তুমি নিশ্চয়",
        "root_word": "إِنَّكَ",
        "global_word_sequence_number": 71514,
        "global_verse_sequence_number": 5189
    },
    {
        "chapter": 63,
        "verse": 1,
        "juz": 28,
        "hizb": 221,
        "manzil": 7,
        "ruku": 488,
        "word_number_in_verse": 12,
        "language_code": "bn",
        "text": "অবশ্যই তাঁর রাসূল",
        "root_word": "لَرَسُولُهُۥ",
        "global_word_sequence_number": 71515,
        "global_verse_sequence_number": 5189
    },
    {
        "chapter": 63,
        "verse": 1,
        "juz": 28,
        "hizb": 221,
        "manzil": 7,
        "ruku": 488,
        "word_number_in_verse": 13,
        "language_code": "bn",
        "text": "এবং আল্লাহ",
        "root_word": "وَٱللَّهُ",
        "global_word_sequence_number": 71516,
        "global_verse_sequence_number": 5189
    },
    {
        "chapter": 63,
        "verse": 1,
        "juz": 28,
        "hizb": 221,
        "manzil": 7,
        "ruku": 488,
        "word_number_in_verse": 14,
        "language_code": "bn",
        "text": "সাক্ষ্য দিচ্ছেন",
        "root_word": "يَشۡهَدُ",
        "global_word_sequence_number": 71517,
        "global_verse_sequence_number": 5189
    },
    {
        "chapter": 63,
        "verse": 1,
        "juz": 28,
        "hizb": 221,
        "manzil": 7,
        "ruku": 488,
        "word_number_in_verse": 15,
        "language_code": "bn",
        "text": "নিশ্চয়",
        "root_word": "إِنَّ",
        "global_word_sequence_number": 71518,
        "global_verse_sequence_number": 5189
    },
    {
        "chapter": 63,
        "verse": 1,
        "juz": 28,
        "hizb": 221,
        "manzil": 7,
        "ruku": 488,
        "word_number_in_verse": 16,
        "language_code": "bn",
        "text": "মুনাফিকরা",
        "root_word": "ٱلۡمُنَٰفِقِينَ",
        "global_word_sequence_number": 71519,
        "global_verse_sequence_number": 5189
    },
    {
        "chapter": 63,
        "verse": 1,
        "juz": 28,
        "hizb": 221,
        "manzil": 7,
        "ruku": 488,
        "word_number_in_verse": 17,
        "language_code": "bn",
        "text": "অবশ্যই মিথ্যাবাদী",
        "root_word": "لَكَٰذِبُونَ",
        "global_word_sequence_number": 71520,
        "global_verse_sequence_number": 5189
    },
    {
        "chapter": 63,
        "verse": 2,
        "juz": 28,
        "hizb": 221,
        "manzil": 7,
        "ruku": 488,
        "word_number_in_verse": 1,
        "language_code": "bn",
        "text": "তারা গ্রহণ করেছে",
        "root_word": "ٱتَّخَذُوٓاْ",
        "global_word_sequence_number": 71521,
        "global_verse_sequence_number": 5190
    },
    {
        "chapter": 63,
        "verse": 2,
        "juz": 28,
        "hizb": 221,
        "manzil": 7,
        "ruku": 488,
        "word_number_in_verse": 2,
        "language_code": "bn",
        "text": "তাদের শপথগুলোকে",
        "root_word": "أَيۡمَٰنَهُمۡ",
        "global_word_sequence_number": 71522,
        "global_verse_sequence_number": 5190
    },
    {
        "chapter": 63,
        "verse": 2,
        "juz": 28,
        "hizb": 221,
        "manzil": 7,
        "ruku": 488,
        "word_number_in_verse": 3,
        "language_code": "bn",
        "text": "ঢাল (স্বরূপ)",
        "root_word": "جُنَّةٗ",
        "global_word_sequence_number": 71523,
        "global_verse_sequence_number": 5190
    },
    {
        "chapter": 63,
        "verse": 2,
        "juz": 28,
        "hizb": 221,
        "manzil": 7,
        "ruku": 488,
        "word_number_in_verse": 4,
        "language_code": "bn",
        "text": "অতঃপর তারা বাধা সৃষ্টি করে",
        "root_word": "فَصَدُّواْ",
        "global_word_sequence_number": 71524,
        "global_verse_sequence_number": 5190
    },
    {
        "chapter": 63,
        "verse": 2,
        "juz": 28,
        "hizb": 221,
        "manzil": 7,
        "ruku": 488,
        "word_number_in_verse": 5,
        "language_code": "bn",
        "text": "থেকে",
        "root_word": "عَن",
        "global_word_sequence_number": 71525,
        "global_verse_sequence_number": 5190
    },
    {
        "chapter": 63,
        "verse": 2,
        "juz": 28,
        "hizb": 221,
        "manzil": 7,
        "ruku": 488,
        "word_number_in_verse": 6,
        "language_code": "bn",
        "text": "পথ",
        "root_word": "سَبِيلِ",
        "global_word_sequence_number": 71526,
        "global_verse_sequence_number": 5190
    },
    {
        "chapter": 63,
        "verse": 2,
        "juz": 28,
        "hizb": 221,
        "manzil": 7,
        "ruku": 488,
        "word_number_in_verse": 7,
        "language_code": "bn",
        "text": "আল্লাহর",
        "root_word": "ٱللَّهِۚ",
        "global_word_sequence_number": 71527,
        "global_verse_sequence_number": 5190
    },
    {
        "chapter": 63,
        "verse": 2,
        "juz": 28,
        "hizb": 221,
        "manzil": 7,
        "ruku": 488,
        "word_number_in_verse": 8,
        "language_code": "bn",
        "text": "তারা নিশ্চয়",
        "root_word": "إِنَّهُمۡ",
        "global_word_sequence_number": 71528,
        "global_verse_sequence_number": 5190
    },
    {
        "chapter": 63,
        "verse": 2,
        "juz": 28,
        "hizb": 221,
        "manzil": 7,
        "ruku": 488,
        "word_number_in_verse": 9,
        "language_code": "bn",
        "text": "কত মন্দ",
        "root_word": "سَآءَ",
        "global_word_sequence_number": 71529,
        "global_verse_sequence_number": 5190
    },
    {
        "chapter": 63,
        "verse": 2,
        "juz": 28,
        "hizb": 221,
        "manzil": 7,
        "ruku": 488,
        "word_number_in_verse": 10,
        "language_code": "bn",
        "text": "যা",
        "root_word": "مَا",
        "global_word_sequence_number": 71530,
        "global_verse_sequence_number": 5190
    },
    {
        "chapter": 63,
        "verse": 2,
        "juz": 28,
        "hizb": 221,
        "manzil": 7,
        "ruku": 488,
        "word_number_in_verse": 11,
        "language_code": "bn",
        "text": "(ছিল)",
        "root_word": "كَانُواْ",
        "global_word_sequence_number": 71531,
        "global_verse_sequence_number": 5190
    },
    {
        "chapter": 63,
        "verse": 2,
        "juz": 28,
        "hizb": 221,
        "manzil": 7,
        "ruku": 488,
        "word_number_in_verse": 12,
        "language_code": "bn",
        "text": "তারা করছে",
        "root_word": "يَعۡمَلُونَ",
        "global_word_sequence_number": 71532,
        "global_verse_sequence_number": 5190
    },
    {
        "chapter": 63,
        "verse": 3,
        "juz": 28,
        "hizb": 221,
        "manzil": 7,
        "ruku": 488,
        "word_number_in_verse": 1,
        "language_code": "bn",
        "text": "এটা",
        "root_word": "ذَٰلِكَ",
        "global_word_sequence_number": 71533,
        "global_verse_sequence_number": 5191
    },
    {
        "chapter": 63,
        "verse": 3,
        "juz": 28,
        "hizb": 221,
        "manzil": 7,
        "ruku": 488,
        "word_number_in_verse": 2,
        "language_code": "bn",
        "text": "এ কারণে যে তারা",
        "root_word": "بِأَنَّهُمۡ",
        "global_word_sequence_number": 71534,
        "global_verse_sequence_number": 5191
    },
    {
        "chapter": 63,
        "verse": 3,
        "juz": 28,
        "hizb": 221,
        "manzil": 7,
        "ruku": 488,
        "word_number_in_verse": 3,
        "language_code": "bn",
        "text": "ঈমান এনেছে",
        "root_word": "ءَامَنُواْ",
        "global_word_sequence_number": 71535,
        "global_verse_sequence_number": 5191
    },
    {
        "chapter": 63,
        "verse": 3,
        "juz": 28,
        "hizb": 221,
        "manzil": 7,
        "ruku": 488,
        "word_number_in_verse": 4,
        "language_code": "bn",
        "text": "আবার তোমাদের মধ্যে",
        "root_word": "ثُمَّ",
        "global_word_sequence_number": 71536,
        "global_verse_sequence_number": 5191
    },
    {
        "chapter": 63,
        "verse": 3,
        "juz": 28,
        "hizb": 221,
        "manzil": 7,
        "ruku": 488,
        "word_number_in_verse": 5,
        "language_code": "bn",
        "text": "কুফুরি করেছে",
        "root_word": "كَفَرُواْ",
        "global_word_sequence_number": 71537,
        "global_verse_sequence_number": 5191
    },
    {
        "chapter": 63,
        "verse": 3,
        "juz": 28,
        "hizb": 221,
        "manzil": 7,
        "ruku": 488,
        "word_number_in_verse": 6,
        "language_code": "bn",
        "text": "অতঃপর মোহর করা হয়েছে",
        "root_word": "فَطُبِعَ",
        "global_word_sequence_number": 71538,
        "global_verse_sequence_number": 5191
    },
    {
        "chapter": 63,
        "verse": 3,
        "juz": 28,
        "hizb": 221,
        "manzil": 7,
        "ruku": 488,
        "word_number_in_verse": 7,
        "language_code": "bn",
        "text": "উপর",
        "root_word": "عَلَىٰ",
        "global_word_sequence_number": 71539,
        "global_verse_sequence_number": 5191
    },
    {
        "chapter": 63,
        "verse": 3,
        "juz": 28,
        "hizb": 221,
        "manzil": 7,
        "ruku": 488,
        "word_number_in_verse": 8,
        "language_code": "bn",
        "text": "তাদের অন্তরসমূহের",
        "root_word": "قُلُوبِهِمۡ",
        "global_word_sequence_number": 71540,
        "global_verse_sequence_number": 5191
    },
    {
        "chapter": 63,
        "verse": 3,
        "juz": 28,
        "hizb": 221,
        "manzil": 7,
        "ruku": 488,
        "word_number_in_verse": 9,
        "language_code": "bn",
        "text": "অতঃপর তারা",
        "root_word": "فَهُمۡ",
        "global_word_sequence_number": 71541,
        "global_verse_sequence_number": 5191
    },
    {
        "chapter": 63,
        "verse": 3,
        "juz": 28,
        "hizb": 221,
        "manzil": 7,
        "ruku": 488,
        "word_number_in_verse": 10,
        "language_code": "bn",
        "text": "না",
        "root_word": "لَا",
        "global_word_sequence_number": 71542,
        "global_verse_sequence_number": 5191
    },
    {
        "chapter": 63,
        "verse": 3,
        "juz": 28,
        "hizb": 221,
        "manzil": 7,
        "ruku": 488,
        "word_number_in_verse": 11,
        "language_code": "bn",
        "text": "তারা বুঝে",
        "root_word": "يَفۡقَهُونَ",
        "global_word_sequence_number": 71543,
        "global_verse_sequence_number": 5191
    },
    {
        "chapter": 63,
        "verse": 4,
        "juz": 28,
        "hizb": 222,
        "manzil": 7,
        "ruku": 488,
        "word_number_in_verse": 1,
        "language_code": "bn",
        "text": "এবং যখন",
        "root_word": "۞وَإِذَا",
        "global_word_sequence_number": 71544,
        "global_verse_sequence_number": 5192
    },
    {
        "chapter": 63,
        "verse": 4,
        "juz": 28,
        "hizb": 222,
        "manzil": 7,
        "ruku": 488,
        "word_number_in_verse": 2,
        "language_code": "bn",
        "text": "তাদের তুমি দেখ",
        "root_word": "رَأَيۡتَهُمۡ",
        "global_word_sequence_number": 71545,
        "global_verse_sequence_number": 5192
    },
    {
        "chapter": 63,
        "verse": 4,
        "juz": 28,
        "hizb": 222,
        "manzil": 7,
        "ruku": 488,
        "word_number_in_verse": 3,
        "language_code": "bn",
        "text": "তোমার প্রীতিকর মনে হয়",
        "root_word": "تُعۡجِبُكَ",
        "global_word_sequence_number": 71546,
        "global_verse_sequence_number": 5192
    },
    {
        "chapter": 63,
        "verse": 4,
        "juz": 28,
        "hizb": 222,
        "manzil": 7,
        "ruku": 488,
        "word_number_in_verse": 4,
        "language_code": "bn",
        "text": "তাদের দেহগুলো",
        "root_word": "أَجۡسَامُهُمۡۖ",
        "global_word_sequence_number": 71547,
        "global_verse_sequence_number": 5192
    },
    {
        "chapter": 63,
        "verse": 4,
        "juz": 28,
        "hizb": 222,
        "manzil": 7,
        "ruku": 488,
        "word_number_in_verse": 5,
        "language_code": "bn",
        "text": "এবং যদি",
        "root_word": "وَإِن",
        "global_word_sequence_number": 71548,
        "global_verse_sequence_number": 5192
    },
    {
        "chapter": 63,
        "verse": 4,
        "juz": 28,
        "hizb": 222,
        "manzil": 7,
        "ruku": 488,
        "word_number_in_verse": 6,
        "language_code": "bn",
        "text": "তারা কথা বলে",
        "root_word": "يَقُولُواْ",
        "global_word_sequence_number": 71549,
        "global_verse_sequence_number": 5192
    },
    {
        "chapter": 63,
        "verse": 4,
        "juz": 28,
        "hizb": 222,
        "manzil": 7,
        "ruku": 488,
        "word_number_in_verse": 7,
        "language_code": "bn",
        "text": "তুমি শুনবে",
        "root_word": "تَسۡمَعۡ",
        "global_word_sequence_number": 71550,
        "global_verse_sequence_number": 5192
    },
    {
        "chapter": 63,
        "verse": 4,
        "juz": 28,
        "hizb": 222,
        "manzil": 7,
        "ruku": 488,
        "word_number_in_verse": 8,
        "language_code": "bn",
        "text": "তাদের কথাকে",
        "root_word": "لِقَوۡلِهِمۡۖ",
        "global_word_sequence_number": 71551,
        "global_verse_sequence_number": 5192
    },
    {
        "chapter": 63,
        "verse": 4,
        "juz": 28,
        "hizb": 222,
        "manzil": 7,
        "ruku": 488,
        "word_number_in_verse": 9,
        "language_code": "bn",
        "text": "তারা যেন (আসলে)",
        "root_word": "كَأَنَّهُمۡ",
        "global_word_sequence_number": 71552,
        "global_verse_sequence_number": 5192
    },
    {
        "chapter": 63,
        "verse": 4,
        "juz": 28,
        "hizb": 222,
        "manzil": 7,
        "ruku": 488,
        "word_number_in_verse": 10,
        "language_code": "bn",
        "text": "কাষ্ঠখণ্ডসমূহ",
        "root_word": "خُشُبٞ",
        "global_word_sequence_number": 71553,
        "global_verse_sequence_number": 5192
    },
    {
        "chapter": 63,
        "verse": 4,
        "juz": 28,
        "hizb": 222,
        "manzil": 7,
        "ruku": 488,
        "word_number_in_verse": 11,
        "language_code": "bn",
        "text": "ঠেকান দেয়া",
        "root_word": "مُّسَنَّدَةٞۖ",
        "global_word_sequence_number": 71554,
        "global_verse_sequence_number": 5192
    },
    {
        "chapter": 63,
        "verse": 4,
        "juz": 28,
        "hizb": 222,
        "manzil": 7,
        "ruku": 488,
        "word_number_in_verse": 12,
        "language_code": "bn",
        "text": "তারা মনে করে",
        "root_word": "يَحۡسَبُونَ",
        "global_word_sequence_number": 71555,
        "global_verse_sequence_number": 5192
    },
    {
        "chapter": 63,
        "verse": 4,
        "juz": 28,
        "hizb": 222,
        "manzil": 7,
        "ruku": 488,
        "word_number_in_verse": 13,
        "language_code": "bn",
        "text": "প্রত্যেক",
        "root_word": "كُلَّ",
        "global_word_sequence_number": 71556,
        "global_verse_sequence_number": 5192
    },
    {
        "chapter": 63,
        "verse": 4,
        "juz": 28,
        "hizb": 222,
        "manzil": 7,
        "ruku": 488,
        "word_number_in_verse": 14,
        "language_code": "bn",
        "text": "উঁচু আওয়াজ",
        "root_word": "صَيۡحَةٍ",
        "global_word_sequence_number": 71557,
        "global_verse_sequence_number": 5192
    },
    {
        "chapter": 63,
        "verse": 4,
        "juz": 28,
        "hizb": 222,
        "manzil": 7,
        "ruku": 488,
        "word_number_in_verse": 15,
        "language_code": "bn",
        "text": "তাদের বিরুদ্ধে",
        "root_word": "عَلَيۡهِمۡۚ",
        "global_word_sequence_number": 71558,
        "global_verse_sequence_number": 5192
    },
    {
        "chapter": 63,
        "verse": 4,
        "juz": 28,
        "hizb": 222,
        "manzil": 7,
        "ruku": 488,
        "word_number_in_verse": 16,
        "language_code": "bn",
        "text": "তারাই",
        "root_word": "هُمُ",
        "global_word_sequence_number": 71559,
        "global_verse_sequence_number": 5192
    },
    {
        "chapter": 63,
        "verse": 4,
        "juz": 28,
        "hizb": 222,
        "manzil": 7,
        "ruku": 488,
        "word_number_in_verse": 17,
        "language_code": "bn",
        "text": "শত্রু",
        "root_word": "ٱلۡعَدُوُّ",
        "global_word_sequence_number": 71560,
        "global_verse_sequence_number": 5192
    },
    {
        "chapter": 63,
        "verse": 4,
        "juz": 28,
        "hizb": 222,
        "manzil": 7,
        "ruku": 488,
        "word_number_in_verse": 18,
        "language_code": "bn",
        "text": "অতএব সতর্ক হও তাদের (থেকে)",
        "root_word": "فَٱحۡذَرۡهُمۡۚ",
        "global_word_sequence_number": 71561,
        "global_verse_sequence_number": 5192
    },
    {
        "chapter": 63,
        "verse": 4,
        "juz": 28,
        "hizb": 222,
        "manzil": 7,
        "ruku": 488,
        "word_number_in_verse": 19,
        "language_code": "bn",
        "text": "তাদের উপর মার",
        "root_word": "قَٰتَلَهُمُ",
        "global_word_sequence_number": 71562,
        "global_verse_sequence_number": 5192
    },
    {
        "chapter": 63,
        "verse": 4,
        "juz": 28,
        "hizb": 222,
        "manzil": 7,
        "ruku": 488,
        "word_number_in_verse": 20,
        "language_code": "bn",
        "text": "আল্লাহর",
        "root_word": "ٱللَّهُۖ",
        "global_word_sequence_number": 71563,
        "global_verse_sequence_number": 5192
    },
    {
        "chapter": 63,
        "verse": 4,
        "juz": 28,
        "hizb": 222,
        "manzil": 7,
        "ruku": 488,
        "word_number_in_verse": 21,
        "language_code": "bn",
        "text": "কোথায়",
        "root_word": "أَنَّىٰ",
        "global_word_sequence_number": 71564,
        "global_verse_sequence_number": 5192
    },
    {
        "chapter": 63,
        "verse": 4,
        "juz": 28,
        "hizb": 222,
        "manzil": 7,
        "ruku": 488,
        "word_number_in_verse": 22,
        "language_code": "bn",
        "text": "তাদের ফিরিয়ে নেয়া হচ্ছে",
        "root_word": "يُؤۡفَكُونَ",
        "global_word_sequence_number": 71565,
        "global_verse_sequence_number": 5192
    },
    {
        "chapter": 63,
        "verse": 5,
        "juz": 28,
        "hizb": 222,
        "manzil": 7,
        "ruku": 488,
        "word_number_in_verse": 1,
        "language_code": "bn",
        "text": "এবং যখন",
        "root_word": "وَإِذَا",
        "global_word_sequence_number": 71566,
        "global_verse_sequence_number": 5193
    },
    {
        "chapter": 63,
        "verse": 5,
        "juz": 28,
        "hizb": 222,
        "manzil": 7,
        "ruku": 488,
        "word_number_in_verse": 2,
        "language_code": "bn",
        "text": "বলা হয়",
        "root_word": "قِيلَ",
        "global_word_sequence_number": 71567,
        "global_verse_sequence_number": 5193
    },
    {
        "chapter": 63,
        "verse": 5,
        "juz": 28,
        "hizb": 222,
        "manzil": 7,
        "ruku": 488,
        "word_number_in_verse": 3,
        "language_code": "bn",
        "text": "তাদেরকে",
        "root_word": "لَهُمۡ",
        "global_word_sequence_number": 71568,
        "global_verse_sequence_number": 5193
    },
    {
        "chapter": 63,
        "verse": 5,
        "juz": 28,
        "hizb": 222,
        "manzil": 7,
        "ruku": 488,
        "word_number_in_verse": 4,
        "language_code": "bn",
        "text": "\"তোমরা আসো",
        "root_word": "تَعَالَوۡاْ",
        "global_word_sequence_number": 71569,
        "global_verse_sequence_number": 5193
    },
    {
        "chapter": 63,
        "verse": 5,
        "juz": 28,
        "hizb": 222,
        "manzil": 7,
        "ruku": 488,
        "word_number_in_verse": 5,
        "language_code": "bn",
        "text": "ক্ষমা প্রার্থনা করবেন",
        "root_word": "يَسۡتَغۡفِرۡ",
        "global_word_sequence_number": 71570,
        "global_verse_sequence_number": 5193
    },
    {
        "chapter": 63,
        "verse": 5,
        "juz": 28,
        "hizb": 222,
        "manzil": 7,
        "ruku": 488,
        "word_number_in_verse": 6,
        "language_code": "bn",
        "text": "তোমাদের জন্যে",
        "root_word": "لَكُمۡ",
        "global_word_sequence_number": 71571,
        "global_verse_sequence_number": 5193
    },
    {
        "chapter": 63,
        "verse": 5,
        "juz": 28,
        "hizb": 222,
        "manzil": 7,
        "ruku": 488,
        "word_number_in_verse": 7,
        "language_code": "bn",
        "text": "রাসূূল\"",
        "root_word": "رَسُولُ",
        "global_word_sequence_number": 71572,
        "global_verse_sequence_number": 5193
    },
    {
        "chapter": 63,
        "verse": 5,
        "juz": 28,
        "hizb": 222,
        "manzil": 7,
        "ruku": 488,
        "word_number_in_verse": 8,
        "language_code": "bn",
        "text": "আল্লাহর\"",
        "root_word": "ٱللَّهِ",
        "global_word_sequence_number": 71573,
        "global_verse_sequence_number": 5193
    },
    {
        "chapter": 63,
        "verse": 5,
        "juz": 28,
        "hizb": 222,
        "manzil": 7,
        "ruku": 488,
        "word_number_in_verse": 9,
        "language_code": "bn",
        "text": "তারা ফিরিয়ে নেয়",
        "root_word": "لَوَّوۡاْ",
        "global_word_sequence_number": 71574,
        "global_verse_sequence_number": 5193
    },
    {
        "chapter": 63,
        "verse": 5,
        "juz": 28,
        "hizb": 222,
        "manzil": 7,
        "ruku": 488,
        "word_number_in_verse": 10,
        "language_code": "bn",
        "text": "তাদের মাথাগুলো",
        "root_word": "رُءُوسَهُمۡ",
        "global_word_sequence_number": 71575,
        "global_verse_sequence_number": 5193
    },
    {
        "chapter": 63,
        "verse": 5,
        "juz": 28,
        "hizb": 222,
        "manzil": 7,
        "ruku": 488,
        "word_number_in_verse": 11,
        "language_code": "bn",
        "text": "এবং তুমি তাদের দেখো",
        "root_word": "وَرَأَيۡتَهُمۡ",
        "global_word_sequence_number": 71576,
        "global_verse_sequence_number": 5193
    },
    {
        "chapter": 63,
        "verse": 5,
        "juz": 28,
        "hizb": 222,
        "manzil": 7,
        "ruku": 488,
        "word_number_in_verse": 12,
        "language_code": "bn",
        "text": "বিরত থাকে (আসা থেকে)",
        "root_word": "يَصُدُّونَ",
        "global_word_sequence_number": 71577,
        "global_verse_sequence_number": 5193
    },
    {
        "chapter": 63,
        "verse": 5,
        "juz": 28,
        "hizb": 222,
        "manzil": 7,
        "ruku": 488,
        "word_number_in_verse": 13,
        "language_code": "bn",
        "text": "এবং তারা",
        "root_word": "وَهُم",
        "global_word_sequence_number": 71578,
        "global_verse_sequence_number": 5193
    },
    {
        "chapter": 63,
        "verse": 5,
        "juz": 28,
        "hizb": 222,
        "manzil": 7,
        "ruku": 488,
        "word_number_in_verse": 14,
        "language_code": "bn",
        "text": "অহংকারী",
        "root_word": "مُّسۡتَكۡبِرُونَ",
        "global_word_sequence_number": 71579,
        "global_verse_sequence_number": 5193
    },
    {
        "chapter": 63,
        "verse": 6,
        "juz": 28,
        "hizb": 222,
        "manzil": 7,
        "ruku": 488,
        "word_number_in_verse": 1,
        "language_code": "bn",
        "text": "সমান",
        "root_word": "سَوَآءٌ",
        "global_word_sequence_number": 71580,
        "global_verse_sequence_number": 5194
    },
    {
        "chapter": 63,
        "verse": 6,
        "juz": 28,
        "hizb": 222,
        "manzil": 7,
        "ruku": 488,
        "word_number_in_verse": 2,
        "language_code": "bn",
        "text": "তাদের জন্যে",
        "root_word": "عَلَيۡهِمۡ",
        "global_word_sequence_number": 71581,
        "global_verse_sequence_number": 5194
    },
    {
        "chapter": 63,
        "verse": 6,
        "juz": 28,
        "hizb": 222,
        "manzil": 7,
        "ruku": 488,
        "word_number_in_verse": 3,
        "language_code": "bn",
        "text": "তুমি ক্ষমা প্রার্থনা কর",
        "root_word": "أَسۡتَغۡفَرۡتَ",
        "global_word_sequence_number": 71582,
        "global_verse_sequence_number": 5194
    },
    {
        "chapter": 63,
        "verse": 6,
        "juz": 28,
        "hizb": 222,
        "manzil": 7,
        "ruku": 488,
        "word_number_in_verse": 4,
        "language_code": "bn",
        "text": "তাদের জন্য",
        "root_word": "لَهُمۡ",
        "global_word_sequence_number": 71583,
        "global_verse_sequence_number": 5194
    },
    {
        "chapter": 63,
        "verse": 6,
        "juz": 28,
        "hizb": 222,
        "manzil": 7,
        "ruku": 488,
        "word_number_in_verse": 5,
        "language_code": "bn",
        "text": "অথবা",
        "root_word": "أَمۡ",
        "global_word_sequence_number": 71584,
        "global_verse_sequence_number": 5194
    },
    {
        "chapter": 63,
        "verse": 6,
        "juz": 28,
        "hizb": 222,
        "manzil": 7,
        "ruku": 488,
        "word_number_in_verse": 6,
        "language_code": "bn",
        "text": "প্রার্থনা নাই করো",
        "root_word": "لَمۡ",
        "global_word_sequence_number": 71585,
        "global_verse_sequence_number": 5194
    },
    {
        "chapter": 63,
        "verse": 6,
        "juz": 28,
        "hizb": 222,
        "manzil": 7,
        "ruku": 488,
        "word_number_in_verse": 7,
        "language_code": "bn",
        "text": "তুমি ক্ষমা",
        "root_word": "تَسۡتَغۡفِرۡ",
        "global_word_sequence_number": 71586,
        "global_verse_sequence_number": 5194
    },
    {
        "chapter": 63,
        "verse": 6,
        "juz": 28,
        "hizb": 222,
        "manzil": 7,
        "ruku": 488,
        "word_number_in_verse": 8,
        "language_code": "bn",
        "text": "তাদের জন্যে",
        "root_word": "لَهُمۡ",
        "global_word_sequence_number": 71587,
        "global_verse_sequence_number": 5194
    },
    {
        "chapter": 63,
        "verse": 6,
        "juz": 28,
        "hizb": 222,
        "manzil": 7,
        "ruku": 488,
        "word_number_in_verse": 9,
        "language_code": "bn",
        "text": "কক্ষনো না",
        "root_word": "لَن",
        "global_word_sequence_number": 71588,
        "global_verse_sequence_number": 5194
    },
    {
        "chapter": 63,
        "verse": 6,
        "juz": 28,
        "hizb": 222,
        "manzil": 7,
        "ruku": 488,
        "word_number_in_verse": 10,
        "language_code": "bn",
        "text": "ক্ষমা করবেন",
        "root_word": "يَغۡفِرَ",
        "global_word_sequence_number": 71589,
        "global_verse_sequence_number": 5194
    },
    {
        "chapter": 63,
        "verse": 6,
        "juz": 28,
        "hizb": 222,
        "manzil": 7,
        "ruku": 488,
        "word_number_in_verse": 11,
        "language_code": "bn",
        "text": "আল্লাহ",
        "root_word": "ٱللَّهُ",
        "global_word_sequence_number": 71590,
        "global_verse_sequence_number": 5194
    },
    {
        "chapter": 63,
        "verse": 6,
        "juz": 28,
        "hizb": 222,
        "manzil": 7,
        "ruku": 488,
        "word_number_in_verse": 12,
        "language_code": "bn",
        "text": "তাদেরকে",
        "root_word": "لَهُمۡۚ",
        "global_word_sequence_number": 71591,
        "global_verse_sequence_number": 5194
    },
    {
        "chapter": 63,
        "verse": 6,
        "juz": 28,
        "hizb": 222,
        "manzil": 7,
        "ruku": 488,
        "word_number_in_verse": 13,
        "language_code": "bn",
        "text": "নিশ্চয়",
        "root_word": "إِنَّ",
        "global_word_sequence_number": 71592,
        "global_verse_sequence_number": 5194
    },
    {
        "chapter": 63,
        "verse": 6,
        "juz": 28,
        "hizb": 222,
        "manzil": 7,
        "ruku": 488,
        "word_number_in_verse": 14,
        "language_code": "bn",
        "text": "আল্লাহ",
        "root_word": "ٱللَّهَ",
        "global_word_sequence_number": 71593,
        "global_verse_sequence_number": 5194
    },
    {
        "chapter": 63,
        "verse": 6,
        "juz": 28,
        "hizb": 222,
        "manzil": 7,
        "ruku": 488,
        "word_number_in_verse": 15,
        "language_code": "bn",
        "text": "না",
        "root_word": "لَا",
        "global_word_sequence_number": 71594,
        "global_verse_sequence_number": 5194
    },
    {
        "chapter": 63,
        "verse": 6,
        "juz": 28,
        "hizb": 222,
        "manzil": 7,
        "ruku": 488,
        "word_number_in_verse": 16,
        "language_code": "bn",
        "text": "পথ দেখান",
        "root_word": "يَهۡدِي",
        "global_word_sequence_number": 71595,
        "global_verse_sequence_number": 5194
    },
    {
        "chapter": 63,
        "verse": 6,
        "juz": 28,
        "hizb": 222,
        "manzil": 7,
        "ruku": 488,
        "word_number_in_verse": 17,
        "language_code": "bn",
        "text": "লোকদের",
        "root_word": "ٱلۡقَوۡمَ",
        "global_word_sequence_number": 71596,
        "global_verse_sequence_number": 5194
    },
    {
        "chapter": 63,
        "verse": 6,
        "juz": 28,
        "hizb": 222,
        "manzil": 7,
        "ruku": 488,
        "word_number_in_verse": 18,
        "language_code": "bn",
        "text": "ফাসেক",
        "root_word": "ٱلۡفَٰسِقِينَ",
        "global_word_sequence_number": 71597,
        "global_verse_sequence_number": 5194
    },
    {
        "chapter": 63,
        "verse": 7,
        "juz": 28,
        "hizb": 222,
        "manzil": 7,
        "ruku": 488,
        "word_number_in_verse": 1,
        "language_code": "bn",
        "text": "তারা (ঐ লোক)",
        "root_word": "هُمُ",
        "global_word_sequence_number": 71598,
        "global_verse_sequence_number": 5195
    },
    {
        "chapter": 63,
        "verse": 7,
        "juz": 28,
        "hizb": 222,
        "manzil": 7,
        "ruku": 488,
        "word_number_in_verse": 2,
        "language_code": "bn",
        "text": "যারা",
        "root_word": "ٱلَّذِينَ",
        "global_word_sequence_number": 71599,
        "global_verse_sequence_number": 5195
    },
    {
        "chapter": 63,
        "verse": 7,
        "juz": 28,
        "hizb": 222,
        "manzil": 7,
        "ruku": 488,
        "word_number_in_verse": 3,
        "language_code": "bn",
        "text": "বলে",
        "root_word": "يَقُولُونَ",
        "global_word_sequence_number": 71600,
        "global_verse_sequence_number": 5195
    },
    {
        "chapter": 63,
        "verse": 7,
        "juz": 28,
        "hizb": 222,
        "manzil": 7,
        "ruku": 488,
        "word_number_in_verse": 4,
        "language_code": "bn",
        "text": "\"না",
        "root_word": "لَا",
        "global_word_sequence_number": 71601,
        "global_verse_sequence_number": 5195
    },
    {
        "chapter": 63,
        "verse": 7,
        "juz": 28,
        "hizb": 222,
        "manzil": 7,
        "ruku": 488,
        "word_number_in_verse": 5,
        "language_code": "bn",
        "text": "তোমরা খরচ করো",
        "root_word": "تُنفِقُواْ",
        "global_word_sequence_number": 71602,
        "global_verse_sequence_number": 5195
    },
    {
        "chapter": 63,
        "verse": 7,
        "juz": 28,
        "hizb": 222,
        "manzil": 7,
        "ruku": 488,
        "word_number_in_verse": 6,
        "language_code": "bn",
        "text": "(তাদের) জন্য",
        "root_word": "عَلَىٰ",
        "global_word_sequence_number": 71603,
        "global_verse_sequence_number": 5195
    },
    {
        "chapter": 63,
        "verse": 7,
        "juz": 28,
        "hizb": 222,
        "manzil": 7,
        "ruku": 488,
        "word_number_in_verse": 7,
        "language_code": "bn",
        "text": "যারা (আছে)",
        "root_word": "مَنۡ",
        "global_word_sequence_number": 71604,
        "global_verse_sequence_number": 5195
    },
    {
        "chapter": 63,
        "verse": 7,
        "juz": 28,
        "hizb": 222,
        "manzil": 7,
        "ruku": 488,
        "word_number_in_verse": 8,
        "language_code": "bn",
        "text": "কাছে",
        "root_word": "عِندَ",
        "global_word_sequence_number": 71605,
        "global_verse_sequence_number": 5195
    },
    {
        "chapter": 63,
        "verse": 7,
        "juz": 28,
        "hizb": 222,
        "manzil": 7,
        "ruku": 488,
        "word_number_in_verse": 9,
        "language_code": "bn",
        "text": "রাসূলের",
        "root_word": "رَسُولِ",
        "global_word_sequence_number": 71606,
        "global_verse_sequence_number": 5195
    },
    {
        "chapter": 63,
        "verse": 7,
        "juz": 28,
        "hizb": 222,
        "manzil": 7,
        "ruku": 488,
        "word_number_in_verse": 10,
        "language_code": "bn",
        "text": "আল্লাহর",
        "root_word": "ٱللَّهِ",
        "global_word_sequence_number": 71607,
        "global_verse_sequence_number": 5195
    },
    {
        "chapter": 63,
        "verse": 7,
        "juz": 28,
        "hizb": 222,
        "manzil": 7,
        "ruku": 488,
        "word_number_in_verse": 11,
        "language_code": "bn",
        "text": "যতক্ষণ না",
        "root_word": "حَتَّىٰ",
        "global_word_sequence_number": 71608,
        "global_verse_sequence_number": 5195
    },
    {
        "chapter": 63,
        "verse": 7,
        "juz": 28,
        "hizb": 222,
        "manzil": 7,
        "ruku": 488,
        "word_number_in_verse": 12,
        "language_code": "bn",
        "text": "তারা ছিন্নভিন্ন হয়ে যায়\"",
        "root_word": "يَنفَضُّواْۗ",
        "global_word_sequence_number": 71609,
        "global_verse_sequence_number": 5195
    },
    {
        "chapter": 63,
        "verse": 7,
        "juz": 28,
        "hizb": 222,
        "manzil": 7,
        "ruku": 488,
        "word_number_in_verse": 13,
        "language_code": "bn",
        "text": "অথচ আল্লাহরই",
        "root_word": "وَلِلَّهِ",
        "global_word_sequence_number": 71610,
        "global_verse_sequence_number": 5195
    },
    {
        "chapter": 63,
        "verse": 7,
        "juz": 28,
        "hizb": 222,
        "manzil": 7,
        "ruku": 488,
        "word_number_in_verse": 14,
        "language_code": "bn",
        "text": "ধনভাণ্ডারসমূহ",
        "root_word": "خَزَآئِنُ",
        "global_word_sequence_number": 71611,
        "global_verse_sequence_number": 5195
    },
    {
        "chapter": 63,
        "verse": 7,
        "juz": 28,
        "hizb": 222,
        "manzil": 7,
        "ruku": 488,
        "word_number_in_verse": 15,
        "language_code": "bn",
        "text": "আসমানসমূহের",
        "root_word": "ٱلسَّمَٰوَٰتِ",
        "global_word_sequence_number": 71612,
        "global_verse_sequence_number": 5195
    },
    {
        "chapter": 63,
        "verse": 7,
        "juz": 28,
        "hizb": 222,
        "manzil": 7,
        "ruku": 488,
        "word_number_in_verse": 16,
        "language_code": "bn",
        "text": "ও যমীনের",
        "root_word": "وَٱلۡأَرۡضِ",
        "global_word_sequence_number": 71613,
        "global_verse_sequence_number": 5195
    },
    {
        "chapter": 63,
        "verse": 7,
        "juz": 28,
        "hizb": 222,
        "manzil": 7,
        "ruku": 488,
        "word_number_in_verse": 17,
        "language_code": "bn",
        "text": "কিন্তু",
        "root_word": "وَلَٰكِنَّ",
        "global_word_sequence_number": 71614,
        "global_verse_sequence_number": 5195
    },
    {
        "chapter": 63,
        "verse": 7,
        "juz": 28,
        "hizb": 222,
        "manzil": 7,
        "ruku": 488,
        "word_number_in_verse": 18,
        "language_code": "bn",
        "text": "মুনাফিকরা",
        "root_word": "ٱلۡمُنَٰفِقِينَ",
        "global_word_sequence_number": 71615,
        "global_verse_sequence_number": 5195
    },
    {
        "chapter": 63,
        "verse": 7,
        "juz": 28,
        "hizb": 222,
        "manzil": 7,
        "ruku": 488,
        "word_number_in_verse": 19,
        "language_code": "bn",
        "text": "না",
        "root_word": "لَا",
        "global_word_sequence_number": 71616,
        "global_verse_sequence_number": 5195
    },
    {
        "chapter": 63,
        "verse": 7,
        "juz": 28,
        "hizb": 222,
        "manzil": 7,
        "ruku": 488,
        "word_number_in_verse": 20,
        "language_code": "bn",
        "text": "তারা বুঝে",
        "root_word": "يَفۡقَهُونَ",
        "global_word_sequence_number": 71617,
        "global_verse_sequence_number": 5195
    },
    {
        "chapter": 63,
        "verse": 8,
        "juz": 28,
        "hizb": 222,
        "manzil": 7,
        "ruku": 488,
        "word_number_in_verse": 1,
        "language_code": "bn",
        "text": "তারা বলে",
        "root_word": "يَقُولُونَ",
        "global_word_sequence_number": 71618,
        "global_verse_sequence_number": 5196
    },
    {
        "chapter": 63,
        "verse": 8,
        "juz": 28,
        "hizb": 222,
        "manzil": 7,
        "ruku": 488,
        "word_number_in_verse": 2,
        "language_code": "bn",
        "text": "\"অবশ্যই যদি",
        "root_word": "لَئِن",
        "global_word_sequence_number": 71619,
        "global_verse_sequence_number": 5196
    },
    {
        "chapter": 63,
        "verse": 8,
        "juz": 28,
        "hizb": 222,
        "manzil": 7,
        "ruku": 488,
        "word_number_in_verse": 3,
        "language_code": "bn",
        "text": "আমরা ফিরে যেতে পারি",
        "root_word": "رَّجَعۡنَآ",
        "global_word_sequence_number": 71620,
        "global_verse_sequence_number": 5196
    },
    {
        "chapter": 63,
        "verse": 8,
        "juz": 28,
        "hizb": 222,
        "manzil": 7,
        "ruku": 488,
        "word_number_in_verse": 4,
        "language_code": "bn",
        "text": "দিকে",
        "root_word": "إِلَى",
        "global_word_sequence_number": 71621,
        "global_verse_sequence_number": 5196
    },
    {
        "chapter": 63,
        "verse": 8,
        "juz": 28,
        "hizb": 222,
        "manzil": 7,
        "ruku": 488,
        "word_number_in_verse": 5,
        "language_code": "bn",
        "text": "মদীনার",
        "root_word": "ٱلۡمَدِينَةِ",
        "global_word_sequence_number": 71622,
        "global_verse_sequence_number": 5196
    },
    {
        "chapter": 63,
        "verse": 8,
        "juz": 28,
        "hizb": 222,
        "manzil": 7,
        "ruku": 488,
        "word_number_in_verse": 6,
        "language_code": "bn",
        "text": "বহিস্কার করবেই",
        "root_word": "لَيُخۡرِجَنَّ",
        "global_word_sequence_number": 71623,
        "global_verse_sequence_number": 5196
    },
    {
        "chapter": 63,
        "verse": 8,
        "juz": 28,
        "hizb": 222,
        "manzil": 7,
        "ruku": 488,
        "word_number_in_verse": 7,
        "language_code": "bn",
        "text": "অধিক সম্মানিত",
        "root_word": "ٱلۡأَعَزُّ",
        "global_word_sequence_number": 71624,
        "global_verse_sequence_number": 5196
    },
    {
        "chapter": 63,
        "verse": 8,
        "juz": 28,
        "hizb": 222,
        "manzil": 7,
        "ruku": 488,
        "word_number_in_verse": 8,
        "language_code": "bn",
        "text": "তা থেকে",
        "root_word": "مِنۡهَا",
        "global_word_sequence_number": 71625,
        "global_verse_sequence_number": 5196
    },
    {
        "chapter": 63,
        "verse": 8,
        "juz": 28,
        "hizb": 222,
        "manzil": 7,
        "ruku": 488,
        "word_number_in_verse": 9,
        "language_code": "bn",
        "text": "হীনতরকে\"",
        "root_word": "ٱلۡأَذَلَّۚ",
        "global_word_sequence_number": 71626,
        "global_verse_sequence_number": 5196
    },
    {
        "chapter": 63,
        "verse": 8,
        "juz": 28,
        "hizb": 222,
        "manzil": 7,
        "ruku": 488,
        "word_number_in_verse": 10,
        "language_code": "bn",
        "text": "অথচ আল্লাহরই জন্যে",
        "root_word": "وَلِلَّهِ",
        "global_word_sequence_number": 71627,
        "global_verse_sequence_number": 5196
    },
    {
        "chapter": 63,
        "verse": 8,
        "juz": 28,
        "hizb": 222,
        "manzil": 7,
        "ruku": 488,
        "word_number_in_verse": 11,
        "language_code": "bn",
        "text": "সম্মান",
        "root_word": "ٱلۡعِزَّةُ",
        "global_word_sequence_number": 71628,
        "global_verse_sequence_number": 5196
    },
    {
        "chapter": 63,
        "verse": 8,
        "juz": 28,
        "hizb": 222,
        "manzil": 7,
        "ruku": 488,
        "word_number_in_verse": 12,
        "language_code": "bn",
        "text": "ও তাঁর রাসূলের",
        "root_word": "وَلِرَسُولِهِۦ",
        "global_word_sequence_number": 71629,
        "global_verse_sequence_number": 5196
    },
    {
        "chapter": 63,
        "verse": 8,
        "juz": 28,
        "hizb": 222,
        "manzil": 7,
        "ruku": 488,
        "word_number_in_verse": 13,
        "language_code": "bn",
        "text": "ও মু'মিনদের",
        "root_word": "وَلِلۡمُؤۡمِنِينَ",
        "global_word_sequence_number": 71630,
        "global_verse_sequence_number": 5196
    },
    {
        "chapter": 63,
        "verse": 8,
        "juz": 28,
        "hizb": 222,
        "manzil": 7,
        "ruku": 488,
        "word_number_in_verse": 14,
        "language_code": "bn",
        "text": "কিন্তু",
        "root_word": "وَلَٰكِنَّ",
        "global_word_sequence_number": 71631,
        "global_verse_sequence_number": 5196
    },
    {
        "chapter": 63,
        "verse": 8,
        "juz": 28,
        "hizb": 222,
        "manzil": 7,
        "ruku": 488,
        "word_number_in_verse": 15,
        "language_code": "bn",
        "text": "মুনাফিকরা",
        "root_word": "ٱلۡمُنَٰفِقِينَ",
        "global_word_sequence_number": 71632,
        "global_verse_sequence_number": 5196
    },
    {
        "chapter": 63,
        "verse": 8,
        "juz": 28,
        "hizb": 222,
        "manzil": 7,
        "ruku": 488,
        "word_number_in_verse": 16,
        "language_code": "bn",
        "text": "না",
        "root_word": "لَا",
        "global_word_sequence_number": 71633,
        "global_verse_sequence_number": 5196
    },
    {
        "chapter": 63,
        "verse": 8,
        "juz": 28,
        "hizb": 222,
        "manzil": 7,
        "ruku": 488,
        "word_number_in_verse": 17,
        "language_code": "bn",
        "text": "তারা জানে",
        "root_word": "يَعۡلَمُونَ",
        "global_word_sequence_number": 71634,
        "global_verse_sequence_number": 5196
    },
    {
        "chapter": 63,
        "verse": 9,
        "juz": 28,
        "hizb": 222,
        "manzil": 7,
        "ruku": 489,
        "word_number_in_verse": 1,
        "language_code": "bn",
        "text": "ওহে",
        "root_word": "يَٰٓأَيُّهَا",
        "global_word_sequence_number": 71635,
        "global_verse_sequence_number": 5197
    },
    {
        "chapter": 63,
        "verse": 9,
        "juz": 28,
        "hizb": 222,
        "manzil": 7,
        "ruku": 489,
        "word_number_in_verse": 2,
        "language_code": "bn",
        "text": "যারা",
        "root_word": "ٱلَّذِينَ",
        "global_word_sequence_number": 71636,
        "global_verse_sequence_number": 5197
    },
    {
        "chapter": 63,
        "verse": 9,
        "juz": 28,
        "hizb": 222,
        "manzil": 7,
        "ruku": 489,
        "word_number_in_verse": 3,
        "language_code": "bn",
        "text": "ঈমান এনেছো",
        "root_word": "ءَامَنُواْ",
        "global_word_sequence_number": 71637,
        "global_verse_sequence_number": 5197
    },
    {
        "chapter": 63,
        "verse": 9,
        "juz": 28,
        "hizb": 222,
        "manzil": 7,
        "ruku": 489,
        "word_number_in_verse": 4,
        "language_code": "bn",
        "text": "না",
        "root_word": "لَا",
        "global_word_sequence_number": 71638,
        "global_verse_sequence_number": 5197
    },
    {
        "chapter": 63,
        "verse": 9,
        "juz": 28,
        "hizb": 222,
        "manzil": 7,
        "ruku": 489,
        "word_number_in_verse": 5,
        "language_code": "bn",
        "text": "তোমাদের (যেন) গাফিল করে",
        "root_word": "تُلۡهِكُمۡ",
        "global_word_sequence_number": 71639,
        "global_verse_sequence_number": 5197
    },
    {
        "chapter": 63,
        "verse": 9,
        "juz": 28,
        "hizb": 222,
        "manzil": 7,
        "ruku": 489,
        "word_number_in_verse": 6,
        "language_code": "bn",
        "text": "তোমাদের সম্পদগুলো",
        "root_word": "أَمۡوَٰلُكُمۡ",
        "global_word_sequence_number": 71640,
        "global_verse_sequence_number": 5197
    },
    {
        "chapter": 63,
        "verse": 9,
        "juz": 28,
        "hizb": 222,
        "manzil": 7,
        "ruku": 489,
        "word_number_in_verse": 7,
        "language_code": "bn",
        "text": "ও না",
        "root_word": "وَلَآ",
        "global_word_sequence_number": 71641,
        "global_verse_sequence_number": 5197
    },
    {
        "chapter": 63,
        "verse": 9,
        "juz": 28,
        "hizb": 222,
        "manzil": 7,
        "ruku": 489,
        "word_number_in_verse": 8,
        "language_code": "bn",
        "text": "তোমাদের সন্তানরা",
        "root_word": "أَوۡلَٰدُكُمۡ",
        "global_word_sequence_number": 71642,
        "global_verse_sequence_number": 5197
    },
    {
        "chapter": 63,
        "verse": 9,
        "juz": 28,
        "hizb": 222,
        "manzil": 7,
        "ruku": 489,
        "word_number_in_verse": 9,
        "language_code": "bn",
        "text": "থেকে",
        "root_word": "عَن",
        "global_word_sequence_number": 71643,
        "global_verse_sequence_number": 5197
    },
    {
        "chapter": 63,
        "verse": 9,
        "juz": 28,
        "hizb": 222,
        "manzil": 7,
        "ruku": 489,
        "word_number_in_verse": 10,
        "language_code": "bn",
        "text": "স্মরণ",
        "root_word": "ذِكۡرِ",
        "global_word_sequence_number": 71644,
        "global_verse_sequence_number": 5197
    },
    {
        "chapter": 63,
        "verse": 9,
        "juz": 28,
        "hizb": 222,
        "manzil": 7,
        "ruku": 489,
        "word_number_in_verse": 11,
        "language_code": "bn",
        "text": "আল্লাহর",
        "root_word": "ٱللَّهِۚ",
        "global_word_sequence_number": 71645,
        "global_verse_sequence_number": 5197
    },
    {
        "chapter": 63,
        "verse": 9,
        "juz": 28,
        "hizb": 222,
        "manzil": 7,
        "ruku": 489,
        "word_number_in_verse": 12,
        "language_code": "bn",
        "text": "এবং যে",
        "root_word": "وَمَن",
        "global_word_sequence_number": 71646,
        "global_verse_sequence_number": 5197
    },
    {
        "chapter": 63,
        "verse": 9,
        "juz": 28,
        "hizb": 222,
        "manzil": 7,
        "ruku": 489,
        "word_number_in_verse": 13,
        "language_code": "bn",
        "text": "করবে",
        "root_word": "يَفۡعَلۡ",
        "global_word_sequence_number": 71647,
        "global_verse_sequence_number": 5197
    },
    {
        "chapter": 63,
        "verse": 9,
        "juz": 28,
        "hizb": 222,
        "manzil": 7,
        "ruku": 489,
        "word_number_in_verse": 14,
        "language_code": "bn",
        "text": "এটা",
        "root_word": "ذَٰلِكَ",
        "global_word_sequence_number": 71648,
        "global_verse_sequence_number": 5197
    },
    {
        "chapter": 63,
        "verse": 9,
        "juz": 28,
        "hizb": 222,
        "manzil": 7,
        "ruku": 489,
        "word_number_in_verse": 15,
        "language_code": "bn",
        "text": "অতঃপর ঐসব লোক",
        "root_word": "فَأُوْلَٰٓئِكَ",
        "global_word_sequence_number": 71649,
        "global_verse_sequence_number": 5197
    },
    {
        "chapter": 63,
        "verse": 9,
        "juz": 28,
        "hizb": 222,
        "manzil": 7,
        "ruku": 489,
        "word_number_in_verse": 16,
        "language_code": "bn",
        "text": "তারাই",
        "root_word": "هُمُ",
        "global_word_sequence_number": 71650,
        "global_verse_sequence_number": 5197
    },
    {
        "chapter": 63,
        "verse": 9,
        "juz": 28,
        "hizb": 222,
        "manzil": 7,
        "ruku": 489,
        "word_number_in_verse": 17,
        "language_code": "bn",
        "text": "ক্ষতিগ্রস্ত",
        "root_word": "ٱلۡخَٰسِرُونَ",
        "global_word_sequence_number": 71651,
        "global_verse_sequence_number": 5197
    },
    {
        "chapter": 63,
        "verse": 10,
        "juz": 28,
        "hizb": 222,
        "manzil": 7,
        "ruku": 489,
        "word_number_in_verse": 1,
        "language_code": "bn",
        "text": "এবং তোমরা খরচ করো",
        "root_word": "وَأَنفِقُواْ",
        "global_word_sequence_number": 71652,
        "global_verse_sequence_number": 5198
    },
    {
        "chapter": 63,
        "verse": 10,
        "juz": 28,
        "hizb": 222,
        "manzil": 7,
        "ruku": 489,
        "word_number_in_verse": 2,
        "language_code": "bn",
        "text": "থেকে",
        "root_word": "مِن",
        "global_word_sequence_number": 71653,
        "global_verse_sequence_number": 5198
    },
    {
        "chapter": 63,
        "verse": 10,
        "juz": 28,
        "hizb": 222,
        "manzil": 7,
        "ruku": 489,
        "word_number_in_verse": 3,
        "language_code": "bn",
        "text": "তা (যা)",
        "root_word": "مَّا",
        "global_word_sequence_number": 71654,
        "global_verse_sequence_number": 5198
    },
    {
        "chapter": 63,
        "verse": 10,
        "juz": 28,
        "hizb": 222,
        "manzil": 7,
        "ruku": 489,
        "word_number_in_verse": 4,
        "language_code": "bn",
        "text": "তোমাদের আমরা রিজিক দিয়েছি",
        "root_word": "رَزَقۡنَٰكُم",
        "global_word_sequence_number": 71655,
        "global_verse_sequence_number": 5198
    },
    {
        "chapter": 63,
        "verse": 10,
        "juz": 28,
        "hizb": 222,
        "manzil": 7,
        "ruku": 489,
        "word_number_in_verse": 5,
        "language_code": "bn",
        "text": "থেকে",
        "root_word": "مِّن",
        "global_word_sequence_number": 71656,
        "global_verse_sequence_number": 5198
    },
    {
        "chapter": 63,
        "verse": 10,
        "juz": 28,
        "hizb": 222,
        "manzil": 7,
        "ruku": 489,
        "word_number_in_verse": 6,
        "language_code": "bn",
        "text": "পূর্বে",
        "root_word": "قَبۡلِ",
        "global_word_sequence_number": 71657,
        "global_verse_sequence_number": 5198
    },
    {
        "chapter": 63,
        "verse": 10,
        "juz": 28,
        "hizb": 222,
        "manzil": 7,
        "ruku": 489,
        "word_number_in_verse": 7,
        "language_code": "bn",
        "text": "যে",
        "root_word": "أَن",
        "global_word_sequence_number": 71658,
        "global_verse_sequence_number": 5198
    },
    {
        "chapter": 63,
        "verse": 10,
        "juz": 28,
        "hizb": 222,
        "manzil": 7,
        "ruku": 489,
        "word_number_in_verse": 8,
        "language_code": "bn",
        "text": "আসে",
        "root_word": "يَأۡتِيَ",
        "global_word_sequence_number": 71659,
        "global_verse_sequence_number": 5198
    },
    {
        "chapter": 63,
        "verse": 10,
        "juz": 28,
        "hizb": 222,
        "manzil": 7,
        "ruku": 489,
        "word_number_in_verse": 9,
        "language_code": "bn",
        "text": "তোমাদের কারও",
        "root_word": "أَحَدَكُمُ",
        "global_word_sequence_number": 71660,
        "global_verse_sequence_number": 5198
    },
    {
        "chapter": 63,
        "verse": 10,
        "juz": 28,
        "hizb": 222,
        "manzil": 7,
        "ruku": 489,
        "word_number_in_verse": 10,
        "language_code": "bn",
        "text": "মৃত্যু",
        "root_word": "ٱلۡمَوۡتُ",
        "global_word_sequence_number": 71661,
        "global_verse_sequence_number": 5198
    },
    {
        "chapter": 63,
        "verse": 10,
        "juz": 28,
        "hizb": 222,
        "manzil": 7,
        "ruku": 489,
        "word_number_in_verse": 11,
        "language_code": "bn",
        "text": "অতঃপর সে বলবে",
        "root_word": "فَيَقُولَ",
        "global_word_sequence_number": 71662,
        "global_verse_sequence_number": 5198
    },
    {
        "chapter": 63,
        "verse": 10,
        "juz": 28,
        "hizb": 222,
        "manzil": 7,
        "ruku": 489,
        "word_number_in_verse": 12,
        "language_code": "bn",
        "text": "\"হে আমার রব",
        "root_word": "رَبِّ",
        "global_word_sequence_number": 71663,
        "global_verse_sequence_number": 5198
    },
    {
        "chapter": 63,
        "verse": 10,
        "juz": 28,
        "hizb": 222,
        "manzil": 7,
        "ruku": 489,
        "word_number_in_verse": 13,
        "language_code": "bn",
        "text": "কেন না",
        "root_word": "لَوۡلَآ",
        "global_word_sequence_number": 71664,
        "global_verse_sequence_number": 5198
    },
    {
        "chapter": 63,
        "verse": 10,
        "juz": 28,
        "hizb": 222,
        "manzil": 7,
        "ruku": 489,
        "word_number_in_verse": 14,
        "language_code": "bn",
        "text": "তুমি আমাকে অবকাশ দিলে",
        "root_word": "أَخَّرۡتَنِيٓ",
        "global_word_sequence_number": 71665,
        "global_verse_sequence_number": 5198
    },
    {
        "chapter": 63,
        "verse": 10,
        "juz": 28,
        "hizb": 222,
        "manzil": 7,
        "ruku": 489,
        "word_number_in_verse": 15,
        "language_code": "bn",
        "text": "পর্যন্ত",
        "root_word": "إِلَىٰٓ",
        "global_word_sequence_number": 71666,
        "global_verse_sequence_number": 5198
    },
    {
        "chapter": 63,
        "verse": 10,
        "juz": 28,
        "hizb": 222,
        "manzil": 7,
        "ruku": 489,
        "word_number_in_verse": 16,
        "language_code": "bn",
        "text": "কাল",
        "root_word": "أَجَلٖ",
        "global_word_sequence_number": 71667,
        "global_verse_sequence_number": 5198
    },
    {
        "chapter": 63,
        "verse": 10,
        "juz": 28,
        "hizb": 222,
        "manzil": 7,
        "ruku": 489,
        "word_number_in_verse": 17,
        "language_code": "bn",
        "text": "কিছু",
        "root_word": "قَرِيبٖ",
        "global_word_sequence_number": 71668,
        "global_verse_sequence_number": 5198
    },
    {
        "chapter": 63,
        "verse": 10,
        "juz": 28,
        "hizb": 222,
        "manzil": 7,
        "ruku": 489,
        "word_number_in_verse": 18,
        "language_code": "bn",
        "text": "আমি তা হলে সদকা করতাম",
        "root_word": "فَأَصَّدَّقَ",
        "global_word_sequence_number": 71669,
        "global_verse_sequence_number": 5198
    },
    {
        "chapter": 63,
        "verse": 10,
        "juz": 28,
        "hizb": 222,
        "manzil": 7,
        "ruku": 489,
        "word_number_in_verse": 19,
        "language_code": "bn",
        "text": "এবং হতাম আমি",
        "root_word": "وَأَكُن",
        "global_word_sequence_number": 71670,
        "global_verse_sequence_number": 5198
    },
    {
        "chapter": 63,
        "verse": 10,
        "juz": 28,
        "hizb": 222,
        "manzil": 7,
        "ruku": 489,
        "word_number_in_verse": 20,
        "language_code": "bn",
        "text": "অন্তর্ভুক্ত",
        "root_word": "مِّنَ",
        "global_word_sequence_number": 71671,
        "global_verse_sequence_number": 5198
    },
    {
        "chapter": 63,
        "verse": 10,
        "juz": 28,
        "hizb": 222,
        "manzil": 7,
        "ruku": 489,
        "word_number_in_verse": 21,
        "language_code": "bn",
        "text": "সৎকর্মশীলদের\"",
        "root_word": "ٱلصَّٰلِحِينَ",
        "global_word_sequence_number": 71672,
        "global_verse_sequence_number": 5198
    },
    {
        "chapter": 63,
        "verse": 11,
        "juz": 28,
        "hizb": 222,
        "manzil": 7,
        "ruku": 489,
        "word_number_in_verse": 1,
        "language_code": "bn",
        "text": "অথচ কক্ষনো না",
        "root_word": "وَلَن",
        "global_word_sequence_number": 71673,
        "global_verse_sequence_number": 5199
    },
    {
        "chapter": 63,
        "verse": 11,
        "juz": 28,
        "hizb": 222,
        "manzil": 7,
        "ruku": 489,
        "word_number_in_verse": 2,
        "language_code": "bn",
        "text": "অবকাশ দেন",
        "root_word": "يُؤَخِّرَ",
        "global_word_sequence_number": 71674,
        "global_verse_sequence_number": 5199
    },
    {
        "chapter": 63,
        "verse": 11,
        "juz": 28,
        "hizb": 222,
        "manzil": 7,
        "ruku": 489,
        "word_number_in_verse": 3,
        "language_code": "bn",
        "text": "আল্লাহ",
        "root_word": "ٱللَّهُ",
        "global_word_sequence_number": 71675,
        "global_verse_sequence_number": 5199
    },
    {
        "chapter": 63,
        "verse": 11,
        "juz": 28,
        "hizb": 222,
        "manzil": 7,
        "ruku": 489,
        "word_number_in_verse": 4,
        "language_code": "bn",
        "text": "কোন ব্যক্তিকে",
        "root_word": "نَفۡسًا",
        "global_word_sequence_number": 71676,
        "global_verse_sequence_number": 5199
    },
    {
        "chapter": 63,
        "verse": 11,
        "juz": 28,
        "hizb": 222,
        "manzil": 7,
        "ruku": 489,
        "word_number_in_verse": 5,
        "language_code": "bn",
        "text": "যখন",
        "root_word": "إِذَا",
        "global_word_sequence_number": 71677,
        "global_verse_sequence_number": 5199
    },
    {
        "chapter": 63,
        "verse": 11,
        "juz": 28,
        "hizb": 222,
        "manzil": 7,
        "ruku": 489,
        "word_number_in_verse": 6,
        "language_code": "bn",
        "text": "আসে",
        "root_word": "جَآءَ",
        "global_word_sequence_number": 71678,
        "global_verse_sequence_number": 5199
    },
    {
        "chapter": 63,
        "verse": 11,
        "juz": 28,
        "hizb": 222,
        "manzil": 7,
        "ruku": 489,
        "word_number_in_verse": 7,
        "language_code": "bn",
        "text": "তার নির্ধারিত মেয়াদ",
        "root_word": "أَجَلُهَاۚ",
        "global_word_sequence_number": 71679,
        "global_verse_sequence_number": 5199
    },
    {
        "chapter": 63,
        "verse": 11,
        "juz": 28,
        "hizb": 222,
        "manzil": 7,
        "ruku": 489,
        "word_number_in_verse": 8,
        "language_code": "bn",
        "text": "আর আল্লাহ",
        "root_word": "وَٱللَّهُ",
        "global_word_sequence_number": 71680,
        "global_verse_sequence_number": 5199
    },
    {
        "chapter": 63,
        "verse": 11,
        "juz": 28,
        "hizb": 222,
        "manzil": 7,
        "ruku": 489,
        "word_number_in_verse": 9,
        "language_code": "bn",
        "text": "সবিশেষ অবহিত",
        "root_word": "خَبِيرُۢ",
        "global_word_sequence_number": 71681,
        "global_verse_sequence_number": 5199
    },
    {
        "chapter": 63,
        "verse": 11,
        "juz": 28,
        "hizb": 222,
        "manzil": 7,
        "ruku": 489,
        "word_number_in_verse": 10,
        "language_code": "bn",
        "text": "যা কিছু",
        "root_word": "بِمَا",
        "global_word_sequence_number": 71682,
        "global_verse_sequence_number": 5199
    },
    {
        "chapter": 63,
        "verse": 11,
        "juz": 28,
        "hizb": 222,
        "manzil": 7,
        "ruku": 489,
        "word_number_in_verse": 11,
        "language_code": "bn",
        "text": "তোমরা কাজ করো",
        "root_word": "تَعۡمَلُونَ",
        "global_word_sequence_number": 71683,
        "global_verse_sequence_number": 5199
    }
]