[
    {
        "chapter": 64,
        "verse": 1,
        "juz": 28,
        "hizb": 222,
        "manzil": 7,
        "ruku": 490,
        "word_number_in_verse": 1,
        "language_code": "bn",
        "text": "মহিমা ঘোষণা করে",
        "root_word": "يُسَبِّحُ",
        "global_word_sequence_number": 71684,
        "global_verse_sequence_number": 5200
    },
    {
        "chapter": 64,
        "verse": 1,
        "juz": 28,
        "hizb": 222,
        "manzil": 7,
        "ruku": 490,
        "word_number_in_verse": 2,
        "language_code": "bn",
        "text": "আল্লাহ্‌র জন্যে",
        "root_word": "لِلَّهِ",
        "global_word_sequence_number": 71685,
        "global_verse_sequence_number": 5200
    },
    {
        "chapter": 64,
        "verse": 1,
        "juz": 28,
        "hizb": 222,
        "manzil": 7,
        "ruku": 490,
        "word_number_in_verse": 3,
        "language_code": "bn",
        "text": "যা",
        "root_word": "مَا",
        "global_word_sequence_number": 71686,
        "global_verse_sequence_number": 5200
    },
    {
        "chapter": 64,
        "verse": 1,
        "juz": 28,
        "hizb": 222,
        "manzil": 7,
        "ruku": 490,
        "word_number_in_verse": 4,
        "language_code": "bn",
        "text": "মধ্যে",
        "root_word": "فِي",
        "global_word_sequence_number": 71687,
        "global_verse_sequence_number": 5200
    },
    {
        "chapter": 64,
        "verse": 1,
        "juz": 28,
        "hizb": 222,
        "manzil": 7,
        "ruku": 490,
        "word_number_in_verse": 5,
        "language_code": "bn",
        "text": "আসমানসমূহের",
        "root_word": "ٱلسَّمَٰوَٰتِ",
        "global_word_sequence_number": 71688,
        "global_verse_sequence_number": 5200
    },
    {
        "chapter": 64,
        "verse": 1,
        "juz": 28,
        "hizb": 222,
        "manzil": 7,
        "ruku": 490,
        "word_number_in_verse": 6,
        "language_code": "bn",
        "text": "ও যা",
        "root_word": "وَمَا",
        "global_word_sequence_number": 71689,
        "global_verse_sequence_number": 5200
    },
    {
        "chapter": 64,
        "verse": 1,
        "juz": 28,
        "hizb": 222,
        "manzil": 7,
        "ruku": 490,
        "word_number_in_verse": 7,
        "language_code": "bn",
        "text": "মধ্যে (আছে)",
        "root_word": "فِي",
        "global_word_sequence_number": 71690,
        "global_verse_sequence_number": 5200
    },
    {
        "chapter": 64,
        "verse": 1,
        "juz": 28,
        "hizb": 222,
        "manzil": 7,
        "ruku": 490,
        "word_number_in_verse": 8,
        "language_code": "bn",
        "text": "পৃথিবীর",
        "root_word": "ٱلۡأَرۡضِۖ",
        "global_word_sequence_number": 71691,
        "global_verse_sequence_number": 5200
    },
    {
        "chapter": 64,
        "verse": 1,
        "juz": 28,
        "hizb": 222,
        "manzil": 7,
        "ruku": 490,
        "word_number_in_verse": 9,
        "language_code": "bn",
        "text": "তাঁরই জন্যে",
        "root_word": "لَهُ",
        "global_word_sequence_number": 71692,
        "global_verse_sequence_number": 5200
    },
    {
        "chapter": 64,
        "verse": 1,
        "juz": 28,
        "hizb": 222,
        "manzil": 7,
        "ruku": 490,
        "word_number_in_verse": 10,
        "language_code": "bn",
        "text": "সার্বভৌমত্ব",
        "root_word": "ٱلۡمُلۡكُ",
        "global_word_sequence_number": 71693,
        "global_verse_sequence_number": 5200
    },
    {
        "chapter": 64,
        "verse": 1,
        "juz": 28,
        "hizb": 222,
        "manzil": 7,
        "ruku": 490,
        "word_number_in_verse": 11,
        "language_code": "bn",
        "text": "ও তাঁর জন্যেই",
        "root_word": "وَلَهُ",
        "global_word_sequence_number": 71694,
        "global_verse_sequence_number": 5200
    },
    {
        "chapter": 64,
        "verse": 1,
        "juz": 28,
        "hizb": 222,
        "manzil": 7,
        "ruku": 490,
        "word_number_in_verse": 12,
        "language_code": "bn",
        "text": "সব প্রশংসা",
        "root_word": "ٱلۡحَمۡدُۖ",
        "global_word_sequence_number": 71695,
        "global_verse_sequence_number": 5200
    },
    {
        "chapter": 64,
        "verse": 1,
        "juz": 28,
        "hizb": 222,
        "manzil": 7,
        "ruku": 490,
        "word_number_in_verse": 13,
        "language_code": "bn",
        "text": "ও তিনিই",
        "root_word": "وَهُوَ",
        "global_word_sequence_number": 71696,
        "global_verse_sequence_number": 5200
    },
    {
        "chapter": 64,
        "verse": 1,
        "juz": 28,
        "hizb": 222,
        "manzil": 7,
        "ruku": 490,
        "word_number_in_verse": 14,
        "language_code": "bn",
        "text": "উপর",
        "root_word": "عَلَىٰ",
        "global_word_sequence_number": 71697,
        "global_verse_sequence_number": 5200
    },
    {
        "chapter": 64,
        "verse": 1,
        "juz": 28,
        "hizb": 222,
        "manzil": 7,
        "ruku": 490,
        "word_number_in_verse": 15,
        "language_code": "bn",
        "text": "সব",
        "root_word": "كُلِّ",
        "global_word_sequence_number": 71698,
        "global_verse_sequence_number": 5200
    },
    {
        "chapter": 64,
        "verse": 1,
        "juz": 28,
        "hizb": 222,
        "manzil": 7,
        "ruku": 490,
        "word_number_in_verse": 16,
        "language_code": "bn",
        "text": "কিছুর",
        "root_word": "شَيۡءٖ",
        "global_word_sequence_number": 71699,
        "global_verse_sequence_number": 5200
    },
    {
        "chapter": 64,
        "verse": 1,
        "juz": 28,
        "hizb": 222,
        "manzil": 7,
        "ruku": 490,
        "word_number_in_verse": 17,
        "language_code": "bn",
        "text": "ক্ষমতাবান",
        "root_word": "قَدِيرٌ",
        "global_word_sequence_number": 71700,
        "global_verse_sequence_number": 5200
    },
    {
        "chapter": 64,
        "verse": 2,
        "juz": 28,
        "hizb": 222,
        "manzil": 7,
        "ruku": 490,
        "word_number_in_verse": 1,
        "language_code": "bn",
        "text": "তিনিই",
        "root_word": "هُوَ",
        "global_word_sequence_number": 71701,
        "global_verse_sequence_number": 5201
    },
    {
        "chapter": 64,
        "verse": 2,
        "juz": 28,
        "hizb": 222,
        "manzil": 7,
        "ruku": 490,
        "word_number_in_verse": 2,
        "language_code": "bn",
        "text": "যিনি",
        "root_word": "ٱلَّذِي",
        "global_word_sequence_number": 71702,
        "global_verse_sequence_number": 5201
    },
    {
        "chapter": 64,
        "verse": 2,
        "juz": 28,
        "hizb": 222,
        "manzil": 7,
        "ruku": 490,
        "word_number_in_verse": 3,
        "language_code": "bn",
        "text": "তোমাদের সৃষ্টি করেছেন",
        "root_word": "خَلَقَكُمۡ",
        "global_word_sequence_number": 71703,
        "global_verse_sequence_number": 5201
    },
    {
        "chapter": 64,
        "verse": 2,
        "juz": 28,
        "hizb": 222,
        "manzil": 7,
        "ruku": 490,
        "word_number_in_verse": 4,
        "language_code": "bn",
        "text": "অতঃপর তোমাদের  মধ্যে",
        "root_word": "فَمِنكُمۡ",
        "global_word_sequence_number": 71704,
        "global_verse_sequence_number": 5201
    },
    {
        "chapter": 64,
        "verse": 2,
        "juz": 28,
        "hizb": 222,
        "manzil": 7,
        "ruku": 490,
        "word_number_in_verse": 5,
        "language_code": "bn",
        "text": "(কেউ) কাফির",
        "root_word": "كَافِرٞ",
        "global_word_sequence_number": 71705,
        "global_verse_sequence_number": 5201
    },
    {
        "chapter": 64,
        "verse": 2,
        "juz": 28,
        "hizb": 222,
        "manzil": 7,
        "ruku": 490,
        "word_number_in_verse": 6,
        "language_code": "bn",
        "text": "আবার তোমাদের মধ্যে",
        "root_word": "وَمِنكُم",
        "global_word_sequence_number": 71706,
        "global_verse_sequence_number": 5201
    },
    {
        "chapter": 64,
        "verse": 2,
        "juz": 28,
        "hizb": 222,
        "manzil": 7,
        "ruku": 490,
        "word_number_in_verse": 7,
        "language_code": "bn",
        "text": "(কেউ) মু'মিন",
        "root_word": "مُّؤۡمِنٞۚ",
        "global_word_sequence_number": 71707,
        "global_verse_sequence_number": 5201
    },
    {
        "chapter": 64,
        "verse": 2,
        "juz": 28,
        "hizb": 222,
        "manzil": 7,
        "ruku": 490,
        "word_number_in_verse": 8,
        "language_code": "bn",
        "text": "এবং আল্লাহ্‌",
        "root_word": "وَٱللَّهُ",
        "global_word_sequence_number": 71708,
        "global_verse_sequence_number": 5201
    },
    {
        "chapter": 64,
        "verse": 2,
        "juz": 28,
        "hizb": 222,
        "manzil": 7,
        "ruku": 490,
        "word_number_in_verse": 9,
        "language_code": "bn",
        "text": "যা কিছু",
        "root_word": "بِمَا",
        "global_word_sequence_number": 71709,
        "global_verse_sequence_number": 5201
    },
    {
        "chapter": 64,
        "verse": 2,
        "juz": 28,
        "hizb": 222,
        "manzil": 7,
        "ruku": 490,
        "word_number_in_verse": 10,
        "language_code": "bn",
        "text": "তোমরা কাজ কর",
        "root_word": "تَعۡمَلُونَ",
        "global_word_sequence_number": 71710,
        "global_verse_sequence_number": 5201
    },
    {
        "chapter": 64,
        "verse": 2,
        "juz": 28,
        "hizb": 222,
        "manzil": 7,
        "ruku": 490,
        "word_number_in_verse": 11,
        "language_code": "bn",
        "text": "সব দেখেন",
        "root_word": "بَصِيرٌ",
        "global_word_sequence_number": 71711,
        "global_verse_sequence_number": 5201
    },
    {
        "chapter": 64,
        "verse": 3,
        "juz": 28,
        "hizb": 222,
        "manzil": 7,
        "ruku": 490,
        "word_number_in_verse": 1,
        "language_code": "bn",
        "text": "তিনি সৃষ্টি করেছেন",
        "root_word": "خَلَقَ",
        "global_word_sequence_number": 71712,
        "global_verse_sequence_number": 5202
    },
    {
        "chapter": 64,
        "verse": 3,
        "juz": 28,
        "hizb": 222,
        "manzil": 7,
        "ruku": 490,
        "word_number_in_verse": 2,
        "language_code": "bn",
        "text": "আকাশসমূহ",
        "root_word": "ٱلسَّمَٰوَٰتِ",
        "global_word_sequence_number": 71713,
        "global_verse_sequence_number": 5202
    },
    {
        "chapter": 64,
        "verse": 3,
        "juz": 28,
        "hizb": 222,
        "manzil": 7,
        "ruku": 490,
        "word_number_in_verse": 3,
        "language_code": "bn",
        "text": "ও পৃথিবীকে",
        "root_word": "وَٱلۡأَرۡضَ",
        "global_word_sequence_number": 71714,
        "global_verse_sequence_number": 5202
    },
    {
        "chapter": 64,
        "verse": 3,
        "juz": 28,
        "hizb": 222,
        "manzil": 7,
        "ruku": 490,
        "word_number_in_verse": 4,
        "language_code": "bn",
        "text": "যথাযথভাবে",
        "root_word": "بِٱلۡحَقِّ",
        "global_word_sequence_number": 71715,
        "global_verse_sequence_number": 5202
    },
    {
        "chapter": 64,
        "verse": 3,
        "juz": 28,
        "hizb": 222,
        "manzil": 7,
        "ruku": 490,
        "word_number_in_verse": 5,
        "language_code": "bn",
        "text": "ও তোমাদের আকৃতি দিয়েছেন",
        "root_word": "وَصَوَّرَكُمۡ",
        "global_word_sequence_number": 71716,
        "global_verse_sequence_number": 5202
    },
    {
        "chapter": 64,
        "verse": 3,
        "juz": 28,
        "hizb": 222,
        "manzil": 7,
        "ruku": 490,
        "word_number_in_verse": 6,
        "language_code": "bn",
        "text": "অতঃপর অতি উত্তম  করেছেন",
        "root_word": "فَأَحۡسَنَ",
        "global_word_sequence_number": 71717,
        "global_verse_sequence_number": 5202
    },
    {
        "chapter": 64,
        "verse": 3,
        "juz": 28,
        "hizb": 222,
        "manzil": 7,
        "ruku": 490,
        "word_number_in_verse": 7,
        "language_code": "bn",
        "text": "তোমাদের আকৃতি গুলো",
        "root_word": "صُوَرَكُمۡۖ",
        "global_word_sequence_number": 71718,
        "global_verse_sequence_number": 5202
    },
    {
        "chapter": 64,
        "verse": 3,
        "juz": 28,
        "hizb": 222,
        "manzil": 7,
        "ruku": 490,
        "word_number_in_verse": 8,
        "language_code": "bn",
        "text": "এবং তাঁরই নিকট",
        "root_word": "وَإِلَيۡهِ",
        "global_word_sequence_number": 71719,
        "global_verse_sequence_number": 5202
    },
    {
        "chapter": 64,
        "verse": 3,
        "juz": 28,
        "hizb": 222,
        "manzil": 7,
        "ruku": 490,
        "word_number_in_verse": 9,
        "language_code": "bn",
        "text": "প্রত্যাবর্তন স্থল",
        "root_word": "ٱلۡمَصِيرُ",
        "global_word_sequence_number": 71720,
        "global_verse_sequence_number": 5202
    },
    {
        "chapter": 64,
        "verse": 4,
        "juz": 28,
        "hizb": 222,
        "manzil": 7,
        "ruku": 490,
        "word_number_in_verse": 1,
        "language_code": "bn",
        "text": "তিনি জানেন",
        "root_word": "يَعۡلَمُ",
        "global_word_sequence_number": 71721,
        "global_verse_sequence_number": 5203
    },
    {
        "chapter": 64,
        "verse": 4,
        "juz": 28,
        "hizb": 222,
        "manzil": 7,
        "ruku": 490,
        "word_number_in_verse": 2,
        "language_code": "bn",
        "text": "যা",
        "root_word": "مَا",
        "global_word_sequence_number": 71722,
        "global_verse_sequence_number": 5203
    },
    {
        "chapter": 64,
        "verse": 4,
        "juz": 28,
        "hizb": 222,
        "manzil": 7,
        "ruku": 490,
        "word_number_in_verse": 3,
        "language_code": "bn",
        "text": "মধ্যে",
        "root_word": "فِي",
        "global_word_sequence_number": 71723,
        "global_verse_sequence_number": 5203
    },
    {
        "chapter": 64,
        "verse": 4,
        "juz": 28,
        "hizb": 222,
        "manzil": 7,
        "ruku": 490,
        "word_number_in_verse": 4,
        "language_code": "bn",
        "text": "আকাশ জগতের",
        "root_word": "ٱلسَّمَٰوَٰتِ",
        "global_word_sequence_number": 71724,
        "global_verse_sequence_number": 5203
    },
    {
        "chapter": 64,
        "verse": 4,
        "juz": 28,
        "hizb": 222,
        "manzil": 7,
        "ruku": 490,
        "word_number_in_verse": 5,
        "language_code": "bn",
        "text": "ও পৃৃথিবীর",
        "root_word": "وَٱلۡأَرۡضِ",
        "global_word_sequence_number": 71725,
        "global_verse_sequence_number": 5203
    },
    {
        "chapter": 64,
        "verse": 4,
        "juz": 28,
        "hizb": 222,
        "manzil": 7,
        "ruku": 490,
        "word_number_in_verse": 6,
        "language_code": "bn",
        "text": "ও তিনি জানেন",
        "root_word": "وَيَعۡلَمُ",
        "global_word_sequence_number": 71726,
        "global_verse_sequence_number": 5203
    },
    {
        "chapter": 64,
        "verse": 4,
        "juz": 28,
        "hizb": 222,
        "manzil": 7,
        "ruku": 490,
        "word_number_in_verse": 7,
        "language_code": "bn",
        "text": "যা",
        "root_word": "مَا",
        "global_word_sequence_number": 71727,
        "global_verse_sequence_number": 5203
    },
    {
        "chapter": 64,
        "verse": 4,
        "juz": 28,
        "hizb": 222,
        "manzil": 7,
        "ruku": 490,
        "word_number_in_verse": 8,
        "language_code": "bn",
        "text": "তোমরা গোপন",
        "root_word": "تُسِرُّونَ",
        "global_word_sequence_number": 71728,
        "global_verse_sequence_number": 5203
    },
    {
        "chapter": 64,
        "verse": 4,
        "juz": 28,
        "hizb": 222,
        "manzil": 7,
        "ruku": 490,
        "word_number_in_verse": 9,
        "language_code": "bn",
        "text": "ও যা",
        "root_word": "وَمَا",
        "global_word_sequence_number": 71729,
        "global_verse_sequence_number": 5203
    },
    {
        "chapter": 64,
        "verse": 4,
        "juz": 28,
        "hizb": 222,
        "manzil": 7,
        "ruku": 490,
        "word_number_in_verse": 10,
        "language_code": "bn",
        "text": "তোমরা প্রকাশ কর",
        "root_word": "تُعۡلِنُونَۚ",
        "global_word_sequence_number": 71730,
        "global_verse_sequence_number": 5203
    },
    {
        "chapter": 64,
        "verse": 4,
        "juz": 28,
        "hizb": 222,
        "manzil": 7,
        "ruku": 490,
        "word_number_in_verse": 11,
        "language_code": "bn",
        "text": "এবং আল্লাহ্‌",
        "root_word": "وَٱللَّهُ",
        "global_word_sequence_number": 71731,
        "global_verse_sequence_number": 5203
    },
    {
        "chapter": 64,
        "verse": 4,
        "juz": 28,
        "hizb": 222,
        "manzil": 7,
        "ruku": 490,
        "word_number_in_verse": 12,
        "language_code": "bn",
        "text": "খুব জানেন",
        "root_word": "عَلِيمُۢ",
        "global_word_sequence_number": 71732,
        "global_verse_sequence_number": 5203
    },
    {
        "chapter": 64,
        "verse": 4,
        "juz": 28,
        "hizb": 222,
        "manzil": 7,
        "ruku": 490,
        "word_number_in_verse": 13,
        "language_code": "bn",
        "text": "অবস্থা সম্পর্কে",
        "root_word": "بِذَاتِ",
        "global_word_sequence_number": 71733,
        "global_verse_sequence_number": 5203
    },
    {
        "chapter": 64,
        "verse": 4,
        "juz": 28,
        "hizb": 222,
        "manzil": 7,
        "ruku": 490,
        "word_number_in_verse": 14,
        "language_code": "bn",
        "text": "অন্তরসমূহের",
        "root_word": "ٱلصُّدُورِ",
        "global_word_sequence_number": 71734,
        "global_verse_sequence_number": 5203
    },
    {
        "chapter": 64,
        "verse": 5,
        "juz": 28,
        "hizb": 222,
        "manzil": 7,
        "ruku": 490,
        "word_number_in_verse": 1,
        "language_code": "bn",
        "text": "নাই কি",
        "root_word": "أَلَمۡ",
        "global_word_sequence_number": 71735,
        "global_verse_sequence_number": 5204
    },
    {
        "chapter": 64,
        "verse": 5,
        "juz": 28,
        "hizb": 222,
        "manzil": 7,
        "ruku": 490,
        "word_number_in_verse": 2,
        "language_code": "bn",
        "text": "তোমাদের কাছে আসে",
        "root_word": "يَأۡتِكُمۡ",
        "global_word_sequence_number": 71736,
        "global_verse_sequence_number": 5204
    },
    {
        "chapter": 64,
        "verse": 5,
        "juz": 28,
        "hizb": 222,
        "manzil": 7,
        "ruku": 490,
        "word_number_in_verse": 3,
        "language_code": "bn",
        "text": "খবর",
        "root_word": "نَبَؤُاْ",
        "global_word_sequence_number": 71737,
        "global_verse_sequence_number": 5204
    },
    {
        "chapter": 64,
        "verse": 5,
        "juz": 28,
        "hizb": 222,
        "manzil": 7,
        "ruku": 490,
        "word_number_in_verse": 4,
        "language_code": "bn",
        "text": "যারা",
        "root_word": "ٱلَّذِينَ",
        "global_word_sequence_number": 71738,
        "global_verse_sequence_number": 5204
    },
    {
        "chapter": 64,
        "verse": 5,
        "juz": 28,
        "hizb": 222,
        "manzil": 7,
        "ruku": 490,
        "word_number_in_verse": 5,
        "language_code": "bn",
        "text": "কুফরি করেছিল",
        "root_word": "كَفَرُواْ",
        "global_word_sequence_number": 71739,
        "global_verse_sequence_number": 5204
    },
    {
        "chapter": 64,
        "verse": 5,
        "juz": 28,
        "hizb": 222,
        "manzil": 7,
        "ruku": 490,
        "word_number_in_verse": 6,
        "language_code": "bn",
        "text": "মধ্য হতে",
        "root_word": "مِن",
        "global_word_sequence_number": 71740,
        "global_verse_sequence_number": 5204
    },
    {
        "chapter": 64,
        "verse": 5,
        "juz": 28,
        "hizb": 222,
        "manzil": 7,
        "ruku": 490,
        "word_number_in_verse": 7,
        "language_code": "bn",
        "text": "ইতিপূর্বে",
        "root_word": "قَبۡلُ",
        "global_word_sequence_number": 71741,
        "global_verse_sequence_number": 5204
    },
    {
        "chapter": 64,
        "verse": 5,
        "juz": 28,
        "hizb": 222,
        "manzil": 7,
        "ruku": 490,
        "word_number_in_verse": 8,
        "language_code": "bn",
        "text": "অতঃপর তারা স্বাদ নিয়েছে",
        "root_word": "فَذَاقُواْ",
        "global_word_sequence_number": 71742,
        "global_verse_sequence_number": 5204
    },
    {
        "chapter": 64,
        "verse": 5,
        "juz": 28,
        "hizb": 222,
        "manzil": 7,
        "ruku": 490,
        "word_number_in_verse": 9,
        "language_code": "bn",
        "text": "কুফল",
        "root_word": "وَبَالَ",
        "global_word_sequence_number": 71743,
        "global_verse_sequence_number": 5204
    },
    {
        "chapter": 64,
        "verse": 5,
        "juz": 28,
        "hizb": 222,
        "manzil": 7,
        "ruku": 490,
        "word_number_in_verse": 10,
        "language_code": "bn",
        "text": "তাদের কাজের",
        "root_word": "أَمۡرِهِمۡ",
        "global_word_sequence_number": 71744,
        "global_verse_sequence_number": 5204
    },
    {
        "chapter": 64,
        "verse": 5,
        "juz": 28,
        "hizb": 222,
        "manzil": 7,
        "ruku": 490,
        "word_number_in_verse": 11,
        "language_code": "bn",
        "text": "এবং তাদের জন্যে",
        "root_word": "وَلَهُمۡ",
        "global_word_sequence_number": 71745,
        "global_verse_sequence_number": 5204
    },
    {
        "chapter": 64,
        "verse": 5,
        "juz": 28,
        "hizb": 222,
        "manzil": 7,
        "ruku": 490,
        "word_number_in_verse": 12,
        "language_code": "bn",
        "text": "আযাব",
        "root_word": "عَذَابٌ",
        "global_word_sequence_number": 71746,
        "global_verse_sequence_number": 5204
    },
    {
        "chapter": 64,
        "verse": 5,
        "juz": 28,
        "hizb": 222,
        "manzil": 7,
        "ruku": 490,
        "word_number_in_verse": 13,
        "language_code": "bn",
        "text": "যন্ত্রনাদায়ক",
        "root_word": "أَلِيمٞ",
        "global_word_sequence_number": 71747,
        "global_verse_sequence_number": 5204
    },
    {
        "chapter": 64,
        "verse": 6,
        "juz": 28,
        "hizb": 222,
        "manzil": 7,
        "ruku": 490,
        "word_number_in_verse": 1,
        "language_code": "bn",
        "text": "এটা",
        "root_word": "ذَٰلِكَ",
        "global_word_sequence_number": 71748,
        "global_verse_sequence_number": 5205
    },
    {
        "chapter": 64,
        "verse": 6,
        "juz": 28,
        "hizb": 222,
        "manzil": 7,
        "ruku": 490,
        "word_number_in_verse": 2,
        "language_code": "bn",
        "text": "এ জন্যে যে",
        "root_word": "بِأَنَّهُۥ",
        "global_word_sequence_number": 71749,
        "global_verse_sequence_number": 5205
    },
    {
        "chapter": 64,
        "verse": 6,
        "juz": 28,
        "hizb": 222,
        "manzil": 7,
        "ruku": 490,
        "word_number_in_verse": 3,
        "language_code": "bn",
        "text": "(ছিল)",
        "root_word": "كَانَت",
        "global_word_sequence_number": 71750,
        "global_verse_sequence_number": 5205
    },
    {
        "chapter": 64,
        "verse": 6,
        "juz": 28,
        "hizb": 222,
        "manzil": 7,
        "ruku": 490,
        "word_number_in_verse": 4,
        "language_code": "bn",
        "text": "তাদের কাছে আসতো",
        "root_word": "تَّأۡتِيهِمۡ",
        "global_word_sequence_number": 71751,
        "global_verse_sequence_number": 5205
    },
    {
        "chapter": 64,
        "verse": 6,
        "juz": 28,
        "hizb": 222,
        "manzil": 7,
        "ruku": 490,
        "word_number_in_verse": 5,
        "language_code": "bn",
        "text": "তাদের রাসূলগণ",
        "root_word": "رُسُلُهُم",
        "global_word_sequence_number": 71752,
        "global_verse_sequence_number": 5205
    },
    {
        "chapter": 64,
        "verse": 6,
        "juz": 28,
        "hizb": 222,
        "manzil": 7,
        "ruku": 490,
        "word_number_in_verse": 6,
        "language_code": "bn",
        "text": "স্পষ্ট নিদর্শনাদিসহ",
        "root_word": "بِٱلۡبَيِّنَٰتِ",
        "global_word_sequence_number": 71753,
        "global_verse_sequence_number": 5205
    },
    {
        "chapter": 64,
        "verse": 6,
        "juz": 28,
        "hizb": 222,
        "manzil": 7,
        "ruku": 490,
        "word_number_in_verse": 7,
        "language_code": "bn",
        "text": "অতঃপর তারা বলেছিল",
        "root_word": "فَقَالُوٓاْ",
        "global_word_sequence_number": 71754,
        "global_verse_sequence_number": 5205
    },
    {
        "chapter": 64,
        "verse": 6,
        "juz": 28,
        "hizb": 222,
        "manzil": 7,
        "ruku": 490,
        "word_number_in_verse": 8,
        "language_code": "bn",
        "text": "\"মানুষই কি",
        "root_word": "أَبَشَرٞ",
        "global_word_sequence_number": 71755,
        "global_verse_sequence_number": 5205
    },
    {
        "chapter": 64,
        "verse": 6,
        "juz": 28,
        "hizb": 222,
        "manzil": 7,
        "ruku": 490,
        "word_number_in_verse": 9,
        "language_code": "bn",
        "text": "আমাদেরকে পথ দেখাবে\"",
        "root_word": "يَهۡدُونَنَا",
        "global_word_sequence_number": 71756,
        "global_verse_sequence_number": 5205
    },
    {
        "chapter": 64,
        "verse": 6,
        "juz": 28,
        "hizb": 222,
        "manzil": 7,
        "ruku": 490,
        "word_number_in_verse": 10,
        "language_code": "bn",
        "text": "এভাবে তারা কুফরি  করল",
        "root_word": "فَكَفَرُواْ",
        "global_word_sequence_number": 71757,
        "global_verse_sequence_number": 5205
    },
    {
        "chapter": 64,
        "verse": 6,
        "juz": 28,
        "hizb": 222,
        "manzil": 7,
        "ruku": 490,
        "word_number_in_verse": 11,
        "language_code": "bn",
        "text": "ও তারা মুখ ফিরালো",
        "root_word": "وَتَوَلَّواْۖ",
        "global_word_sequence_number": 71758,
        "global_verse_sequence_number": 5205
    },
    {
        "chapter": 64,
        "verse": 6,
        "juz": 28,
        "hizb": 222,
        "manzil": 7,
        "ruku": 490,
        "word_number_in_verse": 12,
        "language_code": "bn",
        "text": "ও বেপরোয়া হলেন",
        "root_word": "وَّٱسۡتَغۡنَى",
        "global_word_sequence_number": 71759,
        "global_verse_sequence_number": 5205
    },
    {
        "chapter": 64,
        "verse": 6,
        "juz": 28,
        "hizb": 222,
        "manzil": 7,
        "ruku": 490,
        "word_number_in_verse": 13,
        "language_code": "bn",
        "text": "আল্লাহ্‌",
        "root_word": "ٱللَّهُۚ",
        "global_word_sequence_number": 71760,
        "global_verse_sequence_number": 5205
    },
    {
        "chapter": 64,
        "verse": 6,
        "juz": 28,
        "hizb": 222,
        "manzil": 7,
        "ruku": 490,
        "word_number_in_verse": 14,
        "language_code": "bn",
        "text": "এবং আল্লাহ্‌",
        "root_word": "وَٱللَّهُ",
        "global_word_sequence_number": 71761,
        "global_verse_sequence_number": 5205
    },
    {
        "chapter": 64,
        "verse": 6,
        "juz": 28,
        "hizb": 222,
        "manzil": 7,
        "ruku": 490,
        "word_number_in_verse": 15,
        "language_code": "bn",
        "text": "পরোয়াহীন",
        "root_word": "غَنِيٌّ",
        "global_word_sequence_number": 71762,
        "global_verse_sequence_number": 5205
    },
    {
        "chapter": 64,
        "verse": 6,
        "juz": 28,
        "hizb": 222,
        "manzil": 7,
        "ruku": 490,
        "word_number_in_verse": 16,
        "language_code": "bn",
        "text": "সুপ্রশংসিত",
        "root_word": "حَمِيدٞ",
        "global_word_sequence_number": 71763,
        "global_verse_sequence_number": 5205
    },
    {
        "chapter": 64,
        "verse": 7,
        "juz": 28,
        "hizb": 222,
        "manzil": 7,
        "ruku": 490,
        "word_number_in_verse": 1,
        "language_code": "bn",
        "text": "দাবী করে",
        "root_word": "زَعَمَ",
        "global_word_sequence_number": 71764,
        "global_verse_sequence_number": 5206
    },
    {
        "chapter": 64,
        "verse": 7,
        "juz": 28,
        "hizb": 222,
        "manzil": 7,
        "ruku": 490,
        "word_number_in_verse": 2,
        "language_code": "bn",
        "text": "যারা",
        "root_word": "ٱلَّذِينَ",
        "global_word_sequence_number": 71765,
        "global_verse_sequence_number": 5206
    },
    {
        "chapter": 64,
        "verse": 7,
        "juz": 28,
        "hizb": 222,
        "manzil": 7,
        "ruku": 490,
        "word_number_in_verse": 3,
        "language_code": "bn",
        "text": "কুফরি করেছে",
        "root_word": "كَفَرُوٓاْ",
        "global_word_sequence_number": 71766,
        "global_verse_sequence_number": 5206
    },
    {
        "chapter": 64,
        "verse": 7,
        "juz": 28,
        "hizb": 222,
        "manzil": 7,
        "ruku": 490,
        "word_number_in_verse": 4,
        "language_code": "bn",
        "text": "যে",
        "root_word": "أَن",
        "global_word_sequence_number": 71767,
        "global_verse_sequence_number": 5206
    },
    {
        "chapter": 64,
        "verse": 7,
        "juz": 28,
        "hizb": 222,
        "manzil": 7,
        "ruku": 490,
        "word_number_in_verse": 5,
        "language_code": "bn",
        "text": "কক্ষনো না",
        "root_word": "لَّن",
        "global_word_sequence_number": 71768,
        "global_verse_sequence_number": 5206
    },
    {
        "chapter": 64,
        "verse": 7,
        "juz": 28,
        "hizb": 222,
        "manzil": 7,
        "ruku": 490,
        "word_number_in_verse": 6,
        "language_code": "bn",
        "text": "তাদের পুনরায় উঠানো হবে",
        "root_word": "يُبۡعَثُواْۚ",
        "global_word_sequence_number": 71769,
        "global_verse_sequence_number": 5206
    },
    {
        "chapter": 64,
        "verse": 7,
        "juz": 28,
        "hizb": 222,
        "manzil": 7,
        "ruku": 490,
        "word_number_in_verse": 7,
        "language_code": "bn",
        "text": "বলো",
        "root_word": "قُلۡ",
        "global_word_sequence_number": 71770,
        "global_verse_sequence_number": 5206
    },
    {
        "chapter": 64,
        "verse": 7,
        "juz": 28,
        "hizb": 222,
        "manzil": 7,
        "ruku": 490,
        "word_number_in_verse": 8,
        "language_code": "bn",
        "text": "\"অবশ্যই হবে",
        "root_word": "بَلَىٰ",
        "global_word_sequence_number": 71771,
        "global_verse_sequence_number": 5206
    },
    {
        "chapter": 64,
        "verse": 7,
        "juz": 28,
        "hizb": 222,
        "manzil": 7,
        "ruku": 490,
        "word_number_in_verse": 9,
        "language_code": "bn",
        "text": "কসম আমার রবের",
        "root_word": "وَرَبِّي",
        "global_word_sequence_number": 71772,
        "global_verse_sequence_number": 5206
    },
    {
        "chapter": 64,
        "verse": 7,
        "juz": 28,
        "hizb": 222,
        "manzil": 7,
        "ruku": 490,
        "word_number_in_verse": 10,
        "language_code": "bn",
        "text": "অবশ্যই তোমাদের  উঠানো হবে",
        "root_word": "لَتُبۡعَثُنَّ",
        "global_word_sequence_number": 71773,
        "global_verse_sequence_number": 5206
    },
    {
        "chapter": 64,
        "verse": 7,
        "juz": 28,
        "hizb": 222,
        "manzil": 7,
        "ruku": 490,
        "word_number_in_verse": 11,
        "language_code": "bn",
        "text": "এরপর",
        "root_word": "ثُمَّ",
        "global_word_sequence_number": 71774,
        "global_verse_sequence_number": 5206
    },
    {
        "chapter": 64,
        "verse": 7,
        "juz": 28,
        "hizb": 222,
        "manzil": 7,
        "ruku": 490,
        "word_number_in_verse": 12,
        "language_code": "bn",
        "text": "অবশ্যই তোমাদের খবর দেয়া হবে",
        "root_word": "لَتُنَبَّؤُنَّ",
        "global_word_sequence_number": 71775,
        "global_verse_sequence_number": 5206
    },
    {
        "chapter": 64,
        "verse": 7,
        "juz": 28,
        "hizb": 222,
        "manzil": 7,
        "ruku": 490,
        "word_number_in_verse": 13,
        "language_code": "bn",
        "text": "যা কিছুু",
        "root_word": "بِمَا",
        "global_word_sequence_number": 71776,
        "global_verse_sequence_number": 5206
    },
    {
        "chapter": 64,
        "verse": 7,
        "juz": 28,
        "hizb": 222,
        "manzil": 7,
        "ruku": 490,
        "word_number_in_verse": 14,
        "language_code": "bn",
        "text": "তোমরা কাজ করেছো",
        "root_word": "عَمِلۡتُمۡۚ",
        "global_word_sequence_number": 71777,
        "global_verse_sequence_number": 5206
    },
    {
        "chapter": 64,
        "verse": 7,
        "juz": 28,
        "hizb": 222,
        "manzil": 7,
        "ruku": 490,
        "word_number_in_verse": 15,
        "language_code": "bn",
        "text": "এবং এটা",
        "root_word": "وَذَٰلِكَ",
        "global_word_sequence_number": 71778,
        "global_verse_sequence_number": 5206
    },
    {
        "chapter": 64,
        "verse": 7,
        "juz": 28,
        "hizb": 222,
        "manzil": 7,
        "ruku": 490,
        "word_number_in_verse": 16,
        "language_code": "bn",
        "text": "পক্ষে",
        "root_word": "عَلَى",
        "global_word_sequence_number": 71779,
        "global_verse_sequence_number": 5206
    },
    {
        "chapter": 64,
        "verse": 7,
        "juz": 28,
        "hizb": 222,
        "manzil": 7,
        "ruku": 490,
        "word_number_in_verse": 17,
        "language_code": "bn",
        "text": "আল্লাহ্‌র",
        "root_word": "ٱللَّهِ",
        "global_word_sequence_number": 71780,
        "global_verse_sequence_number": 5206
    },
    {
        "chapter": 64,
        "verse": 7,
        "juz": 28,
        "hizb": 222,
        "manzil": 7,
        "ruku": 490,
        "word_number_in_verse": 18,
        "language_code": "bn",
        "text": "সহজ\"",
        "root_word": "يَسِيرٞ",
        "global_word_sequence_number": 71781,
        "global_verse_sequence_number": 5206
    },
    {
        "chapter": 64,
        "verse": 8,
        "juz": 28,
        "hizb": 222,
        "manzil": 7,
        "ruku": 490,
        "word_number_in_verse": 1,
        "language_code": "bn",
        "text": "অতএব তোমরা ঈমান আনো",
        "root_word": "فَـَٔامِنُواْ",
        "global_word_sequence_number": 71782,
        "global_verse_sequence_number": 5207
    },
    {
        "chapter": 64,
        "verse": 8,
        "juz": 28,
        "hizb": 222,
        "manzil": 7,
        "ruku": 490,
        "word_number_in_verse": 2,
        "language_code": "bn",
        "text": "আল্লাহ্‌র উপর",
        "root_word": "بِٱللَّهِ",
        "global_word_sequence_number": 71783,
        "global_verse_sequence_number": 5207
    },
    {
        "chapter": 64,
        "verse": 8,
        "juz": 28,
        "hizb": 222,
        "manzil": 7,
        "ruku": 490,
        "word_number_in_verse": 3,
        "language_code": "bn",
        "text": "ও তাঁর রাসূলের",
        "root_word": "وَرَسُولِهِۦ",
        "global_word_sequence_number": 71784,
        "global_verse_sequence_number": 5207
    },
    {
        "chapter": 64,
        "verse": 8,
        "juz": 28,
        "hizb": 222,
        "manzil": 7,
        "ruku": 490,
        "word_number_in_verse": 4,
        "language_code": "bn",
        "text": "ও নূরের (কোরানের)",
        "root_word": "وَٱلنُّورِ",
        "global_word_sequence_number": 71785,
        "global_verse_sequence_number": 5207
    },
    {
        "chapter": 64,
        "verse": 8,
        "juz": 28,
        "hizb": 222,
        "manzil": 7,
        "ruku": 490,
        "word_number_in_verse": 5,
        "language_code": "bn",
        "text": "যা",
        "root_word": "ٱلَّذِيٓ",
        "global_word_sequence_number": 71786,
        "global_verse_sequence_number": 5207
    },
    {
        "chapter": 64,
        "verse": 8,
        "juz": 28,
        "hizb": 222,
        "manzil": 7,
        "ruku": 490,
        "word_number_in_verse": 6,
        "language_code": "bn",
        "text": "আমরা নাযিল করেছি",
        "root_word": "أَنزَلۡنَاۚ",
        "global_word_sequence_number": 71787,
        "global_verse_sequence_number": 5207
    },
    {
        "chapter": 64,
        "verse": 8,
        "juz": 28,
        "hizb": 222,
        "manzil": 7,
        "ruku": 490,
        "word_number_in_verse": 7,
        "language_code": "bn",
        "text": "এবং আল্লাহ্‌",
        "root_word": "وَٱللَّهُ",
        "global_word_sequence_number": 71788,
        "global_verse_sequence_number": 5207
    },
    {
        "chapter": 64,
        "verse": 8,
        "juz": 28,
        "hizb": 222,
        "manzil": 7,
        "ruku": 490,
        "word_number_in_verse": 8,
        "language_code": "bn",
        "text": "যা কিছু",
        "root_word": "بِمَا",
        "global_word_sequence_number": 71789,
        "global_verse_sequence_number": 5207
    },
    {
        "chapter": 64,
        "verse": 8,
        "juz": 28,
        "hizb": 222,
        "manzil": 7,
        "ruku": 490,
        "word_number_in_verse": 9,
        "language_code": "bn",
        "text": "তোমরা কাজ করছ",
        "root_word": "تَعۡمَلُونَ",
        "global_word_sequence_number": 71790,
        "global_verse_sequence_number": 5207
    },
    {
        "chapter": 64,
        "verse": 8,
        "juz": 28,
        "hizb": 222,
        "manzil": 7,
        "ruku": 490,
        "word_number_in_verse": 10,
        "language_code": "bn",
        "text": "খুব অবহিত",
        "root_word": "خَبِيرٞ",
        "global_word_sequence_number": 71791,
        "global_verse_sequence_number": 5207
    },
    {
        "chapter": 64,
        "verse": 9,
        "juz": 28,
        "hizb": 222,
        "manzil": 7,
        "ruku": 490,
        "word_number_in_verse": 1,
        "language_code": "bn",
        "text": "যেদিন",
        "root_word": "يَوۡمَ",
        "global_word_sequence_number": 71792,
        "global_verse_sequence_number": 5208
    },
    {
        "chapter": 64,
        "verse": 9,
        "juz": 28,
        "hizb": 222,
        "manzil": 7,
        "ruku": 490,
        "word_number_in_verse": 2,
        "language_code": "bn",
        "text": "তোমাদের একত্রিত করবেন",
        "root_word": "يَجۡمَعُكُمۡ",
        "global_word_sequence_number": 71793,
        "global_verse_sequence_number": 5208
    },
    {
        "chapter": 64,
        "verse": 9,
        "juz": 28,
        "hizb": 222,
        "manzil": 7,
        "ruku": 490,
        "word_number_in_verse": 3,
        "language_code": "bn",
        "text": "দিনের জন্যে",
        "root_word": "لِيَوۡمِ",
        "global_word_sequence_number": 71794,
        "global_verse_sequence_number": 5208
    },
    {
        "chapter": 64,
        "verse": 9,
        "juz": 28,
        "hizb": 222,
        "manzil": 7,
        "ruku": 490,
        "word_number_in_verse": 4,
        "language_code": "bn",
        "text": "সমাবেশের",
        "root_word": "ٱلۡجَمۡعِۖ",
        "global_word_sequence_number": 71795,
        "global_verse_sequence_number": 5208
    },
    {
        "chapter": 64,
        "verse": 9,
        "juz": 28,
        "hizb": 222,
        "manzil": 7,
        "ruku": 490,
        "word_number_in_verse": 5,
        "language_code": "bn",
        "text": "সেই",
        "root_word": "ذَٰلِكَ",
        "global_word_sequence_number": 71796,
        "global_verse_sequence_number": 5208
    },
    {
        "chapter": 64,
        "verse": 9,
        "juz": 28,
        "hizb": 222,
        "manzil": 7,
        "ruku": 490,
        "word_number_in_verse": 6,
        "language_code": "bn",
        "text": "দিন",
        "root_word": "يَوۡمُ",
        "global_word_sequence_number": 71797,
        "global_verse_sequence_number": 5208
    },
    {
        "chapter": 64,
        "verse": 9,
        "juz": 28,
        "hizb": 222,
        "manzil": 7,
        "ruku": 490,
        "word_number_in_verse": 7,
        "language_code": "bn",
        "text": "হার-জিতের",
        "root_word": "ٱلتَّغَابُنِۗ",
        "global_word_sequence_number": 71798,
        "global_verse_sequence_number": 5208
    },
    {
        "chapter": 64,
        "verse": 9,
        "juz": 28,
        "hizb": 222,
        "manzil": 7,
        "ruku": 490,
        "word_number_in_verse": 8,
        "language_code": "bn",
        "text": "এবং যে",
        "root_word": "وَمَن",
        "global_word_sequence_number": 71799,
        "global_verse_sequence_number": 5208
    },
    {
        "chapter": 64,
        "verse": 9,
        "juz": 28,
        "hizb": 222,
        "manzil": 7,
        "ruku": 490,
        "word_number_in_verse": 9,
        "language_code": "bn",
        "text": "ঈমান আনে",
        "root_word": "يُؤۡمِنۢ",
        "global_word_sequence_number": 71800,
        "global_verse_sequence_number": 5208
    },
    {
        "chapter": 64,
        "verse": 9,
        "juz": 28,
        "hizb": 222,
        "manzil": 7,
        "ruku": 490,
        "word_number_in_verse": 10,
        "language_code": "bn",
        "text": "আল্লাহ্‌র উপর",
        "root_word": "بِٱللَّهِ",
        "global_word_sequence_number": 71801,
        "global_verse_sequence_number": 5208
    },
    {
        "chapter": 64,
        "verse": 9,
        "juz": 28,
        "hizb": 222,
        "manzil": 7,
        "ruku": 490,
        "word_number_in_verse": 11,
        "language_code": "bn",
        "text": "ও কাজ করে",
        "root_word": "وَيَعۡمَلۡ",
        "global_word_sequence_number": 71802,
        "global_verse_sequence_number": 5208
    },
    {
        "chapter": 64,
        "verse": 9,
        "juz": 28,
        "hizb": 222,
        "manzil": 7,
        "ruku": 490,
        "word_number_in_verse": 12,
        "language_code": "bn",
        "text": "নেক",
        "root_word": "صَٰلِحٗا",
        "global_word_sequence_number": 71803,
        "global_verse_sequence_number": 5208
    },
    {
        "chapter": 64,
        "verse": 9,
        "juz": 28,
        "hizb": 222,
        "manzil": 7,
        "ruku": 490,
        "word_number_in_verse": 13,
        "language_code": "bn",
        "text": "মোচন করবেন",
        "root_word": "يُكَفِّرۡ",
        "global_word_sequence_number": 71804,
        "global_verse_sequence_number": 5208
    },
    {
        "chapter": 64,
        "verse": 9,
        "juz": 28,
        "hizb": 222,
        "manzil": 7,
        "ruku": 490,
        "word_number_in_verse": 14,
        "language_code": "bn",
        "text": "তার থেকে",
        "root_word": "عَنۡهُ",
        "global_word_sequence_number": 71805,
        "global_verse_sequence_number": 5208
    },
    {
        "chapter": 64,
        "verse": 9,
        "juz": 28,
        "hizb": 222,
        "manzil": 7,
        "ruku": 490,
        "word_number_in_verse": 15,
        "language_code": "bn",
        "text": "তার গুনাহগুলো",
        "root_word": "سَيِّـَٔاتِهِۦ",
        "global_word_sequence_number": 71806,
        "global_verse_sequence_number": 5208
    },
    {
        "chapter": 64,
        "verse": 9,
        "juz": 28,
        "hizb": 222,
        "manzil": 7,
        "ruku": 490,
        "word_number_in_verse": 16,
        "language_code": "bn",
        "text": "এবং তাকে প্রবেশ করাবেন",
        "root_word": "وَيُدۡخِلۡهُ",
        "global_word_sequence_number": 71807,
        "global_verse_sequence_number": 5208
    },
    {
        "chapter": 64,
        "verse": 9,
        "juz": 28,
        "hizb": 222,
        "manzil": 7,
        "ruku": 490,
        "word_number_in_verse": 17,
        "language_code": "bn",
        "text": "জান্নাতে",
        "root_word": "جَنَّٰتٖ",
        "global_word_sequence_number": 71808,
        "global_verse_sequence_number": 5208
    },
    {
        "chapter": 64,
        "verse": 9,
        "juz": 28,
        "hizb": 222,
        "manzil": 7,
        "ruku": 490,
        "word_number_in_verse": 18,
        "language_code": "bn",
        "text": "প্রবাহিত হয়",
        "root_word": "تَجۡرِي",
        "global_word_sequence_number": 71809,
        "global_verse_sequence_number": 5208
    },
    {
        "chapter": 64,
        "verse": 9,
        "juz": 28,
        "hizb": 222,
        "manzil": 7,
        "ruku": 490,
        "word_number_in_verse": 19,
        "language_code": "bn",
        "text": "হতে",
        "root_word": "مِن",
        "global_word_sequence_number": 71810,
        "global_verse_sequence_number": 5208
    },
    {
        "chapter": 64,
        "verse": 9,
        "juz": 28,
        "hizb": 222,
        "manzil": 7,
        "ruku": 490,
        "word_number_in_verse": 20,
        "language_code": "bn",
        "text": "তার পাদদেশ",
        "root_word": "تَحۡتِهَا",
        "global_word_sequence_number": 71811,
        "global_verse_sequence_number": 5208
    },
    {
        "chapter": 64,
        "verse": 9,
        "juz": 28,
        "hizb": 222,
        "manzil": 7,
        "ruku": 490,
        "word_number_in_verse": 21,
        "language_code": "bn",
        "text": "ঝর্ণাধারাগুলো",
        "root_word": "ٱلۡأَنۡهَٰرُ",
        "global_word_sequence_number": 71812,
        "global_verse_sequence_number": 5208
    },
    {
        "chapter": 64,
        "verse": 9,
        "juz": 28,
        "hizb": 222,
        "manzil": 7,
        "ruku": 490,
        "word_number_in_verse": 22,
        "language_code": "bn",
        "text": "বসবাসকারী স্থায়ী",
        "root_word": "خَٰلِدِينَ",
        "global_word_sequence_number": 71813,
        "global_verse_sequence_number": 5208
    },
    {
        "chapter": 64,
        "verse": 9,
        "juz": 28,
        "hizb": 222,
        "manzil": 7,
        "ruku": 490,
        "word_number_in_verse": 23,
        "language_code": "bn",
        "text": "তার মধ্যে",
        "root_word": "فِيهَآ",
        "global_word_sequence_number": 71814,
        "global_verse_sequence_number": 5208
    },
    {
        "chapter": 64,
        "verse": 9,
        "juz": 28,
        "hizb": 222,
        "manzil": 7,
        "ruku": 490,
        "word_number_in_verse": 24,
        "language_code": "bn",
        "text": "চিরকাল",
        "root_word": "أَبَدٗاۚ",
        "global_word_sequence_number": 71815,
        "global_verse_sequence_number": 5208
    },
    {
        "chapter": 64,
        "verse": 9,
        "juz": 28,
        "hizb": 222,
        "manzil": 7,
        "ruku": 490,
        "word_number_in_verse": 25,
        "language_code": "bn",
        "text": "এটা",
        "root_word": "ذَٰلِكَ",
        "global_word_sequence_number": 71816,
        "global_verse_sequence_number": 5208
    },
    {
        "chapter": 64,
        "verse": 9,
        "juz": 28,
        "hizb": 222,
        "manzil": 7,
        "ruku": 490,
        "word_number_in_verse": 26,
        "language_code": "bn",
        "text": "সাফল্য",
        "root_word": "ٱلۡفَوۡزُ",
        "global_word_sequence_number": 71817,
        "global_verse_sequence_number": 5208
    },
    {
        "chapter": 64,
        "verse": 9,
        "juz": 28,
        "hizb": 222,
        "manzil": 7,
        "ruku": 490,
        "word_number_in_verse": 27,
        "language_code": "bn",
        "text": "বড়",
        "root_word": "ٱلۡعَظِيمُ",
        "global_word_sequence_number": 71818,
        "global_verse_sequence_number": 5208
    },
    {
        "chapter": 64,
        "verse": 10,
        "juz": 28,
        "hizb": 222,
        "manzil": 7,
        "ruku": 490,
        "word_number_in_verse": 1,
        "language_code": "bn",
        "text": "এবং যারা",
        "root_word": "وَٱلَّذِينَ",
        "global_word_sequence_number": 71819,
        "global_verse_sequence_number": 5209
    },
    {
        "chapter": 64,
        "verse": 10,
        "juz": 28,
        "hizb": 222,
        "manzil": 7,
        "ruku": 490,
        "word_number_in_verse": 2,
        "language_code": "bn",
        "text": "কুফরি করেছে",
        "root_word": "كَفَرُواْ",
        "global_word_sequence_number": 71820,
        "global_verse_sequence_number": 5209
    },
    {
        "chapter": 64,
        "verse": 10,
        "juz": 28,
        "hizb": 222,
        "manzil": 7,
        "ruku": 490,
        "word_number_in_verse": 3,
        "language_code": "bn",
        "text": "ও মিথ্যারোপ করেছে",
        "root_word": "وَكَذَّبُواْ",
        "global_word_sequence_number": 71821,
        "global_verse_sequence_number": 5209
    },
    {
        "chapter": 64,
        "verse": 10,
        "juz": 28,
        "hizb": 222,
        "manzil": 7,
        "ruku": 490,
        "word_number_in_verse": 4,
        "language_code": "bn",
        "text": "আমাদের আয়াত গুলোকে",
        "root_word": "بِـَٔايَٰتِنَآ",
        "global_word_sequence_number": 71822,
        "global_verse_sequence_number": 5209
    },
    {
        "chapter": 64,
        "verse": 10,
        "juz": 28,
        "hizb": 222,
        "manzil": 7,
        "ruku": 490,
        "word_number_in_verse": 5,
        "language_code": "bn",
        "text": "ঐসব লোক",
        "root_word": "أُوْلَٰٓئِكَ",
        "global_word_sequence_number": 71823,
        "global_verse_sequence_number": 5209
    },
    {
        "chapter": 64,
        "verse": 10,
        "juz": 28,
        "hizb": 222,
        "manzil": 7,
        "ruku": 490,
        "word_number_in_verse": 6,
        "language_code": "bn",
        "text": "অধিবাসী",
        "root_word": "أَصۡحَٰبُ",
        "global_word_sequence_number": 71824,
        "global_verse_sequence_number": 5209
    },
    {
        "chapter": 64,
        "verse": 10,
        "juz": 28,
        "hizb": 222,
        "manzil": 7,
        "ruku": 490,
        "word_number_in_verse": 7,
        "language_code": "bn",
        "text": "দোজখের",
        "root_word": "ٱلنَّارِ",
        "global_word_sequence_number": 71825,
        "global_verse_sequence_number": 5209
    },
    {
        "chapter": 64,
        "verse": 10,
        "juz": 28,
        "hizb": 222,
        "manzil": 7,
        "ruku": 490,
        "word_number_in_verse": 8,
        "language_code": "bn",
        "text": "বসবাসকারী স্থায়ী",
        "root_word": "خَٰلِدِينَ",
        "global_word_sequence_number": 71826,
        "global_verse_sequence_number": 5209
    },
    {
        "chapter": 64,
        "verse": 10,
        "juz": 28,
        "hizb": 222,
        "manzil": 7,
        "ruku": 490,
        "word_number_in_verse": 9,
        "language_code": "bn",
        "text": "তার মধ্যে",
        "root_word": "فِيهَاۖ",
        "global_word_sequence_number": 71827,
        "global_verse_sequence_number": 5209
    },
    {
        "chapter": 64,
        "verse": 10,
        "juz": 28,
        "hizb": 222,
        "manzil": 7,
        "ruku": 490,
        "word_number_in_verse": 10,
        "language_code": "bn",
        "text": "এবং কত নিকৃষ্ট",
        "root_word": "وَبِئۡسَ",
        "global_word_sequence_number": 71828,
        "global_verse_sequence_number": 5209
    },
    {
        "chapter": 64,
        "verse": 10,
        "juz": 28,
        "hizb": 222,
        "manzil": 7,
        "ruku": 490,
        "word_number_in_verse": 11,
        "language_code": "bn",
        "text": "প্রত্যাবর্তন স্থল",
        "root_word": "ٱلۡمَصِيرُ",
        "global_word_sequence_number": 71829,
        "global_verse_sequence_number": 5209
    },
    {
        "chapter": 64,
        "verse": 11,
        "juz": 28,
        "hizb": 222,
        "manzil": 7,
        "ruku": 491,
        "word_number_in_verse": 1,
        "language_code": "bn",
        "text": "না",
        "root_word": "مَآ",
        "global_word_sequence_number": 71830,
        "global_verse_sequence_number": 5210
    },
    {
        "chapter": 64,
        "verse": 11,
        "juz": 28,
        "hizb": 222,
        "manzil": 7,
        "ruku": 491,
        "word_number_in_verse": 2,
        "language_code": "bn",
        "text": "আপতিত হয়",
        "root_word": "أَصَابَ",
        "global_word_sequence_number": 71831,
        "global_verse_sequence_number": 5210
    },
    {
        "chapter": 64,
        "verse": 11,
        "juz": 28,
        "hizb": 222,
        "manzil": 7,
        "ruku": 491,
        "word_number_in_verse": 3,
        "language_code": "bn",
        "text": "কোন",
        "root_word": "مِن",
        "global_word_sequence_number": 71832,
        "global_verse_sequence_number": 5210
    },
    {
        "chapter": 64,
        "verse": 11,
        "juz": 28,
        "hizb": 222,
        "manzil": 7,
        "ruku": 491,
        "word_number_in_verse": 4,
        "language_code": "bn",
        "text": "মুসিবত",
        "root_word": "مُّصِيبَةٍ",
        "global_word_sequence_number": 71833,
        "global_verse_sequence_number": 5210
    },
    {
        "chapter": 64,
        "verse": 11,
        "juz": 28,
        "hizb": 222,
        "manzil": 7,
        "ruku": 491,
        "word_number_in_verse": 5,
        "language_code": "bn",
        "text": "ব্যতিরেকে",
        "root_word": "إِلَّا",
        "global_word_sequence_number": 71834,
        "global_verse_sequence_number": 5210
    },
    {
        "chapter": 64,
        "verse": 11,
        "juz": 28,
        "hizb": 222,
        "manzil": 7,
        "ruku": 491,
        "word_number_in_verse": 6,
        "language_code": "bn",
        "text": "অনুমতি",
        "root_word": "بِإِذۡنِ",
        "global_word_sequence_number": 71835,
        "global_verse_sequence_number": 5210
    },
    {
        "chapter": 64,
        "verse": 11,
        "juz": 28,
        "hizb": 222,
        "manzil": 7,
        "ruku": 491,
        "word_number_in_verse": 7,
        "language_code": "bn",
        "text": "আল্লাহ্‌র",
        "root_word": "ٱللَّهِۗ",
        "global_word_sequence_number": 71836,
        "global_verse_sequence_number": 5210
    },
    {
        "chapter": 64,
        "verse": 11,
        "juz": 28,
        "hizb": 222,
        "manzil": 7,
        "ruku": 491,
        "word_number_in_verse": 8,
        "language_code": "bn",
        "text": "এবং যে",
        "root_word": "وَمَن",
        "global_word_sequence_number": 71837,
        "global_verse_sequence_number": 5210
    },
    {
        "chapter": 64,
        "verse": 11,
        "juz": 28,
        "hizb": 222,
        "manzil": 7,
        "ruku": 491,
        "word_number_in_verse": 9,
        "language_code": "bn",
        "text": "ঈমান আনে",
        "root_word": "يُؤۡمِنۢ",
        "global_word_sequence_number": 71838,
        "global_verse_sequence_number": 5210
    },
    {
        "chapter": 64,
        "verse": 11,
        "juz": 28,
        "hizb": 222,
        "manzil": 7,
        "ruku": 491,
        "word_number_in_verse": 10,
        "language_code": "bn",
        "text": "আল্লাহ্‌র উপরে",
        "root_word": "بِٱللَّهِ",
        "global_word_sequence_number": 71839,
        "global_verse_sequence_number": 5210
    },
    {
        "chapter": 64,
        "verse": 11,
        "juz": 28,
        "hizb": 222,
        "manzil": 7,
        "ruku": 491,
        "word_number_in_verse": 11,
        "language_code": "bn",
        "text": "হেদায়াত দেন তিনি",
        "root_word": "يَهۡدِ",
        "global_word_sequence_number": 71840,
        "global_verse_sequence_number": 5210
    },
    {
        "chapter": 64,
        "verse": 11,
        "juz": 28,
        "hizb": 222,
        "manzil": 7,
        "ruku": 491,
        "word_number_in_verse": 12,
        "language_code": "bn",
        "text": "তার অন্তরকে",
        "root_word": "قَلۡبَهُۥۚ",
        "global_word_sequence_number": 71841,
        "global_verse_sequence_number": 5210
    },
    {
        "chapter": 64,
        "verse": 11,
        "juz": 28,
        "hizb": 222,
        "manzil": 7,
        "ruku": 491,
        "word_number_in_verse": 13,
        "language_code": "bn",
        "text": "এবং আল্লাহ্‌",
        "root_word": "وَٱللَّهُ",
        "global_word_sequence_number": 71842,
        "global_verse_sequence_number": 5210
    },
    {
        "chapter": 64,
        "verse": 11,
        "juz": 28,
        "hizb": 222,
        "manzil": 7,
        "ruku": 491,
        "word_number_in_verse": 14,
        "language_code": "bn",
        "text": "সব",
        "root_word": "بِكُلِّ",
        "global_word_sequence_number": 71843,
        "global_verse_sequence_number": 5210
    },
    {
        "chapter": 64,
        "verse": 11,
        "juz": 28,
        "hizb": 222,
        "manzil": 7,
        "ruku": 491,
        "word_number_in_verse": 15,
        "language_code": "bn",
        "text": "কিছু (সম্পর্কে)",
        "root_word": "شَيۡءٍ",
        "global_word_sequence_number": 71844,
        "global_verse_sequence_number": 5210
    },
    {
        "chapter": 64,
        "verse": 11,
        "juz": 28,
        "hizb": 222,
        "manzil": 7,
        "ruku": 491,
        "word_number_in_verse": 16,
        "language_code": "bn",
        "text": "খুব অবগত",
        "root_word": "عَلِيمٞ",
        "global_word_sequence_number": 71845,
        "global_verse_sequence_number": 5210
    },
    {
        "chapter": 64,
        "verse": 12,
        "juz": 28,
        "hizb": 222,
        "manzil": 7,
        "ruku": 491,
        "word_number_in_verse": 1,
        "language_code": "bn",
        "text": "এবং তোমরা আনুগত্য কর",
        "root_word": "وَأَطِيعُواْ",
        "global_word_sequence_number": 71846,
        "global_verse_sequence_number": 5211
    },
    {
        "chapter": 64,
        "verse": 12,
        "juz": 28,
        "hizb": 222,
        "manzil": 7,
        "ruku": 491,
        "word_number_in_verse": 2,
        "language_code": "bn",
        "text": "আল্লাহ্‌র",
        "root_word": "ٱللَّهَ",
        "global_word_sequence_number": 71847,
        "global_verse_sequence_number": 5211
    },
    {
        "chapter": 64,
        "verse": 12,
        "juz": 28,
        "hizb": 222,
        "manzil": 7,
        "ruku": 491,
        "word_number_in_verse": 3,
        "language_code": "bn",
        "text": "ও আনুগত্য কর",
        "root_word": "وَأَطِيعُواْ",
        "global_word_sequence_number": 71848,
        "global_verse_sequence_number": 5211
    },
    {
        "chapter": 64,
        "verse": 12,
        "juz": 28,
        "hizb": 222,
        "manzil": 7,
        "ruku": 491,
        "word_number_in_verse": 4,
        "language_code": "bn",
        "text": "রাসূলের",
        "root_word": "ٱلرَّسُولَۚ",
        "global_word_sequence_number": 71849,
        "global_verse_sequence_number": 5211
    },
    {
        "chapter": 64,
        "verse": 12,
        "juz": 28,
        "hizb": 222,
        "manzil": 7,
        "ruku": 491,
        "word_number_in_verse": 5,
        "language_code": "bn",
        "text": "অতঃপর যদি",
        "root_word": "فَإِن",
        "global_word_sequence_number": 71850,
        "global_verse_sequence_number": 5211
    },
    {
        "chapter": 64,
        "verse": 12,
        "juz": 28,
        "hizb": 222,
        "manzil": 7,
        "ruku": 491,
        "word_number_in_verse": 6,
        "language_code": "bn",
        "text": "তোমরা ফিরে যাও",
        "root_word": "تَوَلَّيۡتُمۡ",
        "global_word_sequence_number": 71851,
        "global_verse_sequence_number": 5211
    },
    {
        "chapter": 64,
        "verse": 12,
        "juz": 28,
        "hizb": 222,
        "manzil": 7,
        "ruku": 491,
        "word_number_in_verse": 7,
        "language_code": "bn",
        "text": "তবে মূলতঃ",
        "root_word": "فَإِنَّمَا",
        "global_word_sequence_number": 71852,
        "global_verse_sequence_number": 5211
    },
    {
        "chapter": 64,
        "verse": 12,
        "juz": 28,
        "hizb": 222,
        "manzil": 7,
        "ruku": 491,
        "word_number_in_verse": 8,
        "language_code": "bn",
        "text": "উপর",
        "root_word": "عَلَىٰ",
        "global_word_sequence_number": 71853,
        "global_verse_sequence_number": 5211
    },
    {
        "chapter": 64,
        "verse": 12,
        "juz": 28,
        "hizb": 222,
        "manzil": 7,
        "ruku": 491,
        "word_number_in_verse": 9,
        "language_code": "bn",
        "text": "আমাদের রাসূলের",
        "root_word": "رَسُولِنَا",
        "global_word_sequence_number": 71854,
        "global_verse_sequence_number": 5211
    },
    {
        "chapter": 64,
        "verse": 12,
        "juz": 28,
        "hizb": 222,
        "manzil": 7,
        "ruku": 491,
        "word_number_in_verse": 10,
        "language_code": "bn",
        "text": "পৌঁছান (দায়িত্ব)",
        "root_word": "ٱلۡبَلَٰغُ",
        "global_word_sequence_number": 71855,
        "global_verse_sequence_number": 5211
    },
    {
        "chapter": 64,
        "verse": 12,
        "juz": 28,
        "hizb": 222,
        "manzil": 7,
        "ruku": 491,
        "word_number_in_verse": 11,
        "language_code": "bn",
        "text": "সুস্পষ্টভাবে",
        "root_word": "ٱلۡمُبِينُ",
        "global_word_sequence_number": 71856,
        "global_verse_sequence_number": 5211
    },
    {
        "chapter": 64,
        "verse": 13,
        "juz": 28,
        "hizb": 222,
        "manzil": 7,
        "ruku": 491,
        "word_number_in_verse": 1,
        "language_code": "bn",
        "text": "আল্লাহ্‌",
        "root_word": "ٱللَّهُ",
        "global_word_sequence_number": 71857,
        "global_verse_sequence_number": 5212
    },
    {
        "chapter": 64,
        "verse": 13,
        "juz": 28,
        "hizb": 222,
        "manzil": 7,
        "ruku": 491,
        "word_number_in_verse": 2,
        "language_code": "bn",
        "text": "নেই",
        "root_word": "لَآ",
        "global_word_sequence_number": 71858,
        "global_verse_sequence_number": 5212
    },
    {
        "chapter": 64,
        "verse": 13,
        "juz": 28,
        "hizb": 222,
        "manzil": 7,
        "ruku": 491,
        "word_number_in_verse": 3,
        "language_code": "bn",
        "text": "ইলাহ",
        "root_word": "إِلَٰهَ",
        "global_word_sequence_number": 71859,
        "global_verse_sequence_number": 5212
    },
    {
        "chapter": 64,
        "verse": 13,
        "juz": 28,
        "hizb": 222,
        "manzil": 7,
        "ruku": 491,
        "word_number_in_verse": 4,
        "language_code": "bn",
        "text": "ছাড়া",
        "root_word": "إِلَّا",
        "global_word_sequence_number": 71860,
        "global_verse_sequence_number": 5212
    },
    {
        "chapter": 64,
        "verse": 13,
        "juz": 28,
        "hizb": 222,
        "manzil": 7,
        "ruku": 491,
        "word_number_in_verse": 5,
        "language_code": "bn",
        "text": "তিনি",
        "root_word": "هُوَۚ",
        "global_word_sequence_number": 71861,
        "global_verse_sequence_number": 5212
    },
    {
        "chapter": 64,
        "verse": 13,
        "juz": 28,
        "hizb": 222,
        "manzil": 7,
        "ruku": 491,
        "word_number_in_verse": 6,
        "language_code": "bn",
        "text": "এবং উপর",
        "root_word": "وَعَلَى",
        "global_word_sequence_number": 71862,
        "global_verse_sequence_number": 5212
    },
    {
        "chapter": 64,
        "verse": 13,
        "juz": 28,
        "hizb": 222,
        "manzil": 7,
        "ruku": 491,
        "word_number_in_verse": 7,
        "language_code": "bn",
        "text": "আল্লাহ্‌র",
        "root_word": "ٱللَّهِ",
        "global_word_sequence_number": 71863,
        "global_verse_sequence_number": 5212
    },
    {
        "chapter": 64,
        "verse": 13,
        "juz": 28,
        "hizb": 222,
        "manzil": 7,
        "ruku": 491,
        "word_number_in_verse": 8,
        "language_code": "bn",
        "text": "সুতরাং ভরসা করুক",
        "root_word": "فَلۡيَتَوَكَّلِ",
        "global_word_sequence_number": 71864,
        "global_verse_sequence_number": 5212
    },
    {
        "chapter": 64,
        "verse": 13,
        "juz": 28,
        "hizb": 222,
        "manzil": 7,
        "ruku": 491,
        "word_number_in_verse": 9,
        "language_code": "bn",
        "text": "মু'মিনগণ",
        "root_word": "ٱلۡمُؤۡمِنُونَ",
        "global_word_sequence_number": 71865,
        "global_verse_sequence_number": 5212
    },
    {
        "chapter": 64,
        "verse": 14,
        "juz": 28,
        "hizb": 222,
        "manzil": 7,
        "ruku": 491,
        "word_number_in_verse": 1,
        "language_code": "bn",
        "text": "ওহে",
        "root_word": "يَٰٓأَيُّهَا",
        "global_word_sequence_number": 71866,
        "global_verse_sequence_number": 5213
    },
    {
        "chapter": 64,
        "verse": 14,
        "juz": 28,
        "hizb": 222,
        "manzil": 7,
        "ruku": 491,
        "word_number_in_verse": 2,
        "language_code": "bn",
        "text": "যারা",
        "root_word": "ٱلَّذِينَ",
        "global_word_sequence_number": 71867,
        "global_verse_sequence_number": 5213
    },
    {
        "chapter": 64,
        "verse": 14,
        "juz": 28,
        "hizb": 222,
        "manzil": 7,
        "ruku": 491,
        "word_number_in_verse": 3,
        "language_code": "bn",
        "text": "ঈমান এনেছো",
        "root_word": "ءَامَنُوٓاْ",
        "global_word_sequence_number": 71868,
        "global_verse_sequence_number": 5213
    },
    {
        "chapter": 64,
        "verse": 14,
        "juz": 28,
        "hizb": 222,
        "manzil": 7,
        "ruku": 491,
        "word_number_in_verse": 4,
        "language_code": "bn",
        "text": "নিশ্চয়",
        "root_word": "إِنَّ",
        "global_word_sequence_number": 71869,
        "global_verse_sequence_number": 5213
    },
    {
        "chapter": 64,
        "verse": 14,
        "juz": 28,
        "hizb": 222,
        "manzil": 7,
        "ruku": 491,
        "word_number_in_verse": 5,
        "language_code": "bn",
        "text": "মধ্যে",
        "root_word": "مِنۡ",
        "global_word_sequence_number": 71870,
        "global_verse_sequence_number": 5213
    },
    {
        "chapter": 64,
        "verse": 14,
        "juz": 28,
        "hizb": 222,
        "manzil": 7,
        "ruku": 491,
        "word_number_in_verse": 6,
        "language_code": "bn",
        "text": "তোমাদের স্ত্রীদের",
        "root_word": "أَزۡوَٰجِكُمۡ",
        "global_word_sequence_number": 71871,
        "global_verse_sequence_number": 5213
    },
    {
        "chapter": 64,
        "verse": 14,
        "juz": 28,
        "hizb": 222,
        "manzil": 7,
        "ruku": 491,
        "word_number_in_verse": 7,
        "language_code": "bn",
        "text": "ও তোমাদের সন্তান সন্ততিদের (কেউ কেউ)",
        "root_word": "وَأَوۡلَٰدِكُمۡ",
        "global_word_sequence_number": 71872,
        "global_verse_sequence_number": 5213
    },
    {
        "chapter": 64,
        "verse": 14,
        "juz": 28,
        "hizb": 222,
        "manzil": 7,
        "ruku": 491,
        "word_number_in_verse": 8,
        "language_code": "bn",
        "text": "শত্রু",
        "root_word": "عَدُوّٗا",
        "global_word_sequence_number": 71873,
        "global_verse_sequence_number": 5213
    },
    {
        "chapter": 64,
        "verse": 14,
        "juz": 28,
        "hizb": 222,
        "manzil": 7,
        "ruku": 491,
        "word_number_in_verse": 9,
        "language_code": "bn",
        "text": "তোমাদের জন্যে",
        "root_word": "لَّكُمۡ",
        "global_word_sequence_number": 71874,
        "global_verse_sequence_number": 5213
    },
    {
        "chapter": 64,
        "verse": 14,
        "juz": 28,
        "hizb": 222,
        "manzil": 7,
        "ruku": 491,
        "word_number_in_verse": 10,
        "language_code": "bn",
        "text": "অতএব তাদের থেকে সতর্ক হও",
        "root_word": "فَٱحۡذَرُوهُمۡۚ",
        "global_word_sequence_number": 71875,
        "global_verse_sequence_number": 5213
    },
    {
        "chapter": 64,
        "verse": 14,
        "juz": 28,
        "hizb": 222,
        "manzil": 7,
        "ruku": 491,
        "word_number_in_verse": 11,
        "language_code": "bn",
        "text": "এবং যদি",
        "root_word": "وَإِن",
        "global_word_sequence_number": 71876,
        "global_verse_sequence_number": 5213
    },
    {
        "chapter": 64,
        "verse": 14,
        "juz": 28,
        "hizb": 222,
        "manzil": 7,
        "ruku": 491,
        "word_number_in_verse": 12,
        "language_code": "bn",
        "text": "তোমরা মার্জনা কর",
        "root_word": "تَعۡفُواْ",
        "global_word_sequence_number": 71877,
        "global_verse_sequence_number": 5213
    },
    {
        "chapter": 64,
        "verse": 14,
        "juz": 28,
        "hizb": 222,
        "manzil": 7,
        "ruku": 491,
        "word_number_in_verse": 13,
        "language_code": "bn",
        "text": "ও তোমরা উপেক্ষা কর",
        "root_word": "وَتَصۡفَحُواْ",
        "global_word_sequence_number": 71878,
        "global_verse_sequence_number": 5213
    },
    {
        "chapter": 64,
        "verse": 14,
        "juz": 28,
        "hizb": 222,
        "manzil": 7,
        "ruku": 491,
        "word_number_in_verse": 14,
        "language_code": "bn",
        "text": "এবং তোমরা মাফ কর",
        "root_word": "وَتَغۡفِرُواْ",
        "global_word_sequence_number": 71879,
        "global_verse_sequence_number": 5213
    },
    {
        "chapter": 64,
        "verse": 14,
        "juz": 28,
        "hizb": 222,
        "manzil": 7,
        "ruku": 491,
        "word_number_in_verse": 15,
        "language_code": "bn",
        "text": "তবে নিশ্চয়",
        "root_word": "فَإِنَّ",
        "global_word_sequence_number": 71880,
        "global_verse_sequence_number": 5213
    },
    {
        "chapter": 64,
        "verse": 14,
        "juz": 28,
        "hizb": 222,
        "manzil": 7,
        "ruku": 491,
        "word_number_in_verse": 16,
        "language_code": "bn",
        "text": "আল্লাহ্‌",
        "root_word": "ٱللَّهَ",
        "global_word_sequence_number": 71881,
        "global_verse_sequence_number": 5213
    },
    {
        "chapter": 64,
        "verse": 14,
        "juz": 28,
        "hizb": 222,
        "manzil": 7,
        "ruku": 491,
        "word_number_in_verse": 17,
        "language_code": "bn",
        "text": "ক্ষমাশীল",
        "root_word": "غَفُورٞ",
        "global_word_sequence_number": 71882,
        "global_verse_sequence_number": 5213
    },
    {
        "chapter": 64,
        "verse": 14,
        "juz": 28,
        "hizb": 222,
        "manzil": 7,
        "ruku": 491,
        "word_number_in_verse": 18,
        "language_code": "bn",
        "text": "মেহেরবান",
        "root_word": "رَّحِيمٌ",
        "global_word_sequence_number": 71883,
        "global_verse_sequence_number": 5213
    },
    {
        "chapter": 64,
        "verse": 15,
        "juz": 28,
        "hizb": 222,
        "manzil": 7,
        "ruku": 491,
        "word_number_in_verse": 1,
        "language_code": "bn",
        "text": "মূলতঃ",
        "root_word": "إِنَّمَآ",
        "global_word_sequence_number": 71884,
        "global_verse_sequence_number": 5214
    },
    {
        "chapter": 64,
        "verse": 15,
        "juz": 28,
        "hizb": 222,
        "manzil": 7,
        "ruku": 491,
        "word_number_in_verse": 2,
        "language_code": "bn",
        "text": "তোমাদের মালগুলো",
        "root_word": "أَمۡوَٰلُكُمۡ",
        "global_word_sequence_number": 71885,
        "global_verse_sequence_number": 5214
    },
    {
        "chapter": 64,
        "verse": 15,
        "juz": 28,
        "hizb": 222,
        "manzil": 7,
        "ruku": 491,
        "word_number_in_verse": 3,
        "language_code": "bn",
        "text": "ও তোমাদের সন্তান সন্ততিরা",
        "root_word": "وَأَوۡلَٰدُكُمۡ",
        "global_word_sequence_number": 71886,
        "global_verse_sequence_number": 5214
    },
    {
        "chapter": 64,
        "verse": 15,
        "juz": 28,
        "hizb": 222,
        "manzil": 7,
        "ruku": 491,
        "word_number_in_verse": 4,
        "language_code": "bn",
        "text": "পরীক্ষা",
        "root_word": "فِتۡنَةٞۚ",
        "global_word_sequence_number": 71887,
        "global_verse_sequence_number": 5214
    },
    {
        "chapter": 64,
        "verse": 15,
        "juz": 28,
        "hizb": 222,
        "manzil": 7,
        "ruku": 491,
        "word_number_in_verse": 5,
        "language_code": "bn",
        "text": "এবং আল্লাহ্‌",
        "root_word": "وَٱللَّهُ",
        "global_word_sequence_number": 71888,
        "global_verse_sequence_number": 5214
    },
    {
        "chapter": 64,
        "verse": 15,
        "juz": 28,
        "hizb": 222,
        "manzil": 7,
        "ruku": 491,
        "word_number_in_verse": 6,
        "language_code": "bn",
        "text": "তাঁর কাছে (আছে)",
        "root_word": "عِندَهُۥٓ",
        "global_word_sequence_number": 71889,
        "global_verse_sequence_number": 5214
    },
    {
        "chapter": 64,
        "verse": 15,
        "juz": 28,
        "hizb": 222,
        "manzil": 7,
        "ruku": 491,
        "word_number_in_verse": 7,
        "language_code": "bn",
        "text": "প্রতিফল",
        "root_word": "أَجۡرٌ",
        "global_word_sequence_number": 71890,
        "global_verse_sequence_number": 5214
    },
    {
        "chapter": 64,
        "verse": 15,
        "juz": 28,
        "hizb": 222,
        "manzil": 7,
        "ruku": 491,
        "word_number_in_verse": 8,
        "language_code": "bn",
        "text": "বড়",
        "root_word": "عَظِيمٞ",
        "global_word_sequence_number": 71891,
        "global_verse_sequence_number": 5214
    },
    {
        "chapter": 64,
        "verse": 16,
        "juz": 28,
        "hizb": 222,
        "manzil": 7,
        "ruku": 491,
        "word_number_in_verse": 1,
        "language_code": "bn",
        "text": "অতএব তোমরা ভয় করো",
        "root_word": "فَٱتَّقُواْ",
        "global_word_sequence_number": 71892,
        "global_verse_sequence_number": 5215
    },
    {
        "chapter": 64,
        "verse": 16,
        "juz": 28,
        "hizb": 222,
        "manzil": 7,
        "ruku": 491,
        "word_number_in_verse": 2,
        "language_code": "bn",
        "text": "আল্লাহকে",
        "root_word": "ٱللَّهَ",
        "global_word_sequence_number": 71893,
        "global_verse_sequence_number": 5215
    },
    {
        "chapter": 64,
        "verse": 16,
        "juz": 28,
        "hizb": 222,
        "manzil": 7,
        "ruku": 491,
        "word_number_in_verse": 3,
        "language_code": "bn",
        "text": "যতটা",
        "root_word": "مَا",
        "global_word_sequence_number": 71894,
        "global_verse_sequence_number": 5215
    },
    {
        "chapter": 64,
        "verse": 16,
        "juz": 28,
        "hizb": 222,
        "manzil": 7,
        "ruku": 491,
        "word_number_in_verse": 4,
        "language_code": "bn",
        "text": "তোমরা পারো",
        "root_word": "ٱسۡتَطَعۡتُمۡ",
        "global_word_sequence_number": 71895,
        "global_verse_sequence_number": 5215
    },
    {
        "chapter": 64,
        "verse": 16,
        "juz": 28,
        "hizb": 222,
        "manzil": 7,
        "ruku": 491,
        "word_number_in_verse": 5,
        "language_code": "bn",
        "text": "ও তোমরা শুনো",
        "root_word": "وَٱسۡمَعُواْ",
        "global_word_sequence_number": 71896,
        "global_verse_sequence_number": 5215
    },
    {
        "chapter": 64,
        "verse": 16,
        "juz": 28,
        "hizb": 222,
        "manzil": 7,
        "ruku": 491,
        "word_number_in_verse": 6,
        "language_code": "bn",
        "text": "ও তোমরা আনুগত্য করো",
        "root_word": "وَأَطِيعُواْ",
        "global_word_sequence_number": 71897,
        "global_verse_sequence_number": 5215
    },
    {
        "chapter": 64,
        "verse": 16,
        "juz": 28,
        "hizb": 222,
        "manzil": 7,
        "ruku": 491,
        "word_number_in_verse": 7,
        "language_code": "bn",
        "text": "তোমরা খরচ করো",
        "root_word": "وَأَنفِقُواْ",
        "global_word_sequence_number": 71898,
        "global_verse_sequence_number": 5215
    },
    {
        "chapter": 64,
        "verse": 16,
        "juz": 28,
        "hizb": 222,
        "manzil": 7,
        "ruku": 491,
        "word_number_in_verse": 8,
        "language_code": "bn",
        "text": "উত্তম",
        "root_word": "خَيۡرٗا",
        "global_word_sequence_number": 71899,
        "global_verse_sequence_number": 5215
    },
    {
        "chapter": 64,
        "verse": 16,
        "juz": 28,
        "hizb": 222,
        "manzil": 7,
        "ruku": 491,
        "word_number_in_verse": 9,
        "language_code": "bn",
        "text": "তোমাদের নিজেদের জন্যে",
        "root_word": "لِّأَنفُسِكُمۡۗ",
        "global_word_sequence_number": 71900,
        "global_verse_sequence_number": 5215
    },
    {
        "chapter": 64,
        "verse": 16,
        "juz": 28,
        "hizb": 222,
        "manzil": 7,
        "ruku": 491,
        "word_number_in_verse": 10,
        "language_code": "bn",
        "text": "এবং যে",
        "root_word": "وَمَن",
        "global_word_sequence_number": 71901,
        "global_verse_sequence_number": 5215
    },
    {
        "chapter": 64,
        "verse": 16,
        "juz": 28,
        "hizb": 222,
        "manzil": 7,
        "ruku": 491,
        "word_number_in_verse": 11,
        "language_code": "bn",
        "text": "রক্ষা পেল",
        "root_word": "يُوقَ",
        "global_word_sequence_number": 71902,
        "global_verse_sequence_number": 5215
    },
    {
        "chapter": 64,
        "verse": 16,
        "juz": 28,
        "hizb": 222,
        "manzil": 7,
        "ruku": 491,
        "word_number_in_verse": 12,
        "language_code": "bn",
        "text": "সংকীর্ণতা (থেকে)",
        "root_word": "شُحَّ",
        "global_word_sequence_number": 71903,
        "global_verse_sequence_number": 5215
    },
    {
        "chapter": 64,
        "verse": 16,
        "juz": 28,
        "hizb": 222,
        "manzil": 7,
        "ruku": 491,
        "word_number_in_verse": 13,
        "language_code": "bn",
        "text": "তার মনের",
        "root_word": "نَفۡسِهِۦ",
        "global_word_sequence_number": 71904,
        "global_verse_sequence_number": 5215
    },
    {
        "chapter": 64,
        "verse": 16,
        "juz": 28,
        "hizb": 222,
        "manzil": 7,
        "ruku": 491,
        "word_number_in_verse": 14,
        "language_code": "bn",
        "text": "তবে ঐসব লোক",
        "root_word": "فَأُوْلَٰٓئِكَ",
        "global_word_sequence_number": 71905,
        "global_verse_sequence_number": 5215
    },
    {
        "chapter": 64,
        "verse": 16,
        "juz": 28,
        "hizb": 222,
        "manzil": 7,
        "ruku": 491,
        "word_number_in_verse": 15,
        "language_code": "bn",
        "text": "তারাই",
        "root_word": "هُمُ",
        "global_word_sequence_number": 71906,
        "global_verse_sequence_number": 5215
    },
    {
        "chapter": 64,
        "verse": 16,
        "juz": 28,
        "hizb": 222,
        "manzil": 7,
        "ruku": 491,
        "word_number_in_verse": 16,
        "language_code": "bn",
        "text": "সফলকাম",
        "root_word": "ٱلۡمُفۡلِحُونَ",
        "global_word_sequence_number": 71907,
        "global_verse_sequence_number": 5215
    },
    {
        "chapter": 64,
        "verse": 17,
        "juz": 28,
        "hizb": 222,
        "manzil": 7,
        "ruku": 491,
        "word_number_in_verse": 1,
        "language_code": "bn",
        "text": "যদি",
        "root_word": "إِن",
        "global_word_sequence_number": 71908,
        "global_verse_sequence_number": 5216
    },
    {
        "chapter": 64,
        "verse": 17,
        "juz": 28,
        "hizb": 222,
        "manzil": 7,
        "ruku": 491,
        "word_number_in_verse": 2,
        "language_code": "bn",
        "text": "তোমরা কর্জ দাও",
        "root_word": "تُقۡرِضُواْ",
        "global_word_sequence_number": 71909,
        "global_verse_sequence_number": 5216
    },
    {
        "chapter": 64,
        "verse": 17,
        "juz": 28,
        "hizb": 222,
        "manzil": 7,
        "ruku": 491,
        "word_number_in_verse": 3,
        "language_code": "bn",
        "text": "আল্লাহকে",
        "root_word": "ٱللَّهَ",
        "global_word_sequence_number": 71910,
        "global_verse_sequence_number": 5216
    },
    {
        "chapter": 64,
        "verse": 17,
        "juz": 28,
        "hizb": 222,
        "manzil": 7,
        "ruku": 491,
        "word_number_in_verse": 4,
        "language_code": "bn",
        "text": "কর্জ",
        "root_word": "قَرۡضًا",
        "global_word_sequence_number": 71911,
        "global_verse_sequence_number": 5216
    },
    {
        "chapter": 64,
        "verse": 17,
        "juz": 28,
        "hizb": 222,
        "manzil": 7,
        "ruku": 491,
        "word_number_in_verse": 5,
        "language_code": "bn",
        "text": "উত্তম",
        "root_word": "حَسَنٗا",
        "global_word_sequence_number": 71912,
        "global_verse_sequence_number": 5216
    },
    {
        "chapter": 64,
        "verse": 17,
        "juz": 28,
        "hizb": 222,
        "manzil": 7,
        "ruku": 491,
        "word_number_in_verse": 6,
        "language_code": "bn",
        "text": "তা বহু গুণ করবেন",
        "root_word": "يُضَٰعِفۡهُ",
        "global_word_sequence_number": 71913,
        "global_verse_sequence_number": 5216
    },
    {
        "chapter": 64,
        "verse": 17,
        "juz": 28,
        "hizb": 222,
        "manzil": 7,
        "ruku": 491,
        "word_number_in_verse": 7,
        "language_code": "bn",
        "text": "তোমাদের জন্যে",
        "root_word": "لَكُمۡ",
        "global_word_sequence_number": 71914,
        "global_verse_sequence_number": 5216
    },
    {
        "chapter": 64,
        "verse": 17,
        "juz": 28,
        "hizb": 222,
        "manzil": 7,
        "ruku": 491,
        "word_number_in_verse": 8,
        "language_code": "bn",
        "text": "ও মাফ করবেন",
        "root_word": "وَيَغۡفِرۡ",
        "global_word_sequence_number": 71915,
        "global_verse_sequence_number": 5216
    },
    {
        "chapter": 64,
        "verse": 17,
        "juz": 28,
        "hizb": 222,
        "manzil": 7,
        "ruku": 491,
        "word_number_in_verse": 9,
        "language_code": "bn",
        "text": "তোমাদেরকে",
        "root_word": "لَكُمۡۚ",
        "global_word_sequence_number": 71916,
        "global_verse_sequence_number": 5216
    },
    {
        "chapter": 64,
        "verse": 17,
        "juz": 28,
        "hizb": 222,
        "manzil": 7,
        "ruku": 491,
        "word_number_in_verse": 10,
        "language_code": "bn",
        "text": "এবং আল্লাহ্‌",
        "root_word": "وَٱللَّهُ",
        "global_word_sequence_number": 71917,
        "global_verse_sequence_number": 5216
    },
    {
        "chapter": 64,
        "verse": 17,
        "juz": 28,
        "hizb": 222,
        "manzil": 7,
        "ruku": 491,
        "word_number_in_verse": 11,
        "language_code": "bn",
        "text": "গুণগ্রাহী",
        "root_word": "شَكُورٌ",
        "global_word_sequence_number": 71918,
        "global_verse_sequence_number": 5216
    },
    {
        "chapter": 64,
        "verse": 17,
        "juz": 28,
        "hizb": 222,
        "manzil": 7,
        "ruku": 491,
        "word_number_in_verse": 12,
        "language_code": "bn",
        "text": "ধৈর্যশীল",
        "root_word": "حَلِيمٌ",
        "global_word_sequence_number": 71919,
        "global_verse_sequence_number": 5216
    },
    {
        "chapter": 64,
        "verse": 18,
        "juz": 28,
        "hizb": 222,
        "manzil": 7,
        "ruku": 491,
        "word_number_in_verse": 1,
        "language_code": "bn",
        "text": "পরিজ্ঞাতা",
        "root_word": "عَٰلِمُ",
        "global_word_sequence_number": 71920,
        "global_verse_sequence_number": 5217
    },
    {
        "chapter": 64,
        "verse": 18,
        "juz": 28,
        "hizb": 222,
        "manzil": 7,
        "ruku": 491,
        "word_number_in_verse": 2,
        "language_code": "bn",
        "text": "অদৃশ্যের",
        "root_word": "ٱلۡغَيۡبِ",
        "global_word_sequence_number": 71921,
        "global_verse_sequence_number": 5217
    },
    {
        "chapter": 64,
        "verse": 18,
        "juz": 28,
        "hizb": 222,
        "manzil": 7,
        "ruku": 491,
        "word_number_in_verse": 3,
        "language_code": "bn",
        "text": "ও দৃশ্যের",
        "root_word": "وَٱلشَّهَٰدَةِ",
        "global_word_sequence_number": 71922,
        "global_verse_sequence_number": 5217
    },
    {
        "chapter": 64,
        "verse": 18,
        "juz": 28,
        "hizb": 222,
        "manzil": 7,
        "ruku": 491,
        "word_number_in_verse": 4,
        "language_code": "bn",
        "text": "মহাপরাক্রমশালী",
        "root_word": "ٱلۡعَزِيزُ",
        "global_word_sequence_number": 71923,
        "global_verse_sequence_number": 5217
    },
    {
        "chapter": 64,
        "verse": 18,
        "juz": 28,
        "hizb": 222,
        "manzil": 7,
        "ruku": 491,
        "word_number_in_verse": 5,
        "language_code": "bn",
        "text": "প্রজ্ঞাময়",
        "root_word": "ٱلۡحَكِيمُ",
        "global_word_sequence_number": 71924,
        "global_verse_sequence_number": 5217
    }
]