[
    {
        "chapter": 66,
        "verse": 1,
        "juz": 28,
        "hizb": 224,
        "manzil": 7,
        "ruku": 494,
        "word_number_in_verse": 1,
        "language_code": "bn",
        "text": "হে",
        "root_word": "يَٰٓأَيُّهَا",
        "global_word_sequence_number": 72212,
        "global_verse_sequence_number": 5230
    },
    {
        "chapter": 66,
        "verse": 1,
        "juz": 28,
        "hizb": 224,
        "manzil": 7,
        "ruku": 494,
        "word_number_in_verse": 2,
        "language_code": "bn",
        "text": "নবী",
        "root_word": "ٱلنَّبِيُّ",
        "global_word_sequence_number": 72213,
        "global_verse_sequence_number": 5230
    },
    {
        "chapter": 66,
        "verse": 1,
        "juz": 28,
        "hizb": 224,
        "manzil": 7,
        "ruku": 494,
        "word_number_in_verse": 3,
        "language_code": "bn",
        "text": "কেন",
        "root_word": "لِمَ",
        "global_word_sequence_number": 72214,
        "global_verse_sequence_number": 5230
    },
    {
        "chapter": 66,
        "verse": 1,
        "juz": 28,
        "hizb": 224,
        "manzil": 7,
        "ruku": 494,
        "word_number_in_verse": 4,
        "language_code": "bn",
        "text": "হারাম কর তুমি",
        "root_word": "تُحَرِّمُ",
        "global_word_sequence_number": 72215,
        "global_verse_sequence_number": 5230
    },
    {
        "chapter": 66,
        "verse": 1,
        "juz": 28,
        "hizb": 224,
        "manzil": 7,
        "ruku": 494,
        "word_number_in_verse": 5,
        "language_code": "bn",
        "text": "যা",
        "root_word": "مَآ",
        "global_word_sequence_number": 72216,
        "global_verse_sequence_number": 5230
    },
    {
        "chapter": 66,
        "verse": 1,
        "juz": 28,
        "hizb": 224,
        "manzil": 7,
        "ruku": 494,
        "word_number_in_verse": 6,
        "language_code": "bn",
        "text": "হালাল করেছেন",
        "root_word": "أَحَلَّ",
        "global_word_sequence_number": 72217,
        "global_verse_sequence_number": 5230
    },
    {
        "chapter": 66,
        "verse": 1,
        "juz": 28,
        "hizb": 224,
        "manzil": 7,
        "ruku": 494,
        "word_number_in_verse": 7,
        "language_code": "bn",
        "text": "আল্লাহ",
        "root_word": "ٱللَّهُ",
        "global_word_sequence_number": 72218,
        "global_verse_sequence_number": 5230
    },
    {
        "chapter": 66,
        "verse": 1,
        "juz": 28,
        "hizb": 224,
        "manzil": 7,
        "ruku": 494,
        "word_number_in_verse": 8,
        "language_code": "bn",
        "text": "তোমার জন্যে",
        "root_word": "لَكَۖ",
        "global_word_sequence_number": 72219,
        "global_verse_sequence_number": 5230
    },
    {
        "chapter": 66,
        "verse": 1,
        "juz": 28,
        "hizb": 224,
        "manzil": 7,
        "ruku": 494,
        "word_number_in_verse": 9,
        "language_code": "bn",
        "text": "তুমি চাও (কি)",
        "root_word": "تَبۡتَغِي",
        "global_word_sequence_number": 72220,
        "global_verse_sequence_number": 5230
    },
    {
        "chapter": 66,
        "verse": 1,
        "juz": 28,
        "hizb": 224,
        "manzil": 7,
        "ruku": 494,
        "word_number_in_verse": 10,
        "language_code": "bn",
        "text": "সন্তুষ্টি",
        "root_word": "مَرۡضَاتَ",
        "global_word_sequence_number": 72221,
        "global_verse_sequence_number": 5230
    },
    {
        "chapter": 66,
        "verse": 1,
        "juz": 28,
        "hizb": 224,
        "manzil": 7,
        "ruku": 494,
        "word_number_in_verse": 11,
        "language_code": "bn",
        "text": "তোমার স্ত্রীদের",
        "root_word": "أَزۡوَٰجِكَۚ",
        "global_word_sequence_number": 72222,
        "global_verse_sequence_number": 5230
    },
    {
        "chapter": 66,
        "verse": 1,
        "juz": 28,
        "hizb": 224,
        "manzil": 7,
        "ruku": 494,
        "word_number_in_verse": 12,
        "language_code": "bn",
        "text": "এবং আল্লাহ",
        "root_word": "وَٱللَّهُ",
        "global_word_sequence_number": 72223,
        "global_verse_sequence_number": 5230
    },
    {
        "chapter": 66,
        "verse": 1,
        "juz": 28,
        "hizb": 224,
        "manzil": 7,
        "ruku": 494,
        "word_number_in_verse": 13,
        "language_code": "bn",
        "text": "ক্ষমাশীল",
        "root_word": "غَفُورٞ",
        "global_word_sequence_number": 72224,
        "global_verse_sequence_number": 5230
    },
    {
        "chapter": 66,
        "verse": 1,
        "juz": 28,
        "hizb": 224,
        "manzil": 7,
        "ruku": 494,
        "word_number_in_verse": 14,
        "language_code": "bn",
        "text": "মেহেরবান",
        "root_word": "رَّحِيمٞ",
        "global_word_sequence_number": 72225,
        "global_verse_sequence_number": 5230
    },
    {
        "chapter": 66,
        "verse": 2,
        "juz": 28,
        "hizb": 224,
        "manzil": 7,
        "ruku": 494,
        "word_number_in_verse": 1,
        "language_code": "bn",
        "text": "নিশ্চয়",
        "root_word": "قَدۡ",
        "global_word_sequence_number": 72226,
        "global_verse_sequence_number": 5231
    },
    {
        "chapter": 66,
        "verse": 2,
        "juz": 28,
        "hizb": 224,
        "manzil": 7,
        "ruku": 494,
        "word_number_in_verse": 2,
        "language_code": "bn",
        "text": "নির্দিষ্ট করেছেন",
        "root_word": "فَرَضَ",
        "global_word_sequence_number": 72227,
        "global_verse_sequence_number": 5231
    },
    {
        "chapter": 66,
        "verse": 2,
        "juz": 28,
        "hizb": 224,
        "manzil": 7,
        "ruku": 494,
        "word_number_in_verse": 3,
        "language_code": "bn",
        "text": "আল্লাহ",
        "root_word": "ٱللَّهُ",
        "global_word_sequence_number": 72228,
        "global_verse_sequence_number": 5231
    },
    {
        "chapter": 66,
        "verse": 2,
        "juz": 28,
        "hizb": 224,
        "manzil": 7,
        "ruku": 494,
        "word_number_in_verse": 4,
        "language_code": "bn",
        "text": "তোমাদের জন্যে",
        "root_word": "لَكُمۡ",
        "global_word_sequence_number": 72229,
        "global_verse_sequence_number": 5231
    },
    {
        "chapter": 66,
        "verse": 2,
        "juz": 28,
        "hizb": 224,
        "manzil": 7,
        "ruku": 494,
        "word_number_in_verse": 5,
        "language_code": "bn",
        "text": "মুক্তির ব্যবস্থা",
        "root_word": "تَحِلَّةَ",
        "global_word_sequence_number": 72230,
        "global_verse_sequence_number": 5231
    },
    {
        "chapter": 66,
        "verse": 2,
        "juz": 28,
        "hizb": 224,
        "manzil": 7,
        "ruku": 494,
        "word_number_in_verse": 6,
        "language_code": "bn",
        "text": "তোমাদের শপথগুলোর",
        "root_word": "أَيۡمَٰنِكُمۡۚ",
        "global_word_sequence_number": 72231,
        "global_verse_sequence_number": 5231
    },
    {
        "chapter": 66,
        "verse": 2,
        "juz": 28,
        "hizb": 224,
        "manzil": 7,
        "ruku": 494,
        "word_number_in_verse": 7,
        "language_code": "bn",
        "text": "এবং আল্লাহ",
        "root_word": "وَٱللَّهُ",
        "global_word_sequence_number": 72232,
        "global_verse_sequence_number": 5231
    },
    {
        "chapter": 66,
        "verse": 2,
        "juz": 28,
        "hizb": 224,
        "manzil": 7,
        "ruku": 494,
        "word_number_in_verse": 8,
        "language_code": "bn",
        "text": "তোমাদের মনিব",
        "root_word": "مَوۡلَىٰكُمۡۖ",
        "global_word_sequence_number": 72233,
        "global_verse_sequence_number": 5231
    },
    {
        "chapter": 66,
        "verse": 2,
        "juz": 28,
        "hizb": 224,
        "manzil": 7,
        "ruku": 494,
        "word_number_in_verse": 9,
        "language_code": "bn",
        "text": "এবং তিনিই",
        "root_word": "وَهُوَ",
        "global_word_sequence_number": 72234,
        "global_verse_sequence_number": 5231
    },
    {
        "chapter": 66,
        "verse": 2,
        "juz": 28,
        "hizb": 224,
        "manzil": 7,
        "ruku": 494,
        "word_number_in_verse": 10,
        "language_code": "bn",
        "text": "সর্বজ্ঞ",
        "root_word": "ٱلۡعَلِيمُ",
        "global_word_sequence_number": 72235,
        "global_verse_sequence_number": 5231
    },
    {
        "chapter": 66,
        "verse": 2,
        "juz": 28,
        "hizb": 224,
        "manzil": 7,
        "ruku": 494,
        "word_number_in_verse": 11,
        "language_code": "bn",
        "text": "প্রজ্ঞাময়",
        "root_word": "ٱلۡحَكِيمُ",
        "global_word_sequence_number": 72236,
        "global_verse_sequence_number": 5231
    },
    {
        "chapter": 66,
        "verse": 3,
        "juz": 28,
        "hizb": 224,
        "manzil": 7,
        "ruku": 494,
        "word_number_in_verse": 1,
        "language_code": "bn",
        "text": "এবং যখন",
        "root_word": "وَإِذۡ",
        "global_word_sequence_number": 72237,
        "global_verse_sequence_number": 5232
    },
    {
        "chapter": 66,
        "verse": 3,
        "juz": 28,
        "hizb": 224,
        "manzil": 7,
        "ruku": 494,
        "word_number_in_verse": 2,
        "language_code": "bn",
        "text": "গোপনে বলেছিল",
        "root_word": "أَسَرَّ",
        "global_word_sequence_number": 72238,
        "global_verse_sequence_number": 5232
    },
    {
        "chapter": 66,
        "verse": 3,
        "juz": 28,
        "hizb": 224,
        "manzil": 7,
        "ruku": 494,
        "word_number_in_verse": 3,
        "language_code": "bn",
        "text": "নবী",
        "root_word": "ٱلنَّبِيُّ",
        "global_word_sequence_number": 72239,
        "global_verse_sequence_number": 5232
    },
    {
        "chapter": 66,
        "verse": 3,
        "juz": 28,
        "hizb": 224,
        "manzil": 7,
        "ruku": 494,
        "word_number_in_verse": 4,
        "language_code": "bn",
        "text": "নিকট",
        "root_word": "إِلَىٰ",
        "global_word_sequence_number": 72240,
        "global_verse_sequence_number": 5232
    },
    {
        "chapter": 66,
        "verse": 3,
        "juz": 28,
        "hizb": 224,
        "manzil": 7,
        "ruku": 494,
        "word_number_in_verse": 5,
        "language_code": "bn",
        "text": "কারও",
        "root_word": "بَعۡضِ",
        "global_word_sequence_number": 72241,
        "global_verse_sequence_number": 5232
    },
    {
        "chapter": 66,
        "verse": 3,
        "juz": 28,
        "hizb": 224,
        "manzil": 7,
        "ruku": 494,
        "word_number_in_verse": 6,
        "language_code": "bn",
        "text": "তার স্ত্রীদের",
        "root_word": "أَزۡوَٰجِهِۦ",
        "global_word_sequence_number": 72242,
        "global_verse_sequence_number": 5232
    },
    {
        "chapter": 66,
        "verse": 3,
        "juz": 28,
        "hizb": 224,
        "manzil": 7,
        "ruku": 494,
        "word_number_in_verse": 7,
        "language_code": "bn",
        "text": "একটি কথা",
        "root_word": "حَدِيثٗا",
        "global_word_sequence_number": 72243,
        "global_verse_sequence_number": 5232
    },
    {
        "chapter": 66,
        "verse": 3,
        "juz": 28,
        "hizb": 224,
        "manzil": 7,
        "ruku": 494,
        "word_number_in_verse": 8,
        "language_code": "bn",
        "text": "যখন অতঃপর",
        "root_word": "فَلَمَّا",
        "global_word_sequence_number": 72244,
        "global_verse_sequence_number": 5232
    },
    {
        "chapter": 66,
        "verse": 3,
        "juz": 28,
        "hizb": 224,
        "manzil": 7,
        "ruku": 494,
        "word_number_in_verse": 9,
        "language_code": "bn",
        "text": "সে বলে দেয় (অন্য স্ত্রীকে)",
        "root_word": "نَبَّأَتۡ",
        "global_word_sequence_number": 72245,
        "global_verse_sequence_number": 5232
    },
    {
        "chapter": 66,
        "verse": 3,
        "juz": 28,
        "hizb": 224,
        "manzil": 7,
        "ruku": 494,
        "word_number_in_verse": 10,
        "language_code": "bn",
        "text": "তা সম্পর্কে",
        "root_word": "بِهِۦ",
        "global_word_sequence_number": 72246,
        "global_verse_sequence_number": 5232
    },
    {
        "chapter": 66,
        "verse": 3,
        "juz": 28,
        "hizb": 224,
        "manzil": 7,
        "ruku": 494,
        "word_number_in_verse": 11,
        "language_code": "bn",
        "text": "ও তা প্রকাশ করলেন",
        "root_word": "وَأَظۡهَرَهُ",
        "global_word_sequence_number": 72247,
        "global_verse_sequence_number": 5232
    },
    {
        "chapter": 66,
        "verse": 3,
        "juz": 28,
        "hizb": 224,
        "manzil": 7,
        "ruku": 494,
        "word_number_in_verse": 12,
        "language_code": "bn",
        "text": "আল্লাহ",
        "root_word": "ٱللَّهُ",
        "global_word_sequence_number": 72248,
        "global_verse_sequence_number": 5232
    },
    {
        "chapter": 66,
        "verse": 3,
        "juz": 28,
        "hizb": 224,
        "manzil": 7,
        "ruku": 494,
        "word_number_in_verse": 13,
        "language_code": "bn",
        "text": "তার নিকট",
        "root_word": "عَلَيۡهِ",
        "global_word_sequence_number": 72249,
        "global_verse_sequence_number": 5232
    },
    {
        "chapter": 66,
        "verse": 3,
        "juz": 28,
        "hizb": 224,
        "manzil": 7,
        "ruku": 494,
        "word_number_in_verse": 14,
        "language_code": "bn",
        "text": "(নবী) ব্যক্ত করল",
        "root_word": "عَرَّفَ",
        "global_word_sequence_number": 72250,
        "global_verse_sequence_number": 5232
    },
    {
        "chapter": 66,
        "verse": 3,
        "juz": 28,
        "hizb": 224,
        "manzil": 7,
        "ruku": 494,
        "word_number_in_verse": 15,
        "language_code": "bn",
        "text": "তার কিছুটা",
        "root_word": "بَعۡضَهُۥ",
        "global_word_sequence_number": 72251,
        "global_verse_sequence_number": 5232
    },
    {
        "chapter": 66,
        "verse": 3,
        "juz": 28,
        "hizb": 224,
        "manzil": 7,
        "ruku": 494,
        "word_number_in_verse": 16,
        "language_code": "bn",
        "text": "ও এড়িয়ে গেল",
        "root_word": "وَأَعۡرَضَ",
        "global_word_sequence_number": 72252,
        "global_verse_sequence_number": 5232
    },
    {
        "chapter": 66,
        "verse": 3,
        "juz": 28,
        "hizb": 224,
        "manzil": 7,
        "ruku": 494,
        "word_number_in_verse": 17,
        "language_code": "bn",
        "text": "(যে)",
        "root_word": "عَنۢ",
        "global_word_sequence_number": 72253,
        "global_verse_sequence_number": 5232
    },
    {
        "chapter": 66,
        "verse": 3,
        "juz": 28,
        "hizb": 224,
        "manzil": 7,
        "ruku": 494,
        "word_number_in_verse": 18,
        "language_code": "bn",
        "text": "কিছু",
        "root_word": "بَعۡضٖۖ",
        "global_word_sequence_number": 72254,
        "global_verse_sequence_number": 5232
    },
    {
        "chapter": 66,
        "verse": 3,
        "juz": 28,
        "hizb": 224,
        "manzil": 7,
        "ruku": 494,
        "word_number_in_verse": 19,
        "language_code": "bn",
        "text": "যখন অতঃপর",
        "root_word": "فَلَمَّا",
        "global_word_sequence_number": 72255,
        "global_verse_sequence_number": 5232
    },
    {
        "chapter": 66,
        "verse": 3,
        "juz": 28,
        "hizb": 224,
        "manzil": 7,
        "ruku": 494,
        "word_number_in_verse": 20,
        "language_code": "bn",
        "text": "তাকে জানাল",
        "root_word": "نَبَّأَهَا",
        "global_word_sequence_number": 72256,
        "global_verse_sequence_number": 5232
    },
    {
        "chapter": 66,
        "verse": 3,
        "juz": 28,
        "hizb": 224,
        "manzil": 7,
        "ruku": 494,
        "word_number_in_verse": 21,
        "language_code": "bn",
        "text": "সে সম্পর্কে",
        "root_word": "بِهِۦ",
        "global_word_sequence_number": 72257,
        "global_verse_sequence_number": 5232
    },
    {
        "chapter": 66,
        "verse": 3,
        "juz": 28,
        "hizb": 224,
        "manzil": 7,
        "ruku": 494,
        "word_number_in_verse": 22,
        "language_code": "bn",
        "text": "সে বলল (স্ত্রী)",
        "root_word": "قَالَتۡ",
        "global_word_sequence_number": 72258,
        "global_verse_sequence_number": 5232
    },
    {
        "chapter": 66,
        "verse": 3,
        "juz": 28,
        "hizb": 224,
        "manzil": 7,
        "ruku": 494,
        "word_number_in_verse": 23,
        "language_code": "bn",
        "text": "\"কে",
        "root_word": "مَنۡ",
        "global_word_sequence_number": 72259,
        "global_verse_sequence_number": 5232
    },
    {
        "chapter": 66,
        "verse": 3,
        "juz": 28,
        "hizb": 224,
        "manzil": 7,
        "ruku": 494,
        "word_number_in_verse": 24,
        "language_code": "bn",
        "text": "আপনাকে খবর দিল",
        "root_word": "أَنۢبَأَكَ",
        "global_word_sequence_number": 72260,
        "global_verse_sequence_number": 5232
    },
    {
        "chapter": 66,
        "verse": 3,
        "juz": 28,
        "hizb": 224,
        "manzil": 7,
        "ruku": 494,
        "word_number_in_verse": 25,
        "language_code": "bn",
        "text": "এটা\"",
        "root_word": "هَٰذَاۖ",
        "global_word_sequence_number": 72261,
        "global_verse_sequence_number": 5232
    },
    {
        "chapter": 66,
        "verse": 3,
        "juz": 28,
        "hizb": 224,
        "manzil": 7,
        "ruku": 494,
        "word_number_in_verse": 26,
        "language_code": "bn",
        "text": "বলল (নবী)",
        "root_word": "قَالَ",
        "global_word_sequence_number": 72262,
        "global_verse_sequence_number": 5232
    },
    {
        "chapter": 66,
        "verse": 3,
        "juz": 28,
        "hizb": 224,
        "manzil": 7,
        "ruku": 494,
        "word_number_in_verse": 27,
        "language_code": "bn",
        "text": "\"আমাকে খবর দিয়েছেন",
        "root_word": "نَبَّأَنِيَ",
        "global_word_sequence_number": 72263,
        "global_verse_sequence_number": 5232
    },
    {
        "chapter": 66,
        "verse": 3,
        "juz": 28,
        "hizb": 224,
        "manzil": 7,
        "ruku": 494,
        "word_number_in_verse": 28,
        "language_code": "bn",
        "text": "সর্বজ্ঞ",
        "root_word": "ٱلۡعَلِيمُ",
        "global_word_sequence_number": 72264,
        "global_verse_sequence_number": 5232
    },
    {
        "chapter": 66,
        "verse": 3,
        "juz": 28,
        "hizb": 224,
        "manzil": 7,
        "ruku": 494,
        "word_number_in_verse": 29,
        "language_code": "bn",
        "text": "ওয়াকিবহাল\"",
        "root_word": "ٱلۡخَبِيرُ",
        "global_word_sequence_number": 72265,
        "global_verse_sequence_number": 5232
    },
    {
        "chapter": 66,
        "verse": 4,
        "juz": 28,
        "hizb": 224,
        "manzil": 7,
        "ruku": 494,
        "word_number_in_verse": 1,
        "language_code": "bn",
        "text": "যদি",
        "root_word": "إِن",
        "global_word_sequence_number": 72266,
        "global_verse_sequence_number": 5233
    },
    {
        "chapter": 66,
        "verse": 4,
        "juz": 28,
        "hizb": 224,
        "manzil": 7,
        "ruku": 494,
        "word_number_in_verse": 2,
        "language_code": "bn",
        "text": "তোমরা দুজনে তওবা কর",
        "root_word": "تَتُوبَآ",
        "global_word_sequence_number": 72267,
        "global_verse_sequence_number": 5233
    },
    {
        "chapter": 66,
        "verse": 4,
        "juz": 28,
        "hizb": 224,
        "manzil": 7,
        "ruku": 494,
        "word_number_in_verse": 3,
        "language_code": "bn",
        "text": "নিকট",
        "root_word": "إِلَى",
        "global_word_sequence_number": 72268,
        "global_verse_sequence_number": 5233
    },
    {
        "chapter": 66,
        "verse": 4,
        "juz": 28,
        "hizb": 224,
        "manzil": 7,
        "ruku": 494,
        "word_number_in_verse": 4,
        "language_code": "bn",
        "text": "আল্লাহর",
        "root_word": "ٱللَّهِ",
        "global_word_sequence_number": 72269,
        "global_verse_sequence_number": 5233
    },
    {
        "chapter": 66,
        "verse": 4,
        "juz": 28,
        "hizb": 224,
        "manzil": 7,
        "ruku": 494,
        "word_number_in_verse": 5,
        "language_code": "bn",
        "text": "নিশ্চয় কেননা",
        "root_word": "فَقَدۡ",
        "global_word_sequence_number": 72270,
        "global_verse_sequence_number": 5233
    },
    {
        "chapter": 66,
        "verse": 4,
        "juz": 28,
        "hizb": 224,
        "manzil": 7,
        "ruku": 494,
        "word_number_in_verse": 6,
        "language_code": "bn",
        "text": "ঝুঁকেছিল",
        "root_word": "صَغَتۡ",
        "global_word_sequence_number": 72271,
        "global_verse_sequence_number": 5233
    },
    {
        "chapter": 66,
        "verse": 4,
        "juz": 28,
        "hizb": 224,
        "manzil": 7,
        "ruku": 494,
        "word_number_in_verse": 7,
        "language_code": "bn",
        "text": "তোমাদের দু'জনের অন্তর",
        "root_word": "قُلُوبُكُمَاۖ",
        "global_word_sequence_number": 72272,
        "global_verse_sequence_number": 5233
    },
    {
        "chapter": 66,
        "verse": 4,
        "juz": 28,
        "hizb": 224,
        "manzil": 7,
        "ruku": 494,
        "word_number_in_verse": 8,
        "language_code": "bn",
        "text": "এবং যদি",
        "root_word": "وَإِن",
        "global_word_sequence_number": 72273,
        "global_verse_sequence_number": 5233
    },
    {
        "chapter": 66,
        "verse": 4,
        "juz": 28,
        "hizb": 224,
        "manzil": 7,
        "ruku": 494,
        "word_number_in_verse": 9,
        "language_code": "bn",
        "text": "তোমরা দু'জনে পরস্পরকে সাহায্য কর",
        "root_word": "تَظَٰهَرَا",
        "global_word_sequence_number": 72274,
        "global_verse_sequence_number": 5233
    },
    {
        "chapter": 66,
        "verse": 4,
        "juz": 28,
        "hizb": 224,
        "manzil": 7,
        "ruku": 494,
        "word_number_in_verse": 10,
        "language_code": "bn",
        "text": "তার বিরুদ্ধে",
        "root_word": "عَلَيۡهِ",
        "global_word_sequence_number": 72275,
        "global_verse_sequence_number": 5233
    },
    {
        "chapter": 66,
        "verse": 4,
        "juz": 28,
        "hizb": 224,
        "manzil": 7,
        "ruku": 494,
        "word_number_in_verse": 11,
        "language_code": "bn",
        "text": "নিশ্চয় তবে",
        "root_word": "فَإِنَّ",
        "global_word_sequence_number": 72276,
        "global_verse_sequence_number": 5233
    },
    {
        "chapter": 66,
        "verse": 4,
        "juz": 28,
        "hizb": 224,
        "manzil": 7,
        "ruku": 494,
        "word_number_in_verse": 12,
        "language_code": "bn",
        "text": "আল্লাহ",
        "root_word": "ٱللَّهَ",
        "global_word_sequence_number": 72277,
        "global_verse_sequence_number": 5233
    },
    {
        "chapter": 66,
        "verse": 4,
        "juz": 28,
        "hizb": 224,
        "manzil": 7,
        "ruku": 494,
        "word_number_in_verse": 13,
        "language_code": "bn",
        "text": "তিনিই",
        "root_word": "هُوَ",
        "global_word_sequence_number": 72278,
        "global_verse_sequence_number": 5233
    },
    {
        "chapter": 66,
        "verse": 4,
        "juz": 28,
        "hizb": 224,
        "manzil": 7,
        "ruku": 494,
        "word_number_in_verse": 14,
        "language_code": "bn",
        "text": "তার মনিব",
        "root_word": "مَوۡلَىٰهُ",
        "global_word_sequence_number": 72279,
        "global_verse_sequence_number": 5233
    },
    {
        "chapter": 66,
        "verse": 4,
        "juz": 28,
        "hizb": 224,
        "manzil": 7,
        "ruku": 494,
        "word_number_in_verse": 15,
        "language_code": "bn",
        "text": "ও জিবরাঈল",
        "root_word": "وَجِبۡرِيلُ",
        "global_word_sequence_number": 72280,
        "global_verse_sequence_number": 5233
    },
    {
        "chapter": 66,
        "verse": 4,
        "juz": 28,
        "hizb": 224,
        "manzil": 7,
        "ruku": 494,
        "word_number_in_verse": 16,
        "language_code": "bn",
        "text": "ও নেককার",
        "root_word": "وَصَٰلِحُ",
        "global_word_sequence_number": 72281,
        "global_verse_sequence_number": 5233
    },
    {
        "chapter": 66,
        "verse": 4,
        "juz": 28,
        "hizb": 224,
        "manzil": 7,
        "ruku": 494,
        "word_number_in_verse": 17,
        "language_code": "bn",
        "text": "মু'মিনরা",
        "root_word": "ٱلۡمُؤۡمِنِينَۖ",
        "global_word_sequence_number": 72282,
        "global_verse_sequence_number": 5233
    },
    {
        "chapter": 66,
        "verse": 4,
        "juz": 28,
        "hizb": 224,
        "manzil": 7,
        "ruku": 494,
        "word_number_in_verse": 18,
        "language_code": "bn",
        "text": "ও ফেরেশতারা",
        "root_word": "وَٱلۡمَلَٰٓئِكَةُ",
        "global_word_sequence_number": 72283,
        "global_verse_sequence_number": 5233
    },
    {
        "chapter": 66,
        "verse": 4,
        "juz": 28,
        "hizb": 224,
        "manzil": 7,
        "ruku": 494,
        "word_number_in_verse": 19,
        "language_code": "bn",
        "text": "পরে",
        "root_word": "بَعۡدَ",
        "global_word_sequence_number": 72284,
        "global_verse_sequence_number": 5233
    },
    {
        "chapter": 66,
        "verse": 4,
        "juz": 28,
        "hizb": 224,
        "manzil": 7,
        "ruku": 494,
        "word_number_in_verse": 20,
        "language_code": "bn",
        "text": "উপরন্তু",
        "root_word": "ذَٰلِكَ",
        "global_word_sequence_number": 72285,
        "global_verse_sequence_number": 5233
    },
    {
        "chapter": 66,
        "verse": 4,
        "juz": 28,
        "hizb": 224,
        "manzil": 7,
        "ruku": 494,
        "word_number_in_verse": 21,
        "language_code": "bn",
        "text": "সাহায্যকারী",
        "root_word": "ظَهِيرٌ",
        "global_word_sequence_number": 72286,
        "global_verse_sequence_number": 5233
    },
    {
        "chapter": 66,
        "verse": 5,
        "juz": 28,
        "hizb": 224,
        "manzil": 7,
        "ruku": 494,
        "word_number_in_verse": 1,
        "language_code": "bn",
        "text": "সম্ভবতঃ",
        "root_word": "عَسَىٰ",
        "global_word_sequence_number": 72287,
        "global_verse_sequence_number": 5234
    },
    {
        "chapter": 66,
        "verse": 5,
        "juz": 28,
        "hizb": 224,
        "manzil": 7,
        "ruku": 494,
        "word_number_in_verse": 2,
        "language_code": "bn",
        "text": "তার রব",
        "root_word": "رَبُّهُۥٓ",
        "global_word_sequence_number": 72288,
        "global_verse_sequence_number": 5234
    },
    {
        "chapter": 66,
        "verse": 5,
        "juz": 28,
        "hizb": 224,
        "manzil": 7,
        "ruku": 494,
        "word_number_in_verse": 3,
        "language_code": "bn",
        "text": "যদি",
        "root_word": "إِن",
        "global_word_sequence_number": 72289,
        "global_verse_sequence_number": 5234
    },
    {
        "chapter": 66,
        "verse": 5,
        "juz": 28,
        "hizb": 224,
        "manzil": 7,
        "ruku": 494,
        "word_number_in_verse": 4,
        "language_code": "bn",
        "text": "তোমাদের তালাক দেয় (নবী)",
        "root_word": "طَلَّقَكُنَّ",
        "global_word_sequence_number": 72290,
        "global_verse_sequence_number": 5234
    },
    {
        "chapter": 66,
        "verse": 5,
        "juz": 28,
        "hizb": 224,
        "manzil": 7,
        "ruku": 494,
        "word_number_in_verse": 5,
        "language_code": "bn",
        "text": "যে",
        "root_word": "أَن",
        "global_word_sequence_number": 72291,
        "global_verse_sequence_number": 5234
    },
    {
        "chapter": 66,
        "verse": 5,
        "juz": 28,
        "hizb": 224,
        "manzil": 7,
        "ruku": 494,
        "word_number_in_verse": 6,
        "language_code": "bn",
        "text": "তাকে বদলে দেবেন",
        "root_word": "يُبۡدِلَهُۥٓ",
        "global_word_sequence_number": 72292,
        "global_verse_sequence_number": 5234
    },
    {
        "chapter": 66,
        "verse": 5,
        "juz": 28,
        "hizb": 224,
        "manzil": 7,
        "ruku": 494,
        "word_number_in_verse": 7,
        "language_code": "bn",
        "text": "(এমন সব) স্ত্রী",
        "root_word": "أَزۡوَٰجًا",
        "global_word_sequence_number": 72293,
        "global_verse_sequence_number": 5234
    },
    {
        "chapter": 66,
        "verse": 5,
        "juz": 28,
        "hizb": 224,
        "manzil": 7,
        "ruku": 494,
        "word_number_in_verse": 8,
        "language_code": "bn",
        "text": "উত্তম",
        "root_word": "خَيۡرٗا",
        "global_word_sequence_number": 72294,
        "global_verse_sequence_number": 5234
    },
    {
        "chapter": 66,
        "verse": 5,
        "juz": 28,
        "hizb": 224,
        "manzil": 7,
        "ruku": 494,
        "word_number_in_verse": 9,
        "language_code": "bn",
        "text": "(যারা) তোমাদের চেয়ে",
        "root_word": "مِّنكُنَّ",
        "global_word_sequence_number": 72295,
        "global_verse_sequence_number": 5234
    },
    {
        "chapter": 66,
        "verse": 5,
        "juz": 28,
        "hizb": 224,
        "manzil": 7,
        "ruku": 494,
        "word_number_in_verse": 10,
        "language_code": "bn",
        "text": "আত্নসমর্পণকারিণী",
        "root_word": "مُسۡلِمَٰتٖ",
        "global_word_sequence_number": 72296,
        "global_verse_sequence_number": 5234
    },
    {
        "chapter": 66,
        "verse": 5,
        "juz": 28,
        "hizb": 224,
        "manzil": 7,
        "ruku": 494,
        "word_number_in_verse": 11,
        "language_code": "bn",
        "text": "মুমিনা",
        "root_word": "مُّؤۡمِنَٰتٖ",
        "global_word_sequence_number": 72297,
        "global_verse_sequence_number": 5234
    },
    {
        "chapter": 66,
        "verse": 5,
        "juz": 28,
        "hizb": 224,
        "manzil": 7,
        "ruku": 494,
        "word_number_in_verse": 12,
        "language_code": "bn",
        "text": "আনুগত্যশীলা",
        "root_word": "قَٰنِتَٰتٖ",
        "global_word_sequence_number": 72298,
        "global_verse_sequence_number": 5234
    },
    {
        "chapter": 66,
        "verse": 5,
        "juz": 28,
        "hizb": 224,
        "manzil": 7,
        "ruku": 494,
        "word_number_in_verse": 13,
        "language_code": "bn",
        "text": "তওবাকারিনী",
        "root_word": "تَٰٓئِبَٰتٍ",
        "global_word_sequence_number": 72299,
        "global_verse_sequence_number": 5234
    },
    {
        "chapter": 66,
        "verse": 5,
        "juz": 28,
        "hizb": 224,
        "manzil": 7,
        "ruku": 494,
        "word_number_in_verse": 14,
        "language_code": "bn",
        "text": "ইবাদতকারিণী",
        "root_word": "عَٰبِدَٰتٖ",
        "global_word_sequence_number": 72300,
        "global_verse_sequence_number": 5234
    },
    {
        "chapter": 66,
        "verse": 5,
        "juz": 28,
        "hizb": 224,
        "manzil": 7,
        "ruku": 494,
        "word_number_in_verse": 15,
        "language_code": "bn",
        "text": "রোজাদার",
        "root_word": "سَٰٓئِحَٰتٖ",
        "global_word_sequence_number": 72301,
        "global_verse_sequence_number": 5234
    },
    {
        "chapter": 66,
        "verse": 5,
        "juz": 28,
        "hizb": 224,
        "manzil": 7,
        "ruku": 494,
        "word_number_in_verse": 16,
        "language_code": "bn",
        "text": "অকুমারী",
        "root_word": "ثَيِّبَٰتٖ",
        "global_word_sequence_number": 72302,
        "global_verse_sequence_number": 5234
    },
    {
        "chapter": 66,
        "verse": 5,
        "juz": 28,
        "hizb": 224,
        "manzil": 7,
        "ruku": 494,
        "word_number_in_verse": 17,
        "language_code": "bn",
        "text": "ও কুমারী",
        "root_word": "وَأَبۡكَارٗا",
        "global_word_sequence_number": 72303,
        "global_verse_sequence_number": 5234
    },
    {
        "chapter": 66,
        "verse": 6,
        "juz": 28,
        "hizb": 224,
        "manzil": 7,
        "ruku": 494,
        "word_number_in_verse": 1,
        "language_code": "bn",
        "text": "ওহে",
        "root_word": "يَٰٓأَيُّهَا",
        "global_word_sequence_number": 72304,
        "global_verse_sequence_number": 5235
    },
    {
        "chapter": 66,
        "verse": 6,
        "juz": 28,
        "hizb": 224,
        "manzil": 7,
        "ruku": 494,
        "word_number_in_verse": 2,
        "language_code": "bn",
        "text": "যারা",
        "root_word": "ٱلَّذِينَ",
        "global_word_sequence_number": 72305,
        "global_verse_sequence_number": 5235
    },
    {
        "chapter": 66,
        "verse": 6,
        "juz": 28,
        "hizb": 224,
        "manzil": 7,
        "ruku": 494,
        "word_number_in_verse": 3,
        "language_code": "bn",
        "text": "ঈমান এনেছ",
        "root_word": "ءَامَنُواْ",
        "global_word_sequence_number": 72306,
        "global_verse_sequence_number": 5235
    },
    {
        "chapter": 66,
        "verse": 6,
        "juz": 28,
        "hizb": 224,
        "manzil": 7,
        "ruku": 494,
        "word_number_in_verse": 4,
        "language_code": "bn",
        "text": "তোমরা রক্ষা কর",
        "root_word": "قُوٓاْ",
        "global_word_sequence_number": 72307,
        "global_verse_sequence_number": 5235
    },
    {
        "chapter": 66,
        "verse": 6,
        "juz": 28,
        "hizb": 224,
        "manzil": 7,
        "ruku": 494,
        "word_number_in_verse": 5,
        "language_code": "bn",
        "text": "তোমাদের নিজেদের",
        "root_word": "أَنفُسَكُمۡ",
        "global_word_sequence_number": 72308,
        "global_verse_sequence_number": 5235
    },
    {
        "chapter": 66,
        "verse": 6,
        "juz": 28,
        "hizb": 224,
        "manzil": 7,
        "ruku": 494,
        "word_number_in_verse": 6,
        "language_code": "bn",
        "text": "ও তোমাদের পরিবারবর্গকে",
        "root_word": "وَأَهۡلِيكُمۡ",
        "global_word_sequence_number": 72309,
        "global_verse_sequence_number": 5235
    },
    {
        "chapter": 66,
        "verse": 6,
        "juz": 28,
        "hizb": 224,
        "manzil": 7,
        "ruku": 494,
        "word_number_in_verse": 7,
        "language_code": "bn",
        "text": "আগুন (থেকে)",
        "root_word": "نَارٗا",
        "global_word_sequence_number": 72310,
        "global_verse_sequence_number": 5235
    },
    {
        "chapter": 66,
        "verse": 6,
        "juz": 28,
        "hizb": 224,
        "manzil": 7,
        "ruku": 494,
        "word_number_in_verse": 8,
        "language_code": "bn",
        "text": "যার ইন্ধন",
        "root_word": "وَقُودُهَا",
        "global_word_sequence_number": 72311,
        "global_verse_sequence_number": 5235
    },
    {
        "chapter": 66,
        "verse": 6,
        "juz": 28,
        "hizb": 224,
        "manzil": 7,
        "ruku": 494,
        "word_number_in_verse": 9,
        "language_code": "bn",
        "text": "মানুষ",
        "root_word": "ٱلنَّاسُ",
        "global_word_sequence_number": 72312,
        "global_verse_sequence_number": 5235
    },
    {
        "chapter": 66,
        "verse": 6,
        "juz": 28,
        "hizb": 224,
        "manzil": 7,
        "ruku": 494,
        "word_number_in_verse": 10,
        "language_code": "bn",
        "text": "ও পাথর",
        "root_word": "وَٱلۡحِجَارَةُ",
        "global_word_sequence_number": 72313,
        "global_verse_sequence_number": 5235
    },
    {
        "chapter": 66,
        "verse": 6,
        "juz": 28,
        "hizb": 224,
        "manzil": 7,
        "ruku": 494,
        "word_number_in_verse": 11,
        "language_code": "bn",
        "text": "তার উপর",
        "root_word": "عَلَيۡهَا",
        "global_word_sequence_number": 72314,
        "global_verse_sequence_number": 5235
    },
    {
        "chapter": 66,
        "verse": 6,
        "juz": 28,
        "hizb": 224,
        "manzil": 7,
        "ruku": 494,
        "word_number_in_verse": 12,
        "language_code": "bn",
        "text": "ফেরেশতারা",
        "root_word": "مَلَٰٓئِكَةٌ",
        "global_word_sequence_number": 72315,
        "global_verse_sequence_number": 5235
    },
    {
        "chapter": 66,
        "verse": 6,
        "juz": 28,
        "hizb": 224,
        "manzil": 7,
        "ruku": 494,
        "word_number_in_verse": 13,
        "language_code": "bn",
        "text": "নির্দয়",
        "root_word": "غِلَاظٞ",
        "global_word_sequence_number": 72316,
        "global_verse_sequence_number": 5235
    },
    {
        "chapter": 66,
        "verse": 6,
        "juz": 28,
        "hizb": 224,
        "manzil": 7,
        "ruku": 494,
        "word_number_in_verse": 14,
        "language_code": "bn",
        "text": "কঠোর",
        "root_word": "شِدَادٞ",
        "global_word_sequence_number": 72317,
        "global_verse_sequence_number": 5235
    },
    {
        "chapter": 66,
        "verse": 6,
        "juz": 28,
        "hizb": 224,
        "manzil": 7,
        "ruku": 494,
        "word_number_in_verse": 15,
        "language_code": "bn",
        "text": "না",
        "root_word": "لَّا",
        "global_word_sequence_number": 72318,
        "global_verse_sequence_number": 5235
    },
    {
        "chapter": 66,
        "verse": 6,
        "juz": 28,
        "hizb": 224,
        "manzil": 7,
        "ruku": 494,
        "word_number_in_verse": 16,
        "language_code": "bn",
        "text": "তারা অমান্য করে",
        "root_word": "يَعۡصُونَ",
        "global_word_sequence_number": 72319,
        "global_verse_sequence_number": 5235
    },
    {
        "chapter": 66,
        "verse": 6,
        "juz": 28,
        "hizb": 224,
        "manzil": 7,
        "ruku": 494,
        "word_number_in_verse": 17,
        "language_code": "bn",
        "text": "আল্লাহকে",
        "root_word": "ٱللَّهَ",
        "global_word_sequence_number": 72320,
        "global_verse_sequence_number": 5235
    },
    {
        "chapter": 66,
        "verse": 6,
        "juz": 28,
        "hizb": 224,
        "manzil": 7,
        "ruku": 494,
        "word_number_in_verse": 18,
        "language_code": "bn",
        "text": "যা",
        "root_word": "مَآ",
        "global_word_sequence_number": 72321,
        "global_verse_sequence_number": 5235
    },
    {
        "chapter": 66,
        "verse": 6,
        "juz": 28,
        "hizb": 224,
        "manzil": 7,
        "ruku": 494,
        "word_number_in_verse": 19,
        "language_code": "bn",
        "text": "তাদের নির্দেশ দেন তিনি",
        "root_word": "أَمَرَهُمۡ",
        "global_word_sequence_number": 72322,
        "global_verse_sequence_number": 5235
    },
    {
        "chapter": 66,
        "verse": 6,
        "juz": 28,
        "hizb": 224,
        "manzil": 7,
        "ruku": 494,
        "word_number_in_verse": 20,
        "language_code": "bn",
        "text": "এবং তারা করে",
        "root_word": "وَيَفۡعَلُونَ",
        "global_word_sequence_number": 72323,
        "global_verse_sequence_number": 5235
    },
    {
        "chapter": 66,
        "verse": 6,
        "juz": 28,
        "hizb": 224,
        "manzil": 7,
        "ruku": 494,
        "word_number_in_verse": 21,
        "language_code": "bn",
        "text": "যা",
        "root_word": "مَا",
        "global_word_sequence_number": 72324,
        "global_verse_sequence_number": 5235
    },
    {
        "chapter": 66,
        "verse": 6,
        "juz": 28,
        "hizb": 224,
        "manzil": 7,
        "ruku": 494,
        "word_number_in_verse": 22,
        "language_code": "bn",
        "text": "তাদের নির্দেশ দেয়া হয়",
        "root_word": "يُؤۡمَرُونَ",
        "global_word_sequence_number": 72325,
        "global_verse_sequence_number": 5235
    },
    {
        "chapter": 66,
        "verse": 7,
        "juz": 28,
        "hizb": 224,
        "manzil": 7,
        "ruku": 494,
        "word_number_in_verse": 1,
        "language_code": "bn",
        "text": "\"ওহে",
        "root_word": "يَٰٓأَيُّهَا",
        "global_word_sequence_number": 72326,
        "global_verse_sequence_number": 5236
    },
    {
        "chapter": 66,
        "verse": 7,
        "juz": 28,
        "hizb": 224,
        "manzil": 7,
        "ruku": 494,
        "word_number_in_verse": 2,
        "language_code": "bn",
        "text": "\"যারা",
        "root_word": "ٱلَّذِينَ",
        "global_word_sequence_number": 72327,
        "global_verse_sequence_number": 5236
    },
    {
        "chapter": 66,
        "verse": 7,
        "juz": 28,
        "hizb": 224,
        "manzil": 7,
        "ruku": 494,
        "word_number_in_verse": 3,
        "language_code": "bn",
        "text": "\"কুফরী করেছ",
        "root_word": "كَفَرُواْ",
        "global_word_sequence_number": 72328,
        "global_verse_sequence_number": 5236
    },
    {
        "chapter": 66,
        "verse": 7,
        "juz": 28,
        "hizb": 224,
        "manzil": 7,
        "ruku": 494,
        "word_number_in_verse": 4,
        "language_code": "bn",
        "text": "না",
        "root_word": "لَا",
        "global_word_sequence_number": 72329,
        "global_verse_sequence_number": 5236
    },
    {
        "chapter": 66,
        "verse": 7,
        "juz": 28,
        "hizb": 224,
        "manzil": 7,
        "ruku": 494,
        "word_number_in_verse": 5,
        "language_code": "bn",
        "text": "তোমরা ওজর পেশ করো",
        "root_word": "تَعۡتَذِرُواْ",
        "global_word_sequence_number": 72330,
        "global_verse_sequence_number": 5236
    },
    {
        "chapter": 66,
        "verse": 7,
        "juz": 28,
        "hizb": 224,
        "manzil": 7,
        "ruku": 494,
        "word_number_in_verse": 6,
        "language_code": "bn",
        "text": "আজ",
        "root_word": "ٱلۡيَوۡمَۖ",
        "global_word_sequence_number": 72331,
        "global_verse_sequence_number": 5236
    },
    {
        "chapter": 66,
        "verse": 7,
        "juz": 28,
        "hizb": 224,
        "manzil": 7,
        "ruku": 494,
        "word_number_in_verse": 7,
        "language_code": "bn",
        "text": "প্রকৃতপক্ষে",
        "root_word": "إِنَّمَا",
        "global_word_sequence_number": 72332,
        "global_verse_sequence_number": 5236
    },
    {
        "chapter": 66,
        "verse": 7,
        "juz": 28,
        "hizb": 224,
        "manzil": 7,
        "ruku": 494,
        "word_number_in_verse": 8,
        "language_code": "bn",
        "text": "তোমাদের প্রতিফল দেয়া হবে",
        "root_word": "تُجۡزَوۡنَ",
        "global_word_sequence_number": 72333,
        "global_verse_sequence_number": 5236
    },
    {
        "chapter": 66,
        "verse": 7,
        "juz": 28,
        "hizb": 224,
        "manzil": 7,
        "ruku": 494,
        "word_number_in_verse": 9,
        "language_code": "bn",
        "text": "যা",
        "root_word": "مَا",
        "global_word_sequence_number": 72334,
        "global_verse_sequence_number": 5236
    },
    {
        "chapter": 66,
        "verse": 7,
        "juz": 28,
        "hizb": 224,
        "manzil": 7,
        "ruku": 494,
        "word_number_in_verse": 10,
        "language_code": "bn",
        "text": "তোমরা",
        "root_word": "كُنتُمۡ",
        "global_word_sequence_number": 72335,
        "global_verse_sequence_number": 5236
    },
    {
        "chapter": 66,
        "verse": 7,
        "juz": 28,
        "hizb": 224,
        "manzil": 7,
        "ruku": 494,
        "word_number_in_verse": 11,
        "language_code": "bn",
        "text": "তোমরা কাজ করতেছিলে\"",
        "root_word": "تَعۡمَلُونَ",
        "global_word_sequence_number": 72336,
        "global_verse_sequence_number": 5236
    },
    {
        "chapter": 66,
        "verse": 8,
        "juz": 28,
        "hizb": 224,
        "manzil": 7,
        "ruku": 495,
        "word_number_in_verse": 1,
        "language_code": "bn",
        "text": "ওহে",
        "root_word": "يَٰٓأَيُّهَا",
        "global_word_sequence_number": 72337,
        "global_verse_sequence_number": 5237
    },
    {
        "chapter": 66,
        "verse": 8,
        "juz": 28,
        "hizb": 224,
        "manzil": 7,
        "ruku": 495,
        "word_number_in_verse": 2,
        "language_code": "bn",
        "text": "যারা",
        "root_word": "ٱلَّذِينَ",
        "global_word_sequence_number": 72338,
        "global_verse_sequence_number": 5237
    },
    {
        "chapter": 66,
        "verse": 8,
        "juz": 28,
        "hizb": 224,
        "manzil": 7,
        "ruku": 495,
        "word_number_in_verse": 3,
        "language_code": "bn",
        "text": "ঈমান এনেছ",
        "root_word": "ءَامَنُواْ",
        "global_word_sequence_number": 72339,
        "global_verse_sequence_number": 5237
    },
    {
        "chapter": 66,
        "verse": 8,
        "juz": 28,
        "hizb": 224,
        "manzil": 7,
        "ruku": 495,
        "word_number_in_verse": 4,
        "language_code": "bn",
        "text": "তোমরা তওবা কর",
        "root_word": "تُوبُوٓاْ",
        "global_word_sequence_number": 72340,
        "global_verse_sequence_number": 5237
    },
    {
        "chapter": 66,
        "verse": 8,
        "juz": 28,
        "hizb": 224,
        "manzil": 7,
        "ruku": 495,
        "word_number_in_verse": 5,
        "language_code": "bn",
        "text": "নিকট",
        "root_word": "إِلَى",
        "global_word_sequence_number": 72341,
        "global_verse_sequence_number": 5237
    },
    {
        "chapter": 66,
        "verse": 8,
        "juz": 28,
        "hizb": 224,
        "manzil": 7,
        "ruku": 495,
        "word_number_in_verse": 6,
        "language_code": "bn",
        "text": "আল্লাহর",
        "root_word": "ٱللَّهِ",
        "global_word_sequence_number": 72342,
        "global_verse_sequence_number": 5237
    },
    {
        "chapter": 66,
        "verse": 8,
        "juz": 28,
        "hizb": 224,
        "manzil": 7,
        "ruku": 495,
        "word_number_in_verse": 7,
        "language_code": "bn",
        "text": "তওবা",
        "root_word": "تَوۡبَةٗ",
        "global_word_sequence_number": 72343,
        "global_verse_sequence_number": 5237
    },
    {
        "chapter": 66,
        "verse": 8,
        "juz": 28,
        "hizb": 224,
        "manzil": 7,
        "ruku": 495,
        "word_number_in_verse": 8,
        "language_code": "bn",
        "text": "খালেস",
        "root_word": "نَّصُوحًا",
        "global_word_sequence_number": 72344,
        "global_verse_sequence_number": 5237
    },
    {
        "chapter": 66,
        "verse": 8,
        "juz": 28,
        "hizb": 224,
        "manzil": 7,
        "ruku": 495,
        "word_number_in_verse": 9,
        "language_code": "bn",
        "text": "সম্ভবতঃ",
        "root_word": "عَسَىٰ",
        "global_word_sequence_number": 72345,
        "global_verse_sequence_number": 5237
    },
    {
        "chapter": 66,
        "verse": 8,
        "juz": 28,
        "hizb": 224,
        "manzil": 7,
        "ruku": 495,
        "word_number_in_verse": 10,
        "language_code": "bn",
        "text": "তোমাদের রব",
        "root_word": "رَبُّكُمۡ",
        "global_word_sequence_number": 72346,
        "global_verse_sequence_number": 5237
    },
    {
        "chapter": 66,
        "verse": 8,
        "juz": 28,
        "hizb": 224,
        "manzil": 7,
        "ruku": 495,
        "word_number_in_verse": 11,
        "language_code": "bn",
        "text": "যে",
        "root_word": "أَن",
        "global_word_sequence_number": 72347,
        "global_verse_sequence_number": 5237
    },
    {
        "chapter": 66,
        "verse": 8,
        "juz": 28,
        "hizb": 224,
        "manzil": 7,
        "ruku": 495,
        "word_number_in_verse": 12,
        "language_code": "bn",
        "text": "মোচন করবেন",
        "root_word": "يُكَفِّرَ",
        "global_word_sequence_number": 72348,
        "global_verse_sequence_number": 5237
    },
    {
        "chapter": 66,
        "verse": 8,
        "juz": 28,
        "hizb": 224,
        "manzil": 7,
        "ruku": 495,
        "word_number_in_verse": 13,
        "language_code": "bn",
        "text": "তোমাদের থেকে",
        "root_word": "عَنكُمۡ",
        "global_word_sequence_number": 72349,
        "global_verse_sequence_number": 5237
    },
    {
        "chapter": 66,
        "verse": 8,
        "juz": 28,
        "hizb": 224,
        "manzil": 7,
        "ruku": 495,
        "word_number_in_verse": 14,
        "language_code": "bn",
        "text": "তোমাদের দোষগুলো",
        "root_word": "سَيِّـَٔاتِكُمۡ",
        "global_word_sequence_number": 72350,
        "global_verse_sequence_number": 5237
    },
    {
        "chapter": 66,
        "verse": 8,
        "juz": 28,
        "hizb": 224,
        "manzil": 7,
        "ruku": 495,
        "word_number_in_verse": 15,
        "language_code": "bn",
        "text": "এবং তোমাদের প্রবেশ করাবেন",
        "root_word": "وَيُدۡخِلَكُمۡ",
        "global_word_sequence_number": 72351,
        "global_verse_sequence_number": 5237
    },
    {
        "chapter": 66,
        "verse": 8,
        "juz": 28,
        "hizb": 224,
        "manzil": 7,
        "ruku": 495,
        "word_number_in_verse": 16,
        "language_code": "bn",
        "text": "জান্নাতে",
        "root_word": "جَنَّٰتٖ",
        "global_word_sequence_number": 72352,
        "global_verse_sequence_number": 5237
    },
    {
        "chapter": 66,
        "verse": 8,
        "juz": 28,
        "hizb": 224,
        "manzil": 7,
        "ruku": 495,
        "word_number_in_verse": 17,
        "language_code": "bn",
        "text": "প্রবাহিত হয়",
        "root_word": "تَجۡرِي",
        "global_word_sequence_number": 72353,
        "global_verse_sequence_number": 5237
    },
    {
        "chapter": 66,
        "verse": 8,
        "juz": 28,
        "hizb": 224,
        "manzil": 7,
        "ruku": 495,
        "word_number_in_verse": 18,
        "language_code": "bn",
        "text": "থেকে",
        "root_word": "مِن",
        "global_word_sequence_number": 72354,
        "global_verse_sequence_number": 5237
    },
    {
        "chapter": 66,
        "verse": 8,
        "juz": 28,
        "hizb": 224,
        "manzil": 7,
        "ruku": 495,
        "word_number_in_verse": 19,
        "language_code": "bn",
        "text": "তার পাদদেশ",
        "root_word": "تَحۡتِهَا",
        "global_word_sequence_number": 72355,
        "global_verse_sequence_number": 5237
    },
    {
        "chapter": 66,
        "verse": 8,
        "juz": 28,
        "hizb": 224,
        "manzil": 7,
        "ruku": 495,
        "word_number_in_verse": 20,
        "language_code": "bn",
        "text": "ঝর্নাধারাসমূহ",
        "root_word": "ٱلۡأَنۡهَٰرُ",
        "global_word_sequence_number": 72356,
        "global_verse_sequence_number": 5237
    },
    {
        "chapter": 66,
        "verse": 8,
        "juz": 28,
        "hizb": 224,
        "manzil": 7,
        "ruku": 495,
        "word_number_in_verse": 21,
        "language_code": "bn",
        "text": "সেদিন",
        "root_word": "يَوۡمَ",
        "global_word_sequence_number": 72357,
        "global_verse_sequence_number": 5237
    },
    {
        "chapter": 66,
        "verse": 8,
        "juz": 28,
        "hizb": 224,
        "manzil": 7,
        "ruku": 495,
        "word_number_in_verse": 22,
        "language_code": "bn",
        "text": "না",
        "root_word": "لَا",
        "global_word_sequence_number": 72358,
        "global_verse_sequence_number": 5237
    },
    {
        "chapter": 66,
        "verse": 8,
        "juz": 28,
        "hizb": 224,
        "manzil": 7,
        "ruku": 495,
        "word_number_in_verse": 23,
        "language_code": "bn",
        "text": "লাঞ্চিত করবেন",
        "root_word": "يُخۡزِي",
        "global_word_sequence_number": 72359,
        "global_verse_sequence_number": 5237
    },
    {
        "chapter": 66,
        "verse": 8,
        "juz": 28,
        "hizb": 224,
        "manzil": 7,
        "ruku": 495,
        "word_number_in_verse": 24,
        "language_code": "bn",
        "text": "আল্লাহ",
        "root_word": "ٱللَّهُ",
        "global_word_sequence_number": 72360,
        "global_verse_sequence_number": 5237
    },
    {
        "chapter": 66,
        "verse": 8,
        "juz": 28,
        "hizb": 224,
        "manzil": 7,
        "ruku": 495,
        "word_number_in_verse": 25,
        "language_code": "bn",
        "text": "নবীকে",
        "root_word": "ٱلنَّبِيَّ",
        "global_word_sequence_number": 72361,
        "global_verse_sequence_number": 5237
    },
    {
        "chapter": 66,
        "verse": 8,
        "juz": 28,
        "hizb": 224,
        "manzil": 7,
        "ruku": 495,
        "word_number_in_verse": 26,
        "language_code": "bn",
        "text": "ও যারা",
        "root_word": "وَٱلَّذِينَ",
        "global_word_sequence_number": 72362,
        "global_verse_sequence_number": 5237
    },
    {
        "chapter": 66,
        "verse": 8,
        "juz": 28,
        "hizb": 224,
        "manzil": 7,
        "ruku": 495,
        "word_number_in_verse": 27,
        "language_code": "bn",
        "text": "ঈমান এনেছে",
        "root_word": "ءَامَنُواْ",
        "global_word_sequence_number": 72363,
        "global_verse_sequence_number": 5237
    },
    {
        "chapter": 66,
        "verse": 8,
        "juz": 28,
        "hizb": 224,
        "manzil": 7,
        "ruku": 495,
        "word_number_in_verse": 28,
        "language_code": "bn",
        "text": "তার সাথে",
        "root_word": "مَعَهُۥۖ",
        "global_word_sequence_number": 72364,
        "global_verse_sequence_number": 5237
    },
    {
        "chapter": 66,
        "verse": 8,
        "juz": 28,
        "hizb": 224,
        "manzil": 7,
        "ruku": 495,
        "word_number_in_verse": 29,
        "language_code": "bn",
        "text": "তাদের নূর",
        "root_word": "نُورُهُمۡ",
        "global_word_sequence_number": 72365,
        "global_verse_sequence_number": 5237
    },
    {
        "chapter": 66,
        "verse": 8,
        "juz": 28,
        "hizb": 224,
        "manzil": 7,
        "ruku": 495,
        "word_number_in_verse": 30,
        "language_code": "bn",
        "text": "দৌড়াবে",
        "root_word": "يَسۡعَىٰ",
        "global_word_sequence_number": 72366,
        "global_verse_sequence_number": 5237
    },
    {
        "chapter": 66,
        "verse": 8,
        "juz": 28,
        "hizb": 224,
        "manzil": 7,
        "ruku": 495,
        "word_number_in_verse": 31,
        "language_code": "bn",
        "text": "তাদের সামনে",
        "root_word": "بَيۡنَ",
        "global_word_sequence_number": 72367,
        "global_verse_sequence_number": 5237
    },
    {
        "chapter": 66,
        "verse": 8,
        "juz": 28,
        "hizb": 224,
        "manzil": 7,
        "ruku": 495,
        "word_number_in_verse": 32,
        "language_code": "bn",
        "text": "তাদের সামনে",
        "root_word": "أَيۡدِيهِمۡ",
        "global_word_sequence_number": 72368,
        "global_verse_sequence_number": 5237
    },
    {
        "chapter": 66,
        "verse": 8,
        "juz": 28,
        "hizb": 224,
        "manzil": 7,
        "ruku": 495,
        "word_number_in_verse": 33,
        "language_code": "bn",
        "text": "ও তাদের ডানে",
        "root_word": "وَبِأَيۡمَٰنِهِمۡ",
        "global_word_sequence_number": 72369,
        "global_verse_sequence_number": 5237
    },
    {
        "chapter": 66,
        "verse": 8,
        "juz": 28,
        "hizb": 224,
        "manzil": 7,
        "ruku": 495,
        "word_number_in_verse": 34,
        "language_code": "bn",
        "text": "তারা বলবে",
        "root_word": "يَقُولُونَ",
        "global_word_sequence_number": 72370,
        "global_verse_sequence_number": 5237
    },
    {
        "chapter": 66,
        "verse": 8,
        "juz": 28,
        "hizb": 224,
        "manzil": 7,
        "ruku": 495,
        "word_number_in_verse": 35,
        "language_code": "bn",
        "text": "\"হে আমাদের রব",
        "root_word": "رَبَّنَآ",
        "global_word_sequence_number": 72371,
        "global_verse_sequence_number": 5237
    },
    {
        "chapter": 66,
        "verse": 8,
        "juz": 28,
        "hizb": 224,
        "manzil": 7,
        "ruku": 495,
        "word_number_in_verse": 36,
        "language_code": "bn",
        "text": "পূর্ণ কর",
        "root_word": "أَتۡمِمۡ",
        "global_word_sequence_number": 72372,
        "global_verse_sequence_number": 5237
    },
    {
        "chapter": 66,
        "verse": 8,
        "juz": 28,
        "hizb": 224,
        "manzil": 7,
        "ruku": 495,
        "word_number_in_verse": 37,
        "language_code": "bn",
        "text": "জন্যে আমাদের",
        "root_word": "لَنَا",
        "global_word_sequence_number": 72373,
        "global_verse_sequence_number": 5237
    },
    {
        "chapter": 66,
        "verse": 8,
        "juz": 28,
        "hizb": 224,
        "manzil": 7,
        "ruku": 495,
        "word_number_in_verse": 38,
        "language_code": "bn",
        "text": "আমাদের নূর",
        "root_word": "نُورَنَا",
        "global_word_sequence_number": 72374,
        "global_verse_sequence_number": 5237
    },
    {
        "chapter": 66,
        "verse": 8,
        "juz": 28,
        "hizb": 224,
        "manzil": 7,
        "ruku": 495,
        "word_number_in_verse": 39,
        "language_code": "bn",
        "text": "ও মাফ কর",
        "root_word": "وَٱغۡفِرۡ",
        "global_word_sequence_number": 72375,
        "global_verse_sequence_number": 5237
    },
    {
        "chapter": 66,
        "verse": 8,
        "juz": 28,
        "hizb": 224,
        "manzil": 7,
        "ruku": 495,
        "word_number_in_verse": 40,
        "language_code": "bn",
        "text": "আমাদেরকে",
        "root_word": "لَنَآۖ",
        "global_word_sequence_number": 72376,
        "global_verse_sequence_number": 5237
    },
    {
        "chapter": 66,
        "verse": 8,
        "juz": 28,
        "hizb": 224,
        "manzil": 7,
        "ruku": 495,
        "word_number_in_verse": 41,
        "language_code": "bn",
        "text": "তুমি নিশ্চয়",
        "root_word": "إِنَّكَ",
        "global_word_sequence_number": 72377,
        "global_verse_sequence_number": 5237
    },
    {
        "chapter": 66,
        "verse": 8,
        "juz": 28,
        "hizb": 224,
        "manzil": 7,
        "ruku": 495,
        "word_number_in_verse": 42,
        "language_code": "bn",
        "text": "উপর",
        "root_word": "عَلَىٰ",
        "global_word_sequence_number": 72378,
        "global_verse_sequence_number": 5237
    },
    {
        "chapter": 66,
        "verse": 8,
        "juz": 28,
        "hizb": 224,
        "manzil": 7,
        "ruku": 495,
        "word_number_in_verse": 43,
        "language_code": "bn",
        "text": "সব",
        "root_word": "كُلِّ",
        "global_word_sequence_number": 72379,
        "global_verse_sequence_number": 5237
    },
    {
        "chapter": 66,
        "verse": 8,
        "juz": 28,
        "hizb": 224,
        "manzil": 7,
        "ruku": 495,
        "word_number_in_verse": 44,
        "language_code": "bn",
        "text": "কিছুর",
        "root_word": "شَيۡءٖ",
        "global_word_sequence_number": 72380,
        "global_verse_sequence_number": 5237
    },
    {
        "chapter": 66,
        "verse": 8,
        "juz": 28,
        "hizb": 224,
        "manzil": 7,
        "ruku": 495,
        "word_number_in_verse": 45,
        "language_code": "bn",
        "text": "ক্ষমতাবান\"",
        "root_word": "قَدِيرٞ",
        "global_word_sequence_number": 72381,
        "global_verse_sequence_number": 5237
    },
    {
        "chapter": 66,
        "verse": 9,
        "juz": 28,
        "hizb": 224,
        "manzil": 7,
        "ruku": 495,
        "word_number_in_verse": 1,
        "language_code": "bn",
        "text": "হে",
        "root_word": "يَٰٓأَيُّهَا",
        "global_word_sequence_number": 72382,
        "global_verse_sequence_number": 5238
    },
    {
        "chapter": 66,
        "verse": 9,
        "juz": 28,
        "hizb": 224,
        "manzil": 7,
        "ruku": 495,
        "word_number_in_verse": 2,
        "language_code": "bn",
        "text": "নবী",
        "root_word": "ٱلنَّبِيُّ",
        "global_word_sequence_number": 72383,
        "global_verse_sequence_number": 5238
    },
    {
        "chapter": 66,
        "verse": 9,
        "juz": 28,
        "hizb": 224,
        "manzil": 7,
        "ruku": 495,
        "word_number_in_verse": 3,
        "language_code": "bn",
        "text": "জিহাদ কর",
        "root_word": "جَٰهِدِ",
        "global_word_sequence_number": 72384,
        "global_verse_sequence_number": 5238
    },
    {
        "chapter": 66,
        "verse": 9,
        "juz": 28,
        "hizb": 224,
        "manzil": 7,
        "ruku": 495,
        "word_number_in_verse": 4,
        "language_code": "bn",
        "text": "কাফেরদের (বিরুদ্ধে)",
        "root_word": "ٱلۡكُفَّارَ",
        "global_word_sequence_number": 72385,
        "global_verse_sequence_number": 5238
    },
    {
        "chapter": 66,
        "verse": 9,
        "juz": 28,
        "hizb": 224,
        "manzil": 7,
        "ruku": 495,
        "word_number_in_verse": 5,
        "language_code": "bn",
        "text": "ও মুনাফিকদের",
        "root_word": "وَٱلۡمُنَٰفِقِينَ",
        "global_word_sequence_number": 72386,
        "global_verse_sequence_number": 5238
    },
    {
        "chapter": 66,
        "verse": 9,
        "juz": 28,
        "hizb": 224,
        "manzil": 7,
        "ruku": 495,
        "word_number_in_verse": 6,
        "language_code": "bn",
        "text": "এবং কঠোর হও",
        "root_word": "وَٱغۡلُظۡ",
        "global_word_sequence_number": 72387,
        "global_verse_sequence_number": 5238
    },
    {
        "chapter": 66,
        "verse": 9,
        "juz": 28,
        "hizb": 224,
        "manzil": 7,
        "ruku": 495,
        "word_number_in_verse": 7,
        "language_code": "bn",
        "text": "তাদের উপর",
        "root_word": "عَلَيۡهِمۡۚ",
        "global_word_sequence_number": 72388,
        "global_verse_sequence_number": 5238
    },
    {
        "chapter": 66,
        "verse": 9,
        "juz": 28,
        "hizb": 224,
        "manzil": 7,
        "ruku": 495,
        "word_number_in_verse": 8,
        "language_code": "bn",
        "text": "এবং তাদের আশ্রয়স্থল",
        "root_word": "وَمَأۡوَىٰهُمۡ",
        "global_word_sequence_number": 72389,
        "global_verse_sequence_number": 5238
    },
    {
        "chapter": 66,
        "verse": 9,
        "juz": 28,
        "hizb": 224,
        "manzil": 7,
        "ruku": 495,
        "word_number_in_verse": 9,
        "language_code": "bn",
        "text": "জাহান্নাম",
        "root_word": "جَهَنَّمُۖ",
        "global_word_sequence_number": 72390,
        "global_verse_sequence_number": 5238
    },
    {
        "chapter": 66,
        "verse": 9,
        "juz": 28,
        "hizb": 224,
        "manzil": 7,
        "ruku": 495,
        "word_number_in_verse": 10,
        "language_code": "bn",
        "text": "ও কত নিকৃষ্ট",
        "root_word": "وَبِئۡسَ",
        "global_word_sequence_number": 72391,
        "global_verse_sequence_number": 5238
    },
    {
        "chapter": 66,
        "verse": 9,
        "juz": 28,
        "hizb": 224,
        "manzil": 7,
        "ruku": 495,
        "word_number_in_verse": 11,
        "language_code": "bn",
        "text": "প্রত্যাবর্তনস্থল",
        "root_word": "ٱلۡمَصِيرُ",
        "global_word_sequence_number": 72392,
        "global_verse_sequence_number": 5238
    },
    {
        "chapter": 66,
        "verse": 10,
        "juz": 28,
        "hizb": 224,
        "manzil": 7,
        "ruku": 495,
        "word_number_in_verse": 1,
        "language_code": "bn",
        "text": "পেশ করেন",
        "root_word": "ضَرَبَ",
        "global_word_sequence_number": 72393,
        "global_verse_sequence_number": 5239
    },
    {
        "chapter": 66,
        "verse": 10,
        "juz": 28,
        "hizb": 224,
        "manzil": 7,
        "ruku": 495,
        "word_number_in_verse": 2,
        "language_code": "bn",
        "text": "আল্লাহ",
        "root_word": "ٱللَّهُ",
        "global_word_sequence_number": 72394,
        "global_verse_sequence_number": 5239
    },
    {
        "chapter": 66,
        "verse": 10,
        "juz": 28,
        "hizb": 224,
        "manzil": 7,
        "ruku": 495,
        "word_number_in_verse": 3,
        "language_code": "bn",
        "text": "দৃষ্টান্ত",
        "root_word": "مَثَلٗا",
        "global_word_sequence_number": 72395,
        "global_verse_sequence_number": 5239
    },
    {
        "chapter": 66,
        "verse": 10,
        "juz": 28,
        "hizb": 224,
        "manzil": 7,
        "ruku": 495,
        "word_number_in_verse": 4,
        "language_code": "bn",
        "text": "যারা জন্যে (তাদের)",
        "root_word": "لِّلَّذِينَ",
        "global_word_sequence_number": 72396,
        "global_verse_sequence_number": 5239
    },
    {
        "chapter": 66,
        "verse": 10,
        "juz": 28,
        "hizb": 224,
        "manzil": 7,
        "ruku": 495,
        "word_number_in_verse": 5,
        "language_code": "bn",
        "text": "কুফরি করেছে",
        "root_word": "كَفَرُواْ",
        "global_word_sequence_number": 72397,
        "global_verse_sequence_number": 5239
    },
    {
        "chapter": 66,
        "verse": 10,
        "juz": 28,
        "hizb": 224,
        "manzil": 7,
        "ruku": 495,
        "word_number_in_verse": 6,
        "language_code": "bn",
        "text": "স্ত্রীর",
        "root_word": "ٱمۡرَأَتَ",
        "global_word_sequence_number": 72398,
        "global_verse_sequence_number": 5239
    },
    {
        "chapter": 66,
        "verse": 10,
        "juz": 28,
        "hizb": 224,
        "manzil": 7,
        "ruku": 495,
        "word_number_in_verse": 7,
        "language_code": "bn",
        "text": "নূহের",
        "root_word": "نُوحٖ",
        "global_word_sequence_number": 72399,
        "global_verse_sequence_number": 5239
    },
    {
        "chapter": 66,
        "verse": 10,
        "juz": 28,
        "hizb": 224,
        "manzil": 7,
        "ruku": 495,
        "word_number_in_verse": 8,
        "language_code": "bn",
        "text": "ও স্ত্রীর",
        "root_word": "وَٱمۡرَأَتَ",
        "global_word_sequence_number": 72400,
        "global_verse_sequence_number": 5239
    },
    {
        "chapter": 66,
        "verse": 10,
        "juz": 28,
        "hizb": 224,
        "manzil": 7,
        "ruku": 495,
        "word_number_in_verse": 9,
        "language_code": "bn",
        "text": "লূতের",
        "root_word": "لُوطٖۖ",
        "global_word_sequence_number": 72401,
        "global_verse_sequence_number": 5239
    },
    {
        "chapter": 66,
        "verse": 10,
        "juz": 28,
        "hizb": 224,
        "manzil": 7,
        "ruku": 495,
        "word_number_in_verse": 10,
        "language_code": "bn",
        "text": "তারা দু'জনে ছিল",
        "root_word": "كَانَتَا",
        "global_word_sequence_number": 72402,
        "global_verse_sequence_number": 5239
    },
    {
        "chapter": 66,
        "verse": 10,
        "juz": 28,
        "hizb": 224,
        "manzil": 7,
        "ruku": 495,
        "word_number_in_verse": 11,
        "language_code": "bn",
        "text": "অধীন",
        "root_word": "تَحۡتَ",
        "global_word_sequence_number": 72403,
        "global_verse_sequence_number": 5239
    },
    {
        "chapter": 66,
        "verse": 10,
        "juz": 28,
        "hizb": 224,
        "manzil": 7,
        "ruku": 495,
        "word_number_in_verse": 12,
        "language_code": "bn",
        "text": "দুই বান্দার",
        "root_word": "عَبۡدَيۡنِ",
        "global_word_sequence_number": 72404,
        "global_verse_sequence_number": 5239
    },
    {
        "chapter": 66,
        "verse": 10,
        "juz": 28,
        "hizb": 224,
        "manzil": 7,
        "ruku": 495,
        "word_number_in_verse": 13,
        "language_code": "bn",
        "text": "মধ্যে",
        "root_word": "مِنۡ",
        "global_word_sequence_number": 72405,
        "global_verse_sequence_number": 5239
    },
    {
        "chapter": 66,
        "verse": 10,
        "juz": 28,
        "hizb": 224,
        "manzil": 7,
        "ruku": 495,
        "word_number_in_verse": 14,
        "language_code": "bn",
        "text": "আমাদের বান্দাদের",
        "root_word": "عِبَادِنَا",
        "global_word_sequence_number": 72406,
        "global_verse_sequence_number": 5239
    },
    {
        "chapter": 66,
        "verse": 10,
        "juz": 28,
        "hizb": 224,
        "manzil": 7,
        "ruku": 495,
        "word_number_in_verse": 15,
        "language_code": "bn",
        "text": "দুই নেককার",
        "root_word": "صَٰلِحَيۡنِ",
        "global_word_sequence_number": 72407,
        "global_verse_sequence_number": 5239
    },
    {
        "chapter": 66,
        "verse": 10,
        "juz": 28,
        "hizb": 224,
        "manzil": 7,
        "ruku": 495,
        "word_number_in_verse": 16,
        "language_code": "bn",
        "text": "অতঃপর খিয়ানত করেছিল উভয়ে তাদের দু'জনের",
        "root_word": "فَخَانَتَاهُمَا",
        "global_word_sequence_number": 72408,
        "global_verse_sequence_number": 5239
    },
    {
        "chapter": 66,
        "verse": 10,
        "juz": 28,
        "hizb": 224,
        "manzil": 7,
        "ruku": 495,
        "word_number_in_verse": 17,
        "language_code": "bn",
        "text": "নাই অতঃপর",
        "root_word": "فَلَمۡ",
        "global_word_sequence_number": 72409,
        "global_verse_sequence_number": 5239
    },
    {
        "chapter": 66,
        "verse": 10,
        "juz": 28,
        "hizb": 224,
        "manzil": 7,
        "ruku": 495,
        "word_number_in_verse": 18,
        "language_code": "bn",
        "text": "কাজে আসে তারা দু'জন",
        "root_word": "يُغۡنِيَا",
        "global_word_sequence_number": 72410,
        "global_verse_sequence_number": 5239
    },
    {
        "chapter": 66,
        "verse": 10,
        "juz": 28,
        "hizb": 224,
        "manzil": 7,
        "ruku": 495,
        "word_number_in_verse": 19,
        "language_code": "bn",
        "text": "তাদের (স্ত্রীদের) দু'জনের",
        "root_word": "عَنۡهُمَا",
        "global_word_sequence_number": 72411,
        "global_verse_sequence_number": 5239
    },
    {
        "chapter": 66,
        "verse": 10,
        "juz": 28,
        "hizb": 224,
        "manzil": 7,
        "ruku": 495,
        "word_number_in_verse": 20,
        "language_code": "bn",
        "text": "মুকাবেলায়",
        "root_word": "مِنَ",
        "global_word_sequence_number": 72412,
        "global_verse_sequence_number": 5239
    },
    {
        "chapter": 66,
        "verse": 10,
        "juz": 28,
        "hizb": 224,
        "manzil": 7,
        "ruku": 495,
        "word_number_in_verse": 21,
        "language_code": "bn",
        "text": "আল্লাহর",
        "root_word": "ٱللَّهِ",
        "global_word_sequence_number": 72413,
        "global_verse_sequence_number": 5239
    },
    {
        "chapter": 66,
        "verse": 10,
        "juz": 28,
        "hizb": 224,
        "manzil": 7,
        "ruku": 495,
        "word_number_in_verse": 22,
        "language_code": "bn",
        "text": "কিছুই",
        "root_word": "شَيۡـٔٗا",
        "global_word_sequence_number": 72414,
        "global_verse_sequence_number": 5239
    },
    {
        "chapter": 66,
        "verse": 10,
        "juz": 28,
        "hizb": 224,
        "manzil": 7,
        "ruku": 495,
        "word_number_in_verse": 23,
        "language_code": "bn",
        "text": "ও বলা হল",
        "root_word": "وَقِيلَ",
        "global_word_sequence_number": 72415,
        "global_verse_sequence_number": 5239
    },
    {
        "chapter": 66,
        "verse": 10,
        "juz": 28,
        "hizb": 224,
        "manzil": 7,
        "ruku": 495,
        "word_number_in_verse": 24,
        "language_code": "bn",
        "text": "\"দু'জনে প্রবেশ কর",
        "root_word": "ٱدۡخُلَا",
        "global_word_sequence_number": 72416,
        "global_verse_sequence_number": 5239
    },
    {
        "chapter": 66,
        "verse": 10,
        "juz": 28,
        "hizb": 224,
        "manzil": 7,
        "ruku": 495,
        "word_number_in_verse": 25,
        "language_code": "bn",
        "text": "আগুনে",
        "root_word": "ٱلنَّارَ",
        "global_word_sequence_number": 72417,
        "global_verse_sequence_number": 5239
    },
    {
        "chapter": 66,
        "verse": 10,
        "juz": 28,
        "hizb": 224,
        "manzil": 7,
        "ruku": 495,
        "word_number_in_verse": 26,
        "language_code": "bn",
        "text": "সাথে",
        "root_word": "مَعَ",
        "global_word_sequence_number": 72418,
        "global_verse_sequence_number": 5239
    },
    {
        "chapter": 66,
        "verse": 10,
        "juz": 28,
        "hizb": 224,
        "manzil": 7,
        "ruku": 495,
        "word_number_in_verse": 27,
        "language_code": "bn",
        "text": "প্রবেশকারীদের\"",
        "root_word": "ٱلدَّٰخِلِينَ",
        "global_word_sequence_number": 72419,
        "global_verse_sequence_number": 5239
    },
    {
        "chapter": 66,
        "verse": 11,
        "juz": 28,
        "hizb": 224,
        "manzil": 7,
        "ruku": 495,
        "word_number_in_verse": 1,
        "language_code": "bn",
        "text": "এবং পেশ করেন",
        "root_word": "وَضَرَبَ",
        "global_word_sequence_number": 72420,
        "global_verse_sequence_number": 5240
    },
    {
        "chapter": 66,
        "verse": 11,
        "juz": 28,
        "hizb": 224,
        "manzil": 7,
        "ruku": 495,
        "word_number_in_verse": 2,
        "language_code": "bn",
        "text": "আল্লাহ",
        "root_word": "ٱللَّهُ",
        "global_word_sequence_number": 72421,
        "global_verse_sequence_number": 5240
    },
    {
        "chapter": 66,
        "verse": 11,
        "juz": 28,
        "hizb": 224,
        "manzil": 7,
        "ruku": 495,
        "word_number_in_verse": 3,
        "language_code": "bn",
        "text": "দৃষ্টান্ত",
        "root_word": "مَثَلٗا",
        "global_word_sequence_number": 72422,
        "global_verse_sequence_number": 5240
    },
    {
        "chapter": 66,
        "verse": 11,
        "juz": 28,
        "hizb": 224,
        "manzil": 7,
        "ruku": 495,
        "word_number_in_verse": 4,
        "language_code": "bn",
        "text": "যারা (তাদের) জন্যে",
        "root_word": "لِّلَّذِينَ",
        "global_word_sequence_number": 72423,
        "global_verse_sequence_number": 5240
    },
    {
        "chapter": 66,
        "verse": 11,
        "juz": 28,
        "hizb": 224,
        "manzil": 7,
        "ruku": 495,
        "word_number_in_verse": 5,
        "language_code": "bn",
        "text": "ঈমান এনেছে",
        "root_word": "ءَامَنُواْ",
        "global_word_sequence_number": 72424,
        "global_verse_sequence_number": 5240
    },
    {
        "chapter": 66,
        "verse": 11,
        "juz": 28,
        "hizb": 224,
        "manzil": 7,
        "ruku": 495,
        "word_number_in_verse": 6,
        "language_code": "bn",
        "text": "স্ত্রীর",
        "root_word": "ٱمۡرَأَتَ",
        "global_word_sequence_number": 72425,
        "global_verse_sequence_number": 5240
    },
    {
        "chapter": 66,
        "verse": 11,
        "juz": 28,
        "hizb": 224,
        "manzil": 7,
        "ruku": 495,
        "word_number_in_verse": 7,
        "language_code": "bn",
        "text": "ফিরআউনের",
        "root_word": "فِرۡعَوۡنَ",
        "global_word_sequence_number": 72426,
        "global_verse_sequence_number": 5240
    },
    {
        "chapter": 66,
        "verse": 11,
        "juz": 28,
        "hizb": 224,
        "manzil": 7,
        "ruku": 495,
        "word_number_in_verse": 8,
        "language_code": "bn",
        "text": "যখন",
        "root_word": "إِذۡ",
        "global_word_sequence_number": 72427,
        "global_verse_sequence_number": 5240
    },
    {
        "chapter": 66,
        "verse": 11,
        "juz": 28,
        "hizb": 224,
        "manzil": 7,
        "ruku": 495,
        "word_number_in_verse": 9,
        "language_code": "bn",
        "text": "বলেছিল",
        "root_word": "قَالَتۡ",
        "global_word_sequence_number": 72428,
        "global_verse_sequence_number": 5240
    },
    {
        "chapter": 66,
        "verse": 11,
        "juz": 28,
        "hizb": 224,
        "manzil": 7,
        "ruku": 495,
        "word_number_in_verse": 10,
        "language_code": "bn",
        "text": "\"হে আমার রব",
        "root_word": "رَبِّ",
        "global_word_sequence_number": 72429,
        "global_verse_sequence_number": 5240
    },
    {
        "chapter": 66,
        "verse": 11,
        "juz": 28,
        "hizb": 224,
        "manzil": 7,
        "ruku": 495,
        "word_number_in_verse": 11,
        "language_code": "bn",
        "text": "বানাও",
        "root_word": "ٱبۡنِ",
        "global_word_sequence_number": 72430,
        "global_verse_sequence_number": 5240
    },
    {
        "chapter": 66,
        "verse": 11,
        "juz": 28,
        "hizb": 224,
        "manzil": 7,
        "ruku": 495,
        "word_number_in_verse": 12,
        "language_code": "bn",
        "text": "আমার জন্যে",
        "root_word": "لِي",
        "global_word_sequence_number": 72431,
        "global_verse_sequence_number": 5240
    },
    {
        "chapter": 66,
        "verse": 11,
        "juz": 28,
        "hizb": 224,
        "manzil": 7,
        "ruku": 495,
        "word_number_in_verse": 13,
        "language_code": "bn",
        "text": "তোমার কাছে",
        "root_word": "عِندَكَ",
        "global_word_sequence_number": 72432,
        "global_verse_sequence_number": 5240
    },
    {
        "chapter": 66,
        "verse": 11,
        "juz": 28,
        "hizb": 224,
        "manzil": 7,
        "ruku": 495,
        "word_number_in_verse": 14,
        "language_code": "bn",
        "text": "ঘর",
        "root_word": "بَيۡتٗا",
        "global_word_sequence_number": 72433,
        "global_verse_sequence_number": 5240
    },
    {
        "chapter": 66,
        "verse": 11,
        "juz": 28,
        "hizb": 224,
        "manzil": 7,
        "ruku": 495,
        "word_number_in_verse": 15,
        "language_code": "bn",
        "text": "মধ্যে",
        "root_word": "فِي",
        "global_word_sequence_number": 72434,
        "global_verse_sequence_number": 5240
    },
    {
        "chapter": 66,
        "verse": 11,
        "juz": 28,
        "hizb": 224,
        "manzil": 7,
        "ruku": 495,
        "word_number_in_verse": 16,
        "language_code": "bn",
        "text": "জান্নাতের",
        "root_word": "ٱلۡجَنَّةِ",
        "global_word_sequence_number": 72435,
        "global_verse_sequence_number": 5240
    },
    {
        "chapter": 66,
        "verse": 11,
        "juz": 28,
        "hizb": 224,
        "manzil": 7,
        "ruku": 495,
        "word_number_in_verse": 17,
        "language_code": "bn",
        "text": "এবং আমাকে উদ্ধার কর",
        "root_word": "وَنَجِّنِي",
        "global_word_sequence_number": 72436,
        "global_verse_sequence_number": 5240
    },
    {
        "chapter": 66,
        "verse": 11,
        "juz": 28,
        "hizb": 224,
        "manzil": 7,
        "ruku": 495,
        "word_number_in_verse": 18,
        "language_code": "bn",
        "text": "হতে",
        "root_word": "مِن",
        "global_word_sequence_number": 72437,
        "global_verse_sequence_number": 5240
    },
    {
        "chapter": 66,
        "verse": 11,
        "juz": 28,
        "hizb": 224,
        "manzil": 7,
        "ruku": 495,
        "word_number_in_verse": 19,
        "language_code": "bn",
        "text": "ফিরআউন",
        "root_word": "فِرۡعَوۡنَ",
        "global_word_sequence_number": 72438,
        "global_verse_sequence_number": 5240
    },
    {
        "chapter": 66,
        "verse": 11,
        "juz": 28,
        "hizb": 224,
        "manzil": 7,
        "ruku": 495,
        "word_number_in_verse": 20,
        "language_code": "bn",
        "text": "ও তার কাজ",
        "root_word": "وَعَمَلِهِۦ",
        "global_word_sequence_number": 72439,
        "global_verse_sequence_number": 5240
    },
    {
        "chapter": 66,
        "verse": 11,
        "juz": 28,
        "hizb": 224,
        "manzil": 7,
        "ruku": 495,
        "word_number_in_verse": 21,
        "language_code": "bn",
        "text": "এবং আমাকে উদ্ধার কর",
        "root_word": "وَنَجِّنِي",
        "global_word_sequence_number": 72440,
        "global_verse_sequence_number": 5240
    },
    {
        "chapter": 66,
        "verse": 11,
        "juz": 28,
        "hizb": 224,
        "manzil": 7,
        "ruku": 495,
        "word_number_in_verse": 22,
        "language_code": "bn",
        "text": "হতে",
        "root_word": "مِنَ",
        "global_word_sequence_number": 72441,
        "global_verse_sequence_number": 5240
    },
    {
        "chapter": 66,
        "verse": 11,
        "juz": 28,
        "hizb": 224,
        "manzil": 7,
        "ruku": 495,
        "word_number_in_verse": 23,
        "language_code": "bn",
        "text": "লোকদের",
        "root_word": "ٱلۡقَوۡمِ",
        "global_word_sequence_number": 72442,
        "global_verse_sequence_number": 5240
    },
    {
        "chapter": 66,
        "verse": 11,
        "juz": 28,
        "hizb": 224,
        "manzil": 7,
        "ruku": 495,
        "word_number_in_verse": 24,
        "language_code": "bn",
        "text": "যালিম\"",
        "root_word": "ٱلظَّٰلِمِينَ",
        "global_word_sequence_number": 72443,
        "global_verse_sequence_number": 5240
    },
    {
        "chapter": 66,
        "verse": 12,
        "juz": 28,
        "hizb": 224,
        "manzil": 7,
        "ruku": 495,
        "word_number_in_verse": 1,
        "language_code": "bn",
        "text": "এবং মারয়াম",
        "root_word": "وَمَرۡيَمَ",
        "global_word_sequence_number": 72444,
        "global_verse_sequence_number": 5241
    },
    {
        "chapter": 66,
        "verse": 12,
        "juz": 28,
        "hizb": 224,
        "manzil": 7,
        "ruku": 495,
        "word_number_in_verse": 2,
        "language_code": "bn",
        "text": "কন্যা",
        "root_word": "ٱبۡنَتَ",
        "global_word_sequence_number": 72445,
        "global_verse_sequence_number": 5241
    },
    {
        "chapter": 66,
        "verse": 12,
        "juz": 28,
        "hizb": 224,
        "manzil": 7,
        "ruku": 495,
        "word_number_in_verse": 3,
        "language_code": "bn",
        "text": "ইমরানের",
        "root_word": "عِمۡرَٰنَ",
        "global_word_sequence_number": 72446,
        "global_verse_sequence_number": 5241
    },
    {
        "chapter": 66,
        "verse": 12,
        "juz": 28,
        "hizb": 224,
        "manzil": 7,
        "ruku": 495,
        "word_number_in_verse": 4,
        "language_code": "bn",
        "text": "যে",
        "root_word": "ٱلَّتِيٓ",
        "global_word_sequence_number": 72447,
        "global_verse_sequence_number": 5241
    },
    {
        "chapter": 66,
        "verse": 12,
        "juz": 28,
        "hizb": 224,
        "manzil": 7,
        "ruku": 495,
        "word_number_in_verse": 5,
        "language_code": "bn",
        "text": "সংরক্ষণ করেছিল",
        "root_word": "أَحۡصَنَتۡ",
        "global_word_sequence_number": 72448,
        "global_verse_sequence_number": 5241
    },
    {
        "chapter": 66,
        "verse": 12,
        "juz": 28,
        "hizb": 224,
        "manzil": 7,
        "ruku": 495,
        "word_number_in_verse": 6,
        "language_code": "bn",
        "text": "তার লজ্জাস্থান",
        "root_word": "فَرۡجَهَا",
        "global_word_sequence_number": 72449,
        "global_verse_sequence_number": 5241
    },
    {
        "chapter": 66,
        "verse": 12,
        "juz": 28,
        "hizb": 224,
        "manzil": 7,
        "ruku": 495,
        "word_number_in_verse": 7,
        "language_code": "bn",
        "text": "অতঃপর আমরা ফুঁকে দেই",
        "root_word": "فَنَفَخۡنَا",
        "global_word_sequence_number": 72450,
        "global_verse_sequence_number": 5241
    },
    {
        "chapter": 66,
        "verse": 12,
        "juz": 28,
        "hizb": 224,
        "manzil": 7,
        "ruku": 495,
        "word_number_in_verse": 8,
        "language_code": "bn",
        "text": "তার মধ্যে",
        "root_word": "فِيهِ",
        "global_word_sequence_number": 72451,
        "global_verse_sequence_number": 5241
    },
    {
        "chapter": 66,
        "verse": 12,
        "juz": 28,
        "hizb": 224,
        "manzil": 7,
        "ruku": 495,
        "word_number_in_verse": 9,
        "language_code": "bn",
        "text": "থেকে",
        "root_word": "مِن",
        "global_word_sequence_number": 72452,
        "global_verse_sequence_number": 5241
    },
    {
        "chapter": 66,
        "verse": 12,
        "juz": 28,
        "hizb": 224,
        "manzil": 7,
        "ruku": 495,
        "word_number_in_verse": 10,
        "language_code": "bn",
        "text": "আমাদের রুহ",
        "root_word": "رُّوحِنَا",
        "global_word_sequence_number": 72453,
        "global_verse_sequence_number": 5241
    },
    {
        "chapter": 66,
        "verse": 12,
        "juz": 28,
        "hizb": 224,
        "manzil": 7,
        "ruku": 495,
        "word_number_in_verse": 11,
        "language_code": "bn",
        "text": "এবং সে সত্যতা স্বীকার করেছিল",
        "root_word": "وَصَدَّقَتۡ",
        "global_word_sequence_number": 72454,
        "global_verse_sequence_number": 5241
    },
    {
        "chapter": 66,
        "verse": 12,
        "juz": 28,
        "hizb": 224,
        "manzil": 7,
        "ruku": 495,
        "word_number_in_verse": 12,
        "language_code": "bn",
        "text": "বাক্যগুলোর",
        "root_word": "بِكَلِمَٰتِ",
        "global_word_sequence_number": 72455,
        "global_verse_sequence_number": 5241
    },
    {
        "chapter": 66,
        "verse": 12,
        "juz": 28,
        "hizb": 224,
        "manzil": 7,
        "ruku": 495,
        "word_number_in_verse": 13,
        "language_code": "bn",
        "text": "তার রবের",
        "root_word": "رَبِّهَا",
        "global_word_sequence_number": 72456,
        "global_verse_sequence_number": 5241
    },
    {
        "chapter": 66,
        "verse": 12,
        "juz": 28,
        "hizb": 224,
        "manzil": 7,
        "ruku": 495,
        "word_number_in_verse": 14,
        "language_code": "bn",
        "text": "ও তাঁর কিতাবগুলোর",
        "root_word": "وَكُتُبِهِۦ",
        "global_word_sequence_number": 72457,
        "global_verse_sequence_number": 5241
    },
    {
        "chapter": 66,
        "verse": 12,
        "juz": 28,
        "hizb": 224,
        "manzil": 7,
        "ruku": 495,
        "word_number_in_verse": 15,
        "language_code": "bn",
        "text": "এবং সে ছিল",
        "root_word": "وَكَانَتۡ",
        "global_word_sequence_number": 72458,
        "global_verse_sequence_number": 5241
    },
    {
        "chapter": 66,
        "verse": 12,
        "juz": 28,
        "hizb": 224,
        "manzil": 7,
        "ruku": 495,
        "word_number_in_verse": 16,
        "language_code": "bn",
        "text": "মধ্যে (একজন)",
        "root_word": "مِنَ",
        "global_word_sequence_number": 72459,
        "global_verse_sequence_number": 5241
    },
    {
        "chapter": 66,
        "verse": 12,
        "juz": 28,
        "hizb": 224,
        "manzil": 7,
        "ruku": 495,
        "word_number_in_verse": 17,
        "language_code": "bn",
        "text": "অনুগতদের",
        "root_word": "ٱلۡقَٰنِتِينَ",
        "global_word_sequence_number": 72460,
        "global_verse_sequence_number": 5241
    }
]