[
    {
        "chapter": 69,
        "verse": 1,
        "juz": 29,
        "hizb": 227,
        "manzil": 7,
        "ruku": 500,
        "word_number_in_verse": 1,
        "language_code": "bn",
        "text": "সুনিশ্চিত ঘটনা!",
        "root_word": "الۡحَآقَّةُ",
        "global_word_sequence_number": 73094,
        "global_verse_sequence_number": 5324
    },
    {
        "chapter": 69,
        "verse": 2,
        "juz": 29,
        "hizb": 227,
        "manzil": 7,
        "ruku": 500,
        "word_number_in_verse": 1,
        "language_code": "bn",
        "text": "কি সেই?",
        "root_word": "مَا",
        "global_word_sequence_number": 73095,
        "global_verse_sequence_number": 5325
    },
    {
        "chapter": 69,
        "verse": 2,
        "juz": 29,
        "hizb": 227,
        "manzil": 7,
        "ruku": 500,
        "word_number_in_verse": 2,
        "language_code": "bn",
        "text": "সুনিশ্চিত ঘটনা",
        "root_word": "الۡحَآقَّةُ",
        "global_word_sequence_number": 73096,
        "global_verse_sequence_number": 5325
    },
    {
        "chapter": 69,
        "verse": 3,
        "juz": 29,
        "hizb": 227,
        "manzil": 7,
        "ruku": 500,
        "word_number_in_verse": 1,
        "language_code": "bn",
        "text": "এবং কি?",
        "root_word": "وَمَآ",
        "global_word_sequence_number": 73097,
        "global_verse_sequence_number": 5326
    },
    {
        "chapter": 69,
        "verse": 3,
        "juz": 29,
        "hizb": 227,
        "manzil": 7,
        "ruku": 500,
        "word_number_in_verse": 2,
        "language_code": "bn",
        "text": "জান তুমি",
        "root_word": "أَدۡرَىٰكَ",
        "global_word_sequence_number": 73098,
        "global_verse_sequence_number": 5326
    },
    {
        "chapter": 69,
        "verse": 3,
        "juz": 29,
        "hizb": 227,
        "manzil": 7,
        "ruku": 500,
        "word_number_in_verse": 3,
        "language_code": "bn",
        "text": "কি সেই",
        "root_word": "مَا",
        "global_word_sequence_number": 73099,
        "global_verse_sequence_number": 5326
    },
    {
        "chapter": 69,
        "verse": 3,
        "juz": 29,
        "hizb": 227,
        "manzil": 7,
        "ruku": 500,
        "word_number_in_verse": 4,
        "language_code": "bn",
        "text": "সুনিশ্চিত ঘটনা",
        "root_word": "الۡحَآقَّةُ",
        "global_word_sequence_number": 73100,
        "global_verse_sequence_number": 5326
    },
    {
        "chapter": 69,
        "verse": 4,
        "juz": 29,
        "hizb": 227,
        "manzil": 7,
        "ruku": 500,
        "word_number_in_verse": 1,
        "language_code": "bn",
        "text": "মিথারোপ করেছিল",
        "root_word": "كَذَّبَتۡ",
        "global_word_sequence_number": 73101,
        "global_verse_sequence_number": 5327
    },
    {
        "chapter": 69,
        "verse": 4,
        "juz": 29,
        "hizb": 227,
        "manzil": 7,
        "ruku": 500,
        "word_number_in_verse": 2,
        "language_code": "bn",
        "text": "সামুদ",
        "root_word": "ثَمُودُ",
        "global_word_sequence_number": 73102,
        "global_verse_sequence_number": 5327
    },
    {
        "chapter": 69,
        "verse": 4,
        "juz": 29,
        "hizb": 227,
        "manzil": 7,
        "ruku": 500,
        "word_number_in_verse": 3,
        "language_code": "bn",
        "text": "এবং আদ",
        "root_word": "وَعَادُۢ",
        "global_word_sequence_number": 73103,
        "global_verse_sequence_number": 5327
    },
    {
        "chapter": 69,
        "verse": 4,
        "juz": 29,
        "hizb": 227,
        "manzil": 7,
        "ruku": 500,
        "word_number_in_verse": 4,
        "language_code": "bn",
        "text": "মহাপ্রলয়কে",
        "root_word": "بِالۡقَارِعَةِ",
        "global_word_sequence_number": 73104,
        "global_verse_sequence_number": 5327
    },
    {
        "chapter": 69,
        "verse": 5,
        "juz": 29,
        "hizb": 227,
        "manzil": 7,
        "ruku": 500,
        "word_number_in_verse": 1,
        "language_code": "bn",
        "text": "আর",
        "root_word": "فَأَمَّا",
        "global_word_sequence_number": 73105,
        "global_verse_sequence_number": 5328
    },
    {
        "chapter": 69,
        "verse": 5,
        "juz": 29,
        "hizb": 227,
        "manzil": 7,
        "ruku": 500,
        "word_number_in_verse": 2,
        "language_code": "bn",
        "text": "সামুদ",
        "root_word": "ثَمُودُ",
        "global_word_sequence_number": 73106,
        "global_verse_sequence_number": 5328
    },
    {
        "chapter": 69,
        "verse": 5,
        "juz": 29,
        "hizb": 227,
        "manzil": 7,
        "ruku": 500,
        "word_number_in_verse": 3,
        "language_code": "bn",
        "text": "ধ্বংস করা হয়েছে অতঃপর",
        "root_word": "فَأُهۡلِكُواْ",
        "global_word_sequence_number": 73107,
        "global_verse_sequence_number": 5328
    },
    {
        "chapter": 69,
        "verse": 5,
        "juz": 29,
        "hizb": 227,
        "manzil": 7,
        "ruku": 500,
        "word_number_in_verse": 4,
        "language_code": "bn",
        "text": "তাঁর ঝনঝা বায়ু দিয়ে",
        "root_word": "بِالطَّاغِيَةِ",
        "global_word_sequence_number": 73108,
        "global_verse_sequence_number": 5328
    },
    {
        "chapter": 69,
        "verse": 6,
        "juz": 29,
        "hizb": 227,
        "manzil": 7,
        "ruku": 500,
        "word_number_in_verse": 1,
        "language_code": "bn",
        "text": "আর",
        "root_word": "وَأَمَّا",
        "global_word_sequence_number": 73109,
        "global_verse_sequence_number": 5329
    },
    {
        "chapter": 69,
        "verse": 6,
        "juz": 29,
        "hizb": 227,
        "manzil": 7,
        "ruku": 500,
        "word_number_in_verse": 2,
        "language_code": "bn",
        "text": "আদ",
        "root_word": "عَادٞ",
        "global_word_sequence_number": 73110,
        "global_verse_sequence_number": 5329
    },
    {
        "chapter": 69,
        "verse": 6,
        "juz": 29,
        "hizb": 227,
        "manzil": 7,
        "ruku": 500,
        "word_number_in_verse": 3,
        "language_code": "bn",
        "text": "অতঃপর ধ্বংস করা হয়েছে",
        "root_word": "فَأُهۡلِكُواْ",
        "global_word_sequence_number": 73111,
        "global_verse_sequence_number": 5329
    },
    {
        "chapter": 69,
        "verse": 6,
        "juz": 29,
        "hizb": 227,
        "manzil": 7,
        "ruku": 500,
        "word_number_in_verse": 4,
        "language_code": "bn",
        "text": "বায়ু দিয়ে",
        "root_word": "بِرِيحٖ",
        "global_word_sequence_number": 73112,
        "global_verse_sequence_number": 5329
    },
    {
        "chapter": 69,
        "verse": 6,
        "juz": 29,
        "hizb": 227,
        "manzil": 7,
        "ruku": 500,
        "word_number_in_verse": 5,
        "language_code": "bn",
        "text": "ঝঞ্জা",
        "root_word": "صَرۡصَرٍ",
        "global_word_sequence_number": 73113,
        "global_verse_sequence_number": 5329
    },
    {
        "chapter": 69,
        "verse": 6,
        "juz": 29,
        "hizb": 227,
        "manzil": 7,
        "ruku": 500,
        "word_number_in_verse": 6,
        "language_code": "bn",
        "text": "প্রচন্ড",
        "root_word": "عَاتِيَةٖ",
        "global_word_sequence_number": 73114,
        "global_verse_sequence_number": 5329
    },
    {
        "chapter": 69,
        "verse": 7,
        "juz": 29,
        "hizb": 227,
        "manzil": 7,
        "ruku": 500,
        "word_number_in_verse": 1,
        "language_code": "bn",
        "text": "তা প্রবাহিত করেন",
        "root_word": "سَخَّرَهَا",
        "global_word_sequence_number": 73115,
        "global_verse_sequence_number": 5330
    },
    {
        "chapter": 69,
        "verse": 7,
        "juz": 29,
        "hizb": 227,
        "manzil": 7,
        "ruku": 500,
        "word_number_in_verse": 2,
        "language_code": "bn",
        "text": "তাদের উপর",
        "root_word": "عَلَيۡهِمۡ",
        "global_word_sequence_number": 73116,
        "global_verse_sequence_number": 5330
    },
    {
        "chapter": 69,
        "verse": 7,
        "juz": 29,
        "hizb": 227,
        "manzil": 7,
        "ruku": 500,
        "word_number_in_verse": 3,
        "language_code": "bn",
        "text": "সাত",
        "root_word": "سَبۡعَ",
        "global_word_sequence_number": 73117,
        "global_verse_sequence_number": 5330
    },
    {
        "chapter": 69,
        "verse": 7,
        "juz": 29,
        "hizb": 227,
        "manzil": 7,
        "ruku": 500,
        "word_number_in_verse": 4,
        "language_code": "bn",
        "text": "রাত",
        "root_word": "لَيَالٖ",
        "global_word_sequence_number": 73118,
        "global_verse_sequence_number": 5330
    },
    {
        "chapter": 69,
        "verse": 7,
        "juz": 29,
        "hizb": 227,
        "manzil": 7,
        "ruku": 500,
        "word_number_in_verse": 5,
        "language_code": "bn",
        "text": "এবং আট",
        "root_word": "وَثَمَٰنِيَةَ",
        "global_word_sequence_number": 73119,
        "global_verse_sequence_number": 5330
    },
    {
        "chapter": 69,
        "verse": 7,
        "juz": 29,
        "hizb": 227,
        "manzil": 7,
        "ruku": 500,
        "word_number_in_verse": 6,
        "language_code": "bn",
        "text": "দিন",
        "root_word": "أَيَّامٍ",
        "global_word_sequence_number": 73120,
        "global_verse_sequence_number": 5330
    },
    {
        "chapter": 69,
        "verse": 7,
        "juz": 29,
        "hizb": 227,
        "manzil": 7,
        "ruku": 500,
        "word_number_in_verse": 7,
        "language_code": "bn",
        "text": "ক্রমাগত",
        "root_word": "حُسُومٗاۖ",
        "global_word_sequence_number": 73121,
        "global_verse_sequence_number": 5330
    },
    {
        "chapter": 69,
        "verse": 7,
        "juz": 29,
        "hizb": 227,
        "manzil": 7,
        "ruku": 500,
        "word_number_in_verse": 8,
        "language_code": "bn",
        "text": "তুমি দেখতে তখন (তথায় থাকিলে)",
        "root_word": "فَتَرَى",
        "global_word_sequence_number": 73122,
        "global_verse_sequence_number": 5330
    },
    {
        "chapter": 69,
        "verse": 7,
        "juz": 29,
        "hizb": 227,
        "manzil": 7,
        "ruku": 500,
        "word_number_in_verse": 9,
        "language_code": "bn",
        "text": "সে জাতিকে",
        "root_word": "الۡقَوۡمَ",
        "global_word_sequence_number": 73123,
        "global_verse_sequence_number": 5330
    },
    {
        "chapter": 69,
        "verse": 7,
        "juz": 29,
        "hizb": 227,
        "manzil": 7,
        "ruku": 500,
        "word_number_in_verse": 10,
        "language_code": "bn",
        "text": "তার মধ্যে",
        "root_word": "فِيهَا",
        "global_word_sequence_number": 73124,
        "global_verse_sequence_number": 5330
    },
    {
        "chapter": 69,
        "verse": 7,
        "juz": 29,
        "hizb": 227,
        "manzil": 7,
        "ruku": 500,
        "word_number_in_verse": 11,
        "language_code": "bn",
        "text": "পড়ে থাকা",
        "root_word": "صَرۡعَىٰ",
        "global_word_sequence_number": 73125,
        "global_verse_sequence_number": 5330
    },
    {
        "chapter": 69,
        "verse": 7,
        "juz": 29,
        "hizb": 227,
        "manzil": 7,
        "ruku": 500,
        "word_number_in_verse": 12,
        "language_code": "bn",
        "text": "তারা যেন",
        "root_word": "كَأَنَّهُمۡ",
        "global_word_sequence_number": 73126,
        "global_verse_sequence_number": 5330
    },
    {
        "chapter": 69,
        "verse": 7,
        "juz": 29,
        "hizb": 227,
        "manzil": 7,
        "ruku": 500,
        "word_number_in_verse": 13,
        "language_code": "bn",
        "text": "কাণ্ড সমূহ",
        "root_word": "أَعۡجَازُ",
        "global_word_sequence_number": 73127,
        "global_verse_sequence_number": 5330
    },
    {
        "chapter": 69,
        "verse": 7,
        "juz": 29,
        "hizb": 227,
        "manzil": 7,
        "ruku": 500,
        "word_number_in_verse": 14,
        "language_code": "bn",
        "text": "খেজুর গাছের",
        "root_word": "نَخۡلٍ",
        "global_word_sequence_number": 73128,
        "global_verse_sequence_number": 5330
    },
    {
        "chapter": 69,
        "verse": 7,
        "juz": 29,
        "hizb": 227,
        "manzil": 7,
        "ruku": 500,
        "word_number_in_verse": 15,
        "language_code": "bn",
        "text": "পরিত্যাক্ত",
        "root_word": "خَاوِيَةٖ",
        "global_word_sequence_number": 73129,
        "global_verse_sequence_number": 5330
    },
    {
        "chapter": 69,
        "verse": 8,
        "juz": 29,
        "hizb": 227,
        "manzil": 7,
        "ruku": 500,
        "word_number_in_verse": 1,
        "language_code": "bn",
        "text": "কি এক্ষণে",
        "root_word": "فَهَلۡ",
        "global_word_sequence_number": 73130,
        "global_verse_sequence_number": 5331
    },
    {
        "chapter": 69,
        "verse": 8,
        "juz": 29,
        "hizb": 227,
        "manzil": 7,
        "ruku": 500,
        "word_number_in_verse": 2,
        "language_code": "bn",
        "text": "তুমি দেখ",
        "root_word": "تَرَىٰ",
        "global_word_sequence_number": 73131,
        "global_verse_sequence_number": 5331
    },
    {
        "chapter": 69,
        "verse": 8,
        "juz": 29,
        "hizb": 227,
        "manzil": 7,
        "ruku": 500,
        "word_number_in_verse": 3,
        "language_code": "bn",
        "text": "তদেরকে",
        "root_word": "لَهُم",
        "global_word_sequence_number": 73132,
        "global_verse_sequence_number": 5331
    },
    {
        "chapter": 69,
        "verse": 8,
        "juz": 29,
        "hizb": 227,
        "manzil": 7,
        "ruku": 500,
        "word_number_in_verse": 4,
        "language_code": "bn",
        "text": "কিছু",
        "root_word": "مِّنۢ",
        "global_word_sequence_number": 73133,
        "global_verse_sequence_number": 5331
    },
    {
        "chapter": 69,
        "verse": 8,
        "juz": 29,
        "hizb": 227,
        "manzil": 7,
        "ruku": 500,
        "word_number_in_verse": 5,
        "language_code": "bn",
        "text": "অবশিষ্ট",
        "root_word": "بَاقِيَةٖ",
        "global_word_sequence_number": 73134,
        "global_verse_sequence_number": 5331
    },
    {
        "chapter": 69,
        "verse": 9,
        "juz": 29,
        "hizb": 227,
        "manzil": 7,
        "ruku": 500,
        "word_number_in_verse": 1,
        "language_code": "bn",
        "text": "এবং এসেছিল",
        "root_word": "وَجَآءَ",
        "global_word_sequence_number": 73135,
        "global_verse_sequence_number": 5332
    },
    {
        "chapter": 69,
        "verse": 9,
        "juz": 29,
        "hizb": 227,
        "manzil": 7,
        "ruku": 500,
        "word_number_in_verse": 2,
        "language_code": "bn",
        "text": "ফিরাউন",
        "root_word": "فِرۡعَوۡنُ",
        "global_word_sequence_number": 73136,
        "global_verse_sequence_number": 5332
    },
    {
        "chapter": 69,
        "verse": 9,
        "juz": 29,
        "hizb": 227,
        "manzil": 7,
        "ruku": 500,
        "word_number_in_verse": 3,
        "language_code": "bn",
        "text": "ও যারা",
        "root_word": "وَمَن",
        "global_word_sequence_number": 73137,
        "global_verse_sequence_number": 5332
    },
    {
        "chapter": 69,
        "verse": 9,
        "juz": 29,
        "hizb": 227,
        "manzil": 7,
        "ruku": 500,
        "word_number_in_verse": 4,
        "language_code": "bn",
        "text": "তার পূর্বে",
        "root_word": "قَبۡلَهُۥ",
        "global_word_sequence_number": 73138,
        "global_verse_sequence_number": 5332
    },
    {
        "chapter": 69,
        "verse": 9,
        "juz": 29,
        "hizb": 227,
        "manzil": 7,
        "ruku": 500,
        "word_number_in_verse": 5,
        "language_code": "bn",
        "text": "এবং উলটে দেয়া বস্তীবাসীদের",
        "root_word": "وَالۡمُؤۡتَفِكَٰتُ",
        "global_word_sequence_number": 73139,
        "global_verse_sequence_number": 5332
    },
    {
        "chapter": 69,
        "verse": 9,
        "juz": 29,
        "hizb": 227,
        "manzil": 7,
        "ruku": 500,
        "word_number_in_verse": 6,
        "language_code": "bn",
        "text": "অপরাধের কারণে",
        "root_word": "بِالۡخَاطِئَةِ",
        "global_word_sequence_number": 73140,
        "global_verse_sequence_number": 5332
    },
    {
        "chapter": 69,
        "verse": 10,
        "juz": 29,
        "hizb": 227,
        "manzil": 7,
        "ruku": 500,
        "word_number_in_verse": 1,
        "language_code": "bn",
        "text": "অতঃপর তারা অমান্য করেছিল",
        "root_word": "فَعَصَوۡاْ",
        "global_word_sequence_number": 73141,
        "global_verse_sequence_number": 5333
    },
    {
        "chapter": 69,
        "verse": 10,
        "juz": 29,
        "hizb": 227,
        "manzil": 7,
        "ruku": 500,
        "word_number_in_verse": 2,
        "language_code": "bn",
        "text": "রাসূলকে",
        "root_word": "رَسُولَ",
        "global_word_sequence_number": 73142,
        "global_verse_sequence_number": 5333
    },
    {
        "chapter": 69,
        "verse": 10,
        "juz": 29,
        "hizb": 227,
        "manzil": 7,
        "ruku": 500,
        "word_number_in_verse": 3,
        "language_code": "bn",
        "text": "তাদের রবের",
        "root_word": "رَبِّهِمۡ",
        "global_word_sequence_number": 73143,
        "global_verse_sequence_number": 5333
    },
    {
        "chapter": 69,
        "verse": 10,
        "juz": 29,
        "hizb": 227,
        "manzil": 7,
        "ruku": 500,
        "word_number_in_verse": 4,
        "language_code": "bn",
        "text": "ফলে তাদের ধরলেন",
        "root_word": "فَأَخَذَهُمۡ",
        "global_word_sequence_number": 73144,
        "global_verse_sequence_number": 5333
    },
    {
        "chapter": 69,
        "verse": 10,
        "juz": 29,
        "hizb": 227,
        "manzil": 7,
        "ruku": 500,
        "word_number_in_verse": 5,
        "language_code": "bn",
        "text": "ধরা",
        "root_word": "أَخۡذَةٗ",
        "global_word_sequence_number": 73145,
        "global_verse_sequence_number": 5333
    },
    {
        "chapter": 69,
        "verse": 10,
        "juz": 29,
        "hizb": 227,
        "manzil": 7,
        "ruku": 500,
        "word_number_in_verse": 6,
        "language_code": "bn",
        "text": "শক্ত",
        "root_word": "رَّابِيَةً",
        "global_word_sequence_number": 73146,
        "global_verse_sequence_number": 5333
    },
    {
        "chapter": 69,
        "verse": 11,
        "juz": 29,
        "hizb": 227,
        "manzil": 7,
        "ruku": 500,
        "word_number_in_verse": 1,
        "language_code": "bn",
        "text": "আমরা নিশ্চয়ই",
        "root_word": "إِنَّا",
        "global_word_sequence_number": 73147,
        "global_verse_sequence_number": 5334
    },
    {
        "chapter": 69,
        "verse": 11,
        "juz": 29,
        "hizb": 227,
        "manzil": 7,
        "ruku": 500,
        "word_number_in_verse": 2,
        "language_code": "bn",
        "text": "যখন",
        "root_word": "لَمَّا",
        "global_word_sequence_number": 73148,
        "global_verse_sequence_number": 5334
    },
    {
        "chapter": 69,
        "verse": 11,
        "juz": 29,
        "hizb": 227,
        "manzil": 7,
        "ruku": 500,
        "word_number_in_verse": 3,
        "language_code": "bn",
        "text": "জলোচ্ছ্বাস হয়েছিল",
        "root_word": "طَغَا",
        "global_word_sequence_number": 73149,
        "global_verse_sequence_number": 5334
    },
    {
        "chapter": 69,
        "verse": 11,
        "juz": 29,
        "hizb": 227,
        "manzil": 7,
        "ruku": 500,
        "word_number_in_verse": 4,
        "language_code": "bn",
        "text": "(পানি)",
        "root_word": "الۡمَآءُ",
        "global_word_sequence_number": 73150,
        "global_verse_sequence_number": 5334
    },
    {
        "chapter": 69,
        "verse": 11,
        "juz": 29,
        "hizb": 227,
        "manzil": 7,
        "ruku": 500,
        "word_number_in_verse": 5,
        "language_code": "bn",
        "text": "তোমাদের আমরা আরোহী করেছিলাম",
        "root_word": "حَمَلۡنَٰكُمۡ",
        "global_word_sequence_number": 73151,
        "global_verse_sequence_number": 5334
    },
    {
        "chapter": 69,
        "verse": 11,
        "juz": 29,
        "hizb": 227,
        "manzil": 7,
        "ruku": 500,
        "word_number_in_verse": 6,
        "language_code": "bn",
        "text": "মধ্যে",
        "root_word": "فِي",
        "global_word_sequence_number": 73152,
        "global_verse_sequence_number": 5334
    },
    {
        "chapter": 69,
        "verse": 11,
        "juz": 29,
        "hizb": 227,
        "manzil": 7,
        "ruku": 500,
        "word_number_in_verse": 7,
        "language_code": "bn",
        "text": "নৌযানের",
        "root_word": "الۡجَارِيَةِ",
        "global_word_sequence_number": 73153,
        "global_verse_sequence_number": 5334
    },
    {
        "chapter": 69,
        "verse": 12,
        "juz": 29,
        "hizb": 227,
        "manzil": 7,
        "ruku": 500,
        "word_number_in_verse": 1,
        "language_code": "bn",
        "text": "তা বানাই আমরা যেন",
        "root_word": "لِنَجۡعَلَهَا",
        "global_word_sequence_number": 73154,
        "global_verse_sequence_number": 5335
    },
    {
        "chapter": 69,
        "verse": 12,
        "juz": 29,
        "hizb": 227,
        "manzil": 7,
        "ruku": 500,
        "word_number_in_verse": 2,
        "language_code": "bn",
        "text": "তোমাদের জন্যে",
        "root_word": "لَكُمۡ",
        "global_word_sequence_number": 73155,
        "global_verse_sequence_number": 5335
    },
    {
        "chapter": 69,
        "verse": 12,
        "juz": 29,
        "hizb": 227,
        "manzil": 7,
        "ruku": 500,
        "word_number_in_verse": 3,
        "language_code": "bn",
        "text": "শিক্ষা",
        "root_word": "تَذۡكِرَةٗ",
        "global_word_sequence_number": 73156,
        "global_verse_sequence_number": 5335
    },
    {
        "chapter": 69,
        "verse": 12,
        "juz": 29,
        "hizb": 227,
        "manzil": 7,
        "ruku": 500,
        "word_number_in_verse": 4,
        "language_code": "bn",
        "text": "এবং তার ষ্মৃতি বহন করে",
        "root_word": "وَتَعِيَهَآ",
        "global_word_sequence_number": 73157,
        "global_verse_sequence_number": 5335
    },
    {
        "chapter": 69,
        "verse": 12,
        "juz": 29,
        "hizb": 227,
        "manzil": 7,
        "ruku": 500,
        "word_number_in_verse": 5,
        "language_code": "bn",
        "text": "কান",
        "root_word": "أُذُنٞ",
        "global_word_sequence_number": 73158,
        "global_verse_sequence_number": 5335
    },
    {
        "chapter": 69,
        "verse": 12,
        "juz": 29,
        "hizb": 227,
        "manzil": 7,
        "ruku": 500,
        "word_number_in_verse": 6,
        "language_code": "bn",
        "text": "স্মরন বাহক",
        "root_word": "وَٰعِيَةٞ",
        "global_word_sequence_number": 73159,
        "global_verse_sequence_number": 5335
    },
    {
        "chapter": 69,
        "verse": 13,
        "juz": 29,
        "hizb": 227,
        "manzil": 7,
        "ruku": 500,
        "word_number_in_verse": 1,
        "language_code": "bn",
        "text": "যখন অতঃপর",
        "root_word": "فَإِذَا",
        "global_word_sequence_number": 73160,
        "global_verse_sequence_number": 5336
    },
    {
        "chapter": 69,
        "verse": 13,
        "juz": 29,
        "hizb": 227,
        "manzil": 7,
        "ruku": 500,
        "word_number_in_verse": 2,
        "language_code": "bn",
        "text": "ফুক দেয়া হবে",
        "root_word": "نُفِخَ",
        "global_word_sequence_number": 73161,
        "global_verse_sequence_number": 5336
    },
    {
        "chapter": 69,
        "verse": 13,
        "juz": 29,
        "hizb": 227,
        "manzil": 7,
        "ruku": 500,
        "word_number_in_verse": 3,
        "language_code": "bn",
        "text": "মধ্যে",
        "root_word": "فِي",
        "global_word_sequence_number": 73162,
        "global_verse_sequence_number": 5336
    },
    {
        "chapter": 69,
        "verse": 13,
        "juz": 29,
        "hizb": 227,
        "manzil": 7,
        "ruku": 500,
        "word_number_in_verse": 4,
        "language_code": "bn",
        "text": "শিঙ্গায়",
        "root_word": "الصُّورِ",
        "global_word_sequence_number": 73163,
        "global_verse_sequence_number": 5336
    },
    {
        "chapter": 69,
        "verse": 13,
        "juz": 29,
        "hizb": 227,
        "manzil": 7,
        "ruku": 500,
        "word_number_in_verse": 5,
        "language_code": "bn",
        "text": "ফুক",
        "root_word": "نَفۡخَةٞ",
        "global_word_sequence_number": 73164,
        "global_verse_sequence_number": 5336
    },
    {
        "chapter": 69,
        "verse": 13,
        "juz": 29,
        "hizb": 227,
        "manzil": 7,
        "ruku": 500,
        "word_number_in_verse": 6,
        "language_code": "bn",
        "text": "একবার",
        "root_word": "وَٰحِدَةٞ",
        "global_word_sequence_number": 73165,
        "global_verse_sequence_number": 5336
    },
    {
        "chapter": 69,
        "verse": 14,
        "juz": 29,
        "hizb": 227,
        "manzil": 7,
        "ruku": 500,
        "word_number_in_verse": 1,
        "language_code": "bn",
        "text": "এবং উঠানো হবে",
        "root_word": "وَحُمِلَتِ",
        "global_word_sequence_number": 73166,
        "global_verse_sequence_number": 5337
    },
    {
        "chapter": 69,
        "verse": 14,
        "juz": 29,
        "hizb": 227,
        "manzil": 7,
        "ruku": 500,
        "word_number_in_verse": 2,
        "language_code": "bn",
        "text": "যমীন",
        "root_word": "الۡأَرۡضُ",
        "global_word_sequence_number": 73167,
        "global_verse_sequence_number": 5337
    },
    {
        "chapter": 69,
        "verse": 14,
        "juz": 29,
        "hizb": 227,
        "manzil": 7,
        "ruku": 500,
        "word_number_in_verse": 3,
        "language_code": "bn",
        "text": "এবং পাহাড়গুলো",
        "root_word": "وَالۡجِبَالُ",
        "global_word_sequence_number": 73168,
        "global_verse_sequence_number": 5337
    },
    {
        "chapter": 69,
        "verse": 14,
        "juz": 29,
        "hizb": 227,
        "manzil": 7,
        "ruku": 500,
        "word_number_in_verse": 4,
        "language_code": "bn",
        "text": "বিচূর্ণ করা হবে অতঃপর",
        "root_word": "فَدُكَّتَا",
        "global_word_sequence_number": 73169,
        "global_verse_sequence_number": 5337
    },
    {
        "chapter": 69,
        "verse": 14,
        "juz": 29,
        "hizb": 227,
        "manzil": 7,
        "ruku": 500,
        "word_number_in_verse": 5,
        "language_code": "bn",
        "text": "চূর্ণ বিচূর্ণ",
        "root_word": "دَكَّةٗ",
        "global_word_sequence_number": 73170,
        "global_verse_sequence_number": 5337
    },
    {
        "chapter": 69,
        "verse": 14,
        "juz": 29,
        "hizb": 227,
        "manzil": 7,
        "ruku": 500,
        "word_number_in_verse": 6,
        "language_code": "bn",
        "text": "একবার",
        "root_word": "وَٰحِدَةٗ",
        "global_word_sequence_number": 73171,
        "global_verse_sequence_number": 5337
    },
    {
        "chapter": 69,
        "verse": 15,
        "juz": 29,
        "hizb": 227,
        "manzil": 7,
        "ruku": 500,
        "word_number_in_verse": 1,
        "language_code": "bn",
        "text": "সেদিন অতঃপর",
        "root_word": "فَيَوۡمَئِذٖ",
        "global_word_sequence_number": 73172,
        "global_verse_sequence_number": 5338
    },
    {
        "chapter": 69,
        "verse": 15,
        "juz": 29,
        "hizb": 227,
        "manzil": 7,
        "ruku": 500,
        "word_number_in_verse": 2,
        "language_code": "bn",
        "text": "সংঘটিত হবে",
        "root_word": "وَقَعَتِ",
        "global_word_sequence_number": 73173,
        "global_verse_sequence_number": 5338
    },
    {
        "chapter": 69,
        "verse": 15,
        "juz": 29,
        "hizb": 227,
        "manzil": 7,
        "ruku": 500,
        "word_number_in_verse": 3,
        "language_code": "bn",
        "text": "মহাপ্রলয়",
        "root_word": "الۡوَاقِعَةُ",
        "global_word_sequence_number": 73174,
        "global_verse_sequence_number": 5338
    },
    {
        "chapter": 69,
        "verse": 16,
        "juz": 29,
        "hizb": 227,
        "manzil": 7,
        "ruku": 500,
        "word_number_in_verse": 1,
        "language_code": "bn",
        "text": "এবং বিদীর্ণ হবে",
        "root_word": "وَانشَقَّتِ",
        "global_word_sequence_number": 73175,
        "global_verse_sequence_number": 5339
    },
    {
        "chapter": 69,
        "verse": 16,
        "juz": 29,
        "hizb": 227,
        "manzil": 7,
        "ruku": 500,
        "word_number_in_verse": 2,
        "language_code": "bn",
        "text": "আসমান",
        "root_word": "السَّمَآءُ",
        "global_word_sequence_number": 73176,
        "global_verse_sequence_number": 5339
    },
    {
        "chapter": 69,
        "verse": 16,
        "juz": 29,
        "hizb": 227,
        "manzil": 7,
        "ruku": 500,
        "word_number_in_verse": 3,
        "language_code": "bn",
        "text": "তা অতঃপর",
        "root_word": "فَهِيَ",
        "global_word_sequence_number": 73177,
        "global_verse_sequence_number": 5339
    },
    {
        "chapter": 69,
        "verse": 16,
        "juz": 29,
        "hizb": 227,
        "manzil": 7,
        "ruku": 500,
        "word_number_in_verse": 4,
        "language_code": "bn",
        "text": "সেদিন",
        "root_word": "يَوۡمَئِذٖ",
        "global_word_sequence_number": 73178,
        "global_verse_sequence_number": 5339
    },
    {
        "chapter": 69,
        "verse": 16,
        "juz": 29,
        "hizb": 227,
        "manzil": 7,
        "ruku": 500,
        "word_number_in_verse": 5,
        "language_code": "bn",
        "text": "বিশ্লিষ্ট হবে",
        "root_word": "وَاهِيَةٞ",
        "global_word_sequence_number": 73179,
        "global_verse_sequence_number": 5339
    },
    {
        "chapter": 69,
        "verse": 17,
        "juz": 29,
        "hizb": 227,
        "manzil": 7,
        "ruku": 500,
        "word_number_in_verse": 1,
        "language_code": "bn",
        "text": "এবং ফেরেশতাগণ",
        "root_word": "وَالۡمَلَكُ",
        "global_word_sequence_number": 73180,
        "global_verse_sequence_number": 5340
    },
    {
        "chapter": 69,
        "verse": 17,
        "juz": 29,
        "hizb": 227,
        "manzil": 7,
        "ruku": 500,
        "word_number_in_verse": 2,
        "language_code": "bn",
        "text": "উপর",
        "root_word": "عَلَىٰٓ",
        "global_word_sequence_number": 73181,
        "global_verse_sequence_number": 5340
    },
    {
        "chapter": 69,
        "verse": 17,
        "juz": 29,
        "hizb": 227,
        "manzil": 7,
        "ruku": 500,
        "word_number_in_verse": 3,
        "language_code": "bn",
        "text": "(আসমানের) বিভিন্ন প্রান্তে থাকবে",
        "root_word": "أَرۡجَآئِهَاۚ",
        "global_word_sequence_number": 73182,
        "global_verse_sequence_number": 5340
    },
    {
        "chapter": 69,
        "verse": 17,
        "juz": 29,
        "hizb": 227,
        "manzil": 7,
        "ruku": 500,
        "word_number_in_verse": 4,
        "language_code": "bn",
        "text": "এবং বহন করবে",
        "root_word": "وَيَحۡمِلُ",
        "global_word_sequence_number": 73183,
        "global_verse_sequence_number": 5340
    },
    {
        "chapter": 69,
        "verse": 17,
        "juz": 29,
        "hizb": 227,
        "manzil": 7,
        "ruku": 500,
        "word_number_in_verse": 5,
        "language_code": "bn",
        "text": "আরশ",
        "root_word": "عَرۡشَ",
        "global_word_sequence_number": 73184,
        "global_verse_sequence_number": 5340
    },
    {
        "chapter": 69,
        "verse": 17,
        "juz": 29,
        "hizb": 227,
        "manzil": 7,
        "ruku": 500,
        "word_number_in_verse": 6,
        "language_code": "bn",
        "text": "তোমার রবের",
        "root_word": "رَبِّكَ",
        "global_word_sequence_number": 73185,
        "global_verse_sequence_number": 5340
    },
    {
        "chapter": 69,
        "verse": 17,
        "juz": 29,
        "hizb": 227,
        "manzil": 7,
        "ruku": 500,
        "word_number_in_verse": 7,
        "language_code": "bn",
        "text": "তাদের উপরে,",
        "root_word": "فَوۡقَهُمۡ",
        "global_word_sequence_number": 73186,
        "global_verse_sequence_number": 5340
    },
    {
        "chapter": 69,
        "verse": 17,
        "juz": 29,
        "hizb": 227,
        "manzil": 7,
        "ruku": 500,
        "word_number_in_verse": 8,
        "language_code": "bn",
        "text": "সেদিন",
        "root_word": "يَوۡمَئِذٖ",
        "global_word_sequence_number": 73187,
        "global_verse_sequence_number": 5340
    },
    {
        "chapter": 69,
        "verse": 17,
        "juz": 29,
        "hizb": 227,
        "manzil": 7,
        "ruku": 500,
        "word_number_in_verse": 9,
        "language_code": "bn",
        "text": "আট (ফেরেশতা)",
        "root_word": "ثَمَٰنِيَةٞ",
        "global_word_sequence_number": 73188,
        "global_verse_sequence_number": 5340
    },
    {
        "chapter": 69,
        "verse": 18,
        "juz": 29,
        "hizb": 227,
        "manzil": 7,
        "ruku": 500,
        "word_number_in_verse": 1,
        "language_code": "bn",
        "text": "সেদিন",
        "root_word": "يَوۡمَئِذٖ",
        "global_word_sequence_number": 73189,
        "global_verse_sequence_number": 5341
    },
    {
        "chapter": 69,
        "verse": 18,
        "juz": 29,
        "hizb": 227,
        "manzil": 7,
        "ruku": 500,
        "word_number_in_verse": 2,
        "language_code": "bn",
        "text": "পেশ করা হবে তোমাদের",
        "root_word": "تُعۡرَضُونَ",
        "global_word_sequence_number": 73190,
        "global_verse_sequence_number": 5341
    },
    {
        "chapter": 69,
        "verse": 18,
        "juz": 29,
        "hizb": 227,
        "manzil": 7,
        "ruku": 500,
        "word_number_in_verse": 3,
        "language_code": "bn",
        "text": "না",
        "root_word": "لَا",
        "global_word_sequence_number": 73191,
        "global_verse_sequence_number": 5341
    },
    {
        "chapter": 69,
        "verse": 18,
        "juz": 29,
        "hizb": 227,
        "manzil": 7,
        "ruku": 500,
        "word_number_in_verse": 4,
        "language_code": "bn",
        "text": "আড়াল করা হবে",
        "root_word": "تَخۡفَىٰ",
        "global_word_sequence_number": 73192,
        "global_verse_sequence_number": 5341
    },
    {
        "chapter": 69,
        "verse": 18,
        "juz": 29,
        "hizb": 227,
        "manzil": 7,
        "ruku": 500,
        "word_number_in_verse": 5,
        "language_code": "bn",
        "text": "তোমাদের মধ্যে",
        "root_word": "مِنكُمۡ",
        "global_word_sequence_number": 73193,
        "global_verse_sequence_number": 5341
    },
    {
        "chapter": 69,
        "verse": 18,
        "juz": 29,
        "hizb": 227,
        "manzil": 7,
        "ruku": 500,
        "word_number_in_verse": 6,
        "language_code": "bn",
        "text": "কোন গোপন কিছুই",
        "root_word": "خَافِيَةٞ",
        "global_word_sequence_number": 73194,
        "global_verse_sequence_number": 5341
    },
    {
        "chapter": 69,
        "verse": 19,
        "juz": 29,
        "hizb": 227,
        "manzil": 7,
        "ruku": 500,
        "word_number_in_verse": 1,
        "language_code": "bn",
        "text": "আর",
        "root_word": "فَأَمَّا",
        "global_word_sequence_number": 73195,
        "global_verse_sequence_number": 5342
    },
    {
        "chapter": 69,
        "verse": 19,
        "juz": 29,
        "hizb": 227,
        "manzil": 7,
        "ruku": 500,
        "word_number_in_verse": 2,
        "language_code": "bn",
        "text": "যাকে",
        "root_word": "مَنۡ",
        "global_word_sequence_number": 73196,
        "global_verse_sequence_number": 5342
    },
    {
        "chapter": 69,
        "verse": 19,
        "juz": 29,
        "hizb": 227,
        "manzil": 7,
        "ruku": 500,
        "word_number_in_verse": 3,
        "language_code": "bn",
        "text": "দেয়া হবে",
        "root_word": "أُوتِيَ",
        "global_word_sequence_number": 73197,
        "global_verse_sequence_number": 5342
    },
    {
        "chapter": 69,
        "verse": 19,
        "juz": 29,
        "hizb": 227,
        "manzil": 7,
        "ruku": 500,
        "word_number_in_verse": 4,
        "language_code": "bn",
        "text": "তার আমলনামা",
        "root_word": "كِتَٰبَهُۥ",
        "global_word_sequence_number": 73198,
        "global_verse_sequence_number": 5342
    },
    {
        "chapter": 69,
        "verse": 19,
        "juz": 29,
        "hizb": 227,
        "manzil": 7,
        "ruku": 500,
        "word_number_in_verse": 5,
        "language_code": "bn",
        "text": "তাঁর ডান হাতে",
        "root_word": "بِيَمِينِهِۦ",
        "global_word_sequence_number": 73199,
        "global_verse_sequence_number": 5342
    },
    {
        "chapter": 69,
        "verse": 19,
        "juz": 29,
        "hizb": 227,
        "manzil": 7,
        "ruku": 500,
        "word_number_in_verse": 6,
        "language_code": "bn",
        "text": "সে বলবে অতংপর",
        "root_word": "فَيَقُولُ",
        "global_word_sequence_number": 73200,
        "global_verse_sequence_number": 5342
    },
    {
        "chapter": 69,
        "verse": 19,
        "juz": 29,
        "hizb": 227,
        "manzil": 7,
        "ruku": 500,
        "word_number_in_verse": 7,
        "language_code": "bn",
        "text": "\"এখানে,",
        "root_word": "هَآؤُمُ",
        "global_word_sequence_number": 73201,
        "global_verse_sequence_number": 5342
    },
    {
        "chapter": 69,
        "verse": 19,
        "juz": 29,
        "hizb": 227,
        "manzil": 7,
        "ruku": 500,
        "word_number_in_verse": 8,
        "language_code": "bn",
        "text": "তোমরা পড়",
        "root_word": "اقۡرَءُواْ",
        "global_word_sequence_number": 73202,
        "global_verse_sequence_number": 5342
    },
    {
        "chapter": 69,
        "verse": 19,
        "juz": 29,
        "hizb": 227,
        "manzil": 7,
        "ruku": 500,
        "word_number_in_verse": 9,
        "language_code": "bn",
        "text": "আমার আমলনামা",
        "root_word": "كِتَٰبِيَهۡ",
        "global_word_sequence_number": 73203,
        "global_verse_sequence_number": 5342
    },
    {
        "chapter": 69,
        "verse": 20,
        "juz": 29,
        "hizb": 227,
        "manzil": 7,
        "ruku": 500,
        "word_number_in_verse": 1,
        "language_code": "bn",
        "text": "নিশ্চয়ই, আমি",
        "root_word": "إِنِّي",
        "global_word_sequence_number": 73204,
        "global_verse_sequence_number": 5343
    },
    {
        "chapter": 69,
        "verse": 20,
        "juz": 29,
        "hizb": 227,
        "manzil": 7,
        "ruku": 500,
        "word_number_in_verse": 2,
        "language_code": "bn",
        "text": "মনে করেছিলাম",
        "root_word": "ظَنَنتُ",
        "global_word_sequence_number": 73205,
        "global_verse_sequence_number": 5343
    },
    {
        "chapter": 69,
        "verse": 20,
        "juz": 29,
        "hizb": 227,
        "manzil": 7,
        "ruku": 500,
        "word_number_in_verse": 3,
        "language_code": "bn",
        "text": "আমি যে",
        "root_word": "أَنِّي",
        "global_word_sequence_number": 73206,
        "global_verse_sequence_number": 5343
    },
    {
        "chapter": 69,
        "verse": 20,
        "juz": 29,
        "hizb": 227,
        "manzil": 7,
        "ruku": 500,
        "word_number_in_verse": 4,
        "language_code": "bn",
        "text": "সাক্ষাৎকারী",
        "root_word": "مُلَٰقٍ",
        "global_word_sequence_number": 73207,
        "global_verse_sequence_number": 5343
    },
    {
        "chapter": 69,
        "verse": 20,
        "juz": 29,
        "hizb": 227,
        "manzil": 7,
        "ruku": 500,
        "word_number_in_verse": 5,
        "language_code": "bn",
        "text": "আমার হিসাবের\"",
        "root_word": "حِسَابِيَهۡ",
        "global_word_sequence_number": 73208,
        "global_verse_sequence_number": 5343
    },
    {
        "chapter": 69,
        "verse": 21,
        "juz": 29,
        "hizb": 227,
        "manzil": 7,
        "ruku": 500,
        "word_number_in_verse": 1,
        "language_code": "bn",
        "text": "সে অতংপর",
        "root_word": "فَهُوَ",
        "global_word_sequence_number": 73209,
        "global_verse_sequence_number": 5344
    },
    {
        "chapter": 69,
        "verse": 21,
        "juz": 29,
        "hizb": 227,
        "manzil": 7,
        "ruku": 500,
        "word_number_in_verse": 2,
        "language_code": "bn",
        "text": "মধ্যে হবে",
        "root_word": "فِي",
        "global_word_sequence_number": 73210,
        "global_verse_sequence_number": 5344
    },
    {
        "chapter": 69,
        "verse": 21,
        "juz": 29,
        "hizb": 227,
        "manzil": 7,
        "ruku": 500,
        "word_number_in_verse": 3,
        "language_code": "bn",
        "text": "জীবনের",
        "root_word": "عِيشَةٖ",
        "global_word_sequence_number": 73211,
        "global_verse_sequence_number": 5344
    },
    {
        "chapter": 69,
        "verse": 21,
        "juz": 29,
        "hizb": 227,
        "manzil": 7,
        "ruku": 500,
        "word_number_in_verse": 4,
        "language_code": "bn",
        "text": "সন্তোষজনক",
        "root_word": "رَّاضِيَةٖ",
        "global_word_sequence_number": 73212,
        "global_verse_sequence_number": 5344
    },
    {
        "chapter": 69,
        "verse": 22,
        "juz": 29,
        "hizb": 227,
        "manzil": 7,
        "ruku": 500,
        "word_number_in_verse": 1,
        "language_code": "bn",
        "text": "মধ্যে",
        "root_word": "فِي",
        "global_word_sequence_number": 73213,
        "global_verse_sequence_number": 5345
    },
    {
        "chapter": 69,
        "verse": 22,
        "juz": 29,
        "hizb": 227,
        "manzil": 7,
        "ruku": 500,
        "word_number_in_verse": 2,
        "language_code": "bn",
        "text": "জান্নাতের",
        "root_word": "جَنَّةٍ",
        "global_word_sequence_number": 73214,
        "global_verse_sequence_number": 5345
    },
    {
        "chapter": 69,
        "verse": 22,
        "juz": 29,
        "hizb": 227,
        "manzil": 7,
        "ruku": 500,
        "word_number_in_verse": 3,
        "language_code": "bn",
        "text": "সুউচ্চ",
        "root_word": "عَالِيَةٖ",
        "global_word_sequence_number": 73215,
        "global_verse_sequence_number": 5345
    },
    {
        "chapter": 69,
        "verse": 23,
        "juz": 29,
        "hizb": 227,
        "manzil": 7,
        "ruku": 500,
        "word_number_in_verse": 1,
        "language_code": "bn",
        "text": "তার ফলরাশি (থাকবে)",
        "root_word": "قُطُوفُهَا",
        "global_word_sequence_number": 73216,
        "global_verse_sequence_number": 5346
    },
    {
        "chapter": 69,
        "verse": 23,
        "juz": 29,
        "hizb": 227,
        "manzil": 7,
        "ruku": 500,
        "word_number_in_verse": 2,
        "language_code": "bn",
        "text": "নিকটে",
        "root_word": "دَانِيَةٞ",
        "global_word_sequence_number": 73217,
        "global_verse_sequence_number": 5346
    },
    {
        "chapter": 69,
        "verse": 24,
        "juz": 29,
        "hizb": 227,
        "manzil": 7,
        "ruku": 500,
        "word_number_in_verse": 1,
        "language_code": "bn",
        "text": "\"তোমরা খাও",
        "root_word": "كُلُواْ",
        "global_word_sequence_number": 73218,
        "global_verse_sequence_number": 5347
    },
    {
        "chapter": 69,
        "verse": 24,
        "juz": 29,
        "hizb": 227,
        "manzil": 7,
        "ruku": 500,
        "word_number_in_verse": 2,
        "language_code": "bn",
        "text": "ও পান কর",
        "root_word": "وَاشۡرَبُواْ",
        "global_word_sequence_number": 73219,
        "global_verse_sequence_number": 5347
    },
    {
        "chapter": 69,
        "verse": 24,
        "juz": 29,
        "hizb": 227,
        "manzil": 7,
        "ruku": 500,
        "word_number_in_verse": 3,
        "language_code": "bn",
        "text": "মজা করে",
        "root_word": "هَنِيٓـَٔۢا",
        "global_word_sequence_number": 73220,
        "global_verse_sequence_number": 5347
    },
    {
        "chapter": 69,
        "verse": 24,
        "juz": 29,
        "hizb": 227,
        "manzil": 7,
        "ruku": 500,
        "word_number_in_verse": 4,
        "language_code": "bn",
        "text": "যা বদলে",
        "root_word": "بِمَآ",
        "global_word_sequence_number": 73221,
        "global_verse_sequence_number": 5347
    },
    {
        "chapter": 69,
        "verse": 24,
        "juz": 29,
        "hizb": 227,
        "manzil": 7,
        "ruku": 500,
        "word_number_in_verse": 5,
        "language_code": "bn",
        "text": "তোমরা অতিবাহিত করেছ",
        "root_word": "أَسۡلَفۡتُمۡ",
        "global_word_sequence_number": 73222,
        "global_verse_sequence_number": 5347
    },
    {
        "chapter": 69,
        "verse": 24,
        "juz": 29,
        "hizb": 227,
        "manzil": 7,
        "ruku": 500,
        "word_number_in_verse": 6,
        "language_code": "bn",
        "text": "মধ্যে",
        "root_word": "فِي",
        "global_word_sequence_number": 73223,
        "global_verse_sequence_number": 5347
    },
    {
        "chapter": 69,
        "verse": 24,
        "juz": 29,
        "hizb": 227,
        "manzil": 7,
        "ruku": 500,
        "word_number_in_verse": 7,
        "language_code": "bn",
        "text": "দিনগুলোর",
        "root_word": "الۡأَيَّامِ",
        "global_word_sequence_number": 73224,
        "global_verse_sequence_number": 5347
    },
    {
        "chapter": 69,
        "verse": 24,
        "juz": 29,
        "hizb": 227,
        "manzil": 7,
        "ruku": 500,
        "word_number_in_verse": 8,
        "language_code": "bn",
        "text": "বিগত\"",
        "root_word": "الۡخَالِيَةِ",
        "global_word_sequence_number": 73225,
        "global_verse_sequence_number": 5347
    },
    {
        "chapter": 69,
        "verse": 25,
        "juz": 29,
        "hizb": 227,
        "manzil": 7,
        "ruku": 500,
        "word_number_in_verse": 1,
        "language_code": "bn",
        "text": "আর",
        "root_word": "وَأَمَّا",
        "global_word_sequence_number": 73226,
        "global_verse_sequence_number": 5348
    },
    {
        "chapter": 69,
        "verse": 25,
        "juz": 29,
        "hizb": 227,
        "manzil": 7,
        "ruku": 500,
        "word_number_in_verse": 2,
        "language_code": "bn",
        "text": "যাকে",
        "root_word": "مَنۡ",
        "global_word_sequence_number": 73227,
        "global_verse_sequence_number": 5348
    },
    {
        "chapter": 69,
        "verse": 25,
        "juz": 29,
        "hizb": 227,
        "manzil": 7,
        "ruku": 500,
        "word_number_in_verse": 3,
        "language_code": "bn",
        "text": "দেয়া হবে",
        "root_word": "أُوتِيَ",
        "global_word_sequence_number": 73228,
        "global_verse_sequence_number": 5348
    },
    {
        "chapter": 69,
        "verse": 25,
        "juz": 29,
        "hizb": 227,
        "manzil": 7,
        "ruku": 500,
        "word_number_in_verse": 4,
        "language_code": "bn",
        "text": "তার আমলনামা",
        "root_word": "كِتَٰبَهُۥ",
        "global_word_sequence_number": 73229,
        "global_verse_sequence_number": 5348
    },
    {
        "chapter": 69,
        "verse": 25,
        "juz": 29,
        "hizb": 227,
        "manzil": 7,
        "ruku": 500,
        "word_number_in_verse": 5,
        "language_code": "bn",
        "text": "তার বাম হাতে",
        "root_word": "بِشِمَالِهِۦ",
        "global_word_sequence_number": 73230,
        "global_verse_sequence_number": 5348
    },
    {
        "chapter": 69,
        "verse": 25,
        "juz": 29,
        "hizb": 227,
        "manzil": 7,
        "ruku": 500,
        "word_number_in_verse": 6,
        "language_code": "bn",
        "text": "সে বলবে অতংপর",
        "root_word": "فَيَقُولُ",
        "global_word_sequence_number": 73231,
        "global_verse_sequence_number": 5348
    },
    {
        "chapter": 69,
        "verse": 25,
        "juz": 29,
        "hizb": 227,
        "manzil": 7,
        "ruku": 500,
        "word_number_in_verse": 7,
        "language_code": "bn",
        "text": "\"আমার আফসোস",
        "root_word": "يَٰلَيۡتَنِي",
        "global_word_sequence_number": 73232,
        "global_verse_sequence_number": 5348
    },
    {
        "chapter": 69,
        "verse": 25,
        "juz": 29,
        "hizb": 227,
        "manzil": 7,
        "ruku": 500,
        "word_number_in_verse": 8,
        "language_code": "bn",
        "text": "না (যদি)",
        "root_word": "لَمۡ",
        "global_word_sequence_number": 73233,
        "global_verse_sequence_number": 5348
    },
    {
        "chapter": 69,
        "verse": 25,
        "juz": 29,
        "hizb": 227,
        "manzil": 7,
        "ruku": 500,
        "word_number_in_verse": 9,
        "language_code": "bn",
        "text": "দেয়া হত",
        "root_word": "أُوتَ",
        "global_word_sequence_number": 73234,
        "global_verse_sequence_number": 5348
    },
    {
        "chapter": 69,
        "verse": 25,
        "juz": 29,
        "hizb": 227,
        "manzil": 7,
        "ruku": 500,
        "word_number_in_verse": 10,
        "language_code": "bn",
        "text": "আমার আমলনামা",
        "root_word": "كِتَٰبِيَهۡ",
        "global_word_sequence_number": 73235,
        "global_verse_sequence_number": 5348
    },
    {
        "chapter": 69,
        "verse": 26,
        "juz": 29,
        "hizb": 227,
        "manzil": 7,
        "ruku": 500,
        "word_number_in_verse": 1,
        "language_code": "bn",
        "text": "এবং না",
        "root_word": "وَلَمۡ",
        "global_word_sequence_number": 73236,
        "global_verse_sequence_number": 5349
    },
    {
        "chapter": 69,
        "verse": 26,
        "juz": 29,
        "hizb": 227,
        "manzil": 7,
        "ruku": 500,
        "word_number_in_verse": 2,
        "language_code": "bn",
        "text": "আমি জানতাম",
        "root_word": "أَدۡرِ",
        "global_word_sequence_number": 73237,
        "global_verse_sequence_number": 5349
    },
    {
        "chapter": 69,
        "verse": 26,
        "juz": 29,
        "hizb": 227,
        "manzil": 7,
        "ruku": 500,
        "word_number_in_verse": 3,
        "language_code": "bn",
        "text": "যা",
        "root_word": "مَا",
        "global_word_sequence_number": 73238,
        "global_verse_sequence_number": 5349
    },
    {
        "chapter": 69,
        "verse": 26,
        "juz": 29,
        "hizb": 227,
        "manzil": 7,
        "ruku": 500,
        "word_number_in_verse": 4,
        "language_code": "bn",
        "text": "আমার হিসাব",
        "root_word": "حِسَابِيَهۡ",
        "global_word_sequence_number": 73239,
        "global_verse_sequence_number": 5349
    },
    {
        "chapter": 69,
        "verse": 27,
        "juz": 29,
        "hizb": 227,
        "manzil": 7,
        "ruku": 500,
        "word_number_in_verse": 1,
        "language_code": "bn",
        "text": "হায় তা",
        "root_word": "يَٰلَيۡتَهَا",
        "global_word_sequence_number": 73240,
        "global_verse_sequence_number": 5350
    },
    {
        "chapter": 69,
        "verse": 27,
        "juz": 29,
        "hizb": 227,
        "manzil": 7,
        "ruku": 500,
        "word_number_in_verse": 2,
        "language_code": "bn",
        "text": "যদি হত",
        "root_word": "كَانَتِ",
        "global_word_sequence_number": 73241,
        "global_verse_sequence_number": 5350
    },
    {
        "chapter": 69,
        "verse": 27,
        "juz": 29,
        "hizb": 227,
        "manzil": 7,
        "ruku": 500,
        "word_number_in_verse": 3,
        "language_code": "bn",
        "text": "(মৃত্যু) চূড়ান্ত",
        "root_word": "الۡقَاضِيَةَ",
        "global_word_sequence_number": 73242,
        "global_verse_sequence_number": 5350
    },
    {
        "chapter": 69,
        "verse": 28,
        "juz": 29,
        "hizb": 227,
        "manzil": 7,
        "ruku": 500,
        "word_number_in_verse": 1,
        "language_code": "bn",
        "text": "না",
        "root_word": "مَآ",
        "global_word_sequence_number": 73243,
        "global_verse_sequence_number": 5351
    },
    {
        "chapter": 69,
        "verse": 28,
        "juz": 29,
        "hizb": 227,
        "manzil": 7,
        "ruku": 500,
        "word_number_in_verse": 2,
        "language_code": "bn",
        "text": "কাজে আসল",
        "root_word": "أَغۡنَىٰ",
        "global_word_sequence_number": 73244,
        "global_verse_sequence_number": 5351
    },
    {
        "chapter": 69,
        "verse": 28,
        "juz": 29,
        "hizb": 227,
        "manzil": 7,
        "ruku": 500,
        "word_number_in_verse": 3,
        "language_code": "bn",
        "text": "আমার জন্যে",
        "root_word": "عَنِّي",
        "global_word_sequence_number": 73245,
        "global_verse_sequence_number": 5351
    },
    {
        "chapter": 69,
        "verse": 28,
        "juz": 29,
        "hizb": 227,
        "manzil": 7,
        "ruku": 500,
        "word_number_in_verse": 4,
        "language_code": "bn",
        "text": "আমার ধন-সম্পদ,",
        "root_word": "مَالِيَهۡۜ",
        "global_word_sequence_number": 73246,
        "global_verse_sequence_number": 5351
    },
    {
        "chapter": 69,
        "verse": 29,
        "juz": 29,
        "hizb": 227,
        "manzil": 7,
        "ruku": 500,
        "word_number_in_verse": 1,
        "language_code": "bn",
        "text": "বরবাদ হয়েছে",
        "root_word": "هَلَكَ",
        "global_word_sequence_number": 73247,
        "global_verse_sequence_number": 5352
    },
    {
        "chapter": 69,
        "verse": 29,
        "juz": 29,
        "hizb": 227,
        "manzil": 7,
        "ruku": 500,
        "word_number_in_verse": 2,
        "language_code": "bn",
        "text": "আমার থেকে",
        "root_word": "عَنِّي",
        "global_word_sequence_number": 73248,
        "global_verse_sequence_number": 5352
    },
    {
        "chapter": 69,
        "verse": 29,
        "juz": 29,
        "hizb": 227,
        "manzil": 7,
        "ruku": 500,
        "word_number_in_verse": 3,
        "language_code": "bn",
        "text": "আমার ক্ষমতা\"",
        "root_word": "سُلۡطَٰنِيَهۡ",
        "global_word_sequence_number": 73249,
        "global_verse_sequence_number": 5352
    },
    {
        "chapter": 69,
        "verse": 30,
        "juz": 29,
        "hizb": 227,
        "manzil": 7,
        "ruku": 500,
        "word_number_in_verse": 1,
        "language_code": "bn",
        "text": "\"তাকে ধর",
        "root_word": "خُذُوهُ",
        "global_word_sequence_number": 73250,
        "global_verse_sequence_number": 5353
    },
    {
        "chapter": 69,
        "verse": 30,
        "juz": 29,
        "hizb": 227,
        "manzil": 7,
        "ruku": 500,
        "word_number_in_verse": 2,
        "language_code": "bn",
        "text": "তাকে বেড়ি অতংপর পরাও",
        "root_word": "فَغُلُّوهُ",
        "global_word_sequence_number": 73251,
        "global_verse_sequence_number": 5353
    },
    {
        "chapter": 69,
        "verse": 31,
        "juz": 29,
        "hizb": 227,
        "manzil": 7,
        "ruku": 500,
        "word_number_in_verse": 1,
        "language_code": "bn",
        "text": "তারপর",
        "root_word": "ثُمَّ",
        "global_word_sequence_number": 73252,
        "global_verse_sequence_number": 5354
    },
    {
        "chapter": 69,
        "verse": 31,
        "juz": 29,
        "hizb": 227,
        "manzil": 7,
        "ruku": 500,
        "word_number_in_verse": 2,
        "language_code": "bn",
        "text": "জাহান্নামে",
        "root_word": "الۡجَحِيمَ",
        "global_word_sequence_number": 73253,
        "global_verse_sequence_number": 5354
    },
    {
        "chapter": 69,
        "verse": 31,
        "juz": 29,
        "hizb": 227,
        "manzil": 7,
        "ruku": 500,
        "word_number_in_verse": 3,
        "language_code": "bn",
        "text": "অগ্নিদগ্ধ কর.",
        "root_word": "صَلُّوهُ",
        "global_word_sequence_number": 73254,
        "global_verse_sequence_number": 5354
    },
    {
        "chapter": 69,
        "verse": 32,
        "juz": 29,
        "hizb": 227,
        "manzil": 7,
        "ruku": 500,
        "word_number_in_verse": 1,
        "language_code": "bn",
        "text": "তারপর",
        "root_word": "ثُمَّ",
        "global_word_sequence_number": 73255,
        "global_verse_sequence_number": 5355
    },
    {
        "chapter": 69,
        "verse": 32,
        "juz": 29,
        "hizb": 227,
        "manzil": 7,
        "ruku": 500,
        "word_number_in_verse": 2,
        "language_code": "bn",
        "text": "মধ্যে",
        "root_word": "فِي",
        "global_word_sequence_number": 73256,
        "global_verse_sequence_number": 5355
    },
    {
        "chapter": 69,
        "verse": 32,
        "juz": 29,
        "hizb": 227,
        "manzil": 7,
        "ruku": 500,
        "word_number_in_verse": 3,
        "language_code": "bn",
        "text": "শিকল",
        "root_word": "سِلۡسِلَةٖ",
        "global_word_sequence_number": 73257,
        "global_verse_sequence_number": 5355
    },
    {
        "chapter": 69,
        "verse": 32,
        "juz": 29,
        "hizb": 227,
        "manzil": 7,
        "ruku": 500,
        "word_number_in_verse": 4,
        "language_code": "bn",
        "text": "তার দীর্ঘতা",
        "root_word": "ذَرۡعُهَا",
        "global_word_sequence_number": 73258,
        "global_verse_sequence_number": 5355
    },
    {
        "chapter": 69,
        "verse": 32,
        "juz": 29,
        "hizb": 227,
        "manzil": 7,
        "ruku": 500,
        "word_number_in_verse": 5,
        "language_code": "bn",
        "text": "সত্তর",
        "root_word": "سَبۡعُونَ",
        "global_word_sequence_number": 73259,
        "global_verse_sequence_number": 5355
    },
    {
        "chapter": 69,
        "verse": 32,
        "juz": 29,
        "hizb": 227,
        "manzil": 7,
        "ruku": 500,
        "word_number_in_verse": 6,
        "language_code": "bn",
        "text": "হাত",
        "root_word": "ذِرَاعٗا",
        "global_word_sequence_number": 73260,
        "global_verse_sequence_number": 5355
    },
    {
        "chapter": 69,
        "verse": 32,
        "juz": 29,
        "hizb": 227,
        "manzil": 7,
        "ruku": 500,
        "word_number_in_verse": 7,
        "language_code": "bn",
        "text": "অতংপর তাকে বেধে ফেল\"",
        "root_word": "فَاسۡلُكُوهُ",
        "global_word_sequence_number": 73261,
        "global_verse_sequence_number": 5355
    },
    {
        "chapter": 69,
        "verse": 33,
        "juz": 29,
        "hizb": 227,
        "manzil": 7,
        "ruku": 500,
        "word_number_in_verse": 1,
        "language_code": "bn",
        "text": "সে নিশ্চয়",
        "root_word": "إِنَّهُۥ",
        "global_word_sequence_number": 73262,
        "global_verse_sequence_number": 5356
    },
    {
        "chapter": 69,
        "verse": 33,
        "juz": 29,
        "hizb": 227,
        "manzil": 7,
        "ruku": 500,
        "word_number_in_verse": 2,
        "language_code": "bn",
        "text": "ছিল",
        "root_word": "كَانَ",
        "global_word_sequence_number": 73263,
        "global_verse_sequence_number": 5356
    },
    {
        "chapter": 69,
        "verse": 33,
        "juz": 29,
        "hizb": 227,
        "manzil": 7,
        "ruku": 500,
        "word_number_in_verse": 3,
        "language_code": "bn",
        "text": "না",
        "root_word": "لَا",
        "global_word_sequence_number": 73264,
        "global_verse_sequence_number": 5356
    },
    {
        "chapter": 69,
        "verse": 33,
        "juz": 29,
        "hizb": 227,
        "manzil": 7,
        "ruku": 500,
        "word_number_in_verse": 4,
        "language_code": "bn",
        "text": "বিশ্বাসী",
        "root_word": "يُؤۡمِنُ",
        "global_word_sequence_number": 73265,
        "global_verse_sequence_number": 5356
    },
    {
        "chapter": 69,
        "verse": 33,
        "juz": 29,
        "hizb": 227,
        "manzil": 7,
        "ruku": 500,
        "word_number_in_verse": 5,
        "language_code": "bn",
        "text": "আল্লাহতে",
        "root_word": "بِاللَّهِ",
        "global_word_sequence_number": 73266,
        "global_verse_sequence_number": 5356
    },
    {
        "chapter": 69,
        "verse": 33,
        "juz": 29,
        "hizb": 227,
        "manzil": 7,
        "ruku": 500,
        "word_number_in_verse": 6,
        "language_code": "bn",
        "text": "মহান,",
        "root_word": "الۡعَظِيمِ",
        "global_word_sequence_number": 73267,
        "global_verse_sequence_number": 5356
    },
    {
        "chapter": 69,
        "verse": 34,
        "juz": 29,
        "hizb": 227,
        "manzil": 7,
        "ruku": 500,
        "word_number_in_verse": 1,
        "language_code": "bn",
        "text": "আর (করেনি) না",
        "root_word": "وَلَا",
        "global_word_sequence_number": 73268,
        "global_verse_sequence_number": 5357
    },
    {
        "chapter": 69,
        "verse": 34,
        "juz": 29,
        "hizb": 227,
        "manzil": 7,
        "ruku": 500,
        "word_number_in_verse": 2,
        "language_code": "bn",
        "text": "উৎসাহ দিত",
        "root_word": "يَحُضُّ",
        "global_word_sequence_number": 73269,
        "global_verse_sequence_number": 5357
    },
    {
        "chapter": 69,
        "verse": 34,
        "juz": 29,
        "hizb": 227,
        "manzil": 7,
        "ruku": 500,
        "word_number_in_verse": 3,
        "language_code": "bn",
        "text": "উপর",
        "root_word": "عَلَىٰ",
        "global_word_sequence_number": 73270,
        "global_verse_sequence_number": 5357
    },
    {
        "chapter": 69,
        "verse": 34,
        "juz": 29,
        "hizb": 227,
        "manzil": 7,
        "ruku": 500,
        "word_number_in_verse": 4,
        "language_code": "bn",
        "text": "খাওয়ানোর",
        "root_word": "طَعَامِ",
        "global_word_sequence_number": 73271,
        "global_verse_sequence_number": 5357
    },
    {
        "chapter": 69,
        "verse": 34,
        "juz": 29,
        "hizb": 227,
        "manzil": 7,
        "ruku": 500,
        "word_number_in_verse": 5,
        "language_code": "bn",
        "text": "মিসকিনকে",
        "root_word": "الۡمِسۡكِينِ",
        "global_word_sequence_number": 73272,
        "global_verse_sequence_number": 5357
    },
    {
        "chapter": 69,
        "verse": 35,
        "juz": 29,
        "hizb": 227,
        "manzil": 7,
        "ruku": 500,
        "word_number_in_verse": 1,
        "language_code": "bn",
        "text": "নাই অতএব",
        "root_word": "فَلَيۡسَ",
        "global_word_sequence_number": 73273,
        "global_verse_sequence_number": 5358
    },
    {
        "chapter": 69,
        "verse": 35,
        "juz": 29,
        "hizb": 227,
        "manzil": 7,
        "ruku": 500,
        "word_number_in_verse": 2,
        "language_code": "bn",
        "text": "তার জন্য",
        "root_word": "لَهُ",
        "global_word_sequence_number": 73274,
        "global_verse_sequence_number": 5358
    },
    {
        "chapter": 69,
        "verse": 35,
        "juz": 29,
        "hizb": 227,
        "manzil": 7,
        "ruku": 500,
        "word_number_in_verse": 3,
        "language_code": "bn",
        "text": "আজ",
        "root_word": "الۡيَوۡمَ",
        "global_word_sequence_number": 73275,
        "global_verse_sequence_number": 5358
    },
    {
        "chapter": 69,
        "verse": 35,
        "juz": 29,
        "hizb": 227,
        "manzil": 7,
        "ruku": 500,
        "word_number_in_verse": 4,
        "language_code": "bn",
        "text": "এখানে",
        "root_word": "هَٰهُنَا",
        "global_word_sequence_number": 73276,
        "global_verse_sequence_number": 5358
    },
    {
        "chapter": 69,
        "verse": 35,
        "juz": 29,
        "hizb": 227,
        "manzil": 7,
        "ruku": 500,
        "word_number_in_verse": 5,
        "language_code": "bn",
        "text": "কোন অন্তরঙ্গ বন্ধু,",
        "root_word": "حَمِيمٞ",
        "global_word_sequence_number": 73277,
        "global_verse_sequence_number": 5358
    },
    {
        "chapter": 69,
        "verse": 36,
        "juz": 29,
        "hizb": 227,
        "manzil": 7,
        "ruku": 500,
        "word_number_in_verse": 1,
        "language_code": "bn",
        "text": "এবং না",
        "root_word": "وَلَا",
        "global_word_sequence_number": 73278,
        "global_verse_sequence_number": 5359
    },
    {
        "chapter": 69,
        "verse": 36,
        "juz": 29,
        "hizb": 227,
        "manzil": 7,
        "ruku": 500,
        "word_number_in_verse": 2,
        "language_code": "bn",
        "text": "খাবার",
        "root_word": "طَعَامٌ",
        "global_word_sequence_number": 73279,
        "global_verse_sequence_number": 5359
    },
    {
        "chapter": 69,
        "verse": 36,
        "juz": 29,
        "hizb": 227,
        "manzil": 7,
        "ruku": 500,
        "word_number_in_verse": 3,
        "language_code": "bn",
        "text": "ছাড়া",
        "root_word": "إِلَّا",
        "global_word_sequence_number": 73280,
        "global_verse_sequence_number": 5359
    },
    {
        "chapter": 69,
        "verse": 36,
        "juz": 29,
        "hizb": 227,
        "manzil": 7,
        "ruku": 500,
        "word_number_in_verse": 4,
        "language_code": "bn",
        "text": "থেকে",
        "root_word": "مِنۡ",
        "global_word_sequence_number": 73281,
        "global_verse_sequence_number": 5359
    },
    {
        "chapter": 69,
        "verse": 36,
        "juz": 29,
        "hizb": 227,
        "manzil": 7,
        "ruku": 500,
        "word_number_in_verse": 5,
        "language_code": "bn",
        "text": "ক্ষতনিংস্রিত রস",
        "root_word": "غِسۡلِينٖ",
        "global_word_sequence_number": 73282,
        "global_verse_sequence_number": 5359
    },
    {
        "chapter": 69,
        "verse": 37,
        "juz": 29,
        "hizb": 227,
        "manzil": 7,
        "ruku": 500,
        "word_number_in_verse": 1,
        "language_code": "bn",
        "text": "না",
        "root_word": "لَّا",
        "global_word_sequence_number": 73283,
        "global_verse_sequence_number": 5360
    },
    {
        "chapter": 69,
        "verse": 37,
        "juz": 29,
        "hizb": 227,
        "manzil": 7,
        "ruku": 500,
        "word_number_in_verse": 2,
        "language_code": "bn",
        "text": "তা খায়",
        "root_word": "يَأۡكُلُهُۥٓ",
        "global_word_sequence_number": 73284,
        "global_verse_sequence_number": 5360
    },
    {
        "chapter": 69,
        "verse": 37,
        "juz": 29,
        "hizb": 227,
        "manzil": 7,
        "ruku": 500,
        "word_number_in_verse": 3,
        "language_code": "bn",
        "text": "ছাড়া",
        "root_word": "إِلَّا",
        "global_word_sequence_number": 73285,
        "global_verse_sequence_number": 5360
    },
    {
        "chapter": 69,
        "verse": 37,
        "juz": 29,
        "hizb": 227,
        "manzil": 7,
        "ruku": 500,
        "word_number_in_verse": 4,
        "language_code": "bn",
        "text": "অপরাধীরা",
        "root_word": "الۡخَٰطِـُٔونَ",
        "global_word_sequence_number": 73286,
        "global_verse_sequence_number": 5360
    },
    {
        "chapter": 69,
        "verse": 38,
        "juz": 29,
        "hizb": 227,
        "manzil": 7,
        "ruku": 501,
        "word_number_in_verse": 1,
        "language_code": "bn",
        "text": "না অতংপর",
        "root_word": "فَلَآ",
        "global_word_sequence_number": 73287,
        "global_verse_sequence_number": 5361
    },
    {
        "chapter": 69,
        "verse": 38,
        "juz": 29,
        "hizb": 227,
        "manzil": 7,
        "ruku": 501,
        "word_number_in_verse": 2,
        "language_code": "bn",
        "text": "আমি শপথ করে বলছি",
        "root_word": "أُقۡسِمُ",
        "global_word_sequence_number": 73288,
        "global_verse_sequence_number": 5361
    },
    {
        "chapter": 69,
        "verse": 38,
        "juz": 29,
        "hizb": 227,
        "manzil": 7,
        "ruku": 501,
        "word_number_in_verse": 3,
        "language_code": "bn",
        "text": "যা",
        "root_word": "بِمَا",
        "global_word_sequence_number": 73289,
        "global_verse_sequence_number": 5361
    },
    {
        "chapter": 69,
        "verse": 38,
        "juz": 29,
        "hizb": 227,
        "manzil": 7,
        "ruku": 501,
        "word_number_in_verse": 4,
        "language_code": "bn",
        "text": "তুমি দেখো,",
        "root_word": "تُبۡصِرُونَ",
        "global_word_sequence_number": 73290,
        "global_verse_sequence_number": 5361
    },
    {
        "chapter": 69,
        "verse": 39,
        "juz": 29,
        "hizb": 227,
        "manzil": 7,
        "ruku": 501,
        "word_number_in_verse": 1,
        "language_code": "bn",
        "text": "এবং যা",
        "root_word": "وَمَا",
        "global_word_sequence_number": 73291,
        "global_verse_sequence_number": 5362
    },
    {
        "chapter": 69,
        "verse": 39,
        "juz": 29,
        "hizb": 227,
        "manzil": 7,
        "ruku": 501,
        "word_number_in_verse": 2,
        "language_code": "bn",
        "text": "না",
        "root_word": "لَا",
        "global_word_sequence_number": 73292,
        "global_verse_sequence_number": 5362
    },
    {
        "chapter": 69,
        "verse": 39,
        "juz": 29,
        "hizb": 227,
        "manzil": 7,
        "ruku": 501,
        "word_number_in_verse": 3,
        "language_code": "bn",
        "text": "তুমি দেখো,",
        "root_word": "تُبۡصِرُونَ",
        "global_word_sequence_number": 73293,
        "global_verse_sequence_number": 5362
    },
    {
        "chapter": 69,
        "verse": 40,
        "juz": 29,
        "hizb": 227,
        "manzil": 7,
        "ruku": 501,
        "word_number_in_verse": 1,
        "language_code": "bn",
        "text": "নিশ্চয় তা",
        "root_word": "إِنَّهُۥ",
        "global_word_sequence_number": 73294,
        "global_verse_sequence_number": 5363
    },
    {
        "chapter": 69,
        "verse": 40,
        "juz": 29,
        "hizb": 227,
        "manzil": 7,
        "ruku": 501,
        "word_number_in_verse": 2,
        "language_code": "bn",
        "text": "বানী অবশ্যই",
        "root_word": "لَقَوۡلُ",
        "global_word_sequence_number": 73295,
        "global_verse_sequence_number": 5363
    },
    {
        "chapter": 69,
        "verse": 40,
        "juz": 29,
        "hizb": 227,
        "manzil": 7,
        "ruku": 501,
        "word_number_in_verse": 3,
        "language_code": "bn",
        "text": "একজন রসূল (এর)",
        "root_word": "رَسُولٖ",
        "global_word_sequence_number": 73296,
        "global_verse_sequence_number": 5363
    },
    {
        "chapter": 69,
        "verse": 40,
        "juz": 29,
        "hizb": 227,
        "manzil": 7,
        "ruku": 501,
        "word_number_in_verse": 4,
        "language_code": "bn",
        "text": "সম্মানিত",
        "root_word": "كَرِيمٖ",
        "global_word_sequence_number": 73297,
        "global_verse_sequence_number": 5363
    },
    {
        "chapter": 69,
        "verse": 41,
        "juz": 29,
        "hizb": 227,
        "manzil": 7,
        "ruku": 501,
        "word_number_in_verse": 1,
        "language_code": "bn",
        "text": "এবং না",
        "root_word": "وَمَا",
        "global_word_sequence_number": 73298,
        "global_verse_sequence_number": 5364
    },
    {
        "chapter": 69,
        "verse": 41,
        "juz": 29,
        "hizb": 227,
        "manzil": 7,
        "ruku": 501,
        "word_number_in_verse": 2,
        "language_code": "bn",
        "text": "তা",
        "root_word": "هُوَ",
        "global_word_sequence_number": 73299,
        "global_verse_sequence_number": 5364
    },
    {
        "chapter": 69,
        "verse": 41,
        "juz": 29,
        "hizb": 227,
        "manzil": 7,
        "ruku": 501,
        "word_number_in_verse": 3,
        "language_code": "bn",
        "text": "কথা",
        "root_word": "بِقَوۡلِ",
        "global_word_sequence_number": 73300,
        "global_verse_sequence_number": 5364
    },
    {
        "chapter": 69,
        "verse": 41,
        "juz": 29,
        "hizb": 227,
        "manzil": 7,
        "ruku": 501,
        "word_number_in_verse": 4,
        "language_code": "bn",
        "text": "কবির",
        "root_word": "شَاعِرٖۚ",
        "global_word_sequence_number": 73301,
        "global_verse_sequence_number": 5364
    },
    {
        "chapter": 69,
        "verse": 41,
        "juz": 29,
        "hizb": 227,
        "manzil": 7,
        "ruku": 501,
        "word_number_in_verse": 5,
        "language_code": "bn",
        "text": "কমই",
        "root_word": "قَلِيلٗا",
        "global_word_sequence_number": 73302,
        "global_verse_sequence_number": 5364
    },
    {
        "chapter": 69,
        "verse": 41,
        "juz": 29,
        "hizb": 227,
        "manzil": 7,
        "ruku": 501,
        "word_number_in_verse": 6,
        "language_code": "bn",
        "text": "যা",
        "root_word": "مَّا",
        "global_word_sequence_number": 73303,
        "global_verse_sequence_number": 5364
    },
    {
        "chapter": 69,
        "verse": 41,
        "juz": 29,
        "hizb": 227,
        "manzil": 7,
        "ruku": 501,
        "word_number_in_verse": 7,
        "language_code": "bn",
        "text": "তোমরা ইমান আন",
        "root_word": "تُؤۡمِنُونَ",
        "global_word_sequence_number": 73304,
        "global_verse_sequence_number": 5364
    },
    {
        "chapter": 69,
        "verse": 42,
        "juz": 29,
        "hizb": 227,
        "manzil": 7,
        "ruku": 501,
        "word_number_in_verse": 1,
        "language_code": "bn",
        "text": "এবং না",
        "root_word": "وَلَا",
        "global_word_sequence_number": 73305,
        "global_verse_sequence_number": 5365
    },
    {
        "chapter": 69,
        "verse": 42,
        "juz": 29,
        "hizb": 227,
        "manzil": 7,
        "ruku": 501,
        "word_number_in_verse": 2,
        "language_code": "bn",
        "text": "বানী",
        "root_word": "بِقَوۡلِ",
        "global_word_sequence_number": 73306,
        "global_verse_sequence_number": 5365
    },
    {
        "chapter": 69,
        "verse": 42,
        "juz": 29,
        "hizb": 227,
        "manzil": 7,
        "ruku": 501,
        "word_number_in_verse": 3,
        "language_code": "bn",
        "text": "কোন গণকের",
        "root_word": "كَاهِنٖۚ",
        "global_word_sequence_number": 73307,
        "global_verse_sequence_number": 5365
    },
    {
        "chapter": 69,
        "verse": 42,
        "juz": 29,
        "hizb": 227,
        "manzil": 7,
        "ruku": 501,
        "word_number_in_verse": 4,
        "language_code": "bn",
        "text": "কমই",
        "root_word": "قَلِيلٗا",
        "global_word_sequence_number": 73308,
        "global_verse_sequence_number": 5365
    },
    {
        "chapter": 69,
        "verse": 42,
        "juz": 29,
        "hizb": 227,
        "manzil": 7,
        "ruku": 501,
        "word_number_in_verse": 5,
        "language_code": "bn",
        "text": "যা",
        "root_word": "مَّا",
        "global_word_sequence_number": 73309,
        "global_verse_sequence_number": 5365
    },
    {
        "chapter": 69,
        "verse": 42,
        "juz": 29,
        "hizb": 227,
        "manzil": 7,
        "ruku": 501,
        "word_number_in_verse": 6,
        "language_code": "bn",
        "text": "তোমরা উপদেশ গ্রহণ কর",
        "root_word": "تَذَكَّرُونَ",
        "global_word_sequence_number": 73310,
        "global_verse_sequence_number": 5365
    },
    {
        "chapter": 69,
        "verse": 43,
        "juz": 29,
        "hizb": 227,
        "manzil": 7,
        "ruku": 501,
        "word_number_in_verse": 1,
        "language_code": "bn",
        "text": "নাযিলকৃত",
        "root_word": "تَنزِيلٞ",
        "global_word_sequence_number": 73311,
        "global_verse_sequence_number": 5366
    },
    {
        "chapter": 69,
        "verse": 43,
        "juz": 29,
        "hizb": 227,
        "manzil": 7,
        "ruku": 501,
        "word_number_in_verse": 2,
        "language_code": "bn",
        "text": "থেকে",
        "root_word": "مِّن",
        "global_word_sequence_number": 73312,
        "global_verse_sequence_number": 5366
    },
    {
        "chapter": 69,
        "verse": 43,
        "juz": 29,
        "hizb": 227,
        "manzil": 7,
        "ruku": 501,
        "word_number_in_verse": 3,
        "language_code": "bn",
        "text": "রবের",
        "root_word": "رَّبِّ",
        "global_word_sequence_number": 73313,
        "global_verse_sequence_number": 5366
    },
    {
        "chapter": 69,
        "verse": 43,
        "juz": 29,
        "hizb": 227,
        "manzil": 7,
        "ruku": 501,
        "word_number_in_verse": 4,
        "language_code": "bn",
        "text": "মহাবিশ্বের",
        "root_word": "الۡعَٰلَمِينَ",
        "global_word_sequence_number": 73314,
        "global_verse_sequence_number": 5366
    },
    {
        "chapter": 69,
        "verse": 44,
        "juz": 29,
        "hizb": 227,
        "manzil": 7,
        "ruku": 501,
        "word_number_in_verse": 1,
        "language_code": "bn",
        "text": "এবং যদি",
        "root_word": "وَلَوۡ",
        "global_word_sequence_number": 73315,
        "global_verse_sequence_number": 5367
    },
    {
        "chapter": 69,
        "verse": 44,
        "juz": 29,
        "hizb": 227,
        "manzil": 7,
        "ruku": 501,
        "word_number_in_verse": 2,
        "language_code": "bn",
        "text": "কথা বানাত",
        "root_word": "تَقَوَّلَ",
        "global_word_sequence_number": 73316,
        "global_verse_sequence_number": 5367
    },
    {
        "chapter": 69,
        "verse": 44,
        "juz": 29,
        "hizb": 227,
        "manzil": 7,
        "ruku": 501,
        "word_number_in_verse": 3,
        "language_code": "bn",
        "text": "আমাদের বিপক্ষে",
        "root_word": "عَلَيۡنَا",
        "global_word_sequence_number": 73317,
        "global_verse_sequence_number": 5367
    },
    {
        "chapter": 69,
        "verse": 44,
        "juz": 29,
        "hizb": 227,
        "manzil": 7,
        "ruku": 501,
        "word_number_in_verse": 4,
        "language_code": "bn",
        "text": "কিছু",
        "root_word": "بَعۡضَ",
        "global_word_sequence_number": 73318,
        "global_verse_sequence_number": 5367
    },
    {
        "chapter": 69,
        "verse": 44,
        "juz": 29,
        "hizb": 227,
        "manzil": 7,
        "ruku": 501,
        "word_number_in_verse": 5,
        "language_code": "bn",
        "text": "কথা",
        "root_word": "الۡأَقَاوِيلِ",
        "global_word_sequence_number": 73319,
        "global_verse_sequence_number": 5367
    },
    {
        "chapter": 69,
        "verse": 45,
        "juz": 29,
        "hizb": 227,
        "manzil": 7,
        "ruku": 501,
        "word_number_in_verse": 1,
        "language_code": "bn",
        "text": "অবশ্যই আমরা ধরতাম",
        "root_word": "لَأَخَذۡنَا",
        "global_word_sequence_number": 73320,
        "global_verse_sequence_number": 5368
    },
    {
        "chapter": 69,
        "verse": 45,
        "juz": 29,
        "hizb": 227,
        "manzil": 7,
        "ruku": 501,
        "word_number_in_verse": 2,
        "language_code": "bn",
        "text": "তাকে",
        "root_word": "مِنۡهُ",
        "global_word_sequence_number": 73321,
        "global_verse_sequence_number": 5368
    },
    {
        "chapter": 69,
        "verse": 45,
        "juz": 29,
        "hizb": 227,
        "manzil": 7,
        "ruku": 501,
        "word_number_in_verse": 3,
        "language_code": "bn",
        "text": "ডান হাত দ্বারা;",
        "root_word": "بِالۡيَمِينِ",
        "global_word_sequence_number": 73322,
        "global_verse_sequence_number": 5368
    },
    {
        "chapter": 69,
        "verse": 46,
        "juz": 29,
        "hizb": 227,
        "manzil": 7,
        "ruku": 501,
        "word_number_in_verse": 1,
        "language_code": "bn",
        "text": "তারপর",
        "root_word": "ثُمَّ",
        "global_word_sequence_number": 73323,
        "global_verse_sequence_number": 5369
    },
    {
        "chapter": 69,
        "verse": 46,
        "juz": 29,
        "hizb": 227,
        "manzil": 7,
        "ruku": 501,
        "word_number_in_verse": 2,
        "language_code": "bn",
        "text": "অবশ্যই আমরা কাটতাম",
        "root_word": "لَقَطَعۡنَا",
        "global_word_sequence_number": 73324,
        "global_verse_sequence_number": 5369
    },
    {
        "chapter": 69,
        "verse": 46,
        "juz": 29,
        "hizb": 227,
        "manzil": 7,
        "ruku": 501,
        "word_number_in_verse": 3,
        "language_code": "bn",
        "text": "তার থেকে",
        "root_word": "مِنۡهُ",
        "global_word_sequence_number": 73325,
        "global_verse_sequence_number": 5369
    },
    {
        "chapter": 69,
        "verse": 46,
        "juz": 29,
        "hizb": 227,
        "manzil": 7,
        "ruku": 501,
        "word_number_in_verse": 4,
        "language_code": "bn",
        "text": "মহাধমনী.",
        "root_word": "الۡوَتِينَ",
        "global_word_sequence_number": 73326,
        "global_verse_sequence_number": 5369
    },
    {
        "chapter": 69,
        "verse": 47,
        "juz": 29,
        "hizb": 227,
        "manzil": 7,
        "ruku": 501,
        "word_number_in_verse": 1,
        "language_code": "bn",
        "text": "এবং না",
        "root_word": "فَمَا",
        "global_word_sequence_number": 73327,
        "global_verse_sequence_number": 5370
    },
    {
        "chapter": 69,
        "verse": 47,
        "juz": 29,
        "hizb": 227,
        "manzil": 7,
        "ruku": 501,
        "word_number_in_verse": 2,
        "language_code": "bn",
        "text": "তোমাদের মধ্যে",
        "root_word": "مِنكُم",
        "global_word_sequence_number": 73328,
        "global_verse_sequence_number": 5370
    },
    {
        "chapter": 69,
        "verse": 47,
        "juz": 29,
        "hizb": 227,
        "manzil": 7,
        "ruku": 501,
        "word_number_in_verse": 3,
        "language_code": "bn",
        "text": "কোন",
        "root_word": "مِّنۡ",
        "global_word_sequence_number": 73329,
        "global_verse_sequence_number": 5370
    },
    {
        "chapter": 69,
        "verse": 47,
        "juz": 29,
        "hizb": 227,
        "manzil": 7,
        "ruku": 501,
        "word_number_in_verse": 4,
        "language_code": "bn",
        "text": "কেও",
        "root_word": "أَحَدٍ",
        "global_word_sequence_number": 73330,
        "global_verse_sequence_number": 5370
    },
    {
        "chapter": 69,
        "verse": 47,
        "juz": 29,
        "hizb": 227,
        "manzil": 7,
        "ruku": 501,
        "word_number_in_verse": 5,
        "language_code": "bn",
        "text": "[তার কাছ থেকে]",
        "root_word": "عَنۡهُ",
        "global_word_sequence_number": 73331,
        "global_verse_sequence_number": 5370
    },
    {
        "chapter": 69,
        "verse": 47,
        "juz": 29,
        "hizb": 227,
        "manzil": 7,
        "ruku": 501,
        "word_number_in_verse": 6,
        "language_code": "bn",
        "text": "বিরতকারী",
        "root_word": "حَٰجِزِينَ",
        "global_word_sequence_number": 73332,
        "global_verse_sequence_number": 5370
    },
    {
        "chapter": 69,
        "verse": 48,
        "juz": 29,
        "hizb": 227,
        "manzil": 7,
        "ruku": 501,
        "word_number_in_verse": 1,
        "language_code": "bn",
        "text": "এবং তা",
        "root_word": "وَإِنَّهُۥ",
        "global_word_sequence_number": 73333,
        "global_verse_sequence_number": 5371
    },
    {
        "chapter": 69,
        "verse": 48,
        "juz": 29,
        "hizb": 227,
        "manzil": 7,
        "ruku": 501,
        "word_number_in_verse": 2,
        "language_code": "bn",
        "text": "অবশ্যই উপদেশ",
        "root_word": "لَتَذۡكِرَةٞ",
        "global_word_sequence_number": 73334,
        "global_verse_sequence_number": 5371
    },
    {
        "chapter": 69,
        "verse": 48,
        "juz": 29,
        "hizb": 227,
        "manzil": 7,
        "ruku": 501,
        "word_number_in_verse": 3,
        "language_code": "bn",
        "text": "মুত্তাকীদের",
        "root_word": "لِّلۡمُتَّقِينَ",
        "global_word_sequence_number": 73335,
        "global_verse_sequence_number": 5371
    },
    {
        "chapter": 69,
        "verse": 49,
        "juz": 29,
        "hizb": 227,
        "manzil": 7,
        "ruku": 501,
        "word_number_in_verse": 1,
        "language_code": "bn",
        "text": "এবং নিশ্চয় আমরা",
        "root_word": "وَإِنَّا",
        "global_word_sequence_number": 73336,
        "global_verse_sequence_number": 5372
    },
    {
        "chapter": 69,
        "verse": 49,
        "juz": 29,
        "hizb": 227,
        "manzil": 7,
        "ruku": 501,
        "word_number_in_verse": 2,
        "language_code": "bn",
        "text": "অবশ্যই জানি",
        "root_word": "لَنَعۡلَمُ",
        "global_word_sequence_number": 73337,
        "global_verse_sequence_number": 5372
    },
    {
        "chapter": 69,
        "verse": 49,
        "juz": 29,
        "hizb": 227,
        "manzil": 7,
        "ruku": 501,
        "word_number_in_verse": 3,
        "language_code": "bn",
        "text": "যে",
        "root_word": "أَنَّ",
        "global_word_sequence_number": 73338,
        "global_verse_sequence_number": 5372
    },
    {
        "chapter": 69,
        "verse": 49,
        "juz": 29,
        "hizb": 227,
        "manzil": 7,
        "ruku": 501,
        "word_number_in_verse": 4,
        "language_code": "bn",
        "text": "তোমাদের মধ্যে",
        "root_word": "مِنكُم",
        "global_word_sequence_number": 73339,
        "global_verse_sequence_number": 5372
    },
    {
        "chapter": 69,
        "verse": 49,
        "juz": 29,
        "hizb": 227,
        "manzil": 7,
        "ruku": 501,
        "word_number_in_verse": 5,
        "language_code": "bn",
        "text": "অস্বীকারকারীরা (সম্পূর্ণ).",
        "root_word": "مُّكَذِّبِينَ",
        "global_word_sequence_number": 73340,
        "global_verse_sequence_number": 5372
    },
    {
        "chapter": 69,
        "verse": 50,
        "juz": 29,
        "hizb": 227,
        "manzil": 7,
        "ruku": 501,
        "word_number_in_verse": 1,
        "language_code": "bn",
        "text": "এবং নিশ্চয় তা",
        "root_word": "وَإِنَّهُۥ",
        "global_word_sequence_number": 73341,
        "global_verse_sequence_number": 5373
    },
    {
        "chapter": 69,
        "verse": 50,
        "juz": 29,
        "hizb": 227,
        "manzil": 7,
        "ruku": 501,
        "word_number_in_verse": 2,
        "language_code": "bn",
        "text": "আক্ষেপের",
        "root_word": "لَحَسۡرَةٌ",
        "global_word_sequence_number": 73342,
        "global_verse_sequence_number": 5373
    },
    {
        "chapter": 69,
        "verse": 50,
        "juz": 29,
        "hizb": 227,
        "manzil": 7,
        "ruku": 501,
        "word_number_in_verse": 3,
        "language_code": "bn",
        "text": "উপর",
        "root_word": "عَلَى",
        "global_word_sequence_number": 73343,
        "global_verse_sequence_number": 5373
    },
    {
        "chapter": 69,
        "verse": 50,
        "juz": 29,
        "hizb": 227,
        "manzil": 7,
        "ruku": 501,
        "word_number_in_verse": 4,
        "language_code": "bn",
        "text": "কাফিরদের.",
        "root_word": "الۡكَٰفِرِينَ",
        "global_word_sequence_number": 73344,
        "global_verse_sequence_number": 5373
    },
    {
        "chapter": 69,
        "verse": 51,
        "juz": 29,
        "hizb": 227,
        "manzil": 7,
        "ruku": 501,
        "word_number_in_verse": 1,
        "language_code": "bn",
        "text": "ও নিশ্চয় তা",
        "root_word": "وَإِنَّهُۥ",
        "global_word_sequence_number": 73345,
        "global_verse_sequence_number": 5374
    },
    {
        "chapter": 69,
        "verse": 51,
        "juz": 29,
        "hizb": 227,
        "manzil": 7,
        "ruku": 501,
        "word_number_in_verse": 2,
        "language_code": "bn",
        "text": "অবশ্যই সত্য",
        "root_word": "لَحَقُّ",
        "global_word_sequence_number": 73346,
        "global_verse_sequence_number": 5374
    },
    {
        "chapter": 69,
        "verse": 51,
        "juz": 29,
        "hizb": 227,
        "manzil": 7,
        "ruku": 501,
        "word_number_in_verse": 3,
        "language_code": "bn",
        "text": "সুনিশ্চিত",
        "root_word": "الۡيَقِينِ",
        "global_word_sequence_number": 73347,
        "global_verse_sequence_number": 5374
    },
    {
        "chapter": 69,
        "verse": 52,
        "juz": 29,
        "hizb": 227,
        "manzil": 7,
        "ruku": 501,
        "word_number_in_verse": 1,
        "language_code": "bn",
        "text": "অতএব তাসবীহ পাঠ কর",
        "root_word": "فَسَبِّحۡ",
        "global_word_sequence_number": 73348,
        "global_verse_sequence_number": 5375
    },
    {
        "chapter": 69,
        "verse": 52,
        "juz": 29,
        "hizb": 227,
        "manzil": 7,
        "ruku": 501,
        "word_number_in_verse": 2,
        "language_code": "bn",
        "text": "নামের",
        "root_word": "بِاسۡمِ",
        "global_word_sequence_number": 73349,
        "global_verse_sequence_number": 5375
    },
    {
        "chapter": 69,
        "verse": 52,
        "juz": 29,
        "hizb": 227,
        "manzil": 7,
        "ruku": 501,
        "word_number_in_verse": 3,
        "language_code": "bn",
        "text": "তোমার রবের",
        "root_word": "رَبِّكَ",
        "global_word_sequence_number": 73350,
        "global_verse_sequence_number": 5375
    },
    {
        "chapter": 69,
        "verse": 52,
        "juz": 29,
        "hizb": 227,
        "manzil": 7,
        "ruku": 501,
        "word_number_in_verse": 4,
        "language_code": "bn",
        "text": "মহান",
        "root_word": "الۡعَظِيمِ",
        "global_word_sequence_number": 73351,
        "global_verse_sequence_number": 5375
    }
]