[
    {
        "chapter": 70,
        "verse": 1,
        "juz": 29,
        "hizb": 227,
        "manzil": 7,
        "ruku": 502,
        "word_number_in_verse": 1,
        "language_code": "bn",
        "text": "জিজ্ঞাসা করল",
        "root_word": "سَأَلَ",
        "global_word_sequence_number": 73352,
        "global_verse_sequence_number": 5376
    },
    {
        "chapter": 70,
        "verse": 1,
        "juz": 29,
        "hizb": 227,
        "manzil": 7,
        "ruku": 502,
        "word_number_in_verse": 2,
        "language_code": "bn",
        "text": "এক প্রশ্নকারী",
        "root_word": "سَآئِلُۢ",
        "global_word_sequence_number": 73353,
        "global_verse_sequence_number": 5376
    },
    {
        "chapter": 70,
        "verse": 1,
        "juz": 29,
        "hizb": 227,
        "manzil": 7,
        "ruku": 502,
        "word_number_in_verse": 3,
        "language_code": "bn",
        "text": "এমন আযাব সম্পর্কে",
        "root_word": "بِعَذَابٖ",
        "global_word_sequence_number": 73354,
        "global_verse_sequence_number": 5376
    },
    {
        "chapter": 70,
        "verse": 1,
        "juz": 29,
        "hizb": 227,
        "manzil": 7,
        "ruku": 502,
        "word_number_in_verse": 4,
        "language_code": "bn",
        "text": "যা আপতিত হবে",
        "root_word": "وَاقِعٖ",
        "global_word_sequence_number": 73355,
        "global_verse_sequence_number": 5376
    },
    {
        "chapter": 70,
        "verse": 2,
        "juz": 29,
        "hizb": 227,
        "manzil": 7,
        "ruku": 502,
        "word_number_in_verse": 1,
        "language_code": "bn",
        "text": "কাফিরদের উপর,",
        "root_word": "لِّلۡكَٰفِرِينَ",
        "global_word_sequence_number": 73356,
        "global_verse_sequence_number": 5377
    },
    {
        "chapter": 70,
        "verse": 2,
        "juz": 29,
        "hizb": 227,
        "manzil": 7,
        "ruku": 502,
        "word_number_in_verse": 2,
        "language_code": "bn",
        "text": "নেই",
        "root_word": "لَيۡسَ",
        "global_word_sequence_number": 73357,
        "global_verse_sequence_number": 5377
    },
    {
        "chapter": 70,
        "verse": 2,
        "juz": 29,
        "hizb": 227,
        "manzil": 7,
        "ruku": 502,
        "word_number_in_verse": 3,
        "language_code": "bn",
        "text": "তার",
        "root_word": "لَهُۥ",
        "global_word_sequence_number": 73358,
        "global_verse_sequence_number": 5377
    },
    {
        "chapter": 70,
        "verse": 2,
        "juz": 29,
        "hizb": 227,
        "manzil": 7,
        "ruku": 502,
        "word_number_in_verse": 4,
        "language_code": "bn",
        "text": "কোন প্রতিরোধকারী",
        "root_word": "دَافِعٞ",
        "global_word_sequence_number": 73359,
        "global_verse_sequence_number": 5377
    },
    {
        "chapter": 70,
        "verse": 3,
        "juz": 29,
        "hizb": 227,
        "manzil": 7,
        "ruku": 502,
        "word_number_in_verse": 1,
        "language_code": "bn",
        "text": "থেকে",
        "root_word": "مِّنَ",
        "global_word_sequence_number": 73360,
        "global_verse_sequence_number": 5378
    },
    {
        "chapter": 70,
        "verse": 3,
        "juz": 29,
        "hizb": 227,
        "manzil": 7,
        "ruku": 502,
        "word_number_in_verse": 2,
        "language_code": "bn",
        "text": "আল্লাহ,",
        "root_word": "اللَّهِ",
        "global_word_sequence_number": 73361,
        "global_verse_sequence_number": 5378
    },
    {
        "chapter": 70,
        "verse": 3,
        "juz": 29,
        "hizb": 227,
        "manzil": 7,
        "ruku": 502,
        "word_number_in_verse": 3,
        "language_code": "bn",
        "text": "মালিক",
        "root_word": "ذِي",
        "global_word_sequence_number": 73362,
        "global_verse_sequence_number": 5378
    },
    {
        "chapter": 70,
        "verse": 3,
        "juz": 29,
        "hizb": 227,
        "manzil": 7,
        "ruku": 502,
        "word_number_in_verse": 4,
        "language_code": "bn",
        "text": "ঊর্ধ্বারোহণের সোপানসমূহের অধিকারী",
        "root_word": "الۡمَعَارِجِ",
        "global_word_sequence_number": 73363,
        "global_verse_sequence_number": 5378
    },
    {
        "chapter": 70,
        "verse": 4,
        "juz": 29,
        "hizb": 227,
        "manzil": 7,
        "ruku": 502,
        "word_number_in_verse": 1,
        "language_code": "bn",
        "text": "চড়ে",
        "root_word": "تَعۡرُجُ",
        "global_word_sequence_number": 73364,
        "global_verse_sequence_number": 5379
    },
    {
        "chapter": 70,
        "verse": 4,
        "juz": 29,
        "hizb": 227,
        "manzil": 7,
        "ruku": 502,
        "word_number_in_verse": 2,
        "language_code": "bn",
        "text": "ফেরেশতাগণ",
        "root_word": "الۡمَلَٰٓئِكَةُ",
        "global_word_sequence_number": 73365,
        "global_verse_sequence_number": 5379
    },
    {
        "chapter": 70,
        "verse": 4,
        "juz": 29,
        "hizb": 227,
        "manzil": 7,
        "ruku": 502,
        "word_number_in_verse": 3,
        "language_code": "bn",
        "text": "ও রূহ(জিবরাঈল)",
        "root_word": "وَالرُّوحُ",
        "global_word_sequence_number": 73366,
        "global_verse_sequence_number": 5379
    },
    {
        "chapter": 70,
        "verse": 4,
        "juz": 29,
        "hizb": 227,
        "manzil": 7,
        "ruku": 502,
        "word_number_in_verse": 4,
        "language_code": "bn",
        "text": "তাকে",
        "root_word": "إِلَيۡهِ",
        "global_word_sequence_number": 73367,
        "global_verse_sequence_number": 5379
    },
    {
        "chapter": 70,
        "verse": 4,
        "juz": 29,
        "hizb": 227,
        "manzil": 7,
        "ruku": 502,
        "word_number_in_verse": 5,
        "language_code": "bn",
        "text": "মধ্যে",
        "root_word": "فِي",
        "global_word_sequence_number": 73368,
        "global_verse_sequence_number": 5379
    },
    {
        "chapter": 70,
        "verse": 4,
        "juz": 29,
        "hizb": 227,
        "manzil": 7,
        "ruku": 502,
        "word_number_in_verse": 6,
        "language_code": "bn",
        "text": "একদিনের",
        "root_word": "يَوۡمٖ",
        "global_word_sequence_number": 73369,
        "global_verse_sequence_number": 5379
    },
    {
        "chapter": 70,
        "verse": 4,
        "juz": 29,
        "hizb": 227,
        "manzil": 7,
        "ruku": 502,
        "word_number_in_verse": 7,
        "language_code": "bn",
        "text": "[হয়]",
        "root_word": "كَانَ",
        "global_word_sequence_number": 73370,
        "global_verse_sequence_number": 5379
    },
    {
        "chapter": 70,
        "verse": 4,
        "juz": 29,
        "hizb": 227,
        "manzil": 7,
        "ruku": 502,
        "word_number_in_verse": 8,
        "language_code": "bn",
        "text": "তার পরিমাপ",
        "root_word": "مِقۡدَارُهُۥ",
        "global_word_sequence_number": 73371,
        "global_verse_sequence_number": 5379
    },
    {
        "chapter": 70,
        "verse": 4,
        "juz": 29,
        "hizb": 227,
        "manzil": 7,
        "ruku": 502,
        "word_number_in_verse": 9,
        "language_code": "bn",
        "text": "পঞ্চাশ (হয়)",
        "root_word": "خَمۡسِينَ",
        "global_word_sequence_number": 73372,
        "global_verse_sequence_number": 5379
    },
    {
        "chapter": 70,
        "verse": 4,
        "juz": 29,
        "hizb": 227,
        "manzil": 7,
        "ruku": 502,
        "word_number_in_verse": 10,
        "language_code": "bn",
        "text": "হাজার",
        "root_word": "أَلۡفَ",
        "global_word_sequence_number": 73373,
        "global_verse_sequence_number": 5379
    },
    {
        "chapter": 70,
        "verse": 4,
        "juz": 29,
        "hizb": 227,
        "manzil": 7,
        "ruku": 502,
        "word_number_in_verse": 11,
        "language_code": "bn",
        "text": "বছর",
        "root_word": "سَنَةٖ",
        "global_word_sequence_number": 73374,
        "global_verse_sequence_number": 5379
    },
    {
        "chapter": 70,
        "verse": 5,
        "juz": 29,
        "hizb": 227,
        "manzil": 7,
        "ruku": 502,
        "word_number_in_verse": 1,
        "language_code": "bn",
        "text": "সুতরাং, ধৈর্য ধরুন",
        "root_word": "فَاصۡبِرۡ",
        "global_word_sequence_number": 73375,
        "global_verse_sequence_number": 5380
    },
    {
        "chapter": 70,
        "verse": 5,
        "juz": 29,
        "hizb": 227,
        "manzil": 7,
        "ruku": 502,
        "word_number_in_verse": 2,
        "language_code": "bn",
        "text": "ধৈর্য",
        "root_word": "صَبۡرٗا",
        "global_word_sequence_number": 73376,
        "global_verse_sequence_number": 5380
    },
    {
        "chapter": 70,
        "verse": 5,
        "juz": 29,
        "hizb": 227,
        "manzil": 7,
        "ruku": 502,
        "word_number_in_verse": 3,
        "language_code": "bn",
        "text": "উত্তম",
        "root_word": "جَمِيلًا",
        "global_word_sequence_number": 73377,
        "global_verse_sequence_number": 5380
    },
    {
        "chapter": 70,
        "verse": 6,
        "juz": 29,
        "hizb": 227,
        "manzil": 7,
        "ruku": 502,
        "word_number_in_verse": 1,
        "language_code": "bn",
        "text": "তারা নিশ্চয়",
        "root_word": "إِنَّهُمۡ",
        "global_word_sequence_number": 73378,
        "global_verse_sequence_number": 5381
    },
    {
        "chapter": 70,
        "verse": 6,
        "juz": 29,
        "hizb": 227,
        "manzil": 7,
        "ruku": 502,
        "word_number_in_verse": 2,
        "language_code": "bn",
        "text": "তা দেখে",
        "root_word": "يَرَوۡنَهُۥ",
        "global_word_sequence_number": 73379,
        "global_verse_sequence_number": 5381
    },
    {
        "chapter": 70,
        "verse": 6,
        "juz": 29,
        "hizb": 227,
        "manzil": 7,
        "ruku": 502,
        "word_number_in_verse": 3,
        "language_code": "bn",
        "text": "বহুদূরে",
        "root_word": "بَعِيدٗا",
        "global_word_sequence_number": 73380,
        "global_verse_sequence_number": 5381
    },
    {
        "chapter": 70,
        "verse": 7,
        "juz": 29,
        "hizb": 227,
        "manzil": 7,
        "ruku": 502,
        "word_number_in_verse": 1,
        "language_code": "bn",
        "text": "কিন্তু আমরা তা দেখেছি",
        "root_word": "وَنَرَىٰهُ",
        "global_word_sequence_number": 73381,
        "global_verse_sequence_number": 5382
    },
    {
        "chapter": 70,
        "verse": 7,
        "juz": 29,
        "hizb": 227,
        "manzil": 7,
        "ruku": 502,
        "word_number_in_verse": 2,
        "language_code": "bn",
        "text": "নিকটে",
        "root_word": "قَرِيبٗا",
        "global_word_sequence_number": 73382,
        "global_verse_sequence_number": 5382
    },
    {
        "chapter": 70,
        "verse": 8,
        "juz": 29,
        "hizb": 227,
        "manzil": 7,
        "ruku": 502,
        "word_number_in_verse": 1,
        "language_code": "bn",
        "text": "সেদিন",
        "root_word": "يَوۡمَ",
        "global_word_sequence_number": 73383,
        "global_verse_sequence_number": 5383
    },
    {
        "chapter": 70,
        "verse": 8,
        "juz": 29,
        "hizb": 227,
        "manzil": 7,
        "ruku": 502,
        "word_number_in_verse": 2,
        "language_code": "bn",
        "text": "হবে",
        "root_word": "تَكُونُ",
        "global_word_sequence_number": 73384,
        "global_verse_sequence_number": 5383
    },
    {
        "chapter": 70,
        "verse": 8,
        "juz": 29,
        "hizb": 227,
        "manzil": 7,
        "ruku": 502,
        "word_number_in_verse": 3,
        "language_code": "bn",
        "text": "আকাশ",
        "root_word": "السَّمَآءُ",
        "global_word_sequence_number": 73385,
        "global_verse_sequence_number": 5383
    },
    {
        "chapter": 70,
        "verse": 8,
        "juz": 29,
        "hizb": 227,
        "manzil": 7,
        "ruku": 502,
        "word_number_in_verse": 4,
        "language_code": "bn",
        "text": "গলিত ধাতুর মত,",
        "root_word": "كَالۡمُهۡلِ",
        "global_word_sequence_number": 73386,
        "global_verse_sequence_number": 5383
    },
    {
        "chapter": 70,
        "verse": 9,
        "juz": 29,
        "hizb": 227,
        "manzil": 7,
        "ruku": 502,
        "word_number_in_verse": 1,
        "language_code": "bn",
        "text": "এবং হবে",
        "root_word": "وَتَكُونُ",
        "global_word_sequence_number": 73387,
        "global_verse_sequence_number": 5384
    },
    {
        "chapter": 70,
        "verse": 9,
        "juz": 29,
        "hizb": 227,
        "manzil": 7,
        "ruku": 502,
        "word_number_in_verse": 2,
        "language_code": "bn",
        "text": "পর্বতসমূহ",
        "root_word": "الۡجِبَالُ",
        "global_word_sequence_number": 73388,
        "global_verse_sequence_number": 5384
    },
    {
        "chapter": 70,
        "verse": 9,
        "juz": 29,
        "hizb": 227,
        "manzil": 7,
        "ruku": 502,
        "word_number_in_verse": 3,
        "language_code": "bn",
        "text": "রঙিন পশমের মত,",
        "root_word": "كَالۡعِهۡنِ",
        "global_word_sequence_number": 73389,
        "global_verse_sequence_number": 5384
    },
    {
        "chapter": 70,
        "verse": 10,
        "juz": 29,
        "hizb": 227,
        "manzil": 7,
        "ruku": 502,
        "word_number_in_verse": 1,
        "language_code": "bn",
        "text": "এবং না",
        "root_word": "وَلَا",
        "global_word_sequence_number": 73390,
        "global_verse_sequence_number": 5385
    },
    {
        "chapter": 70,
        "verse": 10,
        "juz": 29,
        "hizb": 227,
        "manzil": 7,
        "ruku": 502,
        "word_number_in_verse": 2,
        "language_code": "bn",
        "text": "জিজ্ঞাসা করবে",
        "root_word": "يَسۡـَٔلُ",
        "global_word_sequence_number": 73391,
        "global_verse_sequence_number": 5385
    },
    {
        "chapter": 70,
        "verse": 10,
        "juz": 29,
        "hizb": 227,
        "manzil": 7,
        "ruku": 502,
        "word_number_in_verse": 3,
        "language_code": "bn",
        "text": "কোন বন্ধু",
        "root_word": "حَمِيمٌ",
        "global_word_sequence_number": 73392,
        "global_verse_sequence_number": 5385
    },
    {
        "chapter": 70,
        "verse": 10,
        "juz": 29,
        "hizb": 227,
        "manzil": 7,
        "ruku": 502,
        "word_number_in_verse": 4,
        "language_code": "bn",
        "text": "বন্ধুকে",
        "root_word": "حَمِيمٗا",
        "global_word_sequence_number": 73393,
        "global_verse_sequence_number": 5385
    },
    {
        "chapter": 70,
        "verse": 11,
        "juz": 29,
        "hizb": 227,
        "manzil": 7,
        "ruku": 502,
        "word_number_in_verse": 1,
        "language_code": "bn",
        "text": "তাদেরকে দেখানো হবে",
        "root_word": "يُبَصَّرُونَهُمۡۚ",
        "global_word_sequence_number": 73394,
        "global_verse_sequence_number": 5386
    },
    {
        "chapter": 70,
        "verse": 11,
        "juz": 29,
        "hizb": 227,
        "manzil": 7,
        "ruku": 502,
        "word_number_in_verse": 2,
        "language_code": "bn",
        "text": "ইচ্ছা করবে",
        "root_word": "يَوَدُّ",
        "global_word_sequence_number": 73395,
        "global_verse_sequence_number": 5386
    },
    {
        "chapter": 70,
        "verse": 11,
        "juz": 29,
        "hizb": 227,
        "manzil": 7,
        "ruku": 502,
        "word_number_in_verse": 3,
        "language_code": "bn",
        "text": "অপরাধী",
        "root_word": "الۡمُجۡرِمُ",
        "global_word_sequence_number": 73396,
        "global_verse_sequence_number": 5386
    },
    {
        "chapter": 70,
        "verse": 11,
        "juz": 29,
        "hizb": 227,
        "manzil": 7,
        "ruku": 502,
        "word_number_in_verse": 4,
        "language_code": "bn",
        "text": "যদি",
        "root_word": "لَوۡ",
        "global_word_sequence_number": 73397,
        "global_verse_sequence_number": 5386
    },
    {
        "chapter": 70,
        "verse": 11,
        "juz": 29,
        "hizb": 227,
        "manzil": 7,
        "ruku": 502,
        "word_number_in_verse": 5,
        "language_code": "bn",
        "text": "মুক্তিপন দিতে পারত",
        "root_word": "يَفۡتَدِي",
        "global_word_sequence_number": 73398,
        "global_verse_sequence_number": 5386
    },
    {
        "chapter": 70,
        "verse": 11,
        "juz": 29,
        "hizb": 227,
        "manzil": 7,
        "ruku": 502,
        "word_number_in_verse": 6,
        "language_code": "bn",
        "text": "থেকে",
        "root_word": "مِنۡ",
        "global_word_sequence_number": 73399,
        "global_verse_sequence_number": 5386
    },
    {
        "chapter": 70,
        "verse": 11,
        "juz": 29,
        "hizb": 227,
        "manzil": 7,
        "ruku": 502,
        "word_number_in_verse": 7,
        "language_code": "bn",
        "text": "আযাব",
        "root_word": "عَذَابِ",
        "global_word_sequence_number": 73400,
        "global_verse_sequence_number": 5386
    },
    {
        "chapter": 70,
        "verse": 11,
        "juz": 29,
        "hizb": 227,
        "manzil": 7,
        "ruku": 502,
        "word_number_in_verse": 8,
        "language_code": "bn",
        "text": "সেদিন",
        "root_word": "يَوۡمِئِذِۭ",
        "global_word_sequence_number": 73401,
        "global_verse_sequence_number": 5386
    },
    {
        "chapter": 70,
        "verse": 11,
        "juz": 29,
        "hizb": 227,
        "manzil": 7,
        "ruku": 502,
        "word_number_in_verse": 9,
        "language_code": "bn",
        "text": "তার সন্তানদের দ্বারা",
        "root_word": "بِبَنِيهِ",
        "global_word_sequence_number": 73402,
        "global_verse_sequence_number": 5386
    },
    {
        "chapter": 70,
        "verse": 12,
        "juz": 29,
        "hizb": 227,
        "manzil": 7,
        "ruku": 502,
        "word_number_in_verse": 1,
        "language_code": "bn",
        "text": "এবং তার স্ত্রী",
        "root_word": "وَصَٰحِبَتِهِۦ",
        "global_word_sequence_number": 73403,
        "global_verse_sequence_number": 5387
    },
    {
        "chapter": 70,
        "verse": 12,
        "juz": 29,
        "hizb": 227,
        "manzil": 7,
        "ruku": 502,
        "word_number_in_verse": 2,
        "language_code": "bn",
        "text": "এবং তার ভাই,",
        "root_word": "وَأَخِيهِ",
        "global_word_sequence_number": 73404,
        "global_verse_sequence_number": 5387
    },
    {
        "chapter": 70,
        "verse": 13,
        "juz": 29,
        "hizb": 227,
        "manzil": 7,
        "ruku": 502,
        "word_number_in_verse": 1,
        "language_code": "bn",
        "text": "আর তার জ্ঞাতি-গোষ্ঠীকে",
        "root_word": "وَفَصِيلَتِهِ",
        "global_word_sequence_number": 73405,
        "global_verse_sequence_number": 5388
    },
    {
        "chapter": 70,
        "verse": 13,
        "juz": 29,
        "hizb": 227,
        "manzil": 7,
        "ruku": 502,
        "word_number_in_verse": 2,
        "language_code": "bn",
        "text": "যা",
        "root_word": "الَّتِي",
        "global_word_sequence_number": 73406,
        "global_verse_sequence_number": 5388
    },
    {
        "chapter": 70,
        "verse": 13,
        "juz": 29,
        "hizb": 227,
        "manzil": 7,
        "ruku": 502,
        "word_number_in_verse": 3,
        "language_code": "bn",
        "text": "তাকে আশ্রয় দেয়",
        "root_word": "تُـٔۡوِيهِ",
        "global_word_sequence_number": 73407,
        "global_verse_sequence_number": 5388
    },
    {
        "chapter": 70,
        "verse": 14,
        "juz": 29,
        "hizb": 227,
        "manzil": 7,
        "ruku": 502,
        "word_number_in_verse": 1,
        "language_code": "bn",
        "text": "এবং যা",
        "root_word": "وَمَن",
        "global_word_sequence_number": 73408,
        "global_verse_sequence_number": 5389
    },
    {
        "chapter": 70,
        "verse": 14,
        "juz": 29,
        "hizb": 227,
        "manzil": 7,
        "ruku": 502,
        "word_number_in_verse": 2,
        "language_code": "bn",
        "text": "মধ্যে্",
        "root_word": "فِي",
        "global_word_sequence_number": 73409,
        "global_verse_sequence_number": 5389
    },
    {
        "chapter": 70,
        "verse": 14,
        "juz": 29,
        "hizb": 227,
        "manzil": 7,
        "ruku": 502,
        "word_number_in_verse": 3,
        "language_code": "bn",
        "text": "যমীনের",
        "root_word": "الۡأَرۡضِ",
        "global_word_sequence_number": 73410,
        "global_verse_sequence_number": 5389
    },
    {
        "chapter": 70,
        "verse": 14,
        "juz": 29,
        "hizb": 227,
        "manzil": 7,
        "ruku": 502,
        "word_number_in_verse": 4,
        "language_code": "bn",
        "text": "সবকিছুই",
        "root_word": "جَمِيعٗا",
        "global_word_sequence_number": 73411,
        "global_verse_sequence_number": 5389
    },
    {
        "chapter": 70,
        "verse": 14,
        "juz": 29,
        "hizb": 227,
        "manzil": 7,
        "ruku": 502,
        "word_number_in_verse": 5,
        "language_code": "bn",
        "text": "তারপর",
        "root_word": "ثُمَّ",
        "global_word_sequence_number": 73412,
        "global_verse_sequence_number": 5389
    },
    {
        "chapter": 70,
        "verse": 14,
        "juz": 29,
        "hizb": 227,
        "manzil": 7,
        "ruku": 502,
        "word_number_in_verse": 6,
        "language_code": "bn",
        "text": "তাকে মুক্তি দিত",
        "root_word": "يُنجِيهِ",
        "global_word_sequence_number": 73413,
        "global_verse_sequence_number": 5389
    },
    {
        "chapter": 70,
        "verse": 15,
        "juz": 29,
        "hizb": 227,
        "manzil": 7,
        "ruku": 502,
        "word_number_in_verse": 1,
        "language_code": "bn",
        "text": "অবশ্যই নহে!",
        "root_word": "كـَلَّآۖ",
        "global_word_sequence_number": 73414,
        "global_verse_sequence_number": 5390
    },
    {
        "chapter": 70,
        "verse": 15,
        "juz": 29,
        "hizb": 227,
        "manzil": 7,
        "ruku": 502,
        "word_number_in_verse": 2,
        "language_code": "bn",
        "text": "নিশ্চয় তা",
        "root_word": "إِنَّهَا",
        "global_word_sequence_number": 73415,
        "global_verse_sequence_number": 5390
    },
    {
        "chapter": 70,
        "verse": 15,
        "juz": 29,
        "hizb": 227,
        "manzil": 7,
        "ruku": 502,
        "word_number_in_verse": 3,
        "language_code": "bn",
        "text": "লেলিহান আগুন",
        "root_word": "لَظَىٰ",
        "global_word_sequence_number": 73416,
        "global_verse_sequence_number": 5390
    },
    {
        "chapter": 70,
        "verse": 16,
        "juz": 29,
        "hizb": 227,
        "manzil": 7,
        "ruku": 502,
        "word_number_in_verse": 1,
        "language_code": "bn",
        "text": "লেহনকারী",
        "root_word": "نَزَّاعَةٗ",
        "global_word_sequence_number": 73417,
        "global_verse_sequence_number": 5391
    },
    {
        "chapter": 70,
        "verse": 16,
        "juz": 29,
        "hizb": 227,
        "manzil": 7,
        "ruku": 502,
        "word_number_in_verse": 2,
        "language_code": "bn",
        "text": "চামড়াকে",
        "root_word": "لِّلشَّوَىٰ",
        "global_word_sequence_number": 73418,
        "global_verse_sequence_number": 5391
    },
    {
        "chapter": 70,
        "verse": 17,
        "juz": 29,
        "hizb": 227,
        "manzil": 7,
        "ruku": 502,
        "word_number_in_verse": 1,
        "language_code": "bn",
        "text": "আহবান করে",
        "root_word": "تَدۡعُواْ",
        "global_word_sequence_number": 73419,
        "global_verse_sequence_number": 5392
    },
    {
        "chapter": 70,
        "verse": 17,
        "juz": 29,
        "hizb": 227,
        "manzil": 7,
        "ruku": 502,
        "word_number_in_verse": 2,
        "language_code": "bn",
        "text": "যে",
        "root_word": "مَنۡ",
        "global_word_sequence_number": 73420,
        "global_verse_sequence_number": 5392
    },
    {
        "chapter": 70,
        "verse": 17,
        "juz": 29,
        "hizb": 227,
        "manzil": 7,
        "ruku": 502,
        "word_number_in_verse": 3,
        "language_code": "bn",
        "text": "পিঠ প্রদর্শন করে",
        "root_word": "أَدۡبَرَ",
        "global_word_sequence_number": 73421,
        "global_verse_sequence_number": 5392
    },
    {
        "chapter": 70,
        "verse": 17,
        "juz": 29,
        "hizb": 227,
        "manzil": 7,
        "ruku": 502,
        "word_number_in_verse": 4,
        "language_code": "bn",
        "text": "ও মুখ ফিরিয়ে",
        "root_word": "وَتَوَلَّىٰ",
        "global_word_sequence_number": 73422,
        "global_verse_sequence_number": 5392
    },
    {
        "chapter": 70,
        "verse": 18,
        "juz": 29,
        "hizb": 227,
        "manzil": 7,
        "ruku": 502,
        "word_number_in_verse": 1,
        "language_code": "bn",
        "text": "এবং জমা করেছে",
        "root_word": "وَجَمَعَ",
        "global_word_sequence_number": 73423,
        "global_verse_sequence_number": 5393
    },
    {
        "chapter": 70,
        "verse": 18,
        "juz": 29,
        "hizb": 227,
        "manzil": 7,
        "ruku": 502,
        "word_number_in_verse": 2,
        "language_code": "bn",
        "text": "অতঃপর তা সংরক্ষিত রেখেছে",
        "root_word": "فَأَوۡعَىٰٓ",
        "global_word_sequence_number": 73424,
        "global_verse_sequence_number": 5393
    },
    {
        "chapter": 70,
        "verse": 19,
        "juz": 29,
        "hizb": 228,
        "manzil": 7,
        "ruku": 502,
        "word_number_in_verse": 1,
        "language_code": "bn",
        "text": "নিশ্চয়",
        "root_word": "۞إِنَّ",
        "global_word_sequence_number": 73425,
        "global_verse_sequence_number": 5394
    },
    {
        "chapter": 70,
        "verse": 19,
        "juz": 29,
        "hizb": 228,
        "manzil": 7,
        "ruku": 502,
        "word_number_in_verse": 2,
        "language_code": "bn",
        "text": "মানুষকে",
        "root_word": "الۡإِنسَٰنَ",
        "global_word_sequence_number": 73426,
        "global_verse_sequence_number": 5394
    },
    {
        "chapter": 70,
        "verse": 19,
        "juz": 29,
        "hizb": 228,
        "manzil": 7,
        "ruku": 502,
        "word_number_in_verse": 3,
        "language_code": "bn",
        "text": "সৃষ্টি করা হয়েছে",
        "root_word": "خُلِقَ",
        "global_word_sequence_number": 73427,
        "global_verse_sequence_number": 5394
    },
    {
        "chapter": 70,
        "verse": 19,
        "juz": 29,
        "hizb": 228,
        "manzil": 7,
        "ruku": 502,
        "word_number_in_verse": 4,
        "language_code": "bn",
        "text": "অস্থির",
        "root_word": "هَلُوعًا",
        "global_word_sequence_number": 73428,
        "global_verse_sequence_number": 5394
    },
    {
        "chapter": 70,
        "verse": 20,
        "juz": 29,
        "hizb": 228,
        "manzil": 7,
        "ruku": 502,
        "word_number_in_verse": 1,
        "language_code": "bn",
        "text": "কখন",
        "root_word": "إِذَا",
        "global_word_sequence_number": 73429,
        "global_verse_sequence_number": 5395
    },
    {
        "chapter": 70,
        "verse": 20,
        "juz": 29,
        "hizb": 228,
        "manzil": 7,
        "ruku": 502,
        "word_number_in_verse": 2,
        "language_code": "bn",
        "text": "তাকে স্পর্শ করে",
        "root_word": "مَسَّهُ",
        "global_word_sequence_number": 73430,
        "global_verse_sequence_number": 5395
    },
    {
        "chapter": 70,
        "verse": 20,
        "juz": 29,
        "hizb": 228,
        "manzil": 7,
        "ruku": 502,
        "word_number_in_verse": 3,
        "language_code": "bn",
        "text": "মন্দ,",
        "root_word": "الشَّرُّ",
        "global_word_sequence_number": 73431,
        "global_verse_sequence_number": 5395
    },
    {
        "chapter": 70,
        "verse": 20,
        "juz": 29,
        "hizb": 228,
        "manzil": 7,
        "ruku": 502,
        "word_number_in_verse": 4,
        "language_code": "bn",
        "text": "দুর্দশাগ্রস্ত.",
        "root_word": "جَزُوعٗا",
        "global_word_sequence_number": 73432,
        "global_verse_sequence_number": 5395
    },
    {
        "chapter": 70,
        "verse": 21,
        "juz": 29,
        "hizb": 228,
        "manzil": 7,
        "ruku": 502,
        "word_number_in_verse": 1,
        "language_code": "bn",
        "text": "এবং কখন",
        "root_word": "وَإِذَا",
        "global_word_sequence_number": 73433,
        "global_verse_sequence_number": 5396
    },
    {
        "chapter": 70,
        "verse": 21,
        "juz": 29,
        "hizb": 228,
        "manzil": 7,
        "ruku": 502,
        "word_number_in_verse": 2,
        "language_code": "bn",
        "text": "তাকে স্পর্শ করে",
        "root_word": "مَسَّهُ",
        "global_word_sequence_number": 73434,
        "global_verse_sequence_number": 5396
    },
    {
        "chapter": 70,
        "verse": 21,
        "juz": 29,
        "hizb": 228,
        "manzil": 7,
        "ruku": 502,
        "word_number_in_verse": 3,
        "language_code": "bn",
        "text": "কল্যাণ",
        "root_word": "الۡخَيۡرُ",
        "global_word_sequence_number": 73435,
        "global_verse_sequence_number": 5396
    },
    {
        "chapter": 70,
        "verse": 21,
        "juz": 29,
        "hizb": 228,
        "manzil": 7,
        "ruku": 502,
        "word_number_in_verse": 4,
        "language_code": "bn",
        "text": "কৃপণ হয়",
        "root_word": "مَنُوعًا",
        "global_word_sequence_number": 73436,
        "global_verse_sequence_number": 5396
    },
    {
        "chapter": 70,
        "verse": 22,
        "juz": 29,
        "hizb": 228,
        "manzil": 7,
        "ruku": 502,
        "word_number_in_verse": 1,
        "language_code": "bn",
        "text": "ছাড়া",
        "root_word": "إِلَّا",
        "global_word_sequence_number": 73437,
        "global_verse_sequence_number": 5397
    },
    {
        "chapter": 70,
        "verse": 22,
        "juz": 29,
        "hizb": 228,
        "manzil": 7,
        "ruku": 502,
        "word_number_in_verse": 2,
        "language_code": "bn",
        "text": "নামাযিরা",
        "root_word": "الۡمُصَلِّينَ",
        "global_word_sequence_number": 73438,
        "global_verse_sequence_number": 5397
    },
    {
        "chapter": 70,
        "verse": 23,
        "juz": 29,
        "hizb": 228,
        "manzil": 7,
        "ruku": 502,
        "word_number_in_verse": 1,
        "language_code": "bn",
        "text": "যারা",
        "root_word": "الَّذِينَ",
        "global_word_sequence_number": 73439,
        "global_verse_sequence_number": 5398
    },
    {
        "chapter": 70,
        "verse": 23,
        "juz": 29,
        "hizb": 228,
        "manzil": 7,
        "ruku": 502,
        "word_number_in_verse": 2,
        "language_code": "bn",
        "text": "[তারা]",
        "root_word": "هُمۡ",
        "global_word_sequence_number": 73440,
        "global_verse_sequence_number": 5398
    },
    {
        "chapter": 70,
        "verse": 23,
        "juz": 29,
        "hizb": 228,
        "manzil": 7,
        "ruku": 502,
        "word_number_in_verse": 3,
        "language_code": "bn",
        "text": "উপর",
        "root_word": "عَلَىٰ",
        "global_word_sequence_number": 73441,
        "global_verse_sequence_number": 5398
    },
    {
        "chapter": 70,
        "verse": 23,
        "juz": 29,
        "hizb": 228,
        "manzil": 7,
        "ruku": 502,
        "word_number_in_verse": 4,
        "language_code": "bn",
        "text": "তাদের নামযের",
        "root_word": "صَلَاتِهِمۡ",
        "global_word_sequence_number": 73442,
        "global_verse_sequence_number": 5398
    },
    {
        "chapter": 70,
        "verse": 23,
        "juz": 29,
        "hizb": 228,
        "manzil": 7,
        "ruku": 502,
        "word_number_in_verse": 5,
        "language_code": "bn",
        "text": "নিয়মিত",
        "root_word": "دَآئِمُونَ",
        "global_word_sequence_number": 73443,
        "global_verse_sequence_number": 5398
    },
    {
        "chapter": 70,
        "verse": 24,
        "juz": 29,
        "hizb": 228,
        "manzil": 7,
        "ruku": 502,
        "word_number_in_verse": 1,
        "language_code": "bn",
        "text": "এবং যারা",
        "root_word": "وَالَّذِينَ",
        "global_word_sequence_number": 73444,
        "global_verse_sequence_number": 5399
    },
    {
        "chapter": 70,
        "verse": 24,
        "juz": 29,
        "hizb": 228,
        "manzil": 7,
        "ruku": 502,
        "word_number_in_verse": 2,
        "language_code": "bn",
        "text": "মধ্যে",
        "root_word": "فِيٓ",
        "global_word_sequence_number": 73445,
        "global_verse_sequence_number": 5399
    },
    {
        "chapter": 70,
        "verse": 24,
        "juz": 29,
        "hizb": 228,
        "manzil": 7,
        "ruku": 502,
        "word_number_in_verse": 3,
        "language_code": "bn",
        "text": "তাদের সম্পদ",
        "root_word": "أَمۡوَٰلِهِمۡ",
        "global_word_sequence_number": 73446,
        "global_verse_sequence_number": 5399
    },
    {
        "chapter": 70,
        "verse": 24,
        "juz": 29,
        "hizb": 228,
        "manzil": 7,
        "ruku": 502,
        "word_number_in_verse": 4,
        "language_code": "bn",
        "text": "অধিকার",
        "root_word": "حَقّٞ",
        "global_word_sequence_number": 73447,
        "global_verse_sequence_number": 5399
    },
    {
        "chapter": 70,
        "verse": 24,
        "juz": 29,
        "hizb": 228,
        "manzil": 7,
        "ruku": 502,
        "word_number_in_verse": 5,
        "language_code": "bn",
        "text": "অবগত",
        "root_word": "مَّعۡلُومٞ",
        "global_word_sequence_number": 73448,
        "global_verse_sequence_number": 5399
    },
    {
        "chapter": 70,
        "verse": 25,
        "juz": 29,
        "hizb": 228,
        "manzil": 7,
        "ruku": 502,
        "word_number_in_verse": 1,
        "language_code": "bn",
        "text": "প্রার্থনাকারীর জন্যে",
        "root_word": "لِّلسَّآئِلِ",
        "global_word_sequence_number": 73449,
        "global_verse_sequence_number": 5400
    },
    {
        "chapter": 70,
        "verse": 25,
        "juz": 29,
        "hizb": 228,
        "manzil": 7,
        "ruku": 502,
        "word_number_in_verse": 2,
        "language_code": "bn",
        "text": "এবং বঞ্চিতের",
        "root_word": "وَالۡمَحۡرُومِ",
        "global_word_sequence_number": 73450,
        "global_verse_sequence_number": 5400
    },
    {
        "chapter": 70,
        "verse": 26,
        "juz": 29,
        "hizb": 228,
        "manzil": 7,
        "ruku": 502,
        "word_number_in_verse": 1,
        "language_code": "bn",
        "text": "এবং যারা",
        "root_word": "وَالَّذِينَ",
        "global_word_sequence_number": 73451,
        "global_verse_sequence_number": 5401
    },
    {
        "chapter": 70,
        "verse": 26,
        "juz": 29,
        "hizb": 228,
        "manzil": 7,
        "ruku": 502,
        "word_number_in_verse": 2,
        "language_code": "bn",
        "text": "সাক্ষ্য দেয়",
        "root_word": "يُصَدِّقُونَ",
        "global_word_sequence_number": 73452,
        "global_verse_sequence_number": 5401
    },
    {
        "chapter": 70,
        "verse": 26,
        "juz": 29,
        "hizb": 228,
        "manzil": 7,
        "ruku": 502,
        "word_number_in_verse": 3,
        "language_code": "bn",
        "text": "দিনের",
        "root_word": "بِيَوۡمِ",
        "global_word_sequence_number": 73453,
        "global_verse_sequence_number": 5401
    },
    {
        "chapter": 70,
        "verse": 26,
        "juz": 29,
        "hizb": 228,
        "manzil": 7,
        "ruku": 502,
        "word_number_in_verse": 4,
        "language_code": "bn",
        "text": "বিচার",
        "root_word": "الدِّينِ",
        "global_word_sequence_number": 73454,
        "global_verse_sequence_number": 5401
    },
    {
        "chapter": 70,
        "verse": 27,
        "juz": 29,
        "hizb": 228,
        "manzil": 7,
        "ruku": 502,
        "word_number_in_verse": 1,
        "language_code": "bn",
        "text": "এবং যারা",
        "root_word": "وَالَّذِينَ",
        "global_word_sequence_number": 73455,
        "global_verse_sequence_number": 5402
    },
    {
        "chapter": 70,
        "verse": 27,
        "juz": 29,
        "hizb": 228,
        "manzil": 7,
        "ruku": 502,
        "word_number_in_verse": 2,
        "language_code": "bn",
        "text": "[তারা]",
        "root_word": "هُم",
        "global_word_sequence_number": 73456,
        "global_verse_sequence_number": 5402
    },
    {
        "chapter": 70,
        "verse": 27,
        "juz": 29,
        "hizb": 228,
        "manzil": 7,
        "ruku": 502,
        "word_number_in_verse": 3,
        "language_code": "bn",
        "text": "থেকে",
        "root_word": "مِّنۡ",
        "global_word_sequence_number": 73457,
        "global_verse_sequence_number": 5402
    },
    {
        "chapter": 70,
        "verse": 27,
        "juz": 29,
        "hizb": 228,
        "manzil": 7,
        "ruku": 502,
        "word_number_in_verse": 4,
        "language_code": "bn",
        "text": "আযাব",
        "root_word": "عَذَابِ",
        "global_word_sequence_number": 73458,
        "global_verse_sequence_number": 5402
    },
    {
        "chapter": 70,
        "verse": 27,
        "juz": 29,
        "hizb": 228,
        "manzil": 7,
        "ruku": 502,
        "word_number_in_verse": 5,
        "language_code": "bn",
        "text": "তাদের রবের",
        "root_word": "رَبِّهِم",
        "global_word_sequence_number": 73459,
        "global_verse_sequence_number": 5402
    },
    {
        "chapter": 70,
        "verse": 27,
        "juz": 29,
        "hizb": 228,
        "manzil": 7,
        "ruku": 502,
        "word_number_in_verse": 6,
        "language_code": "bn",
        "text": "ভয়কারী",
        "root_word": "مُّشۡفِقُونَ",
        "global_word_sequence_number": 73460,
        "global_verse_sequence_number": 5402
    },
    {
        "chapter": 70,
        "verse": 28,
        "juz": 29,
        "hizb": 228,
        "manzil": 7,
        "ruku": 502,
        "word_number_in_verse": 1,
        "language_code": "bn",
        "text": "নিশ্চয়",
        "root_word": "إِنَّ",
        "global_word_sequence_number": 73461,
        "global_verse_sequence_number": 5403
    },
    {
        "chapter": 70,
        "verse": 28,
        "juz": 29,
        "hizb": 228,
        "manzil": 7,
        "ruku": 502,
        "word_number_in_verse": 2,
        "language_code": "bn",
        "text": "আযাব",
        "root_word": "عَذَابَ",
        "global_word_sequence_number": 73462,
        "global_verse_sequence_number": 5403
    },
    {
        "chapter": 70,
        "verse": 28,
        "juz": 29,
        "hizb": 228,
        "manzil": 7,
        "ruku": 502,
        "word_number_in_verse": 3,
        "language_code": "bn",
        "text": "তাদের রবের",
        "root_word": "رَبِّهِمۡ",
        "global_word_sequence_number": 73463,
        "global_verse_sequence_number": 5403
    },
    {
        "chapter": 70,
        "verse": 28,
        "juz": 29,
        "hizb": 228,
        "manzil": 7,
        "ruku": 502,
        "word_number_in_verse": 4,
        "language_code": "bn",
        "text": "নয়",
        "root_word": "غَيۡرُ",
        "global_word_sequence_number": 73464,
        "global_verse_sequence_number": 5403
    },
    {
        "chapter": 70,
        "verse": 28,
        "juz": 29,
        "hizb": 228,
        "manzil": 7,
        "ruku": 502,
        "word_number_in_verse": 5,
        "language_code": "bn",
        "text": "নিরাপদ",
        "root_word": "مَأۡمُونٖ",
        "global_word_sequence_number": 73465,
        "global_verse_sequence_number": 5403
    },
    {
        "chapter": 70,
        "verse": 29,
        "juz": 29,
        "hizb": 228,
        "manzil": 7,
        "ruku": 502,
        "word_number_in_verse": 1,
        "language_code": "bn",
        "text": "এবং যারা",
        "root_word": "وَالَّذِينَ",
        "global_word_sequence_number": 73466,
        "global_verse_sequence_number": 5404
    },
    {
        "chapter": 70,
        "verse": 29,
        "juz": 29,
        "hizb": 228,
        "manzil": 7,
        "ruku": 502,
        "word_number_in_verse": 2,
        "language_code": "bn",
        "text": "[তারা]",
        "root_word": "هُمۡ",
        "global_word_sequence_number": 73467,
        "global_verse_sequence_number": 5404
    },
    {
        "chapter": 70,
        "verse": 29,
        "juz": 29,
        "hizb": 228,
        "manzil": 7,
        "ruku": 502,
        "word_number_in_verse": 3,
        "language_code": "bn",
        "text": "তাদের যৌনাংগসমূহের",
        "root_word": "لِفُرُوجِهِمۡ",
        "global_word_sequence_number": 73468,
        "global_verse_sequence_number": 5404
    },
    {
        "chapter": 70,
        "verse": 29,
        "juz": 29,
        "hizb": 228,
        "manzil": 7,
        "ruku": 502,
        "word_number_in_verse": 4,
        "language_code": "bn",
        "text": "হিফাযতকারী",
        "root_word": "حَٰفِظُونَ",
        "global_word_sequence_number": 73469,
        "global_verse_sequence_number": 5404
    },
    {
        "chapter": 70,
        "verse": 30,
        "juz": 29,
        "hizb": 228,
        "manzil": 7,
        "ruku": 502,
        "word_number_in_verse": 1,
        "language_code": "bn",
        "text": "ছাড়া",
        "root_word": "إِلَّا",
        "global_word_sequence_number": 73470,
        "global_verse_sequence_number": 5405
    },
    {
        "chapter": 70,
        "verse": 30,
        "juz": 29,
        "hizb": 228,
        "manzil": 7,
        "ruku": 502,
        "word_number_in_verse": 2,
        "language_code": "bn",
        "text": "উপর",
        "root_word": "عَلَىٰٓ",
        "global_word_sequence_number": 73471,
        "global_verse_sequence_number": 5405
    },
    {
        "chapter": 70,
        "verse": 30,
        "juz": 29,
        "hizb": 228,
        "manzil": 7,
        "ruku": 502,
        "word_number_in_verse": 3,
        "language_code": "bn",
        "text": "তাদের স্ত্রীদের",
        "root_word": "أَزۡوَٰجِهِمۡ",
        "global_word_sequence_number": 73472,
        "global_verse_sequence_number": 5405
    },
    {
        "chapter": 70,
        "verse": 30,
        "juz": 29,
        "hizb": 228,
        "manzil": 7,
        "ruku": 502,
        "word_number_in_verse": 4,
        "language_code": "bn",
        "text": "বা",
        "root_word": "أَوۡ",
        "global_word_sequence_number": 73473,
        "global_verse_sequence_number": 5405
    },
    {
        "chapter": 70,
        "verse": 30,
        "juz": 29,
        "hizb": 228,
        "manzil": 7,
        "ruku": 502,
        "word_number_in_verse": 5,
        "language_code": "bn",
        "text": "যা",
        "root_word": "مَا",
        "global_word_sequence_number": 73474,
        "global_verse_sequence_number": 5405
    },
    {
        "chapter": 70,
        "verse": 30,
        "juz": 29,
        "hizb": 228,
        "manzil": 7,
        "ruku": 502,
        "word_number_in_verse": 6,
        "language_code": "bn",
        "text": "মালিক হয়েছে",
        "root_word": "مَلَكَتۡ",
        "global_word_sequence_number": 73475,
        "global_verse_sequence_number": 5405
    },
    {
        "chapter": 70,
        "verse": 30,
        "juz": 29,
        "hizb": 228,
        "manzil": 7,
        "ruku": 502,
        "word_number_in_verse": 7,
        "language_code": "bn",
        "text": "তাদের ডান হাতসমূহ",
        "root_word": "أَيۡمَٰنُهُمۡ",
        "global_word_sequence_number": 73476,
        "global_verse_sequence_number": 5405
    },
    {
        "chapter": 70,
        "verse": 30,
        "juz": 29,
        "hizb": 228,
        "manzil": 7,
        "ruku": 502,
        "word_number_in_verse": 8,
        "language_code": "bn",
        "text": "তারপর নিশ্চয় তারা",
        "root_word": "فَإِنَّهُمۡ",
        "global_word_sequence_number": 73477,
        "global_verse_sequence_number": 5405
    },
    {
        "chapter": 70,
        "verse": 30,
        "juz": 29,
        "hizb": 228,
        "manzil": 7,
        "ruku": 502,
        "word_number_in_verse": 9,
        "language_code": "bn",
        "text": "নয়",
        "root_word": "غَيۡرُ",
        "global_word_sequence_number": 73478,
        "global_verse_sequence_number": 5405
    },
    {
        "chapter": 70,
        "verse": 30,
        "juz": 29,
        "hizb": 228,
        "manzil": 7,
        "ruku": 502,
        "word_number_in_verse": 10,
        "language_code": "bn",
        "text": "নিন্দনীয়",
        "root_word": "مَلُومِينَ",
        "global_word_sequence_number": 73479,
        "global_verse_sequence_number": 5405
    },
    {
        "chapter": 70,
        "verse": 31,
        "juz": 29,
        "hizb": 228,
        "manzil": 7,
        "ruku": 502,
        "word_number_in_verse": 1,
        "language_code": "bn",
        "text": "তবে যে কেউ",
        "root_word": "فَمَنِ",
        "global_word_sequence_number": 73480,
        "global_verse_sequence_number": 5406
    },
    {
        "chapter": 70,
        "verse": 31,
        "juz": 29,
        "hizb": 228,
        "manzil": 7,
        "ruku": 502,
        "word_number_in_verse": 2,
        "language_code": "bn",
        "text": "চায়",
        "root_word": "ابۡتَغَىٰ",
        "global_word_sequence_number": 73481,
        "global_verse_sequence_number": 5406
    },
    {
        "chapter": 70,
        "verse": 31,
        "juz": 29,
        "hizb": 228,
        "manzil": 7,
        "ruku": 502,
        "word_number_in_verse": 3,
        "language_code": "bn",
        "text": "ছাড়া",
        "root_word": "وَرَآءَ",
        "global_word_sequence_number": 73482,
        "global_verse_sequence_number": 5406
    },
    {
        "chapter": 70,
        "verse": 31,
        "juz": 29,
        "hizb": 228,
        "manzil": 7,
        "ruku": 502,
        "word_number_in_verse": 4,
        "language_code": "bn",
        "text": "এটা",
        "root_word": "ذَٰلِكَ",
        "global_word_sequence_number": 73483,
        "global_verse_sequence_number": 5406
    },
    {
        "chapter": 70,
        "verse": 31,
        "juz": 29,
        "hizb": 228,
        "manzil": 7,
        "ruku": 502,
        "word_number_in_verse": 5,
        "language_code": "bn",
        "text": "অতএব ঐসব লোক",
        "root_word": "فَأُوْلَٰٓئِكَ",
        "global_word_sequence_number": 73484,
        "global_verse_sequence_number": 5406
    },
    {
        "chapter": 70,
        "verse": 31,
        "juz": 29,
        "hizb": 228,
        "manzil": 7,
        "ruku": 502,
        "word_number_in_verse": 6,
        "language_code": "bn",
        "text": "[তারাই]",
        "root_word": "هُمُ",
        "global_word_sequence_number": 73485,
        "global_verse_sequence_number": 5406
    },
    {
        "chapter": 70,
        "verse": 31,
        "juz": 29,
        "hizb": 228,
        "manzil": 7,
        "ruku": 502,
        "word_number_in_verse": 7,
        "language_code": "bn",
        "text": "সীমালংঘনকারী",
        "root_word": "الۡعَادُونَ",
        "global_word_sequence_number": 73486,
        "global_verse_sequence_number": 5406
    },
    {
        "chapter": 70,
        "verse": 32,
        "juz": 29,
        "hizb": 228,
        "manzil": 7,
        "ruku": 502,
        "word_number_in_verse": 1,
        "language_code": "bn",
        "text": "এবং যারা",
        "root_word": "وَالَّذِينَ",
        "global_word_sequence_number": 73487,
        "global_verse_sequence_number": 5407
    },
    {
        "chapter": 70,
        "verse": 32,
        "juz": 29,
        "hizb": 228,
        "manzil": 7,
        "ruku": 502,
        "word_number_in_verse": 2,
        "language_code": "bn",
        "text": "[তারা]",
        "root_word": "هُمۡ",
        "global_word_sequence_number": 73488,
        "global_verse_sequence_number": 5407
    },
    {
        "chapter": 70,
        "verse": 32,
        "juz": 29,
        "hizb": 228,
        "manzil": 7,
        "ruku": 502,
        "word_number_in_verse": 3,
        "language_code": "bn",
        "text": "তাদের  আমানতের ক্ষেত্রে",
        "root_word": "لِأَمَٰنَٰتِهِمۡ",
        "global_word_sequence_number": 73489,
        "global_verse_sequence_number": 5407
    },
    {
        "chapter": 70,
        "verse": 32,
        "juz": 29,
        "hizb": 228,
        "manzil": 7,
        "ruku": 502,
        "word_number_in_verse": 4,
        "language_code": "bn",
        "text": "ও তাদের ওয়াদার",
        "root_word": "وَعَهۡدِهِمۡ",
        "global_word_sequence_number": 73490,
        "global_verse_sequence_number": 5407
    },
    {
        "chapter": 70,
        "verse": 32,
        "juz": 29,
        "hizb": 228,
        "manzil": 7,
        "ruku": 502,
        "word_number_in_verse": 5,
        "language_code": "bn",
        "text": "পালনকারী",
        "root_word": "رَٰعُونَ",
        "global_word_sequence_number": 73491,
        "global_verse_sequence_number": 5407
    },
    {
        "chapter": 70,
        "verse": 33,
        "juz": 29,
        "hizb": 228,
        "manzil": 7,
        "ruku": 502,
        "word_number_in_verse": 1,
        "language_code": "bn",
        "text": "এবং যারা",
        "root_word": "وَالَّذِينَ",
        "global_word_sequence_number": 73492,
        "global_verse_sequence_number": 5408
    },
    {
        "chapter": 70,
        "verse": 33,
        "juz": 29,
        "hizb": 228,
        "manzil": 7,
        "ruku": 502,
        "word_number_in_verse": 2,
        "language_code": "bn",
        "text": "[তারা]",
        "root_word": "هُم",
        "global_word_sequence_number": 73493,
        "global_verse_sequence_number": 5408
    },
    {
        "chapter": 70,
        "verse": 33,
        "juz": 29,
        "hizb": 228,
        "manzil": 7,
        "ruku": 502,
        "word_number_in_verse": 3,
        "language_code": "bn",
        "text": "তাদের সাক্ষ্যদানে",
        "root_word": "بِشَهَٰدَٰتِهِمۡ",
        "global_word_sequence_number": 73494,
        "global_verse_sequence_number": 5408
    },
    {
        "chapter": 70,
        "verse": 33,
        "juz": 29,
        "hizb": 228,
        "manzil": 7,
        "ruku": 502,
        "word_number_in_verse": 4,
        "language_code": "bn",
        "text": "অটল",
        "root_word": "قَآئِمُونَ",
        "global_word_sequence_number": 73495,
        "global_verse_sequence_number": 5408
    },
    {
        "chapter": 70,
        "verse": 34,
        "juz": 29,
        "hizb": 228,
        "manzil": 7,
        "ruku": 502,
        "word_number_in_verse": 1,
        "language_code": "bn",
        "text": "এবং যারা,",
        "root_word": "وَالَّذِينَ",
        "global_word_sequence_number": 73496,
        "global_verse_sequence_number": 5409
    },
    {
        "chapter": 70,
        "verse": 34,
        "juz": 29,
        "hizb": 228,
        "manzil": 7,
        "ruku": 502,
        "word_number_in_verse": 2,
        "language_code": "bn",
        "text": "[তারা]",
        "root_word": "هُمۡ",
        "global_word_sequence_number": 73497,
        "global_verse_sequence_number": 5409
    },
    {
        "chapter": 70,
        "verse": 34,
        "juz": 29,
        "hizb": 228,
        "manzil": 7,
        "ruku": 502,
        "word_number_in_verse": 3,
        "language_code": "bn",
        "text": "উপর",
        "root_word": "عَلَىٰ",
        "global_word_sequence_number": 73498,
        "global_verse_sequence_number": 5409
    },
    {
        "chapter": 70,
        "verse": 34,
        "juz": 29,
        "hizb": 228,
        "manzil": 7,
        "ruku": 502,
        "word_number_in_verse": 4,
        "language_code": "bn",
        "text": "তাদের নামাযের",
        "root_word": "صَلَاتِهِمۡ",
        "global_word_sequence_number": 73499,
        "global_verse_sequence_number": 5409
    },
    {
        "chapter": 70,
        "verse": 34,
        "juz": 29,
        "hizb": 228,
        "manzil": 7,
        "ruku": 502,
        "word_number_in_verse": 5,
        "language_code": "bn",
        "text": "সংরক্ষণ করে",
        "root_word": "يُحَافِظُونَ",
        "global_word_sequence_number": 73500,
        "global_verse_sequence_number": 5409
    },
    {
        "chapter": 70,
        "verse": 35,
        "juz": 29,
        "hizb": 228,
        "manzil": 7,
        "ruku": 502,
        "word_number_in_verse": 1,
        "language_code": "bn",
        "text": "ঐসব লোক",
        "root_word": "أُوْلَٰٓئِكَ",
        "global_word_sequence_number": 73501,
        "global_verse_sequence_number": 5410
    },
    {
        "chapter": 70,
        "verse": 35,
        "juz": 29,
        "hizb": 228,
        "manzil": 7,
        "ruku": 502,
        "word_number_in_verse": 2,
        "language_code": "bn",
        "text": "মধ্যে হবে",
        "root_word": "فِي",
        "global_word_sequence_number": 73502,
        "global_verse_sequence_number": 5410
    },
    {
        "chapter": 70,
        "verse": 35,
        "juz": 29,
        "hizb": 228,
        "manzil": 7,
        "ruku": 502,
        "word_number_in_verse": 3,
        "language_code": "bn",
        "text": "জান্নাতসমূহের",
        "root_word": "جَنَّٰتٖ",
        "global_word_sequence_number": 73503,
        "global_verse_sequence_number": 5410
    },
    {
        "chapter": 70,
        "verse": 35,
        "juz": 29,
        "hizb": 228,
        "manzil": 7,
        "ruku": 502,
        "word_number_in_verse": 4,
        "language_code": "bn",
        "text": "সম্মানিত.",
        "root_word": "مُّكۡرَمُونَ",
        "global_word_sequence_number": 73504,
        "global_verse_sequence_number": 5410
    },
    {
        "chapter": 70,
        "verse": 36,
        "juz": 29,
        "hizb": 228,
        "manzil": 7,
        "ruku": 503,
        "word_number_in_verse": 1,
        "language_code": "bn",
        "text": "অতএব কি হয়েছে",
        "root_word": "فَمَالِ",
        "global_word_sequence_number": 73505,
        "global_verse_sequence_number": 5411
    },
    {
        "chapter": 70,
        "verse": 36,
        "juz": 29,
        "hizb": 228,
        "manzil": 7,
        "ruku": 503,
        "word_number_in_verse": 2,
        "language_code": "bn",
        "text": "যারা (তাদের)",
        "root_word": "الَّذِينَ",
        "global_word_sequence_number": 73506,
        "global_verse_sequence_number": 5411
    },
    {
        "chapter": 70,
        "verse": 36,
        "juz": 29,
        "hizb": 228,
        "manzil": 7,
        "ruku": 503,
        "word_number_in_verse": 3,
        "language_code": "bn",
        "text": "কুফরি করেছে",
        "root_word": "كَفَرُواْ",
        "global_word_sequence_number": 73507,
        "global_verse_sequence_number": 5411
    },
    {
        "chapter": 70,
        "verse": 36,
        "juz": 29,
        "hizb": 228,
        "manzil": 7,
        "ruku": 503,
        "word_number_in_verse": 4,
        "language_code": "bn",
        "text": "তোমার সামনে",
        "root_word": "قِبَلَكَ",
        "global_word_sequence_number": 73508,
        "global_verse_sequence_number": 5411
    },
    {
        "chapter": 70,
        "verse": 36,
        "juz": 29,
        "hizb": 228,
        "manzil": 7,
        "ruku": 503,
        "word_number_in_verse": 5,
        "language_code": "bn",
        "text": "দৌড়ে আসছে",
        "root_word": "مُهۡطِعِينَ",
        "global_word_sequence_number": 73509,
        "global_verse_sequence_number": 5411
    },
    {
        "chapter": 70,
        "verse": 37,
        "juz": 29,
        "hizb": 228,
        "manzil": 7,
        "ruku": 503,
        "word_number_in_verse": 1,
        "language_code": "bn",
        "text": "থেকে",
        "root_word": "عَنِ",
        "global_word_sequence_number": 73510,
        "global_verse_sequence_number": 5412
    },
    {
        "chapter": 70,
        "verse": 37,
        "juz": 29,
        "hizb": 228,
        "manzil": 7,
        "ruku": 503,
        "word_number_in_verse": 2,
        "language_code": "bn",
        "text": "ডান দিক",
        "root_word": "الۡيَمِينِ",
        "global_word_sequence_number": 73511,
        "global_verse_sequence_number": 5412
    },
    {
        "chapter": 70,
        "verse": 37,
        "juz": 29,
        "hizb": 228,
        "manzil": 7,
        "ruku": 503,
        "word_number_in_verse": 3,
        "language_code": "bn",
        "text": "ও থেকে",
        "root_word": "وَعَنِ",
        "global_word_sequence_number": 73512,
        "global_verse_sequence_number": 5412
    },
    {
        "chapter": 70,
        "verse": 37,
        "juz": 29,
        "hizb": 228,
        "manzil": 7,
        "ruku": 503,
        "word_number_in_verse": 4,
        "language_code": "bn",
        "text": "বামদিক",
        "root_word": "الشِّمَالِ",
        "global_word_sequence_number": 73513,
        "global_verse_sequence_number": 5412
    },
    {
        "chapter": 70,
        "verse": 37,
        "juz": 29,
        "hizb": 228,
        "manzil": 7,
        "ruku": 503,
        "word_number_in_verse": 5,
        "language_code": "bn",
        "text": "দলে দলে",
        "root_word": "عِزِينَ",
        "global_word_sequence_number": 73514,
        "global_verse_sequence_number": 5412
    },
    {
        "chapter": 70,
        "verse": 38,
        "juz": 29,
        "hizb": 228,
        "manzil": 7,
        "ruku": 503,
        "word_number_in_verse": 1,
        "language_code": "bn",
        "text": "লোভকরে কি",
        "root_word": "أَيَطۡمَعُ",
        "global_word_sequence_number": 73515,
        "global_verse_sequence_number": 5413
    },
    {
        "chapter": 70,
        "verse": 38,
        "juz": 29,
        "hizb": 228,
        "manzil": 7,
        "ruku": 503,
        "word_number_in_verse": 2,
        "language_code": "bn",
        "text": "প্রত্যেক",
        "root_word": "كُلُّ",
        "global_word_sequence_number": 73516,
        "global_verse_sequence_number": 5413
    },
    {
        "chapter": 70,
        "verse": 38,
        "juz": 29,
        "hizb": 228,
        "manzil": 7,
        "ruku": 503,
        "word_number_in_verse": 3,
        "language_code": "bn",
        "text": "ব্যক্তি",
        "root_word": "امۡرِيٕٖ",
        "global_word_sequence_number": 73517,
        "global_verse_sequence_number": 5413
    },
    {
        "chapter": 70,
        "verse": 38,
        "juz": 29,
        "hizb": 228,
        "manzil": 7,
        "ruku": 503,
        "word_number_in_verse": 4,
        "language_code": "bn",
        "text": "তাদের মধ্যে",
        "root_word": "مِّنۡهُمۡ",
        "global_word_sequence_number": 73518,
        "global_verse_sequence_number": 5413
    },
    {
        "chapter": 70,
        "verse": 38,
        "juz": 29,
        "hizb": 228,
        "manzil": 7,
        "ruku": 503,
        "word_number_in_verse": 5,
        "language_code": "bn",
        "text": "যে",
        "root_word": "أَن",
        "global_word_sequence_number": 73519,
        "global_verse_sequence_number": 5413
    },
    {
        "chapter": 70,
        "verse": 38,
        "juz": 29,
        "hizb": 228,
        "manzil": 7,
        "ruku": 503,
        "word_number_in_verse": 6,
        "language_code": "bn",
        "text": "প্রবেশ করানো হবে",
        "root_word": "يُدۡخَلَ",
        "global_word_sequence_number": 73520,
        "global_verse_sequence_number": 5413
    },
    {
        "chapter": 70,
        "verse": 38,
        "juz": 29,
        "hizb": 228,
        "manzil": 7,
        "ruku": 503,
        "word_number_in_verse": 7,
        "language_code": "bn",
        "text": "জান্নাতে",
        "root_word": "جَنَّةَ",
        "global_word_sequence_number": 73521,
        "global_verse_sequence_number": 5413
    },
    {
        "chapter": 70,
        "verse": 38,
        "juz": 29,
        "hizb": 228,
        "manzil": 7,
        "ruku": 503,
        "word_number_in_verse": 8,
        "language_code": "bn",
        "text": "নিয়ামতের",
        "root_word": "نَعِيمٖ",
        "global_word_sequence_number": 73522,
        "global_verse_sequence_number": 5413
    },
    {
        "chapter": 70,
        "verse": 39,
        "juz": 29,
        "hizb": 228,
        "manzil": 7,
        "ruku": 503,
        "word_number_in_verse": 1,
        "language_code": "bn",
        "text": "কখনও নয়!",
        "root_word": "كـَلَّآۖ",
        "global_word_sequence_number": 73523,
        "global_verse_sequence_number": 5414
    },
    {
        "chapter": 70,
        "verse": 39,
        "juz": 29,
        "hizb": 228,
        "manzil": 7,
        "ruku": 503,
        "word_number_in_verse": 2,
        "language_code": "bn",
        "text": "নিশ্চয় আমরা",
        "root_word": "إِنَّا",
        "global_word_sequence_number": 73524,
        "global_verse_sequence_number": 5414
    },
    {
        "chapter": 70,
        "verse": 39,
        "juz": 29,
        "hizb": 228,
        "manzil": 7,
        "ruku": 503,
        "word_number_in_verse": 3,
        "language_code": "bn",
        "text": "[আমরা] তাদেরকে সৃষ্টি করেছি",
        "root_word": "خَلَقۡنَٰهُم",
        "global_word_sequence_number": 73525,
        "global_verse_sequence_number": 5414
    },
    {
        "chapter": 70,
        "verse": 39,
        "juz": 29,
        "hizb": 228,
        "manzil": 7,
        "ruku": 503,
        "word_number_in_verse": 4,
        "language_code": "bn",
        "text": "যা থেকে",
        "root_word": "مِّمَّا",
        "global_word_sequence_number": 73526,
        "global_verse_sequence_number": 5414
    },
    {
        "chapter": 70,
        "verse": 39,
        "juz": 29,
        "hizb": 228,
        "manzil": 7,
        "ruku": 503,
        "word_number_in_verse": 5,
        "language_code": "bn",
        "text": "তারা জানে.",
        "root_word": "يَعۡلَمُونَ",
        "global_word_sequence_number": 73527,
        "global_verse_sequence_number": 5414
    },
    {
        "chapter": 70,
        "verse": 40,
        "juz": 29,
        "hizb": 228,
        "manzil": 7,
        "ruku": 503,
        "word_number_in_verse": 1,
        "language_code": "bn",
        "text": "অতএব, না",
        "root_word": "فَلَآ",
        "global_word_sequence_number": 73528,
        "global_verse_sequence_number": 5415
    },
    {
        "chapter": 70,
        "verse": 40,
        "juz": 29,
        "hizb": 228,
        "manzil": 7,
        "ruku": 503,
        "word_number_in_verse": 2,
        "language_code": "bn",
        "text": "আমি কসম করছি যে",
        "root_word": "أُقۡسِمُ",
        "global_word_sequence_number": 73529,
        "global_verse_sequence_number": 5415
    },
    {
        "chapter": 70,
        "verse": 40,
        "juz": 29,
        "hizb": 228,
        "manzil": 7,
        "ruku": 503,
        "word_number_in_verse": 3,
        "language_code": "bn",
        "text": "রবের",
        "root_word": "بِرَبِّ",
        "global_word_sequence_number": 73530,
        "global_verse_sequence_number": 5415
    },
    {
        "chapter": 70,
        "verse": 40,
        "juz": 29,
        "hizb": 228,
        "manzil": 7,
        "ruku": 503,
        "word_number_in_verse": 4,
        "language_code": "bn",
        "text": "উদয়স্থল",
        "root_word": "الۡمَشَٰرِقِ",
        "global_word_sequence_number": 73531,
        "global_verse_sequence_number": 5415
    },
    {
        "chapter": 70,
        "verse": 40,
        "juz": 29,
        "hizb": 228,
        "manzil": 7,
        "ruku": 503,
        "word_number_in_verse": 5,
        "language_code": "bn",
        "text": "ও অস্তাচলসমূহের",
        "root_word": "وَالۡمَغَٰرِبِ",
        "global_word_sequence_number": 73532,
        "global_verse_sequence_number": 5415
    },
    {
        "chapter": 70,
        "verse": 40,
        "juz": 29,
        "hizb": 228,
        "manzil": 7,
        "ruku": 503,
        "word_number_in_verse": 6,
        "language_code": "bn",
        "text": "নিশ্চয় আমরা",
        "root_word": "إِنَّا",
        "global_word_sequence_number": 73533,
        "global_verse_sequence_number": 5415
    },
    {
        "chapter": 70,
        "verse": 40,
        "juz": 29,
        "hizb": 228,
        "manzil": 7,
        "ruku": 503,
        "word_number_in_verse": 7,
        "language_code": "bn",
        "text": "সক্ষম",
        "root_word": "لَقَٰدِرُونَ",
        "global_word_sequence_number": 73534,
        "global_verse_sequence_number": 5415
    },
    {
        "chapter": 70,
        "verse": 41,
        "juz": 29,
        "hizb": 228,
        "manzil": 7,
        "ruku": 503,
        "word_number_in_verse": 1,
        "language_code": "bn",
        "text": "উপর",
        "root_word": "عَلَىٰٓ",
        "global_word_sequence_number": 73535,
        "global_verse_sequence_number": 5416
    },
    {
        "chapter": 70,
        "verse": 41,
        "juz": 29,
        "hizb": 228,
        "manzil": 7,
        "ruku": 503,
        "word_number_in_verse": 2,
        "language_code": "bn",
        "text": "যে",
        "root_word": "أَن",
        "global_word_sequence_number": 73536,
        "global_verse_sequence_number": 5416
    },
    {
        "chapter": 70,
        "verse": 41,
        "juz": 29,
        "hizb": 228,
        "manzil": 7,
        "ruku": 503,
        "word_number_in_verse": 3,
        "language_code": "bn",
        "text": "বদলাব",
        "root_word": "نُّبَدِّلَ",
        "global_word_sequence_number": 73537,
        "global_verse_sequence_number": 5416
    },
    {
        "chapter": 70,
        "verse": 41,
        "juz": 29,
        "hizb": 228,
        "manzil": 7,
        "ruku": 503,
        "word_number_in_verse": 4,
        "language_code": "bn",
        "text": "আমরা",
        "root_word": "خَيۡرٗا",
        "global_word_sequence_number": 73538,
        "global_verse_sequence_number": 5416
    },
    {
        "chapter": 70,
        "verse": 41,
        "juz": 29,
        "hizb": 228,
        "manzil": 7,
        "ruku": 503,
        "word_number_in_verse": 5,
        "language_code": "bn",
        "text": "তাদের চেয়ে",
        "root_word": "مِّنۡهُمۡ",
        "global_word_sequence_number": 73539,
        "global_verse_sequence_number": 5416
    },
    {
        "chapter": 70,
        "verse": 41,
        "juz": 29,
        "hizb": 228,
        "manzil": 7,
        "ruku": 503,
        "word_number_in_verse": 6,
        "language_code": "bn",
        "text": "এবং না",
        "root_word": "وَمَا",
        "global_word_sequence_number": 73540,
        "global_verse_sequence_number": 5416
    },
    {
        "chapter": 70,
        "verse": 41,
        "juz": 29,
        "hizb": 228,
        "manzil": 7,
        "ruku": 503,
        "word_number_in_verse": 7,
        "language_code": "bn",
        "text": "আমাদের",
        "root_word": "نَحۡنُ",
        "global_word_sequence_number": 73541,
        "global_verse_sequence_number": 5416
    },
    {
        "chapter": 70,
        "verse": 41,
        "juz": 29,
        "hizb": 228,
        "manzil": 7,
        "ruku": 503,
        "word_number_in_verse": 8,
        "language_code": "bn",
        "text": "অতিক্রমকারী",
        "root_word": "بِمَسۡبُوقِينَ",
        "global_word_sequence_number": 73542,
        "global_verse_sequence_number": 5416
    },
    {
        "chapter": 70,
        "verse": 42,
        "juz": 29,
        "hizb": 228,
        "manzil": 7,
        "ruku": 503,
        "word_number_in_verse": 1,
        "language_code": "bn",
        "text": "সুতরাং তাদের ছেড়ে দাও,",
        "root_word": "فَذَرۡهُمۡ",
        "global_word_sequence_number": 73543,
        "global_verse_sequence_number": 5417
    },
    {
        "chapter": 70,
        "verse": 42,
        "juz": 29,
        "hizb": 228,
        "manzil": 7,
        "ruku": 503,
        "word_number_in_verse": 2,
        "language_code": "bn",
        "text": "(করতে) বেহুদা কথায়",
        "root_word": "يَخُوضُواْ",
        "global_word_sequence_number": 73544,
        "global_verse_sequence_number": 5417
    },
    {
        "chapter": 70,
        "verse": 42,
        "juz": 29,
        "hizb": 228,
        "manzil": 7,
        "ruku": 503,
        "word_number_in_verse": 3,
        "language_code": "bn",
        "text": "আর খেল-তামাশায়",
        "root_word": "وَيَلۡعَبُواْ",
        "global_word_sequence_number": 73545,
        "global_verse_sequence_number": 5417
    },
    {
        "chapter": 70,
        "verse": 42,
        "juz": 29,
        "hizb": 228,
        "manzil": 7,
        "ruku": 503,
        "word_number_in_verse": 4,
        "language_code": "bn",
        "text": "যতক্ষণ না",
        "root_word": "حَتَّىٰ",
        "global_word_sequence_number": 73546,
        "global_verse_sequence_number": 5417
    },
    {
        "chapter": 70,
        "verse": 42,
        "juz": 29,
        "hizb": 228,
        "manzil": 7,
        "ruku": 503,
        "word_number_in_verse": 5,
        "language_code": "bn",
        "text": "দেখা পায়",
        "root_word": "يُلَٰقُواْ",
        "global_word_sequence_number": 73547,
        "global_verse_sequence_number": 5417
    },
    {
        "chapter": 70,
        "verse": 42,
        "juz": 29,
        "hizb": 228,
        "manzil": 7,
        "ruku": 503,
        "word_number_in_verse": 6,
        "language_code": "bn",
        "text": "সেদিনের,",
        "root_word": "يَوۡمَهُمُ",
        "global_word_sequence_number": 73548,
        "global_verse_sequence_number": 5417
    },
    {
        "chapter": 70,
        "verse": 42,
        "juz": 29,
        "hizb": 228,
        "manzil": 7,
        "ruku": 503,
        "word_number_in_verse": 7,
        "language_code": "bn",
        "text": "যার",
        "root_word": "الَّذِي",
        "global_word_sequence_number": 73549,
        "global_verse_sequence_number": 5417
    },
    {
        "chapter": 70,
        "verse": 42,
        "juz": 29,
        "hizb": 228,
        "manzil": 7,
        "ruku": 503,
        "word_number_in_verse": 8,
        "language_code": "bn",
        "text": "তাদের ওয়াদা করা হয়েছে",
        "root_word": "يُوعَدُونَ",
        "global_word_sequence_number": 73550,
        "global_verse_sequence_number": 5417
    },
    {
        "chapter": 70,
        "verse": 43,
        "juz": 29,
        "hizb": 228,
        "manzil": 7,
        "ruku": 503,
        "word_number_in_verse": 1,
        "language_code": "bn",
        "text": "যেদিন",
        "root_word": "يَوۡمَ",
        "global_word_sequence_number": 73551,
        "global_verse_sequence_number": 5418
    },
    {
        "chapter": 70,
        "verse": 43,
        "juz": 29,
        "hizb": 228,
        "manzil": 7,
        "ruku": 503,
        "word_number_in_verse": 2,
        "language_code": "bn",
        "text": "তারা বের হবে",
        "root_word": "يَخۡرُجُونَ",
        "global_word_sequence_number": 73552,
        "global_verse_sequence_number": 5418
    },
    {
        "chapter": 70,
        "verse": 43,
        "juz": 29,
        "hizb": 228,
        "manzil": 7,
        "ruku": 503,
        "word_number_in_verse": 3,
        "language_code": "bn",
        "text": "থেকে",
        "root_word": "مِنَ",
        "global_word_sequence_number": 73553,
        "global_verse_sequence_number": 5418
    },
    {
        "chapter": 70,
        "verse": 43,
        "juz": 29,
        "hizb": 228,
        "manzil": 7,
        "ruku": 503,
        "word_number_in_verse": 4,
        "language_code": "bn",
        "text": "কবরগুলো",
        "root_word": "الۡأَجۡدَاثِ",
        "global_word_sequence_number": 73554,
        "global_verse_sequence_number": 5418
    },
    {
        "chapter": 70,
        "verse": 43,
        "juz": 29,
        "hizb": 228,
        "manzil": 7,
        "ruku": 503,
        "word_number_in_verse": 5,
        "language_code": "bn",
        "text": "দ্রুতভাবে",
        "root_word": "سِرَاعٗا",
        "global_word_sequence_number": 73555,
        "global_verse_sequence_number": 5418
    },
    {
        "chapter": 70,
        "verse": 43,
        "juz": 29,
        "hizb": 228,
        "manzil": 7,
        "ruku": 503,
        "word_number_in_verse": 6,
        "language_code": "bn",
        "text": "তারা যেন",
        "root_word": "كَأَنَّهُمۡ",
        "global_word_sequence_number": 73556,
        "global_verse_sequence_number": 5418
    },
    {
        "chapter": 70,
        "verse": 43,
        "juz": 29,
        "hizb": 228,
        "manzil": 7,
        "ruku": 503,
        "word_number_in_verse": 7,
        "language_code": "bn",
        "text": "দিকে",
        "root_word": "إِلَىٰ",
        "global_word_sequence_number": 73557,
        "global_verse_sequence_number": 5418
    },
    {
        "chapter": 70,
        "verse": 43,
        "juz": 29,
        "hizb": 228,
        "manzil": 7,
        "ruku": 503,
        "word_number_in_verse": 8,
        "language_code": "bn",
        "text": "লক্ষ্যের",
        "root_word": "نُصُبٖ",
        "global_word_sequence_number": 73558,
        "global_verse_sequence_number": 5418
    },
    {
        "chapter": 70,
        "verse": 43,
        "juz": 29,
        "hizb": 228,
        "manzil": 7,
        "ruku": 503,
        "word_number_in_verse": 9,
        "language_code": "bn",
        "text": "ছুটে যাচ্ছে",
        "root_word": "يُوفِضُونَ",
        "global_word_sequence_number": 73559,
        "global_verse_sequence_number": 5418
    },
    {
        "chapter": 70,
        "verse": 44,
        "juz": 29,
        "hizb": 228,
        "manzil": 7,
        "ruku": 503,
        "word_number_in_verse": 1,
        "language_code": "bn",
        "text": "অবনত",
        "root_word": "خَٰشِعَةً",
        "global_word_sequence_number": 73560,
        "global_verse_sequence_number": 5419
    },
    {
        "chapter": 70,
        "verse": 44,
        "juz": 29,
        "hizb": 228,
        "manzil": 7,
        "ruku": 503,
        "word_number_in_verse": 2,
        "language_code": "bn",
        "text": "তাদের চোখ",
        "root_word": "أَبۡصَٰرُهُمۡ",
        "global_word_sequence_number": 73561,
        "global_verse_sequence_number": 5419
    },
    {
        "chapter": 70,
        "verse": 44,
        "juz": 29,
        "hizb": 228,
        "manzil": 7,
        "ruku": 503,
        "word_number_in_verse": 3,
        "language_code": "bn",
        "text": "তাদেরকে আচ্ছন্ন করবে",
        "root_word": "تَرۡهَقُهُمۡ",
        "global_word_sequence_number": 73562,
        "global_verse_sequence_number": 5419
    },
    {
        "chapter": 70,
        "verse": 44,
        "juz": 29,
        "hizb": 228,
        "manzil": 7,
        "ruku": 503,
        "word_number_in_verse": 4,
        "language_code": "bn",
        "text": "লাঞ্ছনা",
        "root_word": "ذِلَّةٞۚ",
        "global_word_sequence_number": 73563,
        "global_verse_sequence_number": 5419
    },
    {
        "chapter": 70,
        "verse": 44,
        "juz": 29,
        "hizb": 228,
        "manzil": 7,
        "ruku": 503,
        "word_number_in_verse": 5,
        "language_code": "bn",
        "text": "এটা",
        "root_word": "ذَٰلِكَ",
        "global_word_sequence_number": 73564,
        "global_verse_sequence_number": 5419
    },
    {
        "chapter": 70,
        "verse": 44,
        "juz": 29,
        "hizb": 228,
        "manzil": 7,
        "ruku": 503,
        "word_number_in_verse": 6,
        "language_code": "bn",
        "text": "সেদিন",
        "root_word": "الۡيَوۡمُ",
        "global_word_sequence_number": 73565,
        "global_verse_sequence_number": 5419
    },
    {
        "chapter": 70,
        "verse": 44,
        "juz": 29,
        "hizb": 228,
        "manzil": 7,
        "ruku": 503,
        "word_number_in_verse": 7,
        "language_code": "bn",
        "text": "যার",
        "root_word": "الَّذِي",
        "global_word_sequence_number": 73566,
        "global_verse_sequence_number": 5419
    },
    {
        "chapter": 70,
        "verse": 44,
        "juz": 29,
        "hizb": 228,
        "manzil": 7,
        "ruku": 503,
        "word_number_in_verse": 8,
        "language_code": "bn",
        "text": "তাদেরকে দেয়া হয়েছিল",
        "root_word": "كَانُواْ",
        "global_word_sequence_number": 73567,
        "global_verse_sequence_number": 5419
    },
    {
        "chapter": 70,
        "verse": 44,
        "juz": 29,
        "hizb": 228,
        "manzil": 7,
        "ruku": 503,
        "word_number_in_verse": 9,
        "language_code": "bn",
        "text": "যার ওয়াদা",
        "root_word": "يُوعَدُونَ",
        "global_word_sequence_number": 73568,
        "global_verse_sequence_number": 5419
    }
]