[
    {
        "chapter": 71,
        "verse": 1,
        "juz": 29,
        "hizb": 228,
        "manzil": 7,
        "ruku": 504,
        "word_number_in_verse": 1,
        "language_code": "bn",
        "text": "আমরা নিশ্চয়",
        "root_word": "إِنَّآ",
        "global_word_sequence_number": 73569,
        "global_verse_sequence_number": 5420
    },
    {
        "chapter": 71,
        "verse": 1,
        "juz": 29,
        "hizb": 228,
        "manzil": 7,
        "ruku": 504,
        "word_number_in_verse": 2,
        "language_code": "bn",
        "text": "আমরা পাঠিয়েছি",
        "root_word": "أَرۡسَلۡنَا",
        "global_word_sequence_number": 73570,
        "global_verse_sequence_number": 5420
    },
    {
        "chapter": 71,
        "verse": 1,
        "juz": 29,
        "hizb": 228,
        "manzil": 7,
        "ruku": 504,
        "word_number_in_verse": 3,
        "language_code": "bn",
        "text": "নূহকে",
        "root_word": "نُوحًا",
        "global_word_sequence_number": 73571,
        "global_verse_sequence_number": 5420
    },
    {
        "chapter": 71,
        "verse": 1,
        "juz": 29,
        "hizb": 228,
        "manzil": 7,
        "ruku": 504,
        "word_number_in_verse": 4,
        "language_code": "bn",
        "text": "প্রতি",
        "root_word": "إِلَىٰ",
        "global_word_sequence_number": 73572,
        "global_verse_sequence_number": 5420
    },
    {
        "chapter": 71,
        "verse": 1,
        "juz": 29,
        "hizb": 228,
        "manzil": 7,
        "ruku": 504,
        "word_number_in_verse": 5,
        "language_code": "bn",
        "text": "তার জাতির",
        "root_word": "قَوۡمِهِۦٓ",
        "global_word_sequence_number": 73573,
        "global_verse_sequence_number": 5420
    },
    {
        "chapter": 71,
        "verse": 1,
        "juz": 29,
        "hizb": 228,
        "manzil": 7,
        "ruku": 504,
        "word_number_in_verse": 6,
        "language_code": "bn",
        "text": "যে",
        "root_word": "أَنۡ",
        "global_word_sequence_number": 73574,
        "global_verse_sequence_number": 5420
    },
    {
        "chapter": 71,
        "verse": 1,
        "juz": 29,
        "hizb": 228,
        "manzil": 7,
        "ruku": 504,
        "word_number_in_verse": 7,
        "language_code": "bn",
        "text": "\"তুমি সতর্ক কর",
        "root_word": "أَنذِرۡ",
        "global_word_sequence_number": 73575,
        "global_verse_sequence_number": 5420
    },
    {
        "chapter": 71,
        "verse": 1,
        "juz": 29,
        "hizb": 228,
        "manzil": 7,
        "ruku": 504,
        "word_number_in_verse": 8,
        "language_code": "bn",
        "text": "তোমার জাতিকে",
        "root_word": "قَوۡمَكَ",
        "global_word_sequence_number": 73576,
        "global_verse_sequence_number": 5420
    },
    {
        "chapter": 71,
        "verse": 1,
        "juz": 29,
        "hizb": 228,
        "manzil": 7,
        "ruku": 504,
        "word_number_in_verse": 9,
        "language_code": "bn",
        "text": "মধ্য হতে",
        "root_word": "مِن",
        "global_word_sequence_number": 73577,
        "global_verse_sequence_number": 5420
    },
    {
        "chapter": 71,
        "verse": 1,
        "juz": 29,
        "hizb": 228,
        "manzil": 7,
        "ruku": 504,
        "word_number_in_verse": 10,
        "language_code": "bn",
        "text": "পূর্বে",
        "root_word": "قَبۡلِ",
        "global_word_sequence_number": 73578,
        "global_verse_sequence_number": 5420
    },
    {
        "chapter": 71,
        "verse": 1,
        "juz": 29,
        "hizb": 228,
        "manzil": 7,
        "ruku": 504,
        "word_number_in_verse": 11,
        "language_code": "bn",
        "text": "যে",
        "root_word": "أَن",
        "global_word_sequence_number": 73579,
        "global_verse_sequence_number": 5420
    },
    {
        "chapter": 71,
        "verse": 1,
        "juz": 29,
        "hizb": 228,
        "manzil": 7,
        "ruku": 504,
        "word_number_in_verse": 12,
        "language_code": "bn",
        "text": "তাদের উপর আসবে",
        "root_word": "يَأۡتِيَهُمۡ",
        "global_word_sequence_number": 73580,
        "global_verse_sequence_number": 5420
    },
    {
        "chapter": 71,
        "verse": 1,
        "juz": 29,
        "hizb": 228,
        "manzil": 7,
        "ruku": 504,
        "word_number_in_verse": 13,
        "language_code": "bn",
        "text": "আযাব",
        "root_word": "عَذَابٌ",
        "global_word_sequence_number": 73581,
        "global_verse_sequence_number": 5420
    },
    {
        "chapter": 71,
        "verse": 1,
        "juz": 29,
        "hizb": 228,
        "manzil": 7,
        "ruku": 504,
        "word_number_in_verse": 14,
        "language_code": "bn",
        "text": "কষ্টদায়ক\"",
        "root_word": "أَلِيمٞ",
        "global_word_sequence_number": 73582,
        "global_verse_sequence_number": 5420
    },
    {
        "chapter": 71,
        "verse": 2,
        "juz": 29,
        "hizb": 228,
        "manzil": 7,
        "ruku": 504,
        "word_number_in_verse": 1,
        "language_code": "bn",
        "text": "বলেছিল",
        "root_word": "قَالَ",
        "global_word_sequence_number": 73583,
        "global_verse_sequence_number": 5421
    },
    {
        "chapter": 71,
        "verse": 2,
        "juz": 29,
        "hizb": 228,
        "manzil": 7,
        "ruku": 504,
        "word_number_in_verse": 2,
        "language_code": "bn",
        "text": "\"আমার জাতি হে",
        "root_word": "يَٰقَوۡمِ",
        "global_word_sequence_number": 73584,
        "global_verse_sequence_number": 5421
    },
    {
        "chapter": 71,
        "verse": 2,
        "juz": 29,
        "hizb": 228,
        "manzil": 7,
        "ruku": 504,
        "word_number_in_verse": 3,
        "language_code": "bn",
        "text": "আমি নিশ্চয়",
        "root_word": "إِنِّي",
        "global_word_sequence_number": 73585,
        "global_verse_sequence_number": 5421
    },
    {
        "chapter": 71,
        "verse": 2,
        "juz": 29,
        "hizb": 228,
        "manzil": 7,
        "ruku": 504,
        "word_number_in_verse": 4,
        "language_code": "bn",
        "text": "জন্যে তোমাদের",
        "root_word": "لَكُمۡ",
        "global_word_sequence_number": 73586,
        "global_verse_sequence_number": 5421
    },
    {
        "chapter": 71,
        "verse": 2,
        "juz": 29,
        "hizb": 228,
        "manzil": 7,
        "ruku": 504,
        "word_number_in_verse": 5,
        "language_code": "bn",
        "text": "সতর্ককারী",
        "root_word": "نَذِيرٞ",
        "global_word_sequence_number": 73587,
        "global_verse_sequence_number": 5421
    },
    {
        "chapter": 71,
        "verse": 2,
        "juz": 29,
        "hizb": 228,
        "manzil": 7,
        "ruku": 504,
        "word_number_in_verse": 6,
        "language_code": "bn",
        "text": "সুস্পষ্ট",
        "root_word": "مُّبِينٌ",
        "global_word_sequence_number": 73588,
        "global_verse_sequence_number": 5421
    },
    {
        "chapter": 71,
        "verse": 3,
        "juz": 29,
        "hizb": 228,
        "manzil": 7,
        "ruku": 504,
        "word_number_in_verse": 1,
        "language_code": "bn",
        "text": "যেন",
        "root_word": "أَنِ",
        "global_word_sequence_number": 73589,
        "global_verse_sequence_number": 5422
    },
    {
        "chapter": 71,
        "verse": 3,
        "juz": 29,
        "hizb": 228,
        "manzil": 7,
        "ruku": 504,
        "word_number_in_verse": 2,
        "language_code": "bn",
        "text": "তোমরা এবাদত কর",
        "root_word": "اعۡبُدُواْ",
        "global_word_sequence_number": 73590,
        "global_verse_sequence_number": 5422
    },
    {
        "chapter": 71,
        "verse": 3,
        "juz": 29,
        "hizb": 228,
        "manzil": 7,
        "ruku": 504,
        "word_number_in_verse": 3,
        "language_code": "bn",
        "text": "আল্লাহর",
        "root_word": "اللَّهَ",
        "global_word_sequence_number": 73591,
        "global_verse_sequence_number": 5422
    },
    {
        "chapter": 71,
        "verse": 3,
        "juz": 29,
        "hizb": 228,
        "manzil": 7,
        "ruku": 504,
        "word_number_in_verse": 4,
        "language_code": "bn",
        "text": "এবং তাঁকে ভয় কর",
        "root_word": "وَاتَّقُوهُ",
        "global_word_sequence_number": 73592,
        "global_verse_sequence_number": 5422
    },
    {
        "chapter": 71,
        "verse": 3,
        "juz": 29,
        "hizb": 228,
        "manzil": 7,
        "ruku": 504,
        "word_number_in_verse": 5,
        "language_code": "bn",
        "text": "ও আমার আনুগত্য কর",
        "root_word": "وَأَطِيعُونِ",
        "global_word_sequence_number": 73593,
        "global_verse_sequence_number": 5422
    },
    {
        "chapter": 71,
        "verse": 4,
        "juz": 29,
        "hizb": 228,
        "manzil": 7,
        "ruku": 504,
        "word_number_in_verse": 1,
        "language_code": "bn",
        "text": "মাফ তিনি করবেন",
        "root_word": "يَغۡفِرۡ",
        "global_word_sequence_number": 73594,
        "global_verse_sequence_number": 5423
    },
    {
        "chapter": 71,
        "verse": 4,
        "juz": 29,
        "hizb": 228,
        "manzil": 7,
        "ruku": 504,
        "word_number_in_verse": 2,
        "language_code": "bn",
        "text": "তোমাদের জন্য",
        "root_word": "لَكُم",
        "global_word_sequence_number": 73595,
        "global_verse_sequence_number": 5423
    },
    {
        "chapter": 71,
        "verse": 4,
        "juz": 29,
        "hizb": 228,
        "manzil": 7,
        "ruku": 504,
        "word_number_in_verse": 3,
        "language_code": "bn",
        "text": "থেকে",
        "root_word": "مِّن",
        "global_word_sequence_number": 73596,
        "global_verse_sequence_number": 5423
    },
    {
        "chapter": 71,
        "verse": 4,
        "juz": 29,
        "hizb": 228,
        "manzil": 7,
        "ruku": 504,
        "word_number_in_verse": 4,
        "language_code": "bn",
        "text": "তোমাদের গুনাহ সমূহকে",
        "root_word": "ذُنُوبِكُمۡ",
        "global_word_sequence_number": 73597,
        "global_verse_sequence_number": 5423
    },
    {
        "chapter": 71,
        "verse": 4,
        "juz": 29,
        "hizb": 228,
        "manzil": 7,
        "ruku": 504,
        "word_number_in_verse": 5,
        "language_code": "bn",
        "text": "এবং তোমাদের অবকাশ দেবেন",
        "root_word": "وَيُؤَخِّرۡكُمۡ",
        "global_word_sequence_number": 73598,
        "global_verse_sequence_number": 5423
    },
    {
        "chapter": 71,
        "verse": 4,
        "juz": 29,
        "hizb": 228,
        "manzil": 7,
        "ruku": 504,
        "word_number_in_verse": 6,
        "language_code": "bn",
        "text": "পর্যন্ত",
        "root_word": "إِلَىٰٓ",
        "global_word_sequence_number": 73599,
        "global_verse_sequence_number": 5423
    },
    {
        "chapter": 71,
        "verse": 4,
        "juz": 29,
        "hizb": 228,
        "manzil": 7,
        "ruku": 504,
        "word_number_in_verse": 7,
        "language_code": "bn",
        "text": "সময়",
        "root_word": "أَجَلٖ",
        "global_word_sequence_number": 73600,
        "global_verse_sequence_number": 5423
    },
    {
        "chapter": 71,
        "verse": 4,
        "juz": 29,
        "hizb": 228,
        "manzil": 7,
        "ruku": 504,
        "word_number_in_verse": 8,
        "language_code": "bn",
        "text": "নির্দিষ্ট",
        "root_word": "مُّسَمًّىۚ",
        "global_word_sequence_number": 73601,
        "global_verse_sequence_number": 5423
    },
    {
        "chapter": 71,
        "verse": 4,
        "juz": 29,
        "hizb": 228,
        "manzil": 7,
        "ruku": 504,
        "word_number_in_verse": 9,
        "language_code": "bn",
        "text": "নিশ্চয়",
        "root_word": "إِنَّ",
        "global_word_sequence_number": 73602,
        "global_verse_sequence_number": 5423
    },
    {
        "chapter": 71,
        "verse": 4,
        "juz": 29,
        "hizb": 228,
        "manzil": 7,
        "ruku": 504,
        "word_number_in_verse": 10,
        "language_code": "bn",
        "text": "নির্দধারিত কাল",
        "root_word": "أَجَلَ",
        "global_word_sequence_number": 73603,
        "global_verse_sequence_number": 5423
    },
    {
        "chapter": 71,
        "verse": 4,
        "juz": 29,
        "hizb": 228,
        "manzil": 7,
        "ruku": 504,
        "word_number_in_verse": 11,
        "language_code": "bn",
        "text": "আল্লাহর",
        "root_word": "اللَّهِ",
        "global_word_sequence_number": 73604,
        "global_verse_sequence_number": 5423
    },
    {
        "chapter": 71,
        "verse": 4,
        "juz": 29,
        "hizb": 228,
        "manzil": 7,
        "ruku": 504,
        "word_number_in_verse": 12,
        "language_code": "bn",
        "text": "যখন",
        "root_word": "إِذَا",
        "global_word_sequence_number": 73605,
        "global_verse_sequence_number": 5423
    },
    {
        "chapter": 71,
        "verse": 4,
        "juz": 29,
        "hizb": 228,
        "manzil": 7,
        "ruku": 504,
        "word_number_in_verse": 13,
        "language_code": "bn",
        "text": "আসে",
        "root_word": "جَآءَ",
        "global_word_sequence_number": 73606,
        "global_verse_sequence_number": 5423
    },
    {
        "chapter": 71,
        "verse": 4,
        "juz": 29,
        "hizb": 228,
        "manzil": 7,
        "ruku": 504,
        "word_number_in_verse": 14,
        "language_code": "bn",
        "text": "না",
        "root_word": "لَا",
        "global_word_sequence_number": 73607,
        "global_verse_sequence_number": 5423
    },
    {
        "chapter": 71,
        "verse": 4,
        "juz": 29,
        "hizb": 228,
        "manzil": 7,
        "ruku": 504,
        "word_number_in_verse": 15,
        "language_code": "bn",
        "text": "বিলম্বিত করা হয়",
        "root_word": "يُؤَخَّرُۚ",
        "global_word_sequence_number": 73608,
        "global_verse_sequence_number": 5423
    },
    {
        "chapter": 71,
        "verse": 4,
        "juz": 29,
        "hizb": 228,
        "manzil": 7,
        "ruku": 504,
        "word_number_in_verse": 16,
        "language_code": "bn",
        "text": "যদি",
        "root_word": "لَوۡ",
        "global_word_sequence_number": 73609,
        "global_verse_sequence_number": 5423
    },
    {
        "chapter": 71,
        "verse": 4,
        "juz": 29,
        "hizb": 228,
        "manzil": 7,
        "ruku": 504,
        "word_number_in_verse": 17,
        "language_code": "bn",
        "text": "তোমরা হতে",
        "root_word": "كُنتُمۡ",
        "global_word_sequence_number": 73610,
        "global_verse_sequence_number": 5423
    },
    {
        "chapter": 71,
        "verse": 4,
        "juz": 29,
        "hizb": 228,
        "manzil": 7,
        "ruku": 504,
        "word_number_in_verse": 18,
        "language_code": "bn",
        "text": "অবগত\"",
        "root_word": "تَعۡلَمُونَ",
        "global_word_sequence_number": 73611,
        "global_verse_sequence_number": 5423
    },
    {
        "chapter": 71,
        "verse": 5,
        "juz": 29,
        "hizb": 228,
        "manzil": 7,
        "ruku": 504,
        "word_number_in_verse": 1,
        "language_code": "bn",
        "text": "সে বলল",
        "root_word": "قَالَ",
        "global_word_sequence_number": 73612,
        "global_verse_sequence_number": 5424
    },
    {
        "chapter": 71,
        "verse": 5,
        "juz": 29,
        "hizb": 228,
        "manzil": 7,
        "ruku": 504,
        "word_number_in_verse": 2,
        "language_code": "bn",
        "text": "\"আমার রব হে",
        "root_word": "رَبِّ",
        "global_word_sequence_number": 73613,
        "global_verse_sequence_number": 5424
    },
    {
        "chapter": 71,
        "verse": 5,
        "juz": 29,
        "hizb": 228,
        "manzil": 7,
        "ruku": 504,
        "word_number_in_verse": 3,
        "language_code": "bn",
        "text": "আমি নিশ্চয়",
        "root_word": "إِنِّي",
        "global_word_sequence_number": 73614,
        "global_verse_sequence_number": 5424
    },
    {
        "chapter": 71,
        "verse": 5,
        "juz": 29,
        "hizb": 228,
        "manzil": 7,
        "ruku": 504,
        "word_number_in_verse": 4,
        "language_code": "bn",
        "text": "আমি ডেকেছি",
        "root_word": "دَعَوۡتُ",
        "global_word_sequence_number": 73615,
        "global_verse_sequence_number": 5424
    },
    {
        "chapter": 71,
        "verse": 5,
        "juz": 29,
        "hizb": 228,
        "manzil": 7,
        "ruku": 504,
        "word_number_in_verse": 5,
        "language_code": "bn",
        "text": "আমার জাতিকে",
        "root_word": "قَوۡمِي",
        "global_word_sequence_number": 73616,
        "global_verse_sequence_number": 5424
    },
    {
        "chapter": 71,
        "verse": 5,
        "juz": 29,
        "hizb": 228,
        "manzil": 7,
        "ruku": 504,
        "word_number_in_verse": 6,
        "language_code": "bn",
        "text": "রাতে",
        "root_word": "لَيۡلٗا",
        "global_word_sequence_number": 73617,
        "global_verse_sequence_number": 5424
    },
    {
        "chapter": 71,
        "verse": 5,
        "juz": 29,
        "hizb": 228,
        "manzil": 7,
        "ruku": 504,
        "word_number_in_verse": 7,
        "language_code": "bn",
        "text": "ও দিনে",
        "root_word": "وَنَهَارٗا",
        "global_word_sequence_number": 73618,
        "global_verse_sequence_number": 5424
    },
    {
        "chapter": 71,
        "verse": 6,
        "juz": 29,
        "hizb": 228,
        "manzil": 7,
        "ruku": 504,
        "word_number_in_verse": 1,
        "language_code": "bn",
        "text": "তাই অতঃপর",
        "root_word": "فَلَمۡ",
        "global_word_sequence_number": 73619,
        "global_verse_sequence_number": 5425
    },
    {
        "chapter": 71,
        "verse": 6,
        "juz": 29,
        "hizb": 228,
        "manzil": 7,
        "ruku": 504,
        "word_number_in_verse": 2,
        "language_code": "bn",
        "text": "তাদের বৃদ্ধি পায়",
        "root_word": "يَزِدۡهُمۡ",
        "global_word_sequence_number": 73620,
        "global_verse_sequence_number": 5425
    },
    {
        "chapter": 71,
        "verse": 6,
        "juz": 29,
        "hizb": 228,
        "manzil": 7,
        "ruku": 504,
        "word_number_in_verse": 3,
        "language_code": "bn",
        "text": "আমার দাকে",
        "root_word": "دُعَآءِيٓ",
        "global_word_sequence_number": 73621,
        "global_verse_sequence_number": 5425
    },
    {
        "chapter": 71,
        "verse": 6,
        "juz": 29,
        "hizb": 228,
        "manzil": 7,
        "ruku": 504,
        "word_number_in_verse": 4,
        "language_code": "bn",
        "text": "ছাড়া",
        "root_word": "إِلَّا",
        "global_word_sequence_number": 73622,
        "global_verse_sequence_number": 5425
    },
    {
        "chapter": 71,
        "verse": 6,
        "juz": 29,
        "hizb": 228,
        "manzil": 7,
        "ruku": 504,
        "word_number_in_verse": 5,
        "language_code": "bn",
        "text": "পলায়ন",
        "root_word": "فِرَارٗا",
        "global_word_sequence_number": 73623,
        "global_verse_sequence_number": 5425
    },
    {
        "chapter": 71,
        "verse": 7,
        "juz": 29,
        "hizb": 228,
        "manzil": 7,
        "ruku": 504,
        "word_number_in_verse": 1,
        "language_code": "bn",
        "text": "এবং আমি নিশ্চয়",
        "root_word": "وَإِنِّي",
        "global_word_sequence_number": 73624,
        "global_verse_sequence_number": 5426
    },
    {
        "chapter": 71,
        "verse": 7,
        "juz": 29,
        "hizb": 228,
        "manzil": 7,
        "ruku": 504,
        "word_number_in_verse": 2,
        "language_code": "bn",
        "text": "যখনই",
        "root_word": "كُلَّمَا",
        "global_word_sequence_number": 73625,
        "global_verse_sequence_number": 5426
    },
    {
        "chapter": 71,
        "verse": 7,
        "juz": 29,
        "hizb": 228,
        "manzil": 7,
        "ruku": 504,
        "word_number_in_verse": 3,
        "language_code": "bn",
        "text": "তাদের আমি দেকেছি",
        "root_word": "دَعَوۡتُهُمۡ",
        "global_word_sequence_number": 73626,
        "global_verse_sequence_number": 5426
    },
    {
        "chapter": 71,
        "verse": 7,
        "juz": 29,
        "hizb": 228,
        "manzil": 7,
        "ruku": 504,
        "word_number_in_verse": 4,
        "language_code": "bn",
        "text": "তুমি মাফ যাতে কর",
        "root_word": "لِتَغۡفِرَ",
        "global_word_sequence_number": 73627,
        "global_verse_sequence_number": 5426
    },
    {
        "chapter": 71,
        "verse": 7,
        "juz": 29,
        "hizb": 228,
        "manzil": 7,
        "ruku": 504,
        "word_number_in_verse": 5,
        "language_code": "bn",
        "text": "তাদেরকে",
        "root_word": "لَهُمۡ",
        "global_word_sequence_number": 73628,
        "global_verse_sequence_number": 5426
    },
    {
        "chapter": 71,
        "verse": 7,
        "juz": 29,
        "hizb": 228,
        "manzil": 7,
        "ruku": 504,
        "word_number_in_verse": 6,
        "language_code": "bn",
        "text": "তারা রেখেছিল",
        "root_word": "جَعَلُوٓاْ",
        "global_word_sequence_number": 73629,
        "global_verse_sequence_number": 5426
    },
    {
        "chapter": 71,
        "verse": 7,
        "juz": 29,
        "hizb": 228,
        "manzil": 7,
        "ruku": 504,
        "word_number_in_verse": 7,
        "language_code": "bn",
        "text": "তাদের আংগুলগুলোকে",
        "root_word": "أَصَٰبِعَهُمۡ",
        "global_word_sequence_number": 73630,
        "global_verse_sequence_number": 5426
    },
    {
        "chapter": 71,
        "verse": 7,
        "juz": 29,
        "hizb": 228,
        "manzil": 7,
        "ruku": 504,
        "word_number_in_verse": 8,
        "language_code": "bn",
        "text": "মধ্যে",
        "root_word": "فِيٓ",
        "global_word_sequence_number": 73631,
        "global_verse_sequence_number": 5426
    },
    {
        "chapter": 71,
        "verse": 7,
        "juz": 29,
        "hizb": 228,
        "manzil": 7,
        "ruku": 504,
        "word_number_in_verse": 9,
        "language_code": "bn",
        "text": "তাদের কানগুলোর",
        "root_word": "ءَاذَانِهِمۡ",
        "global_word_sequence_number": 73632,
        "global_verse_sequence_number": 5426
    },
    {
        "chapter": 71,
        "verse": 7,
        "juz": 29,
        "hizb": 228,
        "manzil": 7,
        "ruku": 504,
        "word_number_in_verse": 10,
        "language_code": "bn",
        "text": "ও তারা ঢেকেছে",
        "root_word": "وَاسۡتَغۡشَوۡاْ",
        "global_word_sequence_number": 73633,
        "global_verse_sequence_number": 5426
    },
    {
        "chapter": 71,
        "verse": 7,
        "juz": 29,
        "hizb": 228,
        "manzil": 7,
        "ruku": 504,
        "word_number_in_verse": 11,
        "language_code": "bn",
        "text": "তাদের কাপড় (দ্বারা)",
        "root_word": "ثِيَابَهُمۡ",
        "global_word_sequence_number": 73634,
        "global_verse_sequence_number": 5426
    },
    {
        "chapter": 71,
        "verse": 7,
        "juz": 29,
        "hizb": 228,
        "manzil": 7,
        "ruku": 504,
        "word_number_in_verse": 12,
        "language_code": "bn",
        "text": "ও অনমনীয় হয়েছে",
        "root_word": "وَأَصَرُّواْ",
        "global_word_sequence_number": 73635,
        "global_verse_sequence_number": 5426
    },
    {
        "chapter": 71,
        "verse": 7,
        "juz": 29,
        "hizb": 228,
        "manzil": 7,
        "ruku": 504,
        "word_number_in_verse": 13,
        "language_code": "bn",
        "text": "এবং অহংকার করেছে",
        "root_word": "وَاسۡتَكۡبَرُواْ",
        "global_word_sequence_number": 73636,
        "global_verse_sequence_number": 5426
    },
    {
        "chapter": 71,
        "verse": 7,
        "juz": 29,
        "hizb": 228,
        "manzil": 7,
        "ruku": 504,
        "word_number_in_verse": 14,
        "language_code": "bn",
        "text": "বড়ই অহংকার",
        "root_word": "اسۡتِكۡبَارٗا",
        "global_word_sequence_number": 73637,
        "global_verse_sequence_number": 5426
    },
    {
        "chapter": 71,
        "verse": 8,
        "juz": 29,
        "hizb": 228,
        "manzil": 7,
        "ruku": 504,
        "word_number_in_verse": 1,
        "language_code": "bn",
        "text": "অতঃপর",
        "root_word": "ثُمَّ",
        "global_word_sequence_number": 73638,
        "global_verse_sequence_number": 5427
    },
    {
        "chapter": 71,
        "verse": 8,
        "juz": 29,
        "hizb": 228,
        "manzil": 7,
        "ruku": 504,
        "word_number_in_verse": 2,
        "language_code": "bn",
        "text": "আমি নিশ্চয়",
        "root_word": "إِنِّي",
        "global_word_sequence_number": 73639,
        "global_verse_sequence_number": 5427
    },
    {
        "chapter": 71,
        "verse": 8,
        "juz": 29,
        "hizb": 228,
        "manzil": 7,
        "ruku": 504,
        "word_number_in_verse": 3,
        "language_code": "bn",
        "text": "তাদের ডেকেছি",
        "root_word": "دَعَوۡتُهُمۡ",
        "global_word_sequence_number": 73640,
        "global_verse_sequence_number": 5427
    },
    {
        "chapter": 71,
        "verse": 8,
        "juz": 29,
        "hizb": 228,
        "manzil": 7,
        "ruku": 504,
        "word_number_in_verse": 4,
        "language_code": "bn",
        "text": "প্রকাশ্যে",
        "root_word": "جِهَارٗا",
        "global_word_sequence_number": 73641,
        "global_verse_sequence_number": 5427
    },
    {
        "chapter": 71,
        "verse": 9,
        "juz": 29,
        "hizb": 228,
        "manzil": 7,
        "ruku": 504,
        "word_number_in_verse": 1,
        "language_code": "bn",
        "text": "এরপর",
        "root_word": "ثُمَّ",
        "global_word_sequence_number": 73642,
        "global_verse_sequence_number": 5428
    },
    {
        "chapter": 71,
        "verse": 9,
        "juz": 29,
        "hizb": 228,
        "manzil": 7,
        "ruku": 504,
        "word_number_in_verse": 2,
        "language_code": "bn",
        "text": "আমি নিশ্চয়",
        "root_word": "إِنِّيٓ",
        "global_word_sequence_number": 73643,
        "global_verse_sequence_number": 5428
    },
    {
        "chapter": 71,
        "verse": 9,
        "juz": 29,
        "hizb": 228,
        "manzil": 7,
        "ruku": 504,
        "word_number_in_verse": 3,
        "language_code": "bn",
        "text": "আমি ঘোষণা দিয়াছি",
        "root_word": "أَعۡلَنتُ",
        "global_word_sequence_number": 73644,
        "global_verse_sequence_number": 5428
    },
    {
        "chapter": 71,
        "verse": 9,
        "juz": 29,
        "hizb": 228,
        "manzil": 7,
        "ruku": 504,
        "word_number_in_verse": 4,
        "language_code": "bn",
        "text": "তাদের জন্যে",
        "root_word": "لَهُمۡ",
        "global_word_sequence_number": 73645,
        "global_verse_sequence_number": 5428
    },
    {
        "chapter": 71,
        "verse": 9,
        "juz": 29,
        "hizb": 228,
        "manzil": 7,
        "ruku": 504,
        "word_number_in_verse": 5,
        "language_code": "bn",
        "text": "এবং আমি গোপনে বলেছি",
        "root_word": "وَأَسۡرَرۡتُ",
        "global_word_sequence_number": 73646,
        "global_verse_sequence_number": 5428
    },
    {
        "chapter": 71,
        "verse": 9,
        "juz": 29,
        "hizb": 228,
        "manzil": 7,
        "ruku": 504,
        "word_number_in_verse": 6,
        "language_code": "bn",
        "text": "তাদেরকে",
        "root_word": "لَهُمۡ",
        "global_word_sequence_number": 73647,
        "global_verse_sequence_number": 5428
    },
    {
        "chapter": 71,
        "verse": 9,
        "juz": 29,
        "hizb": 228,
        "manzil": 7,
        "ruku": 504,
        "word_number_in_verse": 7,
        "language_code": "bn",
        "text": "গোপনে বলা",
        "root_word": "إِسۡرَارٗا",
        "global_word_sequence_number": 73648,
        "global_verse_sequence_number": 5428
    },
    {
        "chapter": 71,
        "verse": 10,
        "juz": 29,
        "hizb": 228,
        "manzil": 7,
        "ruku": 504,
        "word_number_in_verse": 1,
        "language_code": "bn",
        "text": "আমি বলেছি অতঃপর",
        "root_word": "فَقُلۡتُ",
        "global_word_sequence_number": 73649,
        "global_verse_sequence_number": 5429
    },
    {
        "chapter": 71,
        "verse": 10,
        "juz": 29,
        "hizb": 228,
        "manzil": 7,
        "ruku": 504,
        "word_number_in_verse": 2,
        "language_code": "bn",
        "text": "\"তোমরা মাফ চাও",
        "root_word": "اسۡتَغۡفِرُواْ",
        "global_word_sequence_number": 73650,
        "global_verse_sequence_number": 5429
    },
    {
        "chapter": 71,
        "verse": 10,
        "juz": 29,
        "hizb": 228,
        "manzil": 7,
        "ruku": 504,
        "word_number_in_verse": 3,
        "language_code": "bn",
        "text": "তোমাদের রবের (কাছে)",
        "root_word": "رَبَّكُمۡ",
        "global_word_sequence_number": 73651,
        "global_verse_sequence_number": 5429
    },
    {
        "chapter": 71,
        "verse": 10,
        "juz": 29,
        "hizb": 228,
        "manzil": 7,
        "ruku": 504,
        "word_number_in_verse": 4,
        "language_code": "bn",
        "text": "তিনি নিশ্চয়",
        "root_word": "إِنَّهُۥ",
        "global_word_sequence_number": 73652,
        "global_verse_sequence_number": 5429
    },
    {
        "chapter": 71,
        "verse": 10,
        "juz": 29,
        "hizb": 228,
        "manzil": 7,
        "ruku": 504,
        "word_number_in_verse": 5,
        "language_code": "bn",
        "text": "হলেন",
        "root_word": "كَانَ",
        "global_word_sequence_number": 73653,
        "global_verse_sequence_number": 5429
    },
    {
        "chapter": 71,
        "verse": 10,
        "juz": 29,
        "hizb": 228,
        "manzil": 7,
        "ruku": 504,
        "word_number_in_verse": 6,
        "language_code": "bn",
        "text": "বড় ক্ষমাশীল",
        "root_word": "غَفَّارٗا",
        "global_word_sequence_number": 73654,
        "global_verse_sequence_number": 5429
    },
    {
        "chapter": 71,
        "verse": 11,
        "juz": 29,
        "hizb": 228,
        "manzil": 7,
        "ruku": 504,
        "word_number_in_verse": 1,
        "language_code": "bn",
        "text": "পাঠাবেন তিনি",
        "root_word": "يُرۡسِلِ",
        "global_word_sequence_number": 73655,
        "global_verse_sequence_number": 5430
    },
    {
        "chapter": 71,
        "verse": 11,
        "juz": 29,
        "hizb": 228,
        "manzil": 7,
        "ruku": 504,
        "word_number_in_verse": 2,
        "language_code": "bn",
        "text": "আকাশ (থেকে)",
        "root_word": "السَّمَآءَ",
        "global_word_sequence_number": 73656,
        "global_verse_sequence_number": 5430
    },
    {
        "chapter": 71,
        "verse": 11,
        "juz": 29,
        "hizb": 228,
        "manzil": 7,
        "ruku": 504,
        "word_number_in_verse": 3,
        "language_code": "bn",
        "text": "তোমাদের উপর",
        "root_word": "عَلَيۡكُم",
        "global_word_sequence_number": 73657,
        "global_verse_sequence_number": 5430
    },
    {
        "chapter": 71,
        "verse": 11,
        "juz": 29,
        "hizb": 228,
        "manzil": 7,
        "ruku": 504,
        "word_number_in_verse": 4,
        "language_code": "bn",
        "text": "বৃষ্টি",
        "root_word": "مِّدۡرَارٗا",
        "global_word_sequence_number": 73658,
        "global_verse_sequence_number": 5430
    },
    {
        "chapter": 71,
        "verse": 12,
        "juz": 29,
        "hizb": 228,
        "manzil": 7,
        "ruku": 504,
        "word_number_in_verse": 1,
        "language_code": "bn",
        "text": "এবং তোমাদের সাহায্য করবেন",
        "root_word": "وَيُمۡدِدۡكُم",
        "global_word_sequence_number": 73659,
        "global_verse_sequence_number": 5431
    },
    {
        "chapter": 71,
        "verse": 12,
        "juz": 29,
        "hizb": 228,
        "manzil": 7,
        "ruku": 504,
        "word_number_in_verse": 2,
        "language_code": "bn",
        "text": "মালসমূহ দিয়ে",
        "root_word": "بِأَمۡوَٰلٖ",
        "global_word_sequence_number": 73660,
        "global_verse_sequence_number": 5431
    },
    {
        "chapter": 71,
        "verse": 12,
        "juz": 29,
        "hizb": 228,
        "manzil": 7,
        "ruku": 504,
        "word_number_in_verse": 3,
        "language_code": "bn",
        "text": "ও সন্তান সন্ততি দিয়ে",
        "root_word": "وَبَنِينَ",
        "global_word_sequence_number": 73661,
        "global_verse_sequence_number": 5431
    },
    {
        "chapter": 71,
        "verse": 12,
        "juz": 29,
        "hizb": 228,
        "manzil": 7,
        "ruku": 504,
        "word_number_in_verse": 4,
        "language_code": "bn",
        "text": "এবং সৃষ্টি করবেন",
        "root_word": "وَيَجۡعَل",
        "global_word_sequence_number": 73662,
        "global_verse_sequence_number": 5431
    },
    {
        "chapter": 71,
        "verse": 12,
        "juz": 29,
        "hizb": 228,
        "manzil": 7,
        "ruku": 504,
        "word_number_in_verse": 5,
        "language_code": "bn",
        "text": "তোমাদের জন্যে",
        "root_word": "لَّكُمۡ",
        "global_word_sequence_number": 73663,
        "global_verse_sequence_number": 5431
    },
    {
        "chapter": 71,
        "verse": 12,
        "juz": 29,
        "hizb": 228,
        "manzil": 7,
        "ruku": 504,
        "word_number_in_verse": 6,
        "language_code": "bn",
        "text": "বাগবাগিচাসমূহ",
        "root_word": "جَنَّٰتٖ",
        "global_word_sequence_number": 73664,
        "global_verse_sequence_number": 5431
    },
    {
        "chapter": 71,
        "verse": 12,
        "juz": 29,
        "hizb": 228,
        "manzil": 7,
        "ruku": 504,
        "word_number_in_verse": 7,
        "language_code": "bn",
        "text": "ও বানাবেন",
        "root_word": "وَيَجۡعَل",
        "global_word_sequence_number": 73665,
        "global_verse_sequence_number": 5431
    },
    {
        "chapter": 71,
        "verse": 12,
        "juz": 29,
        "hizb": 228,
        "manzil": 7,
        "ruku": 504,
        "word_number_in_verse": 8,
        "language_code": "bn",
        "text": "তোমাদের জন্যে",
        "root_word": "لَّكُمۡ",
        "global_word_sequence_number": 73666,
        "global_verse_sequence_number": 5431
    },
    {
        "chapter": 71,
        "verse": 12,
        "juz": 29,
        "hizb": 228,
        "manzil": 7,
        "ruku": 504,
        "word_number_in_verse": 9,
        "language_code": "bn",
        "text": "ঝর্ণাসমূহ",
        "root_word": "أَنۡهَٰرٗا",
        "global_word_sequence_number": 73667,
        "global_verse_sequence_number": 5431
    },
    {
        "chapter": 71,
        "verse": 13,
        "juz": 29,
        "hizb": 228,
        "manzil": 7,
        "ruku": 504,
        "word_number_in_verse": 1,
        "language_code": "bn",
        "text": "কী হয়েছে",
        "root_word": "مَّا",
        "global_word_sequence_number": 73668,
        "global_verse_sequence_number": 5432
    },
    {
        "chapter": 71,
        "verse": 13,
        "juz": 29,
        "hizb": 228,
        "manzil": 7,
        "ruku": 504,
        "word_number_in_verse": 2,
        "language_code": "bn",
        "text": "তোমাদের",
        "root_word": "لَكُمۡ",
        "global_word_sequence_number": 73669,
        "global_verse_sequence_number": 5432
    },
    {
        "chapter": 71,
        "verse": 13,
        "juz": 29,
        "hizb": 228,
        "manzil": 7,
        "ruku": 504,
        "word_number_in_verse": 3,
        "language_code": "bn",
        "text": "না",
        "root_word": "لَا",
        "global_word_sequence_number": 73670,
        "global_verse_sequence_number": 5432
    },
    {
        "chapter": 71,
        "verse": 13,
        "juz": 29,
        "hizb": 228,
        "manzil": 7,
        "ruku": 504,
        "word_number_in_verse": 4,
        "language_code": "bn",
        "text": "তোমরা আশা কর",
        "root_word": "تَرۡجُونَ",
        "global_word_sequence_number": 73671,
        "global_verse_sequence_number": 5432
    },
    {
        "chapter": 71,
        "verse": 13,
        "juz": 29,
        "hizb": 228,
        "manzil": 7,
        "ruku": 504,
        "word_number_in_verse": 5,
        "language_code": "bn",
        "text": "আল্লাহর জন্যে",
        "root_word": "لِلَّهِ",
        "global_word_sequence_number": 73672,
        "global_verse_sequence_number": 5432
    },
    {
        "chapter": 71,
        "verse": 13,
        "juz": 29,
        "hizb": 228,
        "manzil": 7,
        "ruku": 504,
        "word_number_in_verse": 6,
        "language_code": "bn",
        "text": "মর্যাদা",
        "root_word": "وَقَارٗا",
        "global_word_sequence_number": 73673,
        "global_verse_sequence_number": 5432
    },
    {
        "chapter": 71,
        "verse": 14,
        "juz": 29,
        "hizb": 228,
        "manzil": 7,
        "ruku": 504,
        "word_number_in_verse": 1,
        "language_code": "bn",
        "text": "এবং নিশ্চয়",
        "root_word": "وَقَدۡ",
        "global_word_sequence_number": 73674,
        "global_verse_sequence_number": 5433
    },
    {
        "chapter": 71,
        "verse": 14,
        "juz": 29,
        "hizb": 228,
        "manzil": 7,
        "ruku": 504,
        "word_number_in_verse": 2,
        "language_code": "bn",
        "text": "তোমাদের তিনি সৃষ্টি করেছেন",
        "root_word": "خَلَقَكُمۡ",
        "global_word_sequence_number": 73675,
        "global_verse_sequence_number": 5433
    },
    {
        "chapter": 71,
        "verse": 14,
        "juz": 29,
        "hizb": 228,
        "manzil": 7,
        "ruku": 504,
        "word_number_in_verse": 3,
        "language_code": "bn",
        "text": "পর্যায়ক্রমে",
        "root_word": "أَطۡوَارًا",
        "global_word_sequence_number": 73676,
        "global_verse_sequence_number": 5433
    },
    {
        "chapter": 71,
        "verse": 15,
        "juz": 29,
        "hizb": 228,
        "manzil": 7,
        "ruku": 504,
        "word_number_in_verse": 1,
        "language_code": "bn",
        "text": "নাই কি",
        "root_word": "أَلَمۡ",
        "global_word_sequence_number": 73677,
        "global_verse_sequence_number": 5434
    },
    {
        "chapter": 71,
        "verse": 15,
        "juz": 29,
        "hizb": 228,
        "manzil": 7,
        "ruku": 504,
        "word_number_in_verse": 2,
        "language_code": "bn",
        "text": "তোমরা দেখ",
        "root_word": "تَرَوۡاْ",
        "global_word_sequence_number": 73678,
        "global_verse_sequence_number": 5434
    },
    {
        "chapter": 71,
        "verse": 15,
        "juz": 29,
        "hizb": 228,
        "manzil": 7,
        "ruku": 504,
        "word_number_in_verse": 3,
        "language_code": "bn",
        "text": "কেমনে",
        "root_word": "كَيۡفَ",
        "global_word_sequence_number": 73679,
        "global_verse_sequence_number": 5434
    },
    {
        "chapter": 71,
        "verse": 15,
        "juz": 29,
        "hizb": 228,
        "manzil": 7,
        "ruku": 504,
        "word_number_in_verse": 4,
        "language_code": "bn",
        "text": "সৃষ্টি করেছেন",
        "root_word": "خَلَقَ",
        "global_word_sequence_number": 73680,
        "global_verse_sequence_number": 5434
    },
    {
        "chapter": 71,
        "verse": 15,
        "juz": 29,
        "hizb": 228,
        "manzil": 7,
        "ruku": 504,
        "word_number_in_verse": 5,
        "language_code": "bn",
        "text": "আল্লাহ",
        "root_word": "اللَّهُ",
        "global_word_sequence_number": 73681,
        "global_verse_sequence_number": 5434
    },
    {
        "chapter": 71,
        "verse": 15,
        "juz": 29,
        "hizb": 228,
        "manzil": 7,
        "ruku": 504,
        "word_number_in_verse": 6,
        "language_code": "bn",
        "text": "সাত",
        "root_word": "سَبۡعَ",
        "global_word_sequence_number": 73682,
        "global_verse_sequence_number": 5434
    },
    {
        "chapter": 71,
        "verse": 15,
        "juz": 29,
        "hizb": 228,
        "manzil": 7,
        "ruku": 504,
        "word_number_in_verse": 7,
        "language_code": "bn",
        "text": "আসমান",
        "root_word": "سَمَٰوَٰتٖ",
        "global_word_sequence_number": 73683,
        "global_verse_sequence_number": 5434
    },
    {
        "chapter": 71,
        "verse": 15,
        "juz": 29,
        "hizb": 228,
        "manzil": 7,
        "ruku": 504,
        "word_number_in_verse": 8,
        "language_code": "bn",
        "text": "স্তরে স্তরে",
        "root_word": "طِبَاقٗا",
        "global_word_sequence_number": 73684,
        "global_verse_sequence_number": 5434
    },
    {
        "chapter": 71,
        "verse": 16,
        "juz": 29,
        "hizb": 228,
        "manzil": 7,
        "ruku": 504,
        "word_number_in_verse": 1,
        "language_code": "bn",
        "text": "এবং বানিয়েছেন",
        "root_word": "وَجَعَلَ",
        "global_word_sequence_number": 73685,
        "global_verse_sequence_number": 5435
    },
    {
        "chapter": 71,
        "verse": 16,
        "juz": 29,
        "hizb": 228,
        "manzil": 7,
        "ruku": 504,
        "word_number_in_verse": 2,
        "language_code": "bn",
        "text": "চাঁদকে",
        "root_word": "الۡقَمَرَ",
        "global_word_sequence_number": 73686,
        "global_verse_sequence_number": 5435
    },
    {
        "chapter": 71,
        "verse": 16,
        "juz": 29,
        "hizb": 228,
        "manzil": 7,
        "ruku": 504,
        "word_number_in_verse": 3,
        "language_code": "bn",
        "text": "তার মধ্যে",
        "root_word": "فِيهِنَّ",
        "global_word_sequence_number": 73687,
        "global_verse_sequence_number": 5435
    },
    {
        "chapter": 71,
        "verse": 16,
        "juz": 29,
        "hizb": 228,
        "manzil": 7,
        "ruku": 504,
        "word_number_in_verse": 4,
        "language_code": "bn",
        "text": "আলো",
        "root_word": "نُورٗا",
        "global_word_sequence_number": 73688,
        "global_verse_sequence_number": 5435
    },
    {
        "chapter": 71,
        "verse": 16,
        "juz": 29,
        "hizb": 228,
        "manzil": 7,
        "ruku": 504,
        "word_number_in_verse": 5,
        "language_code": "bn",
        "text": "এবং বানিয়েছেন",
        "root_word": "وَجَعَلَ",
        "global_word_sequence_number": 73689,
        "global_verse_sequence_number": 5435
    },
    {
        "chapter": 71,
        "verse": 16,
        "juz": 29,
        "hizb": 228,
        "manzil": 7,
        "ruku": 504,
        "word_number_in_verse": 6,
        "language_code": "bn",
        "text": "সূর্যকে",
        "root_word": "الشَّمۡسَ",
        "global_word_sequence_number": 73690,
        "global_verse_sequence_number": 5435
    },
    {
        "chapter": 71,
        "verse": 16,
        "juz": 29,
        "hizb": 228,
        "manzil": 7,
        "ruku": 504,
        "word_number_in_verse": 7,
        "language_code": "bn",
        "text": "প্রদীপ রূপে",
        "root_word": "سِرَاجٗا",
        "global_word_sequence_number": 73691,
        "global_verse_sequence_number": 5435
    },
    {
        "chapter": 71,
        "verse": 17,
        "juz": 29,
        "hizb": 228,
        "manzil": 7,
        "ruku": 504,
        "word_number_in_verse": 1,
        "language_code": "bn",
        "text": "এবং আল্লাহ",
        "root_word": "وَاللَّهُ",
        "global_word_sequence_number": 73692,
        "global_verse_sequence_number": 5436
    },
    {
        "chapter": 71,
        "verse": 17,
        "juz": 29,
        "hizb": 228,
        "manzil": 7,
        "ruku": 504,
        "word_number_in_verse": 2,
        "language_code": "bn",
        "text": "তোমাদের উদ্ভুত করেছেন",
        "root_word": "أَنۢبَتَكُم",
        "global_word_sequence_number": 73693,
        "global_verse_sequence_number": 5436
    },
    {
        "chapter": 71,
        "verse": 17,
        "juz": 29,
        "hizb": 228,
        "manzil": 7,
        "ruku": 504,
        "word_number_in_verse": 3,
        "language_code": "bn",
        "text": "থেকে",
        "root_word": "مِّنَ",
        "global_word_sequence_number": 73694,
        "global_verse_sequence_number": 5436
    },
    {
        "chapter": 71,
        "verse": 17,
        "juz": 29,
        "hizb": 228,
        "manzil": 7,
        "ruku": 504,
        "word_number_in_verse": 4,
        "language_code": "bn",
        "text": "মৃত্তিকা",
        "root_word": "الۡأَرۡضِ",
        "global_word_sequence_number": 73695,
        "global_verse_sequence_number": 5436
    },
    {
        "chapter": 71,
        "verse": 17,
        "juz": 29,
        "hizb": 228,
        "manzil": 7,
        "ruku": 504,
        "word_number_in_verse": 5,
        "language_code": "bn",
        "text": "(বিস্ময়করভাবে উদ্ভুত)",
        "root_word": "نَبَاتٗا",
        "global_word_sequence_number": 73696,
        "global_verse_sequence_number": 5436
    },
    {
        "chapter": 71,
        "verse": 18,
        "juz": 29,
        "hizb": 228,
        "manzil": 7,
        "ruku": 504,
        "word_number_in_verse": 1,
        "language_code": "bn",
        "text": "এরপর",
        "root_word": "ثُمَّ",
        "global_word_sequence_number": 73697,
        "global_verse_sequence_number": 5437
    },
    {
        "chapter": 71,
        "verse": 18,
        "juz": 29,
        "hizb": 228,
        "manzil": 7,
        "ruku": 504,
        "word_number_in_verse": 2,
        "language_code": "bn",
        "text": "তোমাদের ফিরিয়ে নেবেন",
        "root_word": "يُعِيدُكُمۡ",
        "global_word_sequence_number": 73698,
        "global_verse_sequence_number": 5437
    },
    {
        "chapter": 71,
        "verse": 18,
        "juz": 29,
        "hizb": 228,
        "manzil": 7,
        "ruku": 504,
        "word_number_in_verse": 3,
        "language_code": "bn",
        "text": "তার মধ্যে",
        "root_word": "فِيهَا",
        "global_word_sequence_number": 73699,
        "global_verse_sequence_number": 5437
    },
    {
        "chapter": 71,
        "verse": 18,
        "juz": 29,
        "hizb": 228,
        "manzil": 7,
        "ruku": 504,
        "word_number_in_verse": 4,
        "language_code": "bn",
        "text": "এবং তোমাদেরকে বের করবেন",
        "root_word": "وَيُخۡرِجُكُمۡ",
        "global_word_sequence_number": 73700,
        "global_verse_sequence_number": 5437
    },
    {
        "chapter": 71,
        "verse": 18,
        "juz": 29,
        "hizb": 228,
        "manzil": 7,
        "ruku": 504,
        "word_number_in_verse": 5,
        "language_code": "bn",
        "text": "(সম্পূর্ণরূপে) বহিষ্কার",
        "root_word": "إِخۡرَاجٗا",
        "global_word_sequence_number": 73701,
        "global_verse_sequence_number": 5437
    },
    {
        "chapter": 71,
        "verse": 19,
        "juz": 29,
        "hizb": 228,
        "manzil": 7,
        "ruku": 504,
        "word_number_in_verse": 1,
        "language_code": "bn",
        "text": "এবং আল্লাহ",
        "root_word": "وَاللَّهُ",
        "global_word_sequence_number": 73702,
        "global_verse_sequence_number": 5438
    },
    {
        "chapter": 71,
        "verse": 19,
        "juz": 29,
        "hizb": 228,
        "manzil": 7,
        "ruku": 504,
        "word_number_in_verse": 2,
        "language_code": "bn",
        "text": "বানিয়েছেন",
        "root_word": "جَعَلَ",
        "global_word_sequence_number": 73703,
        "global_verse_sequence_number": 5438
    },
    {
        "chapter": 71,
        "verse": 19,
        "juz": 29,
        "hizb": 228,
        "manzil": 7,
        "ruku": 504,
        "word_number_in_verse": 3,
        "language_code": "bn",
        "text": "তোমাদের জন্যে",
        "root_word": "لَكُمُ",
        "global_word_sequence_number": 73704,
        "global_verse_sequence_number": 5438
    },
    {
        "chapter": 71,
        "verse": 19,
        "juz": 29,
        "hizb": 228,
        "manzil": 7,
        "ruku": 504,
        "word_number_in_verse": 4,
        "language_code": "bn",
        "text": "যমীনকে",
        "root_word": "الۡأَرۡضَ",
        "global_word_sequence_number": 73705,
        "global_verse_sequence_number": 5438
    },
    {
        "chapter": 71,
        "verse": 19,
        "juz": 29,
        "hizb": 228,
        "manzil": 7,
        "ruku": 504,
        "word_number_in_verse": 5,
        "language_code": "bn",
        "text": "বিছানারুপে",
        "root_word": "بِسَاطٗا",
        "global_word_sequence_number": 73706,
        "global_verse_sequence_number": 5438
    },
    {
        "chapter": 71,
        "verse": 20,
        "juz": 29,
        "hizb": 228,
        "manzil": 7,
        "ruku": 504,
        "word_number_in_verse": 1,
        "language_code": "bn",
        "text": "তোমরা চলো যেন",
        "root_word": "لِّتَسۡلُكُواْ",
        "global_word_sequence_number": 73707,
        "global_verse_sequence_number": 5439
    },
    {
        "chapter": 71,
        "verse": 20,
        "juz": 29,
        "hizb": 228,
        "manzil": 7,
        "ruku": 504,
        "word_number_in_verse": 2,
        "language_code": "bn",
        "text": "তা থেকে",
        "root_word": "مِنۡهَا",
        "global_word_sequence_number": 73708,
        "global_verse_sequence_number": 5439
    },
    {
        "chapter": 71,
        "verse": 20,
        "juz": 29,
        "hizb": 228,
        "manzil": 7,
        "ruku": 504,
        "word_number_in_verse": 3,
        "language_code": "bn",
        "text": "রাস্তাসমূহে",
        "root_word": "سُبُلٗا",
        "global_word_sequence_number": 73709,
        "global_verse_sequence_number": 5439
    },
    {
        "chapter": 71,
        "verse": 20,
        "juz": 29,
        "hizb": 228,
        "manzil": 7,
        "ruku": 504,
        "word_number_in_verse": 4,
        "language_code": "bn",
        "text": "প্রশস্ত\"",
        "root_word": "فِجَاجٗا",
        "global_word_sequence_number": 73710,
        "global_verse_sequence_number": 5439
    },
    {
        "chapter": 71,
        "verse": 21,
        "juz": 29,
        "hizb": 228,
        "manzil": 7,
        "ruku": 505,
        "word_number_in_verse": 1,
        "language_code": "bn",
        "text": "বলল",
        "root_word": "قَالَ",
        "global_word_sequence_number": 73711,
        "global_verse_sequence_number": 5440
    },
    {
        "chapter": 71,
        "verse": 21,
        "juz": 29,
        "hizb": 228,
        "manzil": 7,
        "ruku": 505,
        "word_number_in_verse": 2,
        "language_code": "bn",
        "text": "নূহ",
        "root_word": "نُوحٞ",
        "global_word_sequence_number": 73712,
        "global_verse_sequence_number": 5440
    },
    {
        "chapter": 71,
        "verse": 21,
        "juz": 29,
        "hizb": 228,
        "manzil": 7,
        "ruku": 505,
        "word_number_in_verse": 3,
        "language_code": "bn",
        "text": "\"হে আমার রব",
        "root_word": "رَّبِّ",
        "global_word_sequence_number": 73713,
        "global_verse_sequence_number": 5440
    },
    {
        "chapter": 71,
        "verse": 21,
        "juz": 29,
        "hizb": 228,
        "manzil": 7,
        "ruku": 505,
        "word_number_in_verse": 4,
        "language_code": "bn",
        "text": "তারা নিশ্চয়",
        "root_word": "إِنَّهُمۡ",
        "global_word_sequence_number": 73714,
        "global_verse_sequence_number": 5440
    },
    {
        "chapter": 71,
        "verse": 21,
        "juz": 29,
        "hizb": 228,
        "manzil": 7,
        "ruku": 505,
        "word_number_in_verse": 5,
        "language_code": "bn",
        "text": "আমাকে অমান্য করেছে",
        "root_word": "عَصَوۡنِي",
        "global_word_sequence_number": 73715,
        "global_verse_sequence_number": 5440
    },
    {
        "chapter": 71,
        "verse": 21,
        "juz": 29,
        "hizb": 228,
        "manzil": 7,
        "ruku": 505,
        "word_number_in_verse": 6,
        "language_code": "bn",
        "text": "এবং তারা অনুসরণ করেছে",
        "root_word": "وَاتَّبَعُواْ",
        "global_word_sequence_number": 73716,
        "global_verse_sequence_number": 5440
    },
    {
        "chapter": 71,
        "verse": 21,
        "juz": 29,
        "hizb": 228,
        "manzil": 7,
        "ruku": 505,
        "word_number_in_verse": 7,
        "language_code": "bn",
        "text": "(তার) যার",
        "root_word": "مَن",
        "global_word_sequence_number": 73717,
        "global_verse_sequence_number": 5440
    },
    {
        "chapter": 71,
        "verse": 21,
        "juz": 29,
        "hizb": 228,
        "manzil": 7,
        "ruku": 505,
        "word_number_in_verse": 8,
        "language_code": "bn",
        "text": "নাই",
        "root_word": "لَّمۡ",
        "global_word_sequence_number": 73718,
        "global_verse_sequence_number": 5440
    },
    {
        "chapter": 71,
        "verse": 21,
        "juz": 29,
        "hizb": 228,
        "manzil": 7,
        "ruku": 505,
        "word_number_in_verse": 9,
        "language_code": "bn",
        "text": "তাকে বাড়ায়",
        "root_word": "يَزِدۡهُ",
        "global_word_sequence_number": 73719,
        "global_verse_sequence_number": 5440
    },
    {
        "chapter": 71,
        "verse": 21,
        "juz": 29,
        "hizb": 228,
        "manzil": 7,
        "ruku": 505,
        "word_number_in_verse": 10,
        "language_code": "bn",
        "text": "তার মাল",
        "root_word": "مَالُهُۥ",
        "global_word_sequence_number": 73720,
        "global_verse_sequence_number": 5440
    },
    {
        "chapter": 71,
        "verse": 21,
        "juz": 29,
        "hizb": 228,
        "manzil": 7,
        "ruku": 505,
        "word_number_in_verse": 11,
        "language_code": "bn",
        "text": "ও তার সন্তান",
        "root_word": "وَوَلَدُهُۥٓ",
        "global_word_sequence_number": 73721,
        "global_verse_sequence_number": 5440
    },
    {
        "chapter": 71,
        "verse": 21,
        "juz": 29,
        "hizb": 228,
        "manzil": 7,
        "ruku": 505,
        "word_number_in_verse": 12,
        "language_code": "bn",
        "text": "ব্যতীত",
        "root_word": "إِلَّا",
        "global_word_sequence_number": 73722,
        "global_verse_sequence_number": 5440
    },
    {
        "chapter": 71,
        "verse": 21,
        "juz": 29,
        "hizb": 228,
        "manzil": 7,
        "ruku": 505,
        "word_number_in_verse": 13,
        "language_code": "bn",
        "text": "লোকসান (আর কিছুই)",
        "root_word": "خَسَارٗا",
        "global_word_sequence_number": 73723,
        "global_verse_sequence_number": 5440
    },
    {
        "chapter": 71,
        "verse": 22,
        "juz": 29,
        "hizb": 228,
        "manzil": 7,
        "ruku": 505,
        "word_number_in_verse": 1,
        "language_code": "bn",
        "text": "এবং তারা ষড়যন্ত্র করেছে",
        "root_word": "وَمَكَرُواْ",
        "global_word_sequence_number": 73724,
        "global_verse_sequence_number": 5441
    },
    {
        "chapter": 71,
        "verse": 22,
        "juz": 29,
        "hizb": 228,
        "manzil": 7,
        "ruku": 505,
        "word_number_in_verse": 2,
        "language_code": "bn",
        "text": "ষড়যন্ত্র",
        "root_word": "مَكۡرٗا",
        "global_word_sequence_number": 73725,
        "global_verse_sequence_number": 5441
    },
    {
        "chapter": 71,
        "verse": 22,
        "juz": 29,
        "hizb": 228,
        "manzil": 7,
        "ruku": 505,
        "word_number_in_verse": 3,
        "language_code": "bn",
        "text": "অতি বড়",
        "root_word": "كُبَّارٗا",
        "global_word_sequence_number": 73726,
        "global_verse_sequence_number": 5441
    },
    {
        "chapter": 71,
        "verse": 23,
        "juz": 29,
        "hizb": 228,
        "manzil": 7,
        "ruku": 505,
        "word_number_in_verse": 1,
        "language_code": "bn",
        "text": "এবং তারা বলেছে",
        "root_word": "وَقَالُواْ",
        "global_word_sequence_number": 73727,
        "global_verse_sequence_number": 5442
    },
    {
        "chapter": 71,
        "verse": 23,
        "juz": 29,
        "hizb": 228,
        "manzil": 7,
        "ruku": 505,
        "word_number_in_verse": 2,
        "language_code": "bn",
        "text": "\"না",
        "root_word": "لَا",
        "global_word_sequence_number": 73728,
        "global_verse_sequence_number": 5442
    },
    {
        "chapter": 71,
        "verse": 23,
        "juz": 29,
        "hizb": 228,
        "manzil": 7,
        "ruku": 505,
        "word_number_in_verse": 3,
        "language_code": "bn",
        "text": "কখনোতোমরা ছেড়ো",
        "root_word": "تَذَرُنَّ",
        "global_word_sequence_number": 73729,
        "global_verse_sequence_number": 5442
    },
    {
        "chapter": 71,
        "verse": 23,
        "juz": 29,
        "hizb": 228,
        "manzil": 7,
        "ruku": 505,
        "word_number_in_verse": 4,
        "language_code": "bn",
        "text": "তোমাদের ইলাহদেরকে",
        "root_word": "ءَالِهَتَكُمۡ",
        "global_word_sequence_number": 73730,
        "global_verse_sequence_number": 5442
    },
    {
        "chapter": 71,
        "verse": 23,
        "juz": 29,
        "hizb": 228,
        "manzil": 7,
        "ruku": 505,
        "word_number_in_verse": 5,
        "language_code": "bn",
        "text": "এবং না",
        "root_word": "وَلَا",
        "global_word_sequence_number": 73731,
        "global_verse_sequence_number": 5442
    },
    {
        "chapter": 71,
        "verse": 23,
        "juz": 29,
        "hizb": 228,
        "manzil": 7,
        "ruku": 505,
        "word_number_in_verse": 6,
        "language_code": "bn",
        "text": "কখনো তোমরা ছেড়ো",
        "root_word": "تَذَرُنَّ",
        "global_word_sequence_number": 73732,
        "global_verse_sequence_number": 5442
    },
    {
        "chapter": 71,
        "verse": 23,
        "juz": 29,
        "hizb": 228,
        "manzil": 7,
        "ruku": 505,
        "word_number_in_verse": 7,
        "language_code": "bn",
        "text": "ওয়াদ্দাকে",
        "root_word": "وَدّٗا",
        "global_word_sequence_number": 73733,
        "global_verse_sequence_number": 5442
    },
    {
        "chapter": 71,
        "verse": 23,
        "juz": 29,
        "hizb": 228,
        "manzil": 7,
        "ruku": 505,
        "word_number_in_verse": 8,
        "language_code": "bn",
        "text": "ও না",
        "root_word": "وَلَا",
        "global_word_sequence_number": 73734,
        "global_verse_sequence_number": 5442
    },
    {
        "chapter": 71,
        "verse": 23,
        "juz": 29,
        "hizb": 228,
        "manzil": 7,
        "ruku": 505,
        "word_number_in_verse": 9,
        "language_code": "bn",
        "text": "সূয়া'আকে",
        "root_word": "سُوَاعٗا",
        "global_word_sequence_number": 73735,
        "global_verse_sequence_number": 5442
    },
    {
        "chapter": 71,
        "verse": 23,
        "juz": 29,
        "hizb": 228,
        "manzil": 7,
        "ruku": 505,
        "word_number_in_verse": 10,
        "language_code": "bn",
        "text": "এবং না",
        "root_word": "وَلَا",
        "global_word_sequence_number": 73736,
        "global_verse_sequence_number": 5442
    },
    {
        "chapter": 71,
        "verse": 23,
        "juz": 29,
        "hizb": 228,
        "manzil": 7,
        "ruku": 505,
        "word_number_in_verse": 11,
        "language_code": "bn",
        "text": "য়াগূছকে",
        "root_word": "يَغُوثَ",
        "global_word_sequence_number": 73737,
        "global_verse_sequence_number": 5442
    },
    {
        "chapter": 71,
        "verse": 23,
        "juz": 29,
        "hizb": 228,
        "manzil": 7,
        "ruku": 505,
        "word_number_in_verse": 12,
        "language_code": "bn",
        "text": "আর ইয়াউক",
        "root_word": "وَيَعُوقَ",
        "global_word_sequence_number": 73738,
        "global_verse_sequence_number": 5442
    },
    {
        "chapter": 71,
        "verse": 23,
        "juz": 29,
        "hizb": 228,
        "manzil": 7,
        "ruku": 505,
        "word_number_in_verse": 13,
        "language_code": "bn",
        "text": "ও নছরকে\"",
        "root_word": "وَنَسۡرٗا",
        "global_word_sequence_number": 73739,
        "global_verse_sequence_number": 5442
    },
    {
        "chapter": 71,
        "verse": 24,
        "juz": 29,
        "hizb": 228,
        "manzil": 7,
        "ruku": 505,
        "word_number_in_verse": 1,
        "language_code": "bn",
        "text": "এবং নিশ্চয়",
        "root_word": "وَقَدۡ",
        "global_word_sequence_number": 73740,
        "global_verse_sequence_number": 5443
    },
    {
        "chapter": 71,
        "verse": 24,
        "juz": 29,
        "hizb": 228,
        "manzil": 7,
        "ruku": 505,
        "word_number_in_verse": 2,
        "language_code": "bn",
        "text": "তারা পথভ্রষ্ট করেছে",
        "root_word": "أَضَلُّواْ",
        "global_word_sequence_number": 73741,
        "global_verse_sequence_number": 5443
    },
    {
        "chapter": 71,
        "verse": 24,
        "juz": 29,
        "hizb": 228,
        "manzil": 7,
        "ruku": 505,
        "word_number_in_verse": 3,
        "language_code": "bn",
        "text": "অনেককে",
        "root_word": "كَثِيرٗاۖ",
        "global_word_sequence_number": 73742,
        "global_verse_sequence_number": 5443
    },
    {
        "chapter": 71,
        "verse": 24,
        "juz": 29,
        "hizb": 228,
        "manzil": 7,
        "ruku": 505,
        "word_number_in_verse": 4,
        "language_code": "bn",
        "text": "এবং না",
        "root_word": "وَلَا",
        "global_word_sequence_number": 73743,
        "global_verse_sequence_number": 5443
    },
    {
        "chapter": 71,
        "verse": 24,
        "juz": 29,
        "hizb": 228,
        "manzil": 7,
        "ruku": 505,
        "word_number_in_verse": 5,
        "language_code": "bn",
        "text": "বারাবেন",
        "root_word": "تَزِدِ",
        "global_word_sequence_number": 73744,
        "global_verse_sequence_number": 5443
    },
    {
        "chapter": 71,
        "verse": 24,
        "juz": 29,
        "hizb": 228,
        "manzil": 7,
        "ruku": 505,
        "word_number_in_verse": 6,
        "language_code": "bn",
        "text": "জালেমদেরকে",
        "root_word": "الظَّٰلِمِينَ",
        "global_word_sequence_number": 73745,
        "global_verse_sequence_number": 5443
    },
    {
        "chapter": 71,
        "verse": 24,
        "juz": 29,
        "hizb": 228,
        "manzil": 7,
        "ruku": 505,
        "word_number_in_verse": 7,
        "language_code": "bn",
        "text": "ছাড়া",
        "root_word": "إِلَّا",
        "global_word_sequence_number": 73746,
        "global_verse_sequence_number": 5443
    },
    {
        "chapter": 71,
        "verse": 24,
        "juz": 29,
        "hizb": 228,
        "manzil": 7,
        "ruku": 505,
        "word_number_in_verse": 8,
        "language_code": "bn",
        "text": "পথভ্রষ্টতা\"",
        "root_word": "ضَلَٰلٗا",
        "global_word_sequence_number": 73747,
        "global_verse_sequence_number": 5443
    },
    {
        "chapter": 71,
        "verse": 25,
        "juz": 29,
        "hizb": 228,
        "manzil": 7,
        "ruku": 505,
        "word_number_in_verse": 1,
        "language_code": "bn",
        "text": "একারণে",
        "root_word": "مِّمَّا",
        "global_word_sequence_number": 73748,
        "global_verse_sequence_number": 5444
    },
    {
        "chapter": 71,
        "verse": 25,
        "juz": 29,
        "hizb": 228,
        "manzil": 7,
        "ruku": 505,
        "word_number_in_verse": 2,
        "language_code": "bn",
        "text": "তাদের অপরাধসমূহের",
        "root_word": "خَطِيٓـَٰٔتِهِمۡ",
        "global_word_sequence_number": 73749,
        "global_verse_sequence_number": 5444
    },
    {
        "chapter": 71,
        "verse": 25,
        "juz": 29,
        "hizb": 228,
        "manzil": 7,
        "ruku": 505,
        "word_number_in_verse": 3,
        "language_code": "bn",
        "text": "তাদের ডুবান হয়েছে",
        "root_word": "أُغۡرِقُواْ",
        "global_word_sequence_number": 73750,
        "global_verse_sequence_number": 5444
    },
    {
        "chapter": 71,
        "verse": 25,
        "juz": 29,
        "hizb": 228,
        "manzil": 7,
        "ruku": 505,
        "word_number_in_verse": 4,
        "language_code": "bn",
        "text": "দাখিল করা হয়েছে অতঃপর কর",
        "root_word": "فَأُدۡخِلُواْ",
        "global_word_sequence_number": 73751,
        "global_verse_sequence_number": 5444
    },
    {
        "chapter": 71,
        "verse": 25,
        "juz": 29,
        "hizb": 228,
        "manzil": 7,
        "ruku": 505,
        "word_number_in_verse": 5,
        "language_code": "bn",
        "text": "আগুনে",
        "root_word": "نَارٗا",
        "global_word_sequence_number": 73752,
        "global_verse_sequence_number": 5444
    },
    {
        "chapter": 71,
        "verse": 25,
        "juz": 29,
        "hizb": 228,
        "manzil": 7,
        "ruku": 505,
        "word_number_in_verse": 6,
        "language_code": "bn",
        "text": "নাই অতঃপর",
        "root_word": "فَلَمۡ",
        "global_word_sequence_number": 73753,
        "global_verse_sequence_number": 5444
    },
    {
        "chapter": 71,
        "verse": 25,
        "juz": 29,
        "hizb": 228,
        "manzil": 7,
        "ruku": 505,
        "word_number_in_verse": 7,
        "language_code": "bn",
        "text": "তারা পায়",
        "root_word": "يَجِدُواْ",
        "global_word_sequence_number": 73754,
        "global_verse_sequence_number": 5444
    },
    {
        "chapter": 71,
        "verse": 25,
        "juz": 29,
        "hizb": 228,
        "manzil": 7,
        "ruku": 505,
        "word_number_in_verse": 8,
        "language_code": "bn",
        "text": "তাদের জন্যে",
        "root_word": "لَهُم",
        "global_word_sequence_number": 73755,
        "global_verse_sequence_number": 5444
    },
    {
        "chapter": 71,
        "verse": 25,
        "juz": 29,
        "hizb": 228,
        "manzil": 7,
        "ruku": 505,
        "word_number_in_verse": 9,
        "language_code": "bn",
        "text": "থেকে",
        "root_word": "مِّن",
        "global_word_sequence_number": 73756,
        "global_verse_sequence_number": 5444
    },
    {
        "chapter": 71,
        "verse": 25,
        "juz": 29,
        "hizb": 228,
        "manzil": 7,
        "ruku": 505,
        "word_number_in_verse": 10,
        "language_code": "bn",
        "text": "ছাড়া",
        "root_word": "دُونِ",
        "global_word_sequence_number": 73757,
        "global_verse_sequence_number": 5444
    },
    {
        "chapter": 71,
        "verse": 25,
        "juz": 29,
        "hizb": 228,
        "manzil": 7,
        "ruku": 505,
        "word_number_in_verse": 11,
        "language_code": "bn",
        "text": "আল্লাহ",
        "root_word": "اللَّهِ",
        "global_word_sequence_number": 73758,
        "global_verse_sequence_number": 5444
    },
    {
        "chapter": 71,
        "verse": 25,
        "juz": 29,
        "hizb": 228,
        "manzil": 7,
        "ruku": 505,
        "word_number_in_verse": 12,
        "language_code": "bn",
        "text": "সাহায্যকারী হিসেবে",
        "root_word": "أَنصَارٗا",
        "global_word_sequence_number": 73759,
        "global_verse_sequence_number": 5444
    },
    {
        "chapter": 71,
        "verse": 26,
        "juz": 29,
        "hizb": 228,
        "manzil": 7,
        "ruku": 505,
        "word_number_in_verse": 1,
        "language_code": "bn",
        "text": "এবং বলল",
        "root_word": "وَقَالَ",
        "global_word_sequence_number": 73760,
        "global_verse_sequence_number": 5445
    },
    {
        "chapter": 71,
        "verse": 26,
        "juz": 29,
        "hizb": 228,
        "manzil": 7,
        "ruku": 505,
        "word_number_in_verse": 2,
        "language_code": "bn",
        "text": "ণুহ",
        "root_word": "نُوحٞ",
        "global_word_sequence_number": 73761,
        "global_verse_sequence_number": 5445
    },
    {
        "chapter": 71,
        "verse": 26,
        "juz": 29,
        "hizb": 228,
        "manzil": 7,
        "ruku": 505,
        "word_number_in_verse": 3,
        "language_code": "bn",
        "text": "\"হে আমার রব",
        "root_word": "رَّبِّ",
        "global_word_sequence_number": 73762,
        "global_verse_sequence_number": 5445
    },
    {
        "chapter": 71,
        "verse": 26,
        "juz": 29,
        "hizb": 228,
        "manzil": 7,
        "ruku": 505,
        "word_number_in_verse": 4,
        "language_code": "bn",
        "text": "না",
        "root_word": "لَا",
        "global_word_sequence_number": 73763,
        "global_verse_sequence_number": 5445
    },
    {
        "chapter": 71,
        "verse": 26,
        "juz": 29,
        "hizb": 228,
        "manzil": 7,
        "ruku": 505,
        "word_number_in_verse": 5,
        "language_code": "bn",
        "text": "ছাড়বেন",
        "root_word": "تَذَرۡ",
        "global_word_sequence_number": 73764,
        "global_verse_sequence_number": 5445
    },
    {
        "chapter": 71,
        "verse": 26,
        "juz": 29,
        "hizb": 228,
        "manzil": 7,
        "ruku": 505,
        "word_number_in_verse": 6,
        "language_code": "bn",
        "text": "উপর",
        "root_word": "عَلَى",
        "global_word_sequence_number": 73765,
        "global_verse_sequence_number": 5445
    },
    {
        "chapter": 71,
        "verse": 26,
        "juz": 29,
        "hizb": 228,
        "manzil": 7,
        "ruku": 505,
        "word_number_in_verse": 7,
        "language_code": "bn",
        "text": "যমীনের",
        "root_word": "الۡأَرۡضِ",
        "global_word_sequence_number": 73766,
        "global_verse_sequence_number": 5445
    },
    {
        "chapter": 71,
        "verse": 26,
        "juz": 29,
        "hizb": 228,
        "manzil": 7,
        "ruku": 505,
        "word_number_in_verse": 8,
        "language_code": "bn",
        "text": "থেকে",
        "root_word": "مِنَ",
        "global_word_sequence_number": 73767,
        "global_verse_sequence_number": 5445
    },
    {
        "chapter": 71,
        "verse": 26,
        "juz": 29,
        "hizb": 228,
        "manzil": 7,
        "ruku": 505,
        "word_number_in_verse": 9,
        "language_code": "bn",
        "text": "কাফিরদের",
        "root_word": "الۡكَٰفِرِينَ",
        "global_word_sequence_number": 73768,
        "global_verse_sequence_number": 5445
    },
    {
        "chapter": 71,
        "verse": 26,
        "juz": 29,
        "hizb": 228,
        "manzil": 7,
        "ruku": 505,
        "word_number_in_verse": 10,
        "language_code": "bn",
        "text": "কোন গৃহবাসী",
        "root_word": "دَيَّارًا",
        "global_word_sequence_number": 73769,
        "global_verse_sequence_number": 5445
    },
    {
        "chapter": 71,
        "verse": 27,
        "juz": 29,
        "hizb": 228,
        "manzil": 7,
        "ruku": 505,
        "word_number_in_verse": 1,
        "language_code": "bn",
        "text": "আপনি নিশ্চয়",
        "root_word": "إِنَّكَ",
        "global_word_sequence_number": 73770,
        "global_verse_sequence_number": 5446
    },
    {
        "chapter": 71,
        "verse": 27,
        "juz": 29,
        "hizb": 228,
        "manzil": 7,
        "ruku": 505,
        "word_number_in_verse": 2,
        "language_code": "bn",
        "text": "যদি",
        "root_word": "إِن",
        "global_word_sequence_number": 73771,
        "global_verse_sequence_number": 5446
    },
    {
        "chapter": 71,
        "verse": 27,
        "juz": 29,
        "hizb": 228,
        "manzil": 7,
        "ruku": 505,
        "word_number_in_verse": 3,
        "language_code": "bn",
        "text": "তাদের ছাড়েন",
        "root_word": "تَذَرۡهُمۡ",
        "global_word_sequence_number": 73772,
        "global_verse_sequence_number": 5446
    },
    {
        "chapter": 71,
        "verse": 27,
        "juz": 29,
        "hizb": 228,
        "manzil": 7,
        "ruku": 505,
        "word_number_in_verse": 4,
        "language_code": "bn",
        "text": "তারা গোমরাহ করবে",
        "root_word": "يُضِلُّواْ",
        "global_word_sequence_number": 73773,
        "global_verse_sequence_number": 5446
    },
    {
        "chapter": 71,
        "verse": 27,
        "juz": 29,
        "hizb": 228,
        "manzil": 7,
        "ruku": 505,
        "word_number_in_verse": 5,
        "language_code": "bn",
        "text": "আপনার বান্দাদেরকে",
        "root_word": "عِبَادَكَ",
        "global_word_sequence_number": 73774,
        "global_verse_sequence_number": 5446
    },
    {
        "chapter": 71,
        "verse": 27,
        "juz": 29,
        "hizb": 228,
        "manzil": 7,
        "ruku": 505,
        "word_number_in_verse": 6,
        "language_code": "bn",
        "text": "এবং না",
        "root_word": "وَلَا",
        "global_word_sequence_number": 73775,
        "global_verse_sequence_number": 5446
    },
    {
        "chapter": 71,
        "verse": 27,
        "juz": 29,
        "hizb": 228,
        "manzil": 7,
        "ruku": 505,
        "word_number_in_verse": 7,
        "language_code": "bn",
        "text": "তারা জন্ম দেবে",
        "root_word": "يَلِدُوٓاْ",
        "global_word_sequence_number": 73776,
        "global_verse_sequence_number": 5446
    },
    {
        "chapter": 71,
        "verse": 27,
        "juz": 29,
        "hizb": 228,
        "manzil": 7,
        "ruku": 505,
        "word_number_in_verse": 8,
        "language_code": "bn",
        "text": "ছাড়া",
        "root_word": "إِلَّا",
        "global_word_sequence_number": 73777,
        "global_verse_sequence_number": 5446
    },
    {
        "chapter": 71,
        "verse": 27,
        "juz": 29,
        "hizb": 228,
        "manzil": 7,
        "ruku": 505,
        "word_number_in_verse": 9,
        "language_code": "bn",
        "text": "পাপাচারী",
        "root_word": "فَاجِرٗا",
        "global_word_sequence_number": 73778,
        "global_verse_sequence_number": 5446
    },
    {
        "chapter": 71,
        "verse": 27,
        "juz": 29,
        "hizb": 228,
        "manzil": 7,
        "ruku": 505,
        "word_number_in_verse": 10,
        "language_code": "bn",
        "text": "কট্টর কাফির",
        "root_word": "كَفَّارٗا",
        "global_word_sequence_number": 73779,
        "global_verse_sequence_number": 5446
    },
    {
        "chapter": 71,
        "verse": 28,
        "juz": 29,
        "hizb": 228,
        "manzil": 7,
        "ruku": 505,
        "word_number_in_verse": 1,
        "language_code": "bn",
        "text": "হে আমার রব",
        "root_word": "رَّبِّ",
        "global_word_sequence_number": 73780,
        "global_verse_sequence_number": 5447
    },
    {
        "chapter": 71,
        "verse": 28,
        "juz": 29,
        "hizb": 228,
        "manzil": 7,
        "ruku": 505,
        "word_number_in_verse": 2,
        "language_code": "bn",
        "text": "মাফ করুন",
        "root_word": "اغۡفِرۡ",
        "global_word_sequence_number": 73781,
        "global_verse_sequence_number": 5447
    },
    {
        "chapter": 71,
        "verse": 28,
        "juz": 29,
        "hizb": 228,
        "manzil": 7,
        "ruku": 505,
        "word_number_in_verse": 3,
        "language_code": "bn",
        "text": "আমাকে",
        "root_word": "لِي",
        "global_word_sequence_number": 73782,
        "global_verse_sequence_number": 5447
    },
    {
        "chapter": 71,
        "verse": 28,
        "juz": 29,
        "hizb": 228,
        "manzil": 7,
        "ruku": 505,
        "word_number_in_verse": 4,
        "language_code": "bn",
        "text": "ও আমার পিতা-মাতাকে",
        "root_word": "وَلِوَٰلِدَيَّ",
        "global_word_sequence_number": 73783,
        "global_verse_sequence_number": 5447
    },
    {
        "chapter": 71,
        "verse": 28,
        "juz": 29,
        "hizb": 228,
        "manzil": 7,
        "ruku": 505,
        "word_number_in_verse": 5,
        "language_code": "bn",
        "text": "ও যে (তার) জন্য",
        "root_word": "وَلِمَن",
        "global_word_sequence_number": 73784,
        "global_verse_sequence_number": 5447
    },
    {
        "chapter": 71,
        "verse": 28,
        "juz": 29,
        "hizb": 228,
        "manzil": 7,
        "ruku": 505,
        "word_number_in_verse": 6,
        "language_code": "bn",
        "text": "প্রবেশ করেছে",
        "root_word": "دَخَلَ",
        "global_word_sequence_number": 73785,
        "global_verse_sequence_number": 5447
    },
    {
        "chapter": 71,
        "verse": 28,
        "juz": 29,
        "hizb": 228,
        "manzil": 7,
        "ruku": 505,
        "word_number_in_verse": 7,
        "language_code": "bn",
        "text": "আমার ঘরে",
        "root_word": "بَيۡتِيَ",
        "global_word_sequence_number": 73786,
        "global_verse_sequence_number": 5447
    },
    {
        "chapter": 71,
        "verse": 28,
        "juz": 29,
        "hizb": 228,
        "manzil": 7,
        "ruku": 505,
        "word_number_in_verse": 8,
        "language_code": "bn",
        "text": "মু'মিন রূপে",
        "root_word": "مُؤۡمِنٗا",
        "global_word_sequence_number": 73787,
        "global_verse_sequence_number": 5447
    },
    {
        "chapter": 71,
        "verse": 28,
        "juz": 29,
        "hizb": 228,
        "manzil": 7,
        "ruku": 505,
        "word_number_in_verse": 9,
        "language_code": "bn",
        "text": "এবং মু'মিনপুরুষদের জন্যে",
        "root_word": "وَلِلۡمُؤۡمِنِينَ",
        "global_word_sequence_number": 73788,
        "global_verse_sequence_number": 5447
    },
    {
        "chapter": 71,
        "verse": 28,
        "juz": 29,
        "hizb": 228,
        "manzil": 7,
        "ruku": 505,
        "word_number_in_verse": 10,
        "language_code": "bn",
        "text": "মুমিন স্ত্রীলোকদের",
        "root_word": "وَالۡمُؤۡمِنَٰتِۖ",
        "global_word_sequence_number": 73789,
        "global_verse_sequence_number": 5447
    },
    {
        "chapter": 71,
        "verse": 28,
        "juz": 29,
        "hizb": 228,
        "manzil": 7,
        "ruku": 505,
        "word_number_in_verse": 11,
        "language_code": "bn",
        "text": "এবং না",
        "root_word": "وَلَا",
        "global_word_sequence_number": 73790,
        "global_verse_sequence_number": 5447
    },
    {
        "chapter": 71,
        "verse": 28,
        "juz": 29,
        "hizb": 228,
        "manzil": 7,
        "ruku": 505,
        "word_number_in_verse": 12,
        "language_code": "bn",
        "text": "বাড়াবেন",
        "root_word": "تَزِدِ",
        "global_word_sequence_number": 73791,
        "global_verse_sequence_number": 5447
    },
    {
        "chapter": 71,
        "verse": 28,
        "juz": 29,
        "hizb": 228,
        "manzil": 7,
        "ruku": 505,
        "word_number_in_verse": 13,
        "language_code": "bn",
        "text": "জালেমদের অন্যকিছু",
        "root_word": "الظَّٰلِمِينَ",
        "global_word_sequence_number": 73792,
        "global_verse_sequence_number": 5447
    },
    {
        "chapter": 71,
        "verse": 28,
        "juz": 29,
        "hizb": 228,
        "manzil": 7,
        "ruku": 505,
        "word_number_in_verse": 14,
        "language_code": "bn",
        "text": "ছাড়া",
        "root_word": "إِلَّا",
        "global_word_sequence_number": 73793,
        "global_verse_sequence_number": 5447
    },
    {
        "chapter": 71,
        "verse": 28,
        "juz": 29,
        "hizb": 228,
        "manzil": 7,
        "ruku": 505,
        "word_number_in_verse": 15,
        "language_code": "bn",
        "text": "ধ্বংস\"",
        "root_word": "تَبَارَۢا",
        "global_word_sequence_number": 73794,
        "global_verse_sequence_number": 5447
    }
]