[
    {
        "chapter": 73,
        "verse": 1,
        "juz": 29,
        "hizb": 229,
        "manzil": 7,
        "ruku": 508,
        "word_number_in_verse": 1,
        "language_code": "bn",
        "text": "হে",
        "root_word": "يَٰٓأَيُّهَا",
        "global_word_sequence_number": 74080,
        "global_verse_sequence_number": 5476
    },
    {
        "chapter": 73,
        "verse": 1,
        "juz": 29,
        "hizb": 229,
        "manzil": 7,
        "ruku": 508,
        "word_number_in_verse": 2,
        "language_code": "bn",
        "text": "বস্ত্রাবৃত",
        "root_word": "الۡمُزَّمِّلُ",
        "global_word_sequence_number": 74081,
        "global_verse_sequence_number": 5476
    },
    {
        "chapter": 73,
        "verse": 2,
        "juz": 29,
        "hizb": 229,
        "manzil": 7,
        "ruku": 508,
        "word_number_in_verse": 1,
        "language_code": "bn",
        "text": "উঠো",
        "root_word": "قُمِ",
        "global_word_sequence_number": 74082,
        "global_verse_sequence_number": 5477
    },
    {
        "chapter": 73,
        "verse": 2,
        "juz": 29,
        "hizb": 229,
        "manzil": 7,
        "ruku": 508,
        "word_number_in_verse": 2,
        "language_code": "bn",
        "text": "রাতে (ইবাদত করো)",
        "root_word": "الَّيۡلَ",
        "global_word_sequence_number": 74083,
        "global_verse_sequence_number": 5477
    },
    {
        "chapter": 73,
        "verse": 2,
        "juz": 29,
        "hizb": 229,
        "manzil": 7,
        "ruku": 508,
        "word_number_in_verse": 3,
        "language_code": "bn",
        "text": "ব্যতীত",
        "root_word": "إِلَّا",
        "global_word_sequence_number": 74084,
        "global_verse_sequence_number": 5477
    },
    {
        "chapter": 73,
        "verse": 2,
        "juz": 29,
        "hizb": 229,
        "manzil": 7,
        "ruku": 508,
        "word_number_in_verse": 4,
        "language_code": "bn",
        "text": "কিছু অংশ",
        "root_word": "قَلِيلٗا",
        "global_word_sequence_number": 74085,
        "global_verse_sequence_number": 5477
    },
    {
        "chapter": 73,
        "verse": 3,
        "juz": 29,
        "hizb": 229,
        "manzil": 7,
        "ruku": 508,
        "word_number_in_verse": 1,
        "language_code": "bn",
        "text": "তার অর্ধেক",
        "root_word": "نِّصۡفَهُۥٓ",
        "global_word_sequence_number": 74086,
        "global_verse_sequence_number": 5478
    },
    {
        "chapter": 73,
        "verse": 3,
        "juz": 29,
        "hizb": 229,
        "manzil": 7,
        "ruku": 508,
        "word_number_in_verse": 2,
        "language_code": "bn",
        "text": "বা",
        "root_word": "أَوِ",
        "global_word_sequence_number": 74087,
        "global_verse_sequence_number": 5478
    },
    {
        "chapter": 73,
        "verse": 3,
        "juz": 29,
        "hizb": 229,
        "manzil": 7,
        "ruku": 508,
        "word_number_in_verse": 3,
        "language_code": "bn",
        "text": "কম করো",
        "root_word": "انقُصۡ",
        "global_word_sequence_number": 74088,
        "global_verse_sequence_number": 5478
    },
    {
        "chapter": 73,
        "verse": 3,
        "juz": 29,
        "hizb": 229,
        "manzil": 7,
        "ruku": 508,
        "word_number_in_verse": 4,
        "language_code": "bn",
        "text": "তা থেকে",
        "root_word": "مِنۡهُ",
        "global_word_sequence_number": 74089,
        "global_verse_sequence_number": 5478
    },
    {
        "chapter": 73,
        "verse": 3,
        "juz": 29,
        "hizb": 229,
        "manzil": 7,
        "ruku": 508,
        "word_number_in_verse": 5,
        "language_code": "bn",
        "text": "সামান্য",
        "root_word": "قَلِيلًا",
        "global_word_sequence_number": 74090,
        "global_verse_sequence_number": 5478
    },
    {
        "chapter": 73,
        "verse": 4,
        "juz": 29,
        "hizb": 229,
        "manzil": 7,
        "ruku": 508,
        "word_number_in_verse": 1,
        "language_code": "bn",
        "text": "অথবা",
        "root_word": "أَوۡ",
        "global_word_sequence_number": 74091,
        "global_verse_sequence_number": 5479
    },
    {
        "chapter": 73,
        "verse": 4,
        "juz": 29,
        "hizb": 229,
        "manzil": 7,
        "ruku": 508,
        "word_number_in_verse": 2,
        "language_code": "bn",
        "text": "বাড়াও",
        "root_word": "زِدۡ",
        "global_word_sequence_number": 74092,
        "global_verse_sequence_number": 5479
    },
    {
        "chapter": 73,
        "verse": 4,
        "juz": 29,
        "hizb": 229,
        "manzil": 7,
        "ruku": 508,
        "word_number_in_verse": 3,
        "language_code": "bn",
        "text": "তার উপর",
        "root_word": "عَلَيۡهِ",
        "global_word_sequence_number": 74093,
        "global_verse_sequence_number": 5479
    },
    {
        "chapter": 73,
        "verse": 4,
        "juz": 29,
        "hizb": 229,
        "manzil": 7,
        "ruku": 508,
        "word_number_in_verse": 4,
        "language_code": "bn",
        "text": "এবং আবৃতি করো ধীরে ধীরে",
        "root_word": "وَرَتِّلِ",
        "global_word_sequence_number": 74094,
        "global_verse_sequence_number": 5479
    },
    {
        "chapter": 73,
        "verse": 4,
        "juz": 29,
        "hizb": 229,
        "manzil": 7,
        "ruku": 508,
        "word_number_in_verse": 5,
        "language_code": "bn",
        "text": "কুরআন",
        "root_word": "الۡقُرۡءَانَ",
        "global_word_sequence_number": 74095,
        "global_verse_sequence_number": 5479
    },
    {
        "chapter": 73,
        "verse": 4,
        "juz": 29,
        "hizb": 229,
        "manzil": 7,
        "ruku": 508,
        "word_number_in_verse": 6,
        "language_code": "bn",
        "text": "তারতিলসহ",
        "root_word": "تَرۡتِيلًا",
        "global_word_sequence_number": 74096,
        "global_verse_sequence_number": 5479
    },
    {
        "chapter": 73,
        "verse": 5,
        "juz": 29,
        "hizb": 229,
        "manzil": 7,
        "ruku": 508,
        "word_number_in_verse": 1,
        "language_code": "bn",
        "text": "আমরা নিশ্চয়",
        "root_word": "إِنَّا",
        "global_word_sequence_number": 74097,
        "global_verse_sequence_number": 5480
    },
    {
        "chapter": 73,
        "verse": 5,
        "juz": 29,
        "hizb": 229,
        "manzil": 7,
        "ruku": 508,
        "word_number_in_verse": 2,
        "language_code": "bn",
        "text": "অর্পণ আমরা শিঘ্রই করবো",
        "root_word": "سَنُلۡقِي",
        "global_word_sequence_number": 74098,
        "global_verse_sequence_number": 5480
    },
    {
        "chapter": 73,
        "verse": 5,
        "juz": 29,
        "hizb": 229,
        "manzil": 7,
        "ruku": 508,
        "word_number_in_verse": 3,
        "language_code": "bn",
        "text": "তোমার উপর",
        "root_word": "عَلَيۡكَ",
        "global_word_sequence_number": 74099,
        "global_verse_sequence_number": 5480
    },
    {
        "chapter": 73,
        "verse": 5,
        "juz": 29,
        "hizb": 229,
        "manzil": 7,
        "ruku": 508,
        "word_number_in_verse": 4,
        "language_code": "bn",
        "text": "বাণী",
        "root_word": "قَوۡلٗا",
        "global_word_sequence_number": 74100,
        "global_verse_sequence_number": 5480
    },
    {
        "chapter": 73,
        "verse": 5,
        "juz": 29,
        "hizb": 229,
        "manzil": 7,
        "ruku": 508,
        "word_number_in_verse": 5,
        "language_code": "bn",
        "text": "ভারী",
        "root_word": "ثَقِيلًا",
        "global_word_sequence_number": 74101,
        "global_verse_sequence_number": 5480
    },
    {
        "chapter": 73,
        "verse": 6,
        "juz": 29,
        "hizb": 229,
        "manzil": 7,
        "ruku": 508,
        "word_number_in_verse": 1,
        "language_code": "bn",
        "text": "নিশ্চয়",
        "root_word": "إِنَّ",
        "global_word_sequence_number": 74102,
        "global_verse_sequence_number": 5481
    },
    {
        "chapter": 73,
        "verse": 6,
        "juz": 29,
        "hizb": 229,
        "manzil": 7,
        "ruku": 508,
        "word_number_in_verse": 2,
        "language_code": "bn",
        "text": "উথান (শয্যা ত্যাগ)",
        "root_word": "نَاشِئَةَ",
        "global_word_sequence_number": 74103,
        "global_verse_sequence_number": 5481
    },
    {
        "chapter": 73,
        "verse": 6,
        "juz": 29,
        "hizb": 229,
        "manzil": 7,
        "ruku": 508,
        "word_number_in_verse": 3,
        "language_code": "bn",
        "text": "রাত্রি কালের",
        "root_word": "الَّيۡلِ",
        "global_word_sequence_number": 74104,
        "global_verse_sequence_number": 5481
    },
    {
        "chapter": 73,
        "verse": 6,
        "juz": 29,
        "hizb": 229,
        "manzil": 7,
        "ruku": 508,
        "word_number_in_verse": 4,
        "language_code": "bn",
        "text": "তা",
        "root_word": "هِيَ",
        "global_word_sequence_number": 74105,
        "global_verse_sequence_number": 5481
    },
    {
        "chapter": 73,
        "verse": 6,
        "juz": 29,
        "hizb": 229,
        "manzil": 7,
        "ruku": 508,
        "word_number_in_verse": 5,
        "language_code": "bn",
        "text": "প্রবলতর",
        "root_word": "أَشَدُّ",
        "global_word_sequence_number": 74106,
        "global_verse_sequence_number": 5481
    },
    {
        "chapter": 73,
        "verse": 6,
        "juz": 29,
        "hizb": 229,
        "manzil": 7,
        "ruku": 508,
        "word_number_in_verse": 6,
        "language_code": "bn",
        "text": "দলনে (প্রবৃত্তি)",
        "root_word": "وَطۡـٔٗا",
        "global_word_sequence_number": 74107,
        "global_verse_sequence_number": 5481
    },
    {
        "chapter": 73,
        "verse": 6,
        "juz": 29,
        "hizb": 229,
        "manzil": 7,
        "ruku": 508,
        "word_number_in_verse": 7,
        "language_code": "bn",
        "text": "এবং সঠিকতর",
        "root_word": "وَأَقۡوَمُ",
        "global_word_sequence_number": 74108,
        "global_verse_sequence_number": 5481
    },
    {
        "chapter": 73,
        "verse": 6,
        "juz": 29,
        "hizb": 229,
        "manzil": 7,
        "ruku": 508,
        "word_number_in_verse": 8,
        "language_code": "bn",
        "text": "বাক্য স্ফুরণে",
        "root_word": "قِيلًا",
        "global_word_sequence_number": 74109,
        "global_verse_sequence_number": 5481
    },
    {
        "chapter": 73,
        "verse": 7,
        "juz": 29,
        "hizb": 229,
        "manzil": 7,
        "ruku": 508,
        "word_number_in_verse": 1,
        "language_code": "bn",
        "text": "নিশ্চয়",
        "root_word": "إِنَّ",
        "global_word_sequence_number": 74110,
        "global_verse_sequence_number": 5482
    },
    {
        "chapter": 73,
        "verse": 7,
        "juz": 29,
        "hizb": 229,
        "manzil": 7,
        "ruku": 508,
        "word_number_in_verse": 2,
        "language_code": "bn",
        "text": "তোমার জন্যে",
        "root_word": "لَكَ",
        "global_word_sequence_number": 74111,
        "global_verse_sequence_number": 5482
    },
    {
        "chapter": 73,
        "verse": 7,
        "juz": 29,
        "hizb": 229,
        "manzil": 7,
        "ruku": 508,
        "word_number_in_verse": 3,
        "language_code": "bn",
        "text": "মধ্যে",
        "root_word": "فِي",
        "global_word_sequence_number": 74112,
        "global_verse_sequence_number": 5482
    },
    {
        "chapter": 73,
        "verse": 7,
        "juz": 29,
        "hizb": 229,
        "manzil": 7,
        "ruku": 508,
        "word_number_in_verse": 4,
        "language_code": "bn",
        "text": "দিনে",
        "root_word": "النَّهَارِ",
        "global_word_sequence_number": 74113,
        "global_verse_sequence_number": 5482
    },
    {
        "chapter": 73,
        "verse": 7,
        "juz": 29,
        "hizb": 229,
        "manzil": 7,
        "ruku": 508,
        "word_number_in_verse": 5,
        "language_code": "bn",
        "text": "ব্যস্ততা",
        "root_word": "سَبۡحٗا",
        "global_word_sequence_number": 74114,
        "global_verse_sequence_number": 5482
    },
    {
        "chapter": 73,
        "verse": 7,
        "juz": 29,
        "hizb": 229,
        "manzil": 7,
        "ruku": 508,
        "word_number_in_verse": 6,
        "language_code": "bn",
        "text": "দীর্ঘ",
        "root_word": "طَوِيلٗا",
        "global_word_sequence_number": 74115,
        "global_verse_sequence_number": 5482
    },
    {
        "chapter": 73,
        "verse": 8,
        "juz": 29,
        "hizb": 229,
        "manzil": 7,
        "ruku": 508,
        "word_number_in_verse": 1,
        "language_code": "bn",
        "text": "এবং তুমি স্মরণ করো",
        "root_word": "وَاذۡكُرِ",
        "global_word_sequence_number": 74116,
        "global_verse_sequence_number": 5483
    },
    {
        "chapter": 73,
        "verse": 8,
        "juz": 29,
        "hizb": 229,
        "manzil": 7,
        "ruku": 508,
        "word_number_in_verse": 2,
        "language_code": "bn",
        "text": "নাম",
        "root_word": "اسۡمَ",
        "global_word_sequence_number": 74117,
        "global_verse_sequence_number": 5483
    },
    {
        "chapter": 73,
        "verse": 8,
        "juz": 29,
        "hizb": 229,
        "manzil": 7,
        "ruku": 508,
        "word_number_in_verse": 3,
        "language_code": "bn",
        "text": "তোমার রবের",
        "root_word": "رَبِّكَ",
        "global_word_sequence_number": 74118,
        "global_verse_sequence_number": 5483
    },
    {
        "chapter": 73,
        "verse": 8,
        "juz": 29,
        "hizb": 229,
        "manzil": 7,
        "ruku": 508,
        "word_number_in_verse": 4,
        "language_code": "bn",
        "text": "এবং নিমগ্ন হও",
        "root_word": "وَتَبَتَّلۡ",
        "global_word_sequence_number": 74119,
        "global_verse_sequence_number": 5483
    },
    {
        "chapter": 73,
        "verse": 8,
        "juz": 29,
        "hizb": 229,
        "manzil": 7,
        "ruku": 508,
        "word_number_in_verse": 5,
        "language_code": "bn",
        "text": "তার দিকে",
        "root_word": "إِلَيۡهِ",
        "global_word_sequence_number": 74120,
        "global_verse_sequence_number": 5483
    },
    {
        "chapter": 73,
        "verse": 8,
        "juz": 29,
        "hizb": 229,
        "manzil": 7,
        "ruku": 508,
        "word_number_in_verse": 6,
        "language_code": "bn",
        "text": "খুব নিমগ্ন হয়ে",
        "root_word": "تَبۡتِيلٗا",
        "global_word_sequence_number": 74121,
        "global_verse_sequence_number": 5483
    },
    {
        "chapter": 73,
        "verse": 9,
        "juz": 29,
        "hizb": 229,
        "manzil": 7,
        "ruku": 508,
        "word_number_in_verse": 1,
        "language_code": "bn",
        "text": "রব",
        "root_word": "رَّبُّ",
        "global_word_sequence_number": 74122,
        "global_verse_sequence_number": 5484
    },
    {
        "chapter": 73,
        "verse": 9,
        "juz": 29,
        "hizb": 229,
        "manzil": 7,
        "ruku": 508,
        "word_number_in_verse": 2,
        "language_code": "bn",
        "text": "পূর্ব",
        "root_word": "الۡمَشۡرِقِ",
        "global_word_sequence_number": 74123,
        "global_verse_sequence_number": 5484
    },
    {
        "chapter": 73,
        "verse": 9,
        "juz": 29,
        "hizb": 229,
        "manzil": 7,
        "ruku": 508,
        "word_number_in_verse": 3,
        "language_code": "bn",
        "text": "ও পশ্চিমের",
        "root_word": "وَالۡمَغۡرِبِ",
        "global_word_sequence_number": 74124,
        "global_verse_sequence_number": 5484
    },
    {
        "chapter": 73,
        "verse": 9,
        "juz": 29,
        "hizb": 229,
        "manzil": 7,
        "ruku": 508,
        "word_number_in_verse": 4,
        "language_code": "bn",
        "text": "নেই",
        "root_word": "لَآ",
        "global_word_sequence_number": 74125,
        "global_verse_sequence_number": 5484
    },
    {
        "chapter": 73,
        "verse": 9,
        "juz": 29,
        "hizb": 229,
        "manzil": 7,
        "ruku": 508,
        "word_number_in_verse": 5,
        "language_code": "bn",
        "text": "(কোন) ইলাহ",
        "root_word": "إِلَٰهَ",
        "global_word_sequence_number": 74126,
        "global_verse_sequence_number": 5484
    },
    {
        "chapter": 73,
        "verse": 9,
        "juz": 29,
        "hizb": 229,
        "manzil": 7,
        "ruku": 508,
        "word_number_in_verse": 6,
        "language_code": "bn",
        "text": "ছাড়া",
        "root_word": "إِلَّا",
        "global_word_sequence_number": 74127,
        "global_verse_sequence_number": 5484
    },
    {
        "chapter": 73,
        "verse": 9,
        "juz": 29,
        "hizb": 229,
        "manzil": 7,
        "ruku": 508,
        "word_number_in_verse": 7,
        "language_code": "bn",
        "text": "তিনি",
        "root_word": "هُوَ",
        "global_word_sequence_number": 74128,
        "global_verse_sequence_number": 5484
    },
    {
        "chapter": 73,
        "verse": 9,
        "juz": 29,
        "hizb": 229,
        "manzil": 7,
        "ruku": 508,
        "word_number_in_verse": 8,
        "language_code": "bn",
        "text": "তাকেই গ্রহণ সুতরাং করো",
        "root_word": "فَاتَّخِذۡهُ",
        "global_word_sequence_number": 74129,
        "global_verse_sequence_number": 5484
    },
    {
        "chapter": 73,
        "verse": 9,
        "juz": 29,
        "hizb": 229,
        "manzil": 7,
        "ruku": 508,
        "word_number_in_verse": 9,
        "language_code": "bn",
        "text": "কর্ম বিধায়ক রূপে",
        "root_word": "وَكِيلٗا",
        "global_word_sequence_number": 74130,
        "global_verse_sequence_number": 5484
    },
    {
        "chapter": 73,
        "verse": 10,
        "juz": 29,
        "hizb": 229,
        "manzil": 7,
        "ruku": 508,
        "word_number_in_verse": 1,
        "language_code": "bn",
        "text": "এবং সবর করো",
        "root_word": "وَاصۡبِرۡ",
        "global_word_sequence_number": 74131,
        "global_verse_sequence_number": 5485
    },
    {
        "chapter": 73,
        "verse": 10,
        "juz": 29,
        "hizb": 229,
        "manzil": 7,
        "ruku": 508,
        "word_number_in_verse": 2,
        "language_code": "bn",
        "text": "উপর",
        "root_word": "عَلَىٰ",
        "global_word_sequence_number": 74132,
        "global_verse_sequence_number": 5485
    },
    {
        "chapter": 73,
        "verse": 10,
        "juz": 29,
        "hizb": 229,
        "manzil": 7,
        "ruku": 508,
        "word_number_in_verse": 3,
        "language_code": "bn",
        "text": "যা",
        "root_word": "مَا",
        "global_word_sequence_number": 74133,
        "global_verse_sequence_number": 5485
    },
    {
        "chapter": 73,
        "verse": 10,
        "juz": 29,
        "hizb": 229,
        "manzil": 7,
        "ruku": 508,
        "word_number_in_verse": 4,
        "language_code": "bn",
        "text": "তারা বলেছে",
        "root_word": "يَقُولُونَ",
        "global_word_sequence_number": 74134,
        "global_verse_sequence_number": 5485
    },
    {
        "chapter": 73,
        "verse": 10,
        "juz": 29,
        "hizb": 229,
        "manzil": 7,
        "ruku": 508,
        "word_number_in_verse": 5,
        "language_code": "bn",
        "text": "এবং তাদের পরিহার করো",
        "root_word": "وَاهۡجُرۡهُمۡ",
        "global_word_sequence_number": 74135,
        "global_verse_sequence_number": 5485
    },
    {
        "chapter": 73,
        "verse": 10,
        "juz": 29,
        "hizb": 229,
        "manzil": 7,
        "ruku": 508,
        "word_number_in_verse": 6,
        "language_code": "bn",
        "text": "পরিহার",
        "root_word": "هَجۡرٗا",
        "global_word_sequence_number": 74136,
        "global_verse_sequence_number": 5485
    },
    {
        "chapter": 73,
        "verse": 10,
        "juz": 29,
        "hizb": 229,
        "manzil": 7,
        "ruku": 508,
        "word_number_in_verse": 7,
        "language_code": "bn",
        "text": "উত্তম",
        "root_word": "جَمِيلٗا",
        "global_word_sequence_number": 74137,
        "global_verse_sequence_number": 5485
    },
    {
        "chapter": 73,
        "verse": 11,
        "juz": 29,
        "hizb": 229,
        "manzil": 7,
        "ruku": 508,
        "word_number_in_verse": 1,
        "language_code": "bn",
        "text": "এবং আমাকে ছাড়",
        "root_word": "وَذَرۡنِي",
        "global_word_sequence_number": 74138,
        "global_verse_sequence_number": 5486
    },
    {
        "chapter": 73,
        "verse": 11,
        "juz": 29,
        "hizb": 229,
        "manzil": 7,
        "ruku": 508,
        "word_number_in_verse": 2,
        "language_code": "bn",
        "text": "ও মিথারপকারীদের",
        "root_word": "وَالۡمُكَذِّبِينَ",
        "global_word_sequence_number": 74139,
        "global_verse_sequence_number": 5486
    },
    {
        "chapter": 73,
        "verse": 11,
        "juz": 29,
        "hizb": 229,
        "manzil": 7,
        "ruku": 508,
        "word_number_in_verse": 3,
        "language_code": "bn",
        "text": "অধিকারী",
        "root_word": "أُوْلِي",
        "global_word_sequence_number": 74140,
        "global_verse_sequence_number": 5486
    },
    {
        "chapter": 73,
        "verse": 11,
        "juz": 29,
        "hizb": 229,
        "manzil": 7,
        "ruku": 508,
        "word_number_in_verse": 4,
        "language_code": "bn",
        "text": "নেয়ামতের",
        "root_word": "النَّعۡمَةِ",
        "global_word_sequence_number": 74141,
        "global_verse_sequence_number": 5486
    },
    {
        "chapter": 73,
        "verse": 11,
        "juz": 29,
        "hizb": 229,
        "manzil": 7,
        "ruku": 508,
        "word_number_in_verse": 5,
        "language_code": "bn",
        "text": "এবং তাদে্র অবকাশ দাও",
        "root_word": "وَمَهِّلۡهُمۡ",
        "global_word_sequence_number": 74142,
        "global_verse_sequence_number": 5486
    },
    {
        "chapter": 73,
        "verse": 11,
        "juz": 29,
        "hizb": 229,
        "manzil": 7,
        "ruku": 508,
        "word_number_in_verse": 6,
        "language_code": "bn",
        "text": "সামান্য",
        "root_word": "قَلِيلًا",
        "global_word_sequence_number": 74143,
        "global_verse_sequence_number": 5486
    },
    {
        "chapter": 73,
        "verse": 12,
        "juz": 29,
        "hizb": 229,
        "manzil": 7,
        "ruku": 508,
        "word_number_in_verse": 1,
        "language_code": "bn",
        "text": "নিশ্চয়",
        "root_word": "إِنَّ",
        "global_word_sequence_number": 74144,
        "global_verse_sequence_number": 5487
    },
    {
        "chapter": 73,
        "verse": 12,
        "juz": 29,
        "hizb": 229,
        "manzil": 7,
        "ruku": 508,
        "word_number_in_verse": 2,
        "language_code": "bn",
        "text": "আমাদের কাছে আছে",
        "root_word": "لَدَيۡنَآ",
        "global_word_sequence_number": 74145,
        "global_verse_sequence_number": 5487
    },
    {
        "chapter": 73,
        "verse": 12,
        "juz": 29,
        "hizb": 229,
        "manzil": 7,
        "ruku": 508,
        "word_number_in_verse": 3,
        "language_code": "bn",
        "text": "শৃংখল",
        "root_word": "أَنكَالٗا",
        "global_word_sequence_number": 74146,
        "global_verse_sequence_number": 5487
    },
    {
        "chapter": 73,
        "verse": 12,
        "juz": 29,
        "hizb": 229,
        "manzil": 7,
        "ruku": 508,
        "word_number_in_verse": 4,
        "language_code": "bn",
        "text": "এবং প্রজ্বলিত আগুন",
        "root_word": "وَجَحِيمٗا",
        "global_word_sequence_number": 74147,
        "global_verse_sequence_number": 5487
    },
    {
        "chapter": 73,
        "verse": 13,
        "juz": 29,
        "hizb": 229,
        "manzil": 7,
        "ruku": 508,
        "word_number_in_verse": 1,
        "language_code": "bn",
        "text": "এবং খাদ্য",
        "root_word": "وَطَعَامٗا",
        "global_word_sequence_number": 74148,
        "global_verse_sequence_number": 5488
    },
    {
        "chapter": 73,
        "verse": 13,
        "juz": 29,
        "hizb": 229,
        "manzil": 7,
        "ruku": 508,
        "word_number_in_verse": 2,
        "language_code": "bn",
        "text": "যাওয়া",
        "root_word": "ذَا",
        "global_word_sequence_number": 74149,
        "global_verse_sequence_number": 5488
    },
    {
        "chapter": 73,
        "verse": 13,
        "juz": 29,
        "hizb": 229,
        "manzil": 7,
        "ruku": 508,
        "word_number_in_verse": 3,
        "language_code": "bn",
        "text": "আটকে (গলায়ে)",
        "root_word": "غُصَّةٖ",
        "global_word_sequence_number": 74150,
        "global_verse_sequence_number": 5488
    },
    {
        "chapter": 73,
        "verse": 13,
        "juz": 29,
        "hizb": 229,
        "manzil": 7,
        "ruku": 508,
        "word_number_in_verse": 4,
        "language_code": "bn",
        "text": "ও আযাব",
        "root_word": "وَعَذَابًا",
        "global_word_sequence_number": 74151,
        "global_verse_sequence_number": 5488
    },
    {
        "chapter": 73,
        "verse": 13,
        "juz": 29,
        "hizb": 229,
        "manzil": 7,
        "ruku": 508,
        "word_number_in_verse": 5,
        "language_code": "bn",
        "text": "কষ্টকর",
        "root_word": "أَلِيمٗا",
        "global_word_sequence_number": 74152,
        "global_verse_sequence_number": 5488
    },
    {
        "chapter": 73,
        "verse": 14,
        "juz": 29,
        "hizb": 229,
        "manzil": 7,
        "ruku": 508,
        "word_number_in_verse": 1,
        "language_code": "bn",
        "text": "সেদিন",
        "root_word": "يَوۡمَ",
        "global_word_sequence_number": 74153,
        "global_verse_sequence_number": 5489
    },
    {
        "chapter": 73,
        "verse": 14,
        "juz": 29,
        "hizb": 229,
        "manzil": 7,
        "ruku": 508,
        "word_number_in_verse": 2,
        "language_code": "bn",
        "text": "কাঁপবে",
        "root_word": "تَرۡجُفُ",
        "global_word_sequence_number": 74154,
        "global_verse_sequence_number": 5489
    },
    {
        "chapter": 73,
        "verse": 14,
        "juz": 29,
        "hizb": 229,
        "manzil": 7,
        "ruku": 508,
        "word_number_in_verse": 3,
        "language_code": "bn",
        "text": "জমিন",
        "root_word": "الۡأَرۡضُ",
        "global_word_sequence_number": 74155,
        "global_verse_sequence_number": 5489
    },
    {
        "chapter": 73,
        "verse": 14,
        "juz": 29,
        "hizb": 229,
        "manzil": 7,
        "ruku": 508,
        "word_number_in_verse": 4,
        "language_code": "bn",
        "text": "ও পাহাড়সমূহ",
        "root_word": "وَالۡجِبَالُ",
        "global_word_sequence_number": 74156,
        "global_verse_sequence_number": 5489
    },
    {
        "chapter": 73,
        "verse": 14,
        "juz": 29,
        "hizb": 229,
        "manzil": 7,
        "ruku": 508,
        "word_number_in_verse": 5,
        "language_code": "bn",
        "text": "এবং হবে",
        "root_word": "وَكَانَتِ",
        "global_word_sequence_number": 74157,
        "global_verse_sequence_number": 5489
    },
    {
        "chapter": 73,
        "verse": 14,
        "juz": 29,
        "hizb": 229,
        "manzil": 7,
        "ruku": 508,
        "word_number_in_verse": 6,
        "language_code": "bn",
        "text": "পাহাড়গুলো",
        "root_word": "الۡجِبَالُ",
        "global_word_sequence_number": 74158,
        "global_verse_sequence_number": 5489
    },
    {
        "chapter": 73,
        "verse": 14,
        "juz": 29,
        "hizb": 229,
        "manzil": 7,
        "ruku": 508,
        "word_number_in_verse": 7,
        "language_code": "bn",
        "text": "ধুলার স্তূপ",
        "root_word": "كَثِيبٗا",
        "global_word_sequence_number": 74159,
        "global_verse_sequence_number": 5489
    },
    {
        "chapter": 73,
        "verse": 14,
        "juz": 29,
        "hizb": 229,
        "manzil": 7,
        "ruku": 508,
        "word_number_in_verse": 8,
        "language_code": "bn",
        "text": "বিক্ষিপ্ত হয়ে পড়া",
        "root_word": "مَّهِيلًا",
        "global_word_sequence_number": 74160,
        "global_verse_sequence_number": 5489
    },
    {
        "chapter": 73,
        "verse": 15,
        "juz": 29,
        "hizb": 229,
        "manzil": 7,
        "ruku": 508,
        "word_number_in_verse": 1,
        "language_code": "bn",
        "text": "আমরা নিশ্চয়",
        "root_word": "إِنَّآ",
        "global_word_sequence_number": 74161,
        "global_verse_sequence_number": 5490
    },
    {
        "chapter": 73,
        "verse": 15,
        "juz": 29,
        "hizb": 229,
        "manzil": 7,
        "ruku": 508,
        "word_number_in_verse": 2,
        "language_code": "bn",
        "text": "আমরা পাঠিয়েছি",
        "root_word": "أَرۡسَلۡنَآ",
        "global_word_sequence_number": 74162,
        "global_verse_sequence_number": 5490
    },
    {
        "chapter": 73,
        "verse": 15,
        "juz": 29,
        "hizb": 229,
        "manzil": 7,
        "ruku": 508,
        "word_number_in_verse": 3,
        "language_code": "bn",
        "text": "তোমাদের প্রতি",
        "root_word": "إِلَيۡكُمۡ",
        "global_word_sequence_number": 74163,
        "global_verse_sequence_number": 5490
    },
    {
        "chapter": 73,
        "verse": 15,
        "juz": 29,
        "hizb": 229,
        "manzil": 7,
        "ruku": 508,
        "word_number_in_verse": 4,
        "language_code": "bn",
        "text": "একজন রসূলকে",
        "root_word": "رَسُولٗا",
        "global_word_sequence_number": 74164,
        "global_verse_sequence_number": 5490
    },
    {
        "chapter": 73,
        "verse": 15,
        "juz": 29,
        "hizb": 229,
        "manzil": 7,
        "ruku": 508,
        "word_number_in_verse": 5,
        "language_code": "bn",
        "text": "সাক্ষ্য দাতা রূপে",
        "root_word": "شَٰهِدًا",
        "global_word_sequence_number": 74165,
        "global_verse_sequence_number": 5490
    },
    {
        "chapter": 73,
        "verse": 15,
        "juz": 29,
        "hizb": 229,
        "manzil": 7,
        "ruku": 508,
        "word_number_in_verse": 6,
        "language_code": "bn",
        "text": "তোমাদের উপর",
        "root_word": "عَلَيۡكُمۡ",
        "global_word_sequence_number": 74166,
        "global_verse_sequence_number": 5490
    },
    {
        "chapter": 73,
        "verse": 15,
        "juz": 29,
        "hizb": 229,
        "manzil": 7,
        "ruku": 508,
        "word_number_in_verse": 7,
        "language_code": "bn",
        "text": "যেমন",
        "root_word": "كَمَآ",
        "global_word_sequence_number": 74167,
        "global_verse_sequence_number": 5490
    },
    {
        "chapter": 73,
        "verse": 15,
        "juz": 29,
        "hizb": 229,
        "manzil": 7,
        "ruku": 508,
        "word_number_in_verse": 8,
        "language_code": "bn",
        "text": "আমরা পাঠিয়েছি",
        "root_word": "أَرۡسَلۡنَآ",
        "global_word_sequence_number": 74168,
        "global_verse_sequence_number": 5490
    },
    {
        "chapter": 73,
        "verse": 15,
        "juz": 29,
        "hizb": 229,
        "manzil": 7,
        "ruku": 508,
        "word_number_in_verse": 9,
        "language_code": "bn",
        "text": "প্রতি",
        "root_word": "إِلَىٰ",
        "global_word_sequence_number": 74169,
        "global_verse_sequence_number": 5490
    },
    {
        "chapter": 73,
        "verse": 15,
        "juz": 29,
        "hizb": 229,
        "manzil": 7,
        "ruku": 508,
        "word_number_in_verse": 10,
        "language_code": "bn",
        "text": "ফিরাআউনের",
        "root_word": "فِرۡعَوۡنَ",
        "global_word_sequence_number": 74170,
        "global_verse_sequence_number": 5490
    },
    {
        "chapter": 73,
        "verse": 15,
        "juz": 29,
        "hizb": 229,
        "manzil": 7,
        "ruku": 508,
        "word_number_in_verse": 11,
        "language_code": "bn",
        "text": "একজন রসূল",
        "root_word": "رَسُولٗا",
        "global_word_sequence_number": 74171,
        "global_verse_sequence_number": 5490
    },
    {
        "chapter": 73,
        "verse": 16,
        "juz": 29,
        "hizb": 229,
        "manzil": 7,
        "ruku": 508,
        "word_number_in_verse": 1,
        "language_code": "bn",
        "text": "অমান্য করল অতঃপর",
        "root_word": "فَعَصَىٰ",
        "global_word_sequence_number": 74172,
        "global_verse_sequence_number": 5491
    },
    {
        "chapter": 73,
        "verse": 16,
        "juz": 29,
        "hizb": 229,
        "manzil": 7,
        "ruku": 508,
        "word_number_in_verse": 2,
        "language_code": "bn",
        "text": "ফিরাআউন",
        "root_word": "فِرۡعَوۡنُ",
        "global_word_sequence_number": 74173,
        "global_verse_sequence_number": 5491
    },
    {
        "chapter": 73,
        "verse": 16,
        "juz": 29,
        "hizb": 229,
        "manzil": 7,
        "ruku": 508,
        "word_number_in_verse": 3,
        "language_code": "bn",
        "text": "রসূলকে",
        "root_word": "الرَّسُولَ",
        "global_word_sequence_number": 74174,
        "global_verse_sequence_number": 5491
    },
    {
        "chapter": 73,
        "verse": 16,
        "juz": 29,
        "hizb": 229,
        "manzil": 7,
        "ruku": 508,
        "word_number_in_verse": 4,
        "language_code": "bn",
        "text": "তাকে আমরা ধরেছি অতএব",
        "root_word": "فَأَخَذۡنَٰهُ",
        "global_word_sequence_number": 74175,
        "global_verse_sequence_number": 5491
    },
    {
        "chapter": 73,
        "verse": 16,
        "juz": 29,
        "hizb": 229,
        "manzil": 7,
        "ruku": 508,
        "word_number_in_verse": 5,
        "language_code": "bn",
        "text": "ধরা",
        "root_word": "أَخۡذٗا",
        "global_word_sequence_number": 74176,
        "global_verse_sequence_number": 5491
    },
    {
        "chapter": 73,
        "verse": 16,
        "juz": 29,
        "hizb": 229,
        "manzil": 7,
        "ruku": 508,
        "word_number_in_verse": 6,
        "language_code": "bn",
        "text": "শক্ত",
        "root_word": "وَبِيلٗا",
        "global_word_sequence_number": 74177,
        "global_verse_sequence_number": 5491
    },
    {
        "chapter": 73,
        "verse": 17,
        "juz": 29,
        "hizb": 229,
        "manzil": 7,
        "ruku": 508,
        "word_number_in_verse": 1,
        "language_code": "bn",
        "text": "কেমনে তখন",
        "root_word": "فَكَيۡفَ",
        "global_word_sequence_number": 74178,
        "global_verse_sequence_number": 5492
    },
    {
        "chapter": 73,
        "verse": 17,
        "juz": 29,
        "hizb": 229,
        "manzil": 7,
        "ruku": 508,
        "word_number_in_verse": 2,
        "language_code": "bn",
        "text": "তোমরা রক্ষা পাবে",
        "root_word": "تَتَّقُونَ",
        "global_word_sequence_number": 74179,
        "global_verse_sequence_number": 5492
    },
    {
        "chapter": 73,
        "verse": 17,
        "juz": 29,
        "hizb": 229,
        "manzil": 7,
        "ruku": 508,
        "word_number_in_verse": 3,
        "language_code": "bn",
        "text": "যদি",
        "root_word": "إِن",
        "global_word_sequence_number": 74180,
        "global_verse_sequence_number": 5492
    },
    {
        "chapter": 73,
        "verse": 17,
        "juz": 29,
        "hizb": 229,
        "manzil": 7,
        "ruku": 508,
        "word_number_in_verse": 4,
        "language_code": "bn",
        "text": "তোমরা কুফরি করো",
        "root_word": "كَفَرۡتُمۡ",
        "global_word_sequence_number": 74181,
        "global_verse_sequence_number": 5492
    },
    {
        "chapter": 73,
        "verse": 17,
        "juz": 29,
        "hizb": 229,
        "manzil": 7,
        "ruku": 508,
        "word_number_in_verse": 5,
        "language_code": "bn",
        "text": "সেদিন",
        "root_word": "يَوۡمٗا",
        "global_word_sequence_number": 74182,
        "global_verse_sequence_number": 5492
    },
    {
        "chapter": 73,
        "verse": 17,
        "juz": 29,
        "hizb": 229,
        "manzil": 7,
        "ruku": 508,
        "word_number_in_verse": 6,
        "language_code": "bn",
        "text": "বানিয়ে দিবে",
        "root_word": "يَجۡعَلُ",
        "global_word_sequence_number": 74183,
        "global_verse_sequence_number": 5492
    },
    {
        "chapter": 73,
        "verse": 17,
        "juz": 29,
        "hizb": 229,
        "manzil": 7,
        "ruku": 508,
        "word_number_in_verse": 7,
        "language_code": "bn",
        "text": "বালকদেরকে",
        "root_word": "الۡوِلۡدَٰنَ",
        "global_word_sequence_number": 74184,
        "global_verse_sequence_number": 5492
    },
    {
        "chapter": 73,
        "verse": 17,
        "juz": 29,
        "hizb": 229,
        "manzil": 7,
        "ruku": 508,
        "word_number_in_verse": 8,
        "language_code": "bn",
        "text": "বৃদ্ধ",
        "root_word": "شِيبًا",
        "global_word_sequence_number": 74185,
        "global_verse_sequence_number": 5492
    },
    {
        "chapter": 73,
        "verse": 18,
        "juz": 29,
        "hizb": 229,
        "manzil": 7,
        "ruku": 508,
        "word_number_in_verse": 1,
        "language_code": "bn",
        "text": "আসমান",
        "root_word": "السَّمَآءُ",
        "global_word_sequence_number": 74186,
        "global_verse_sequence_number": 5493
    },
    {
        "chapter": 73,
        "verse": 18,
        "juz": 29,
        "hizb": 229,
        "manzil": 7,
        "ruku": 508,
        "word_number_in_verse": 2,
        "language_code": "bn",
        "text": "বিদীর্ণ হবে",
        "root_word": "مُنفَطِرُۢ",
        "global_word_sequence_number": 74187,
        "global_verse_sequence_number": 5493
    },
    {
        "chapter": 73,
        "verse": 18,
        "juz": 29,
        "hizb": 229,
        "manzil": 7,
        "ruku": 508,
        "word_number_in_verse": 3,
        "language_code": "bn",
        "text": "এর সাথে",
        "root_word": "بِهِۦۚ",
        "global_word_sequence_number": 74188,
        "global_verse_sequence_number": 5493
    },
    {
        "chapter": 73,
        "verse": 18,
        "juz": 29,
        "hizb": 229,
        "manzil": 7,
        "ruku": 508,
        "word_number_in_verse": 4,
        "language_code": "bn",
        "text": "হবে",
        "root_word": "كَانَ",
        "global_word_sequence_number": 74189,
        "global_verse_sequence_number": 5493
    },
    {
        "chapter": 73,
        "verse": 18,
        "juz": 29,
        "hizb": 229,
        "manzil": 7,
        "ruku": 508,
        "word_number_in_verse": 5,
        "language_code": "bn",
        "text": "তার ওয়াদা",
        "root_word": "وَعۡدُهُۥ",
        "global_word_sequence_number": 74190,
        "global_verse_sequence_number": 5493
    },
    {
        "chapter": 73,
        "verse": 18,
        "juz": 29,
        "hizb": 229,
        "manzil": 7,
        "ruku": 508,
        "word_number_in_verse": 6,
        "language_code": "bn",
        "text": "বাস্তবায়িত",
        "root_word": "مَفۡعُولًا",
        "global_word_sequence_number": 74191,
        "global_verse_sequence_number": 5493
    },
    {
        "chapter": 73,
        "verse": 19,
        "juz": 29,
        "hizb": 229,
        "manzil": 7,
        "ruku": 508,
        "word_number_in_verse": 1,
        "language_code": "bn",
        "text": "নিশ্চয়",
        "root_word": "إِنَّ",
        "global_word_sequence_number": 74192,
        "global_verse_sequence_number": 5494
    },
    {
        "chapter": 73,
        "verse": 19,
        "juz": 29,
        "hizb": 229,
        "manzil": 7,
        "ruku": 508,
        "word_number_in_verse": 2,
        "language_code": "bn",
        "text": "এটা",
        "root_word": "هَٰذِهِۦ",
        "global_word_sequence_number": 74193,
        "global_verse_sequence_number": 5494
    },
    {
        "chapter": 73,
        "verse": 19,
        "juz": 29,
        "hizb": 229,
        "manzil": 7,
        "ruku": 508,
        "word_number_in_verse": 3,
        "language_code": "bn",
        "text": "উপদেশ",
        "root_word": "تَذۡكِرَةٞۖ",
        "global_word_sequence_number": 74194,
        "global_verse_sequence_number": 5494
    },
    {
        "chapter": 73,
        "verse": 19,
        "juz": 29,
        "hizb": 229,
        "manzil": 7,
        "ruku": 508,
        "word_number_in_verse": 4,
        "language_code": "bn",
        "text": "সে অতএব",
        "root_word": "فَمَن",
        "global_word_sequence_number": 74195,
        "global_verse_sequence_number": 5494
    },
    {
        "chapter": 73,
        "verse": 19,
        "juz": 29,
        "hizb": 229,
        "manzil": 7,
        "ruku": 508,
        "word_number_in_verse": 5,
        "language_code": "bn",
        "text": "ইচ্ছা করে",
        "root_word": "شَآءَ",
        "global_word_sequence_number": 74196,
        "global_verse_sequence_number": 5494
    },
    {
        "chapter": 73,
        "verse": 19,
        "juz": 29,
        "hizb": 229,
        "manzil": 7,
        "ruku": 508,
        "word_number_in_verse": 6,
        "language_code": "bn",
        "text": "ধরবে",
        "root_word": "اتَّخَذَ",
        "global_word_sequence_number": 74197,
        "global_verse_sequence_number": 5494
    },
    {
        "chapter": 73,
        "verse": 19,
        "juz": 29,
        "hizb": 229,
        "manzil": 7,
        "ruku": 508,
        "word_number_in_verse": 7,
        "language_code": "bn",
        "text": "দিকে",
        "root_word": "إِلَىٰ",
        "global_word_sequence_number": 74198,
        "global_verse_sequence_number": 5494
    },
    {
        "chapter": 73,
        "verse": 19,
        "juz": 29,
        "hizb": 229,
        "manzil": 7,
        "ruku": 508,
        "word_number_in_verse": 8,
        "language_code": "bn",
        "text": "তার রবের",
        "root_word": "رَبِّهِۦ",
        "global_word_sequence_number": 74199,
        "global_verse_sequence_number": 5494
    },
    {
        "chapter": 73,
        "verse": 19,
        "juz": 29,
        "hizb": 229,
        "manzil": 7,
        "ruku": 508,
        "word_number_in_verse": 9,
        "language_code": "bn",
        "text": "পথ",
        "root_word": "سَبِيلًا",
        "global_word_sequence_number": 74200,
        "global_verse_sequence_number": 5494
    },
    {
        "chapter": 73,
        "verse": 20,
        "juz": 29,
        "hizb": 230,
        "manzil": 7,
        "ruku": 509,
        "word_number_in_verse": 1,
        "language_code": "bn",
        "text": "নিশ্চয়",
        "root_word": "۞إِنَّ",
        "global_word_sequence_number": 74201,
        "global_verse_sequence_number": 5495
    },
    {
        "chapter": 73,
        "verse": 20,
        "juz": 29,
        "hizb": 230,
        "manzil": 7,
        "ruku": 509,
        "word_number_in_verse": 2,
        "language_code": "bn",
        "text": "তোমার রব",
        "root_word": "رَبَّكَ",
        "global_word_sequence_number": 74202,
        "global_verse_sequence_number": 5495
    },
    {
        "chapter": 73,
        "verse": 20,
        "juz": 29,
        "hizb": 230,
        "manzil": 7,
        "ruku": 509,
        "word_number_in_verse": 3,
        "language_code": "bn",
        "text": "জানেন",
        "root_word": "يَعۡلَمُ",
        "global_word_sequence_number": 74203,
        "global_verse_sequence_number": 5495
    },
    {
        "chapter": 73,
        "verse": 20,
        "juz": 29,
        "hizb": 230,
        "manzil": 7,
        "ruku": 509,
        "word_number_in_verse": 4,
        "language_code": "bn",
        "text": "তুমি যে",
        "root_word": "أَنَّكَ",
        "global_word_sequence_number": 74204,
        "global_verse_sequence_number": 5495
    },
    {
        "chapter": 73,
        "verse": 20,
        "juz": 29,
        "hizb": 230,
        "manzil": 7,
        "ruku": 509,
        "word_number_in_verse": 5,
        "language_code": "bn",
        "text": "(ইবাদতে) দাঁড়াও",
        "root_word": "تَقُومُ",
        "global_word_sequence_number": 74205,
        "global_verse_sequence_number": 5495
    },
    {
        "chapter": 73,
        "verse": 20,
        "juz": 29,
        "hizb": 230,
        "manzil": 7,
        "ruku": 509,
        "word_number_in_verse": 6,
        "language_code": "bn",
        "text": "প্রায়",
        "root_word": "أَدۡنَىٰ",
        "global_word_sequence_number": 74206,
        "global_verse_sequence_number": 5495
    },
    {
        "chapter": 73,
        "verse": 20,
        "juz": 29,
        "hizb": 230,
        "manzil": 7,
        "ruku": 509,
        "word_number_in_verse": 7,
        "language_code": "bn",
        "text": "মধ্য হতে",
        "root_word": "مِن",
        "global_word_sequence_number": 74207,
        "global_verse_sequence_number": 5495
    },
    {
        "chapter": 73,
        "verse": 20,
        "juz": 29,
        "hizb": 230,
        "manzil": 7,
        "ruku": 509,
        "word_number_in_verse": 8,
        "language_code": "bn",
        "text": "দুই তৃিতীয়াংশ",
        "root_word": "ثُلُثَيِ",
        "global_word_sequence_number": 74208,
        "global_verse_sequence_number": 5495
    },
    {
        "chapter": 73,
        "verse": 20,
        "juz": 29,
        "hizb": 230,
        "manzil": 7,
        "ruku": 509,
        "word_number_in_verse": 9,
        "language_code": "bn",
        "text": "রাতের",
        "root_word": "الَّيۡلِ",
        "global_word_sequence_number": 74209,
        "global_verse_sequence_number": 5495
    },
    {
        "chapter": 73,
        "verse": 20,
        "juz": 29,
        "hizb": 230,
        "manzil": 7,
        "ruku": 509,
        "word_number_in_verse": 10,
        "language_code": "bn",
        "text": "এবং তার অর্ধেক",
        "root_word": "وَنِصۡفَهُۥ",
        "global_word_sequence_number": 74210,
        "global_verse_sequence_number": 5495
    },
    {
        "chapter": 73,
        "verse": 20,
        "juz": 29,
        "hizb": 230,
        "manzil": 7,
        "ruku": 509,
        "word_number_in_verse": 11,
        "language_code": "bn",
        "text": "এবং এক তৃিতীয়াংশ",
        "root_word": "وَثُلُثَهُۥ",
        "global_word_sequence_number": 74211,
        "global_verse_sequence_number": 5495
    },
    {
        "chapter": 73,
        "verse": 20,
        "juz": 29,
        "hizb": 230,
        "manzil": 7,
        "ruku": 509,
        "word_number_in_verse": 12,
        "language_code": "bn",
        "text": "এবং একদল",
        "root_word": "وَطَآئِفَةٞ",
        "global_word_sequence_number": 74212,
        "global_verse_sequence_number": 5495
    },
    {
        "chapter": 73,
        "verse": 20,
        "juz": 29,
        "hizb": 230,
        "manzil": 7,
        "ruku": 509,
        "word_number_in_verse": 13,
        "language_code": "bn",
        "text": "থেকে",
        "root_word": "مِّنَ",
        "global_word_sequence_number": 74213,
        "global_verse_sequence_number": 5495
    },
    {
        "chapter": 73,
        "verse": 20,
        "juz": 29,
        "hizb": 230,
        "manzil": 7,
        "ruku": 509,
        "word_number_in_verse": 14,
        "language_code": "bn",
        "text": "যারা (তাদের)",
        "root_word": "الَّذِينَ",
        "global_word_sequence_number": 74214,
        "global_verse_sequence_number": 5495
    },
    {
        "chapter": 73,
        "verse": 20,
        "juz": 29,
        "hizb": 230,
        "manzil": 7,
        "ruku": 509,
        "word_number_in_verse": 15,
        "language_code": "bn",
        "text": "তোমার সাথে",
        "root_word": "مَعَكَۚ",
        "global_word_sequence_number": 74215,
        "global_verse_sequence_number": 5495
    },
    {
        "chapter": 73,
        "verse": 20,
        "juz": 29,
        "hizb": 230,
        "manzil": 7,
        "ruku": 509,
        "word_number_in_verse": 16,
        "language_code": "bn",
        "text": "এবং আল্লাহই",
        "root_word": "وَاللَّهُ",
        "global_word_sequence_number": 74216,
        "global_verse_sequence_number": 5495
    },
    {
        "chapter": 73,
        "verse": 20,
        "juz": 29,
        "hizb": 230,
        "manzil": 7,
        "ruku": 509,
        "word_number_in_verse": 17,
        "language_code": "bn",
        "text": "নির্ধারণ করেন",
        "root_word": "يُقَدِّرُ",
        "global_word_sequence_number": 74217,
        "global_verse_sequence_number": 5495
    },
    {
        "chapter": 73,
        "verse": 20,
        "juz": 29,
        "hizb": 230,
        "manzil": 7,
        "ruku": 509,
        "word_number_in_verse": 18,
        "language_code": "bn",
        "text": "রাত কে",
        "root_word": "الَّيۡلَ",
        "global_word_sequence_number": 74218,
        "global_verse_sequence_number": 5495
    },
    {
        "chapter": 73,
        "verse": 20,
        "juz": 29,
        "hizb": 230,
        "manzil": 7,
        "ruku": 509,
        "word_number_in_verse": 19,
        "language_code": "bn",
        "text": "ও দিনকে",
        "root_word": "وَالنَّهَارَۚ",
        "global_word_sequence_number": 74219,
        "global_verse_sequence_number": 5495
    },
    {
        "chapter": 73,
        "verse": 20,
        "juz": 29,
        "hizb": 230,
        "manzil": 7,
        "ruku": 509,
        "word_number_in_verse": 20,
        "language_code": "bn",
        "text": "তিনি জেনেছেন",
        "root_word": "عَلِمَ",
        "global_word_sequence_number": 74220,
        "global_verse_sequence_number": 5495
    },
    {
        "chapter": 73,
        "verse": 20,
        "juz": 29,
        "hizb": 230,
        "manzil": 7,
        "ruku": 509,
        "word_number_in_verse": 21,
        "language_code": "bn",
        "text": "যে",
        "root_word": "أَن",
        "global_word_sequence_number": 74221,
        "global_verse_sequence_number": 5495
    },
    {
        "chapter": 73,
        "verse": 20,
        "juz": 29,
        "hizb": 230,
        "manzil": 7,
        "ruku": 509,
        "word_number_in_verse": 22,
        "language_code": "bn",
        "text": "পারবে না",
        "root_word": "لَّن",
        "global_word_sequence_number": 74222,
        "global_verse_sequence_number": 5495
    },
    {
        "chapter": 73,
        "verse": 20,
        "juz": 29,
        "hizb": 230,
        "manzil": 7,
        "ruku": 509,
        "word_number_in_verse": 23,
        "language_code": "bn",
        "text": "তা হিসাব রাখতে",
        "root_word": "تُحۡصُوهُ",
        "global_word_sequence_number": 74223,
        "global_verse_sequence_number": 5495
    },
    {
        "chapter": 73,
        "verse": 20,
        "juz": 29,
        "hizb": 230,
        "manzil": 7,
        "ruku": 509,
        "word_number_in_verse": 24,
        "language_code": "bn",
        "text": "তিনি মাফ অতএব করলেন",
        "root_word": "فَتَابَ",
        "global_word_sequence_number": 74224,
        "global_verse_sequence_number": 5495
    },
    {
        "chapter": 73,
        "verse": 20,
        "juz": 29,
        "hizb": 230,
        "manzil": 7,
        "ruku": 509,
        "word_number_in_verse": 25,
        "language_code": "bn",
        "text": "তোমাদেরকে",
        "root_word": "عَلَيۡكُمۡۖ",
        "global_word_sequence_number": 74225,
        "global_verse_sequence_number": 5495
    },
    {
        "chapter": 73,
        "verse": 20,
        "juz": 29,
        "hizb": 230,
        "manzil": 7,
        "ruku": 509,
        "word_number_in_verse": 26,
        "language_code": "bn",
        "text": "তোমরা পর অতএব",
        "root_word": "فَاقۡرَءُواْ",
        "global_word_sequence_number": 74226,
        "global_verse_sequence_number": 5495
    },
    {
        "chapter": 73,
        "verse": 20,
        "juz": 29,
        "hizb": 230,
        "manzil": 7,
        "ruku": 509,
        "word_number_in_verse": 27,
        "language_code": "bn",
        "text": "যা",
        "root_word": "مَا",
        "global_word_sequence_number": 74227,
        "global_verse_sequence_number": 5495
    },
    {
        "chapter": 73,
        "verse": 20,
        "juz": 29,
        "hizb": 230,
        "manzil": 7,
        "ruku": 509,
        "word_number_in_verse": 28,
        "language_code": "bn",
        "text": "সহজসাধ্য হয়",
        "root_word": "تَيَسَّرَ",
        "global_word_sequence_number": 74228,
        "global_verse_sequence_number": 5495
    },
    {
        "chapter": 73,
        "verse": 20,
        "juz": 29,
        "hizb": 230,
        "manzil": 7,
        "ruku": 509,
        "word_number_in_verse": 29,
        "language_code": "bn",
        "text": "থেকে",
        "root_word": "مِنَ",
        "global_word_sequence_number": 74229,
        "global_verse_sequence_number": 5495
    },
    {
        "chapter": 73,
        "verse": 20,
        "juz": 29,
        "hizb": 230,
        "manzil": 7,
        "ruku": 509,
        "word_number_in_verse": 30,
        "language_code": "bn",
        "text": "কুরআন",
        "root_word": "الۡقُرۡءَانِۚ",
        "global_word_sequence_number": 74230,
        "global_verse_sequence_number": 5495
    },
    {
        "chapter": 73,
        "verse": 20,
        "juz": 29,
        "hizb": 230,
        "manzil": 7,
        "ruku": 509,
        "word_number_in_verse": 31,
        "language_code": "bn",
        "text": "তিনি জেনেছেন",
        "root_word": "عَلِمَ",
        "global_word_sequence_number": 74231,
        "global_verse_sequence_number": 5495
    },
    {
        "chapter": 73,
        "verse": 20,
        "juz": 29,
        "hizb": 230,
        "manzil": 7,
        "ruku": 509,
        "word_number_in_verse": 32,
        "language_code": "bn",
        "text": "যে",
        "root_word": "أَن",
        "global_word_sequence_number": 74232,
        "global_verse_sequence_number": 5495
    },
    {
        "chapter": 73,
        "verse": 20,
        "juz": 29,
        "hizb": 230,
        "manzil": 7,
        "ruku": 509,
        "word_number_in_verse": 33,
        "language_code": "bn",
        "text": "হবে",
        "root_word": "سَيَكُونُ",
        "global_word_sequence_number": 74233,
        "global_verse_sequence_number": 5495
    },
    {
        "chapter": 73,
        "verse": 20,
        "juz": 29,
        "hizb": 230,
        "manzil": 7,
        "ruku": 509,
        "word_number_in_verse": 34,
        "language_code": "bn",
        "text": "তোমাদের মধ্যে (বিতর্ক)",
        "root_word": "مِنكُم",
        "global_word_sequence_number": 74234,
        "global_verse_sequence_number": 5495
    },
    {
        "chapter": 73,
        "verse": 20,
        "juz": 29,
        "hizb": 230,
        "manzil": 7,
        "ruku": 509,
        "word_number_in_verse": 35,
        "language_code": "bn",
        "text": "রোগী",
        "root_word": "مَّرۡضَىٰ",
        "global_word_sequence_number": 74235,
        "global_verse_sequence_number": 5495
    },
    {
        "chapter": 73,
        "verse": 20,
        "juz": 29,
        "hizb": 230,
        "manzil": 7,
        "ruku": 509,
        "word_number_in_verse": 36,
        "language_code": "bn",
        "text": "এবং অন্য অনেকে",
        "root_word": "وَءَاخَرُونَ",
        "global_word_sequence_number": 74236,
        "global_verse_sequence_number": 5495
    },
    {
        "chapter": 73,
        "verse": 20,
        "juz": 29,
        "hizb": 230,
        "manzil": 7,
        "ruku": 509,
        "word_number_in_verse": 37,
        "language_code": "bn",
        "text": "ভ্রমণ করবে",
        "root_word": "يَضۡرِبُونَ",
        "global_word_sequence_number": 74237,
        "global_verse_sequence_number": 5495
    },
    {
        "chapter": 73,
        "verse": 20,
        "juz": 29,
        "hizb": 230,
        "manzil": 7,
        "ruku": 509,
        "word_number_in_verse": 38,
        "language_code": "bn",
        "text": "মধ্যে",
        "root_word": "فِي",
        "global_word_sequence_number": 74238,
        "global_verse_sequence_number": 5495
    },
    {
        "chapter": 73,
        "verse": 20,
        "juz": 29,
        "hizb": 230,
        "manzil": 7,
        "ruku": 509,
        "word_number_in_verse": 39,
        "language_code": "bn",
        "text": "পৃথিবীর",
        "root_word": "الۡأَرۡضِ",
        "global_word_sequence_number": 74239,
        "global_verse_sequence_number": 5495
    },
    {
        "chapter": 73,
        "verse": 20,
        "juz": 29,
        "hizb": 230,
        "manzil": 7,
        "ruku": 509,
        "word_number_in_verse": 40,
        "language_code": "bn",
        "text": "অনুসন্ধান করবে",
        "root_word": "يَبۡتَغُونَ",
        "global_word_sequence_number": 74240,
        "global_verse_sequence_number": 5495
    },
    {
        "chapter": 73,
        "verse": 20,
        "juz": 29,
        "hizb": 230,
        "manzil": 7,
        "ruku": 509,
        "word_number_in_verse": 41,
        "language_code": "bn",
        "text": "থেকে",
        "root_word": "مِن",
        "global_word_sequence_number": 74241,
        "global_verse_sequence_number": 5495
    },
    {
        "chapter": 73,
        "verse": 20,
        "juz": 29,
        "hizb": 230,
        "manzil": 7,
        "ruku": 509,
        "word_number_in_verse": 42,
        "language_code": "bn",
        "text": "অনুগ্র্রহ",
        "root_word": "فَضۡلِ",
        "global_word_sequence_number": 74242,
        "global_verse_sequence_number": 5495
    },
    {
        "chapter": 73,
        "verse": 20,
        "juz": 29,
        "hizb": 230,
        "manzil": 7,
        "ruku": 509,
        "word_number_in_verse": 43,
        "language_code": "bn",
        "text": "আল্লাহ্‌র",
        "root_word": "اللَّهِ",
        "global_word_sequence_number": 74243,
        "global_verse_sequence_number": 5495
    },
    {
        "chapter": 73,
        "verse": 20,
        "juz": 29,
        "hizb": 230,
        "manzil": 7,
        "ruku": 509,
        "word_number_in_verse": 44,
        "language_code": "bn",
        "text": "এবং অন্য অনেকে",
        "root_word": "وَءَاخَرُونَ",
        "global_word_sequence_number": 74244,
        "global_verse_sequence_number": 5495
    },
    {
        "chapter": 73,
        "verse": 20,
        "juz": 29,
        "hizb": 230,
        "manzil": 7,
        "ruku": 509,
        "word_number_in_verse": 45,
        "language_code": "bn",
        "text": "যুদ্ধ করবে",
        "root_word": "يُقَٰتِلُونَ",
        "global_word_sequence_number": 74245,
        "global_verse_sequence_number": 5495
    },
    {
        "chapter": 73,
        "verse": 20,
        "juz": 29,
        "hizb": 230,
        "manzil": 7,
        "ruku": 509,
        "word_number_in_verse": 46,
        "language_code": "bn",
        "text": "মধ্যে",
        "root_word": "فِي",
        "global_word_sequence_number": 74246,
        "global_verse_sequence_number": 5495
    },
    {
        "chapter": 73,
        "verse": 20,
        "juz": 29,
        "hizb": 230,
        "manzil": 7,
        "ruku": 509,
        "word_number_in_verse": 47,
        "language_code": "bn",
        "text": "পথে",
        "root_word": "سَبِيلِ",
        "global_word_sequence_number": 74247,
        "global_verse_sequence_number": 5495
    },
    {
        "chapter": 73,
        "verse": 20,
        "juz": 29,
        "hizb": 230,
        "manzil": 7,
        "ruku": 509,
        "word_number_in_verse": 48,
        "language_code": "bn",
        "text": "আল্লাহ্‌‌র",
        "root_word": "اللَّهِۖ",
        "global_word_sequence_number": 74248,
        "global_verse_sequence_number": 5495
    },
    {
        "chapter": 73,
        "verse": 20,
        "juz": 29,
        "hizb": 230,
        "manzil": 7,
        "ruku": 509,
        "word_number_in_verse": 49,
        "language_code": "bn",
        "text": "তোমরা পর সুতরাং",
        "root_word": "فَاقۡرَءُواْ",
        "global_word_sequence_number": 74249,
        "global_verse_sequence_number": 5495
    },
    {
        "chapter": 73,
        "verse": 20,
        "juz": 29,
        "hizb": 230,
        "manzil": 7,
        "ruku": 509,
        "word_number_in_verse": 50,
        "language_code": "bn",
        "text": "যা",
        "root_word": "مَا",
        "global_word_sequence_number": 74250,
        "global_verse_sequence_number": 5495
    },
    {
        "chapter": 73,
        "verse": 20,
        "juz": 29,
        "hizb": 230,
        "manzil": 7,
        "ruku": 509,
        "word_number_in_verse": 51,
        "language_code": "bn",
        "text": "সহজ হয়",
        "root_word": "تَيَسَّرَ",
        "global_word_sequence_number": 74251,
        "global_verse_sequence_number": 5495
    },
    {
        "chapter": 73,
        "verse": 20,
        "juz": 29,
        "hizb": 230,
        "manzil": 7,
        "ruku": 509,
        "word_number_in_verse": 52,
        "language_code": "bn",
        "text": "তা থেকে",
        "root_word": "مِنۡهُۚ",
        "global_word_sequence_number": 74252,
        "global_verse_sequence_number": 5495
    },
    {
        "chapter": 73,
        "verse": 20,
        "juz": 29,
        "hizb": 230,
        "manzil": 7,
        "ruku": 509,
        "word_number_in_verse": 53,
        "language_code": "bn",
        "text": "এবং তোমরা কায়েম করো",
        "root_word": "وَأَقِيمُواْ",
        "global_word_sequence_number": 74253,
        "global_verse_sequence_number": 5495
    },
    {
        "chapter": 73,
        "verse": 20,
        "juz": 29,
        "hizb": 230,
        "manzil": 7,
        "ruku": 509,
        "word_number_in_verse": 54,
        "language_code": "bn",
        "text": "নামায",
        "root_word": "الصَّلَوٰةَ",
        "global_word_sequence_number": 74254,
        "global_verse_sequence_number": 5495
    },
    {
        "chapter": 73,
        "verse": 20,
        "juz": 29,
        "hizb": 230,
        "manzil": 7,
        "ruku": 509,
        "word_number_in_verse": 55,
        "language_code": "bn",
        "text": "এবং তোমরা দাও",
        "root_word": "وَءَاتُواْ",
        "global_word_sequence_number": 74255,
        "global_verse_sequence_number": 5495
    },
    {
        "chapter": 73,
        "verse": 20,
        "juz": 29,
        "hizb": 230,
        "manzil": 7,
        "ruku": 509,
        "word_number_in_verse": 56,
        "language_code": "bn",
        "text": "যাকাত",
        "root_word": "الزَّكَوٰةَ",
        "global_word_sequence_number": 74256,
        "global_verse_sequence_number": 5495
    },
    {
        "chapter": 73,
        "verse": 20,
        "juz": 29,
        "hizb": 230,
        "manzil": 7,
        "ruku": 509,
        "word_number_in_verse": 57,
        "language_code": "bn",
        "text": "এবং তোমরা কর্জ দাও",
        "root_word": "وَأَقۡرِضُواْ",
        "global_word_sequence_number": 74257,
        "global_verse_sequence_number": 5495
    },
    {
        "chapter": 73,
        "verse": 20,
        "juz": 29,
        "hizb": 230,
        "manzil": 7,
        "ruku": 509,
        "word_number_in_verse": 58,
        "language_code": "bn",
        "text": "আল্লাহ্‌কে",
        "root_word": "اللَّهَ",
        "global_word_sequence_number": 74258,
        "global_verse_sequence_number": 5495
    },
    {
        "chapter": 73,
        "verse": 20,
        "juz": 29,
        "hizb": 230,
        "manzil": 7,
        "ruku": 509,
        "word_number_in_verse": 59,
        "language_code": "bn",
        "text": "কর্জ",
        "root_word": "قَرۡضًا",
        "global_word_sequence_number": 74259,
        "global_verse_sequence_number": 5495
    },
    {
        "chapter": 73,
        "verse": 20,
        "juz": 29,
        "hizb": 230,
        "manzil": 7,
        "ruku": 509,
        "word_number_in_verse": 60,
        "language_code": "bn",
        "text": "উত্তম",
        "root_word": "حَسَنٗاۚ",
        "global_word_sequence_number": 74260,
        "global_verse_sequence_number": 5495
    },
    {
        "chapter": 73,
        "verse": 20,
        "juz": 29,
        "hizb": 230,
        "manzil": 7,
        "ruku": 509,
        "word_number_in_verse": 61,
        "language_code": "bn",
        "text": "এবং যা",
        "root_word": "وَمَا",
        "global_word_sequence_number": 74261,
        "global_verse_sequence_number": 5495
    },
    {
        "chapter": 73,
        "verse": 20,
        "juz": 29,
        "hizb": 230,
        "manzil": 7,
        "ruku": 509,
        "word_number_in_verse": 62,
        "language_code": "bn",
        "text": "তোমরা আগে পাঠাবে",
        "root_word": "تُقَدِّمُواْ",
        "global_word_sequence_number": 74262,
        "global_verse_sequence_number": 5495
    },
    {
        "chapter": 73,
        "verse": 20,
        "juz": 29,
        "hizb": 230,
        "manzil": 7,
        "ruku": 509,
        "word_number_in_verse": 63,
        "language_code": "bn",
        "text": "তোমাদের নিজেদের জন্যে",
        "root_word": "لِأَنفُسِكُم",
        "global_word_sequence_number": 74263,
        "global_verse_sequence_number": 5495
    },
    {
        "chapter": 73,
        "verse": 20,
        "juz": 29,
        "hizb": 230,
        "manzil": 7,
        "ruku": 509,
        "word_number_in_verse": 64,
        "language_code": "bn",
        "text": "থেকে",
        "root_word": "مِّنۡ",
        "global_word_sequence_number": 74264,
        "global_verse_sequence_number": 5495
    },
    {
        "chapter": 73,
        "verse": 20,
        "juz": 29,
        "hizb": 230,
        "manzil": 7,
        "ruku": 509,
        "word_number_in_verse": 65,
        "language_code": "bn",
        "text": "ভালো",
        "root_word": "خَيۡرٖ",
        "global_word_sequence_number": 74265,
        "global_verse_sequence_number": 5495
    },
    {
        "chapter": 73,
        "verse": 20,
        "juz": 29,
        "hizb": 230,
        "manzil": 7,
        "ruku": 509,
        "word_number_in_verse": 66,
        "language_code": "bn",
        "text": "তা তোমরা পাবে",
        "root_word": "تَجِدُوهُ",
        "global_word_sequence_number": 74266,
        "global_verse_sequence_number": 5495
    },
    {
        "chapter": 73,
        "verse": 20,
        "juz": 29,
        "hizb": 230,
        "manzil": 7,
        "ruku": 509,
        "word_number_in_verse": 67,
        "language_code": "bn",
        "text": "কাছে",
        "root_word": "عِندَ",
        "global_word_sequence_number": 74267,
        "global_verse_sequence_number": 5495
    },
    {
        "chapter": 73,
        "verse": 20,
        "juz": 29,
        "hizb": 230,
        "manzil": 7,
        "ruku": 509,
        "word_number_in_verse": 68,
        "language_code": "bn",
        "text": "আল্লাহ্‌র",
        "root_word": "اللَّهِ",
        "global_word_sequence_number": 74268,
        "global_verse_sequence_number": 5495
    },
    {
        "chapter": 73,
        "verse": 20,
        "juz": 29,
        "hizb": 230,
        "manzil": 7,
        "ruku": 509,
        "word_number_in_verse": 69,
        "language_code": "bn",
        "text": "তাই",
        "root_word": "هُوَ",
        "global_word_sequence_number": 74269,
        "global_verse_sequence_number": 5495
    },
    {
        "chapter": 73,
        "verse": 20,
        "juz": 29,
        "hizb": 230,
        "manzil": 7,
        "ruku": 509,
        "word_number_in_verse": 70,
        "language_code": "bn",
        "text": "উত্তম",
        "root_word": "خَيۡرٗا",
        "global_word_sequence_number": 74270,
        "global_verse_sequence_number": 5495
    },
    {
        "chapter": 73,
        "verse": 20,
        "juz": 29,
        "hizb": 230,
        "manzil": 7,
        "ruku": 509,
        "word_number_in_verse": 71,
        "language_code": "bn",
        "text": "এবং অতীব উত্তম",
        "root_word": "وَأَعۡظَمَ",
        "global_word_sequence_number": 74271,
        "global_verse_sequence_number": 5495
    },
    {
        "chapter": 73,
        "verse": 20,
        "juz": 29,
        "hizb": 230,
        "manzil": 7,
        "ruku": 509,
        "word_number_in_verse": 72,
        "language_code": "bn",
        "text": "প্রতিফল",
        "root_word": "أَجۡرٗاۚ",
        "global_word_sequence_number": 74272,
        "global_verse_sequence_number": 5495
    },
    {
        "chapter": 73,
        "verse": 20,
        "juz": 29,
        "hizb": 230,
        "manzil": 7,
        "ruku": 509,
        "word_number_in_verse": 73,
        "language_code": "bn",
        "text": "এবং তোমরা ক্ষমা চাও",
        "root_word": "وَاسۡتَغۡفِرُواْ",
        "global_word_sequence_number": 74273,
        "global_verse_sequence_number": 5495
    },
    {
        "chapter": 73,
        "verse": 20,
        "juz": 29,
        "hizb": 230,
        "manzil": 7,
        "ruku": 509,
        "word_number_in_verse": 74,
        "language_code": "bn",
        "text": "আল্লাহ্‌র কাছে",
        "root_word": "اللَّهَۖ",
        "global_word_sequence_number": 74274,
        "global_verse_sequence_number": 5495
    },
    {
        "chapter": 73,
        "verse": 20,
        "juz": 29,
        "hizb": 230,
        "manzil": 7,
        "ruku": 509,
        "word_number_in_verse": 75,
        "language_code": "bn",
        "text": "নিশ্চয়",
        "root_word": "إِنَّ",
        "global_word_sequence_number": 74275,
        "global_verse_sequence_number": 5495
    },
    {
        "chapter": 73,
        "verse": 20,
        "juz": 29,
        "hizb": 230,
        "manzil": 7,
        "ruku": 509,
        "word_number_in_verse": 76,
        "language_code": "bn",
        "text": "আল্লাহ্‌",
        "root_word": "اللَّهَ",
        "global_word_sequence_number": 74276,
        "global_verse_sequence_number": 5495
    },
    {
        "chapter": 73,
        "verse": 20,
        "juz": 29,
        "hizb": 230,
        "manzil": 7,
        "ruku": 509,
        "word_number_in_verse": 77,
        "language_code": "bn",
        "text": "বড় ক্ষমাশীল",
        "root_word": "غَفُورٞ",
        "global_word_sequence_number": 74277,
        "global_verse_sequence_number": 5495
    },
    {
        "chapter": 73,
        "verse": 20,
        "juz": 29,
        "hizb": 230,
        "manzil": 7,
        "ruku": 509,
        "word_number_in_verse": 78,
        "language_code": "bn",
        "text": "অত্যন্ত মেহেরবান",
        "root_word": "رَّحِيمُۢ",
        "global_word_sequence_number": 74278,
        "global_verse_sequence_number": 5495
    }
]