[
    {
        "chapter": 74,
        "verse": 1,
        "juz": 29,
        "hizb": 230,
        "manzil": 7,
        "ruku": 510,
        "word_number_in_verse": 1,
        "language_code": "bn",
        "text": "হে",
        "root_word": "يَٰٓأَيُّهَا",
        "global_word_sequence_number": 74279,
        "global_verse_sequence_number": 5496
    },
    {
        "chapter": 74,
        "verse": 1,
        "juz": 29,
        "hizb": 230,
        "manzil": 7,
        "ruku": 510,
        "word_number_in_verse": 2,
        "language_code": "bn",
        "text": "চাদরাবৃত",
        "root_word": "الۡمُدَّثِّرُ",
        "global_word_sequence_number": 74280,
        "global_verse_sequence_number": 5496
    },
    {
        "chapter": 74,
        "verse": 2,
        "juz": 29,
        "hizb": 230,
        "manzil": 7,
        "ruku": 510,
        "word_number_in_verse": 1,
        "language_code": "bn",
        "text": "উঠ",
        "root_word": "قُمۡ",
        "global_word_sequence_number": 74281,
        "global_verse_sequence_number": 5497
    },
    {
        "chapter": 74,
        "verse": 2,
        "juz": 29,
        "hizb": 230,
        "manzil": 7,
        "ruku": 510,
        "word_number_in_verse": 2,
        "language_code": "bn",
        "text": "সতর্ক কর অতঃপর",
        "root_word": "فَأَنذِرۡ",
        "global_word_sequence_number": 74282,
        "global_verse_sequence_number": 5497
    },
    {
        "chapter": 74,
        "verse": 3,
        "juz": 29,
        "hizb": 230,
        "manzil": 7,
        "ruku": 510,
        "word_number_in_verse": 1,
        "language_code": "bn",
        "text": "ও তোমার রবের",
        "root_word": "وَرَبَّكَ",
        "global_word_sequence_number": 74283,
        "global_verse_sequence_number": 5498
    },
    {
        "chapter": 74,
        "verse": 3,
        "juz": 29,
        "hizb": 230,
        "manzil": 7,
        "ruku": 510,
        "word_number_in_verse": 2,
        "language_code": "bn",
        "text": "অতঃপর শ্রেষ্ঠত্ব ঘোষণা কর",
        "root_word": "فَكَبِّرۡ",
        "global_word_sequence_number": 74284,
        "global_verse_sequence_number": 5498
    },
    {
        "chapter": 74,
        "verse": 4,
        "juz": 29,
        "hizb": 230,
        "manzil": 7,
        "ruku": 510,
        "word_number_in_verse": 1,
        "language_code": "bn",
        "text": "এবং তোমার কাপড়",
        "root_word": "وَثِيَابَكَ",
        "global_word_sequence_number": 74285,
        "global_verse_sequence_number": 5499
    },
    {
        "chapter": 74,
        "verse": 4,
        "juz": 29,
        "hizb": 230,
        "manzil": 7,
        "ruku": 510,
        "word_number_in_verse": 2,
        "language_code": "bn",
        "text": "অতঃপর পবিত্র কর",
        "root_word": "فَطَهِّرۡ",
        "global_word_sequence_number": 74286,
        "global_verse_sequence_number": 5499
    },
    {
        "chapter": 74,
        "verse": 5,
        "juz": 29,
        "hizb": 230,
        "manzil": 7,
        "ruku": 510,
        "word_number_in_verse": 1,
        "language_code": "bn",
        "text": "এবং অপবিত্রতা",
        "root_word": "وَالرُّجۡزَ",
        "global_word_sequence_number": 74287,
        "global_verse_sequence_number": 5500
    },
    {
        "chapter": 74,
        "verse": 5,
        "juz": 29,
        "hizb": 230,
        "manzil": 7,
        "ruku": 510,
        "word_number_in_verse": 2,
        "language_code": "bn",
        "text": "অতএব দূরে থাক",
        "root_word": "فَاهۡجُرۡ",
        "global_word_sequence_number": 74288,
        "global_verse_sequence_number": 5500
    },
    {
        "chapter": 74,
        "verse": 6,
        "juz": 29,
        "hizb": 230,
        "manzil": 7,
        "ruku": 510,
        "word_number_in_verse": 1,
        "language_code": "bn",
        "text": "এবং না",
        "root_word": "وَلَا",
        "global_word_sequence_number": 74289,
        "global_verse_sequence_number": 5501
    },
    {
        "chapter": 74,
        "verse": 6,
        "juz": 29,
        "hizb": 230,
        "manzil": 7,
        "ruku": 510,
        "word_number_in_verse": 2,
        "language_code": "bn",
        "text": "অনুগ্রহ করো",
        "root_word": "تَمۡنُن",
        "global_word_sequence_number": 74290,
        "global_verse_sequence_number": 5501
    },
    {
        "chapter": 74,
        "verse": 6,
        "juz": 29,
        "hizb": 230,
        "manzil": 7,
        "ruku": 510,
        "word_number_in_verse": 3,
        "language_code": "bn",
        "text": "বেশী পাওয়ার আশায়",
        "root_word": "تَسۡتَكۡثِرُ",
        "global_word_sequence_number": 74291,
        "global_verse_sequence_number": 5501
    },
    {
        "chapter": 74,
        "verse": 7,
        "juz": 29,
        "hizb": 230,
        "manzil": 7,
        "ruku": 510,
        "word_number_in_verse": 1,
        "language_code": "bn",
        "text": "এবং তোমার রবের জন্যে",
        "root_word": "وَلِرَبِّكَ",
        "global_word_sequence_number": 74292,
        "global_verse_sequence_number": 5502
    },
    {
        "chapter": 74,
        "verse": 7,
        "juz": 29,
        "hizb": 230,
        "manzil": 7,
        "ruku": 510,
        "word_number_in_verse": 2,
        "language_code": "bn",
        "text": "অতএব সবর কর",
        "root_word": "فَاصۡبِرۡ",
        "global_word_sequence_number": 74293,
        "global_verse_sequence_number": 5502
    },
    {
        "chapter": 74,
        "verse": 8,
        "juz": 29,
        "hizb": 230,
        "manzil": 7,
        "ruku": 510,
        "word_number_in_verse": 1,
        "language_code": "bn",
        "text": "অতঃপর যখন",
        "root_word": "فَإِذَا",
        "global_word_sequence_number": 74294,
        "global_verse_sequence_number": 5503
    },
    {
        "chapter": 74,
        "verse": 8,
        "juz": 29,
        "hizb": 230,
        "manzil": 7,
        "ruku": 510,
        "word_number_in_verse": 2,
        "language_code": "bn",
        "text": "ফুক দেয়া হবে",
        "root_word": "نُقِرَ",
        "global_word_sequence_number": 74295,
        "global_verse_sequence_number": 5503
    },
    {
        "chapter": 74,
        "verse": 8,
        "juz": 29,
        "hizb": 230,
        "manzil": 7,
        "ruku": 510,
        "word_number_in_verse": 3,
        "language_code": "bn",
        "text": "মধ্যে",
        "root_word": "فِي",
        "global_word_sequence_number": 74296,
        "global_verse_sequence_number": 5503
    },
    {
        "chapter": 74,
        "verse": 8,
        "juz": 29,
        "hizb": 230,
        "manzil": 7,
        "ruku": 510,
        "word_number_in_verse": 4,
        "language_code": "bn",
        "text": "সিঙ্গায়",
        "root_word": "النَّاقُورِ",
        "global_word_sequence_number": 74297,
        "global_verse_sequence_number": 5503
    },
    {
        "chapter": 74,
        "verse": 9,
        "juz": 29,
        "hizb": 230,
        "manzil": 7,
        "ruku": 510,
        "word_number_in_verse": 1,
        "language_code": "bn",
        "text": "অতএব সেই",
        "root_word": "فَذَٰلِكَ",
        "global_word_sequence_number": 74298,
        "global_verse_sequence_number": 5504
    },
    {
        "chapter": 74,
        "verse": 9,
        "juz": 29,
        "hizb": 230,
        "manzil": 7,
        "ruku": 510,
        "word_number_in_verse": 2,
        "language_code": "bn",
        "text": "(হবে) দিন",
        "root_word": "يَوۡمَئِذٖ",
        "global_word_sequence_number": 74299,
        "global_verse_sequence_number": 5504
    },
    {
        "chapter": 74,
        "verse": 9,
        "juz": 29,
        "hizb": 230,
        "manzil": 7,
        "ruku": 510,
        "word_number_in_verse": 3,
        "language_code": "bn",
        "text": "দিন",
        "root_word": "يَوۡمٌ",
        "global_word_sequence_number": 74300,
        "global_verse_sequence_number": 5504
    },
    {
        "chapter": 74,
        "verse": 9,
        "juz": 29,
        "hizb": 230,
        "manzil": 7,
        "ruku": 510,
        "word_number_in_verse": 4,
        "language_code": "bn",
        "text": "কঠিন",
        "root_word": "عَسِيرٌ",
        "global_word_sequence_number": 74301,
        "global_verse_sequence_number": 5504
    },
    {
        "chapter": 74,
        "verse": 10,
        "juz": 29,
        "hizb": 230,
        "manzil": 7,
        "ruku": 510,
        "word_number_in_verse": 1,
        "language_code": "bn",
        "text": "উপর",
        "root_word": "عَلَى",
        "global_word_sequence_number": 74302,
        "global_verse_sequence_number": 5505
    },
    {
        "chapter": 74,
        "verse": 10,
        "juz": 29,
        "hizb": 230,
        "manzil": 7,
        "ruku": 510,
        "word_number_in_verse": 2,
        "language_code": "bn",
        "text": "কাফিরদের",
        "root_word": "الۡكَٰفِرِينَ",
        "global_word_sequence_number": 74303,
        "global_verse_sequence_number": 5505
    },
    {
        "chapter": 74,
        "verse": 10,
        "juz": 29,
        "hizb": 230,
        "manzil": 7,
        "ruku": 510,
        "word_number_in_verse": 3,
        "language_code": "bn",
        "text": "নয়",
        "root_word": "غَيۡرُ",
        "global_word_sequence_number": 74304,
        "global_verse_sequence_number": 5505
    },
    {
        "chapter": 74,
        "verse": 10,
        "juz": 29,
        "hizb": 230,
        "manzil": 7,
        "ruku": 510,
        "word_number_in_verse": 4,
        "language_code": "bn",
        "text": "সহজ",
        "root_word": "يَسِيرٖ",
        "global_word_sequence_number": 74305,
        "global_verse_sequence_number": 5505
    },
    {
        "chapter": 74,
        "verse": 11,
        "juz": 29,
        "hizb": 230,
        "manzil": 7,
        "ruku": 510,
        "word_number_in_verse": 1,
        "language_code": "bn",
        "text": "আমাকে ছাড়",
        "root_word": "ذَرۡنِي",
        "global_word_sequence_number": 74306,
        "global_verse_sequence_number": 5506
    },
    {
        "chapter": 74,
        "verse": 11,
        "juz": 29,
        "hizb": 230,
        "manzil": 7,
        "ruku": 510,
        "word_number_in_verse": 2,
        "language_code": "bn",
        "text": "আর যাকে",
        "root_word": "وَمَنۡ",
        "global_word_sequence_number": 74307,
        "global_verse_sequence_number": 5506
    },
    {
        "chapter": 74,
        "verse": 11,
        "juz": 29,
        "hizb": 230,
        "manzil": 7,
        "ruku": 510,
        "word_number_in_verse": 3,
        "language_code": "bn",
        "text": "আমি সৃষ্টি করেছি",
        "root_word": "خَلَقۡتُ",
        "global_word_sequence_number": 74308,
        "global_verse_sequence_number": 5506
    },
    {
        "chapter": 74,
        "verse": 11,
        "juz": 29,
        "hizb": 230,
        "manzil": 7,
        "ruku": 510,
        "word_number_in_verse": 4,
        "language_code": "bn",
        "text": "একেলা",
        "root_word": "وَحِيدٗا",
        "global_word_sequence_number": 74309,
        "global_verse_sequence_number": 5506
    },
    {
        "chapter": 74,
        "verse": 12,
        "juz": 29,
        "hizb": 230,
        "manzil": 7,
        "ruku": 510,
        "word_number_in_verse": 1,
        "language_code": "bn",
        "text": "এবং আমি বানিয়েছি",
        "root_word": "وَجَعَلۡتُ",
        "global_word_sequence_number": 74310,
        "global_verse_sequence_number": 5507
    },
    {
        "chapter": 74,
        "verse": 12,
        "juz": 29,
        "hizb": 230,
        "manzil": 7,
        "ruku": 510,
        "word_number_in_verse": 2,
        "language_code": "bn",
        "text": "তার জন্যে",
        "root_word": "لَهُۥ",
        "global_word_sequence_number": 74311,
        "global_verse_sequence_number": 5507
    },
    {
        "chapter": 74,
        "verse": 12,
        "juz": 29,
        "hizb": 230,
        "manzil": 7,
        "ruku": 510,
        "word_number_in_verse": 3,
        "language_code": "bn",
        "text": "সম্পদ",
        "root_word": "مَالٗا",
        "global_word_sequence_number": 74312,
        "global_verse_sequence_number": 5507
    },
    {
        "chapter": 74,
        "verse": 12,
        "juz": 29,
        "hizb": 230,
        "manzil": 7,
        "ruku": 510,
        "word_number_in_verse": 4,
        "language_code": "bn",
        "text": "বিপুল",
        "root_word": "مَّمۡدُودٗا",
        "global_word_sequence_number": 74313,
        "global_verse_sequence_number": 5507
    },
    {
        "chapter": 74,
        "verse": 13,
        "juz": 29,
        "hizb": 230,
        "manzil": 7,
        "ruku": 510,
        "word_number_in_verse": 1,
        "language_code": "bn",
        "text": "এবং সন্তানাদি",
        "root_word": "وَبَنِينَ",
        "global_word_sequence_number": 74314,
        "global_verse_sequence_number": 5508
    },
    {
        "chapter": 74,
        "verse": 13,
        "juz": 29,
        "hizb": 230,
        "manzil": 7,
        "ruku": 510,
        "word_number_in_verse": 2,
        "language_code": "bn",
        "text": "সদা উপস্থিত",
        "root_word": "شُهُودٗا",
        "global_word_sequence_number": 74315,
        "global_verse_sequence_number": 5508
    },
    {
        "chapter": 74,
        "verse": 14,
        "juz": 29,
        "hizb": 230,
        "manzil": 7,
        "ruku": 510,
        "word_number_in_verse": 1,
        "language_code": "bn",
        "text": "এবং আমি সুগম করেছি",
        "root_word": "وَمَهَّدتُّ",
        "global_word_sequence_number": 74316,
        "global_verse_sequence_number": 5509
    },
    {
        "chapter": 74,
        "verse": 14,
        "juz": 29,
        "hizb": 230,
        "manzil": 7,
        "ruku": 510,
        "word_number_in_verse": 2,
        "language_code": "bn",
        "text": "তার জন্যে",
        "root_word": "لَهُۥ",
        "global_word_sequence_number": 74317,
        "global_verse_sequence_number": 5509
    },
    {
        "chapter": 74,
        "verse": 14,
        "juz": 29,
        "hizb": 230,
        "manzil": 7,
        "ruku": 510,
        "word_number_in_verse": 3,
        "language_code": "bn",
        "text": "প্রচুর স্বচ্ছলতা",
        "root_word": "تَمۡهِيدٗا",
        "global_word_sequence_number": 74318,
        "global_verse_sequence_number": 5509
    },
    {
        "chapter": 74,
        "verse": 15,
        "juz": 29,
        "hizb": 230,
        "manzil": 7,
        "ruku": 510,
        "word_number_in_verse": 1,
        "language_code": "bn",
        "text": "এরপর",
        "root_word": "ثُمَّ",
        "global_word_sequence_number": 74319,
        "global_verse_sequence_number": 5510
    },
    {
        "chapter": 74,
        "verse": 15,
        "juz": 29,
        "hizb": 230,
        "manzil": 7,
        "ruku": 510,
        "word_number_in_verse": 2,
        "language_code": "bn",
        "text": "লালসা সে করে",
        "root_word": "يَطۡمَعُ",
        "global_word_sequence_number": 74320,
        "global_verse_sequence_number": 5510
    },
    {
        "chapter": 74,
        "verse": 15,
        "juz": 29,
        "hizb": 230,
        "manzil": 7,
        "ruku": 510,
        "word_number_in_verse": 3,
        "language_code": "bn",
        "text": "যে",
        "root_word": "أَنۡ",
        "global_word_sequence_number": 74321,
        "global_verse_sequence_number": 5510
    },
    {
        "chapter": 74,
        "verse": 15,
        "juz": 29,
        "hizb": 230,
        "manzil": 7,
        "ruku": 510,
        "word_number_in_verse": 4,
        "language_code": "bn",
        "text": "অধিক দিব আমি",
        "root_word": "أَزِيدَ",
        "global_word_sequence_number": 74322,
        "global_verse_sequence_number": 5510
    },
    {
        "chapter": 74,
        "verse": 16,
        "juz": 29,
        "hizb": 230,
        "manzil": 7,
        "ruku": 510,
        "word_number_in_verse": 1,
        "language_code": "bn",
        "text": "কক্ষণও না",
        "root_word": "كـَلَّآۖ",
        "global_word_sequence_number": 74323,
        "global_verse_sequence_number": 5511
    },
    {
        "chapter": 74,
        "verse": 16,
        "juz": 29,
        "hizb": 230,
        "manzil": 7,
        "ruku": 510,
        "word_number_in_verse": 2,
        "language_code": "bn",
        "text": "সে নিশ্চয়",
        "root_word": "إِنَّهُۥ",
        "global_word_sequence_number": 74324,
        "global_verse_sequence_number": 5511
    },
    {
        "chapter": 74,
        "verse": 16,
        "juz": 29,
        "hizb": 230,
        "manzil": 7,
        "ruku": 510,
        "word_number_in_verse": 3,
        "language_code": "bn",
        "text": "হল",
        "root_word": "كَانَ",
        "global_word_sequence_number": 74325,
        "global_verse_sequence_number": 5511
    },
    {
        "chapter": 74,
        "verse": 16,
        "juz": 29,
        "hizb": 230,
        "manzil": 7,
        "ruku": 510,
        "word_number_in_verse": 4,
        "language_code": "bn",
        "text": "আমাদের নিদর্শনাদির প্রতি",
        "root_word": "لِأٓيَٰتِنَا",
        "global_word_sequence_number": 74326,
        "global_verse_sequence_number": 5511
    },
    {
        "chapter": 74,
        "verse": 16,
        "juz": 29,
        "hizb": 230,
        "manzil": 7,
        "ruku": 510,
        "word_number_in_verse": 5,
        "language_code": "bn",
        "text": "শত্রুতা ভাবাপন্ন",
        "root_word": "عَنِيدٗا",
        "global_word_sequence_number": 74327,
        "global_verse_sequence_number": 5511
    },
    {
        "chapter": 74,
        "verse": 17,
        "juz": 29,
        "hizb": 230,
        "manzil": 7,
        "ruku": 510,
        "word_number_in_verse": 1,
        "language_code": "bn",
        "text": "তাকে চড়াব আমি শীঘ্রই",
        "root_word": "سَأُرۡهِقُهُۥ",
        "global_word_sequence_number": 74328,
        "global_verse_sequence_number": 5512
    },
    {
        "chapter": 74,
        "verse": 17,
        "juz": 29,
        "hizb": 230,
        "manzil": 7,
        "ruku": 510,
        "word_number_in_verse": 2,
        "language_code": "bn",
        "text": "কঠিন চড়াইয়ে",
        "root_word": "صَعُودًا",
        "global_word_sequence_number": 74329,
        "global_verse_sequence_number": 5512
    },
    {
        "chapter": 74,
        "verse": 18,
        "juz": 29,
        "hizb": 230,
        "manzil": 7,
        "ruku": 510,
        "word_number_in_verse": 1,
        "language_code": "bn",
        "text": "সে নিশ্চয়ই",
        "root_word": "إِنَّهُۥ",
        "global_word_sequence_number": 74330,
        "global_verse_sequence_number": 5513
    },
    {
        "chapter": 74,
        "verse": 18,
        "juz": 29,
        "hizb": 230,
        "manzil": 7,
        "ruku": 510,
        "word_number_in_verse": 2,
        "language_code": "bn",
        "text": "চিন্তা করল",
        "root_word": "فَكَّرَ",
        "global_word_sequence_number": 74331,
        "global_verse_sequence_number": 5513
    },
    {
        "chapter": 74,
        "verse": 18,
        "juz": 29,
        "hizb": 230,
        "manzil": 7,
        "ruku": 510,
        "word_number_in_verse": 3,
        "language_code": "bn",
        "text": "এবং সে সিদ্ধান্ত নিল",
        "root_word": "وَقَدَّرَ",
        "global_word_sequence_number": 74332,
        "global_verse_sequence_number": 5513
    },
    {
        "chapter": 74,
        "verse": 19,
        "juz": 29,
        "hizb": 230,
        "manzil": 7,
        "ruku": 510,
        "word_number_in_verse": 1,
        "language_code": "bn",
        "text": "সে নস্যাৎ তাই হয়েছে",
        "root_word": "فَقُتِلَ",
        "global_word_sequence_number": 74333,
        "global_verse_sequence_number": 5514
    },
    {
        "chapter": 74,
        "verse": 19,
        "juz": 29,
        "hizb": 230,
        "manzil": 7,
        "ruku": 510,
        "word_number_in_verse": 2,
        "language_code": "bn",
        "text": "কেমন",
        "root_word": "كَيۡفَ",
        "global_word_sequence_number": 74334,
        "global_verse_sequence_number": 5514
    },
    {
        "chapter": 74,
        "verse": 19,
        "juz": 29,
        "hizb": 230,
        "manzil": 7,
        "ruku": 510,
        "word_number_in_verse": 3,
        "language_code": "bn",
        "text": "সে সিদ্ধান্ত নিল",
        "root_word": "قَدَّرَ",
        "global_word_sequence_number": 74335,
        "global_verse_sequence_number": 5514
    },
    {
        "chapter": 74,
        "verse": 20,
        "juz": 29,
        "hizb": 230,
        "manzil": 7,
        "ruku": 510,
        "word_number_in_verse": 1,
        "language_code": "bn",
        "text": "আবারও",
        "root_word": "ثُمَّ",
        "global_word_sequence_number": 74336,
        "global_verse_sequence_number": 5515
    },
    {
        "chapter": 74,
        "verse": 20,
        "juz": 29,
        "hizb": 230,
        "manzil": 7,
        "ruku": 510,
        "word_number_in_verse": 2,
        "language_code": "bn",
        "text": "মার পড়ল",
        "root_word": "قُتِلَ",
        "global_word_sequence_number": 74337,
        "global_verse_sequence_number": 5515
    },
    {
        "chapter": 74,
        "verse": 20,
        "juz": 29,
        "hizb": 230,
        "manzil": 7,
        "ruku": 510,
        "word_number_in_verse": 3,
        "language_code": "bn",
        "text": "কেমন",
        "root_word": "كَيۡفَ",
        "global_word_sequence_number": 74338,
        "global_verse_sequence_number": 5515
    },
    {
        "chapter": 74,
        "verse": 20,
        "juz": 29,
        "hizb": 230,
        "manzil": 7,
        "ruku": 510,
        "word_number_in_verse": 4,
        "language_code": "bn",
        "text": "সিদ্ধান্ত নিল",
        "root_word": "قَدَّرَ",
        "global_word_sequence_number": 74339,
        "global_verse_sequence_number": 5515
    },
    {
        "chapter": 74,
        "verse": 21,
        "juz": 29,
        "hizb": 230,
        "manzil": 7,
        "ruku": 510,
        "word_number_in_verse": 1,
        "language_code": "bn",
        "text": "এরপর",
        "root_word": "ثُمَّ",
        "global_word_sequence_number": 74340,
        "global_verse_sequence_number": 5516
    },
    {
        "chapter": 74,
        "verse": 21,
        "juz": 29,
        "hizb": 230,
        "manzil": 7,
        "ruku": 510,
        "word_number_in_verse": 2,
        "language_code": "bn",
        "text": "সে তাকাল",
        "root_word": "نَظَرَ",
        "global_word_sequence_number": 74341,
        "global_verse_sequence_number": 5516
    },
    {
        "chapter": 74,
        "verse": 22,
        "juz": 29,
        "hizb": 230,
        "manzil": 7,
        "ruku": 510,
        "word_number_in_verse": 1,
        "language_code": "bn",
        "text": "পরে",
        "root_word": "ثُمَّ",
        "global_word_sequence_number": 74342,
        "global_verse_sequence_number": 5517
    },
    {
        "chapter": 74,
        "verse": 22,
        "juz": 29,
        "hizb": 230,
        "manzil": 7,
        "ruku": 510,
        "word_number_in_verse": 2,
        "language_code": "bn",
        "text": "কপাল কুচড়াল",
        "root_word": "عَبَسَ",
        "global_word_sequence_number": 74343,
        "global_verse_sequence_number": 5517
    },
    {
        "chapter": 74,
        "verse": 22,
        "juz": 29,
        "hizb": 230,
        "manzil": 7,
        "ruku": 510,
        "word_number_in_verse": 3,
        "language_code": "bn",
        "text": "ও মুখ বাঁকাল",
        "root_word": "وَبَسَرَ",
        "global_word_sequence_number": 74344,
        "global_verse_sequence_number": 5517
    },
    {
        "chapter": 74,
        "verse": 23,
        "juz": 29,
        "hizb": 230,
        "manzil": 7,
        "ruku": 510,
        "word_number_in_verse": 1,
        "language_code": "bn",
        "text": "এরপর",
        "root_word": "ثُمَّ",
        "global_word_sequence_number": 74345,
        "global_verse_sequence_number": 5518
    },
    {
        "chapter": 74,
        "verse": 23,
        "juz": 29,
        "hizb": 230,
        "manzil": 7,
        "ruku": 510,
        "word_number_in_verse": 2,
        "language_code": "bn",
        "text": "সে ফিরল",
        "root_word": "أَدۡبَرَ",
        "global_word_sequence_number": 74346,
        "global_verse_sequence_number": 5518
    },
    {
        "chapter": 74,
        "verse": 23,
        "juz": 29,
        "hizb": 230,
        "manzil": 7,
        "ruku": 510,
        "word_number_in_verse": 3,
        "language_code": "bn",
        "text": "এবং অহংকার করল",
        "root_word": "وَاسۡتَكۡبَرَ",
        "global_word_sequence_number": 74347,
        "global_verse_sequence_number": 5518
    },
    {
        "chapter": 74,
        "verse": 24,
        "juz": 29,
        "hizb": 230,
        "manzil": 7,
        "ruku": 510,
        "word_number_in_verse": 1,
        "language_code": "bn",
        "text": "সে বলল অতঃপর",
        "root_word": "فَقَالَ",
        "global_word_sequence_number": 74348,
        "global_verse_sequence_number": 5519
    },
    {
        "chapter": 74,
        "verse": 24,
        "juz": 29,
        "hizb": 230,
        "manzil": 7,
        "ruku": 510,
        "word_number_in_verse": 2,
        "language_code": "bn",
        "text": "\"নয়",
        "root_word": "إِنۡ",
        "global_word_sequence_number": 74349,
        "global_verse_sequence_number": 5519
    },
    {
        "chapter": 74,
        "verse": 24,
        "juz": 29,
        "hizb": 230,
        "manzil": 7,
        "ruku": 510,
        "word_number_in_verse": 3,
        "language_code": "bn",
        "text": "এটা",
        "root_word": "هَٰذَآ",
        "global_word_sequence_number": 74350,
        "global_verse_sequence_number": 5519
    },
    {
        "chapter": 74,
        "verse": 24,
        "juz": 29,
        "hizb": 230,
        "manzil": 7,
        "ruku": 510,
        "word_number_in_verse": 4,
        "language_code": "bn",
        "text": "এছাড়া",
        "root_word": "إِلَّا",
        "global_word_sequence_number": 74351,
        "global_verse_sequence_number": 5519
    },
    {
        "chapter": 74,
        "verse": 24,
        "juz": 29,
        "hizb": 230,
        "manzil": 7,
        "ruku": 510,
        "word_number_in_verse": 5,
        "language_code": "bn",
        "text": "জাদু",
        "root_word": "سِحۡرٞ",
        "global_word_sequence_number": 74352,
        "global_verse_sequence_number": 5519
    },
    {
        "chapter": 74,
        "verse": 24,
        "juz": 29,
        "hizb": 230,
        "manzil": 7,
        "ruku": 510,
        "word_number_in_verse": 6,
        "language_code": "bn",
        "text": "চলে আসা",
        "root_word": "يُؤۡثَرُ",
        "global_word_sequence_number": 74353,
        "global_verse_sequence_number": 5519
    },
    {
        "chapter": 74,
        "verse": 25,
        "juz": 29,
        "hizb": 230,
        "manzil": 7,
        "ruku": 510,
        "word_number_in_verse": 1,
        "language_code": "bn",
        "text": "নয়",
        "root_word": "إِنۡ",
        "global_word_sequence_number": 74354,
        "global_verse_sequence_number": 5520
    },
    {
        "chapter": 74,
        "verse": 25,
        "juz": 29,
        "hizb": 230,
        "manzil": 7,
        "ruku": 510,
        "word_number_in_verse": 2,
        "language_code": "bn",
        "text": "এটা",
        "root_word": "هَٰذَآ",
        "global_word_sequence_number": 74355,
        "global_verse_sequence_number": 5520
    },
    {
        "chapter": 74,
        "verse": 25,
        "juz": 29,
        "hizb": 230,
        "manzil": 7,
        "ruku": 510,
        "word_number_in_verse": 3,
        "language_code": "bn",
        "text": "এছাড়া",
        "root_word": "إِلَّا",
        "global_word_sequence_number": 74356,
        "global_verse_sequence_number": 5520
    },
    {
        "chapter": 74,
        "verse": 25,
        "juz": 29,
        "hizb": 230,
        "manzil": 7,
        "ruku": 510,
        "word_number_in_verse": 4,
        "language_code": "bn",
        "text": "কথা",
        "root_word": "قَوۡلُ",
        "global_word_sequence_number": 74357,
        "global_verse_sequence_number": 5520
    },
    {
        "chapter": 74,
        "verse": 25,
        "juz": 29,
        "hizb": 230,
        "manzil": 7,
        "ruku": 510,
        "word_number_in_verse": 5,
        "language_code": "bn",
        "text": "মানুুষের\"",
        "root_word": "الۡبَشَرِ",
        "global_word_sequence_number": 74358,
        "global_verse_sequence_number": 5520
    },
    {
        "chapter": 74,
        "verse": 26,
        "juz": 29,
        "hizb": 230,
        "manzil": 7,
        "ruku": 510,
        "word_number_in_verse": 1,
        "language_code": "bn",
        "text": "তাকে প্রবেশ আমি শীঘ্রই করাবো",
        "root_word": "سَأُصۡلِيهِ",
        "global_word_sequence_number": 74359,
        "global_verse_sequence_number": 5521
    },
    {
        "chapter": 74,
        "verse": 26,
        "juz": 29,
        "hizb": 230,
        "manzil": 7,
        "ruku": 510,
        "word_number_in_verse": 2,
        "language_code": "bn",
        "text": "দোযখে",
        "root_word": "سَقَرَ",
        "global_word_sequence_number": 74360,
        "global_verse_sequence_number": 5521
    },
    {
        "chapter": 74,
        "verse": 27,
        "juz": 29,
        "hizb": 230,
        "manzil": 7,
        "ruku": 510,
        "word_number_in_verse": 1,
        "language_code": "bn",
        "text": "এবং কি",
        "root_word": "وَمَآ",
        "global_word_sequence_number": 74361,
        "global_verse_sequence_number": 5522
    },
    {
        "chapter": 74,
        "verse": 27,
        "juz": 29,
        "hizb": 230,
        "manzil": 7,
        "ruku": 510,
        "word_number_in_verse": 2,
        "language_code": "bn",
        "text": "তুমি জান",
        "root_word": "أَدۡرَىٰكَ",
        "global_word_sequence_number": 74362,
        "global_verse_sequence_number": 5522
    },
    {
        "chapter": 74,
        "verse": 27,
        "juz": 29,
        "hizb": 230,
        "manzil": 7,
        "ruku": 510,
        "word_number_in_verse": 3,
        "language_code": "bn",
        "text": "কি সেই",
        "root_word": "مَا",
        "global_word_sequence_number": 74363,
        "global_verse_sequence_number": 5522
    },
    {
        "chapter": 74,
        "verse": 27,
        "juz": 29,
        "hizb": 230,
        "manzil": 7,
        "ruku": 510,
        "word_number_in_verse": 4,
        "language_code": "bn",
        "text": "দোযখ",
        "root_word": "سَقَرُ",
        "global_word_sequence_number": 74364,
        "global_verse_sequence_number": 5522
    },
    {
        "chapter": 74,
        "verse": 28,
        "juz": 29,
        "hizb": 230,
        "manzil": 7,
        "ruku": 510,
        "word_number_in_verse": 1,
        "language_code": "bn",
        "text": "না",
        "root_word": "لَا",
        "global_word_sequence_number": 74365,
        "global_verse_sequence_number": 5523
    },
    {
        "chapter": 74,
        "verse": 28,
        "juz": 29,
        "hizb": 230,
        "manzil": 7,
        "ruku": 510,
        "word_number_in_verse": 2,
        "language_code": "bn",
        "text": "বাকী রাখে",
        "root_word": "تُبۡقِي",
        "global_word_sequence_number": 74366,
        "global_verse_sequence_number": 5523
    },
    {
        "chapter": 74,
        "verse": 28,
        "juz": 29,
        "hizb": 230,
        "manzil": 7,
        "ruku": 510,
        "word_number_in_verse": 3,
        "language_code": "bn",
        "text": "এবং না",
        "root_word": "وَلَا",
        "global_word_sequence_number": 74367,
        "global_verse_sequence_number": 5523
    },
    {
        "chapter": 74,
        "verse": 28,
        "juz": 29,
        "hizb": 230,
        "manzil": 7,
        "ruku": 510,
        "word_number_in_verse": 4,
        "language_code": "bn",
        "text": "ছেড়ে দেয়",
        "root_word": "تَذَرُ",
        "global_word_sequence_number": 74368,
        "global_verse_sequence_number": 5523
    },
    {
        "chapter": 74,
        "verse": 29,
        "juz": 29,
        "hizb": 230,
        "manzil": 7,
        "ruku": 510,
        "word_number_in_verse": 1,
        "language_code": "bn",
        "text": "ঝলসে দেয়",
        "root_word": "لَوَّاحَةٞ",
        "global_word_sequence_number": 74369,
        "global_verse_sequence_number": 5524
    },
    {
        "chapter": 74,
        "verse": 29,
        "juz": 29,
        "hizb": 230,
        "manzil": 7,
        "ruku": 510,
        "word_number_in_verse": 2,
        "language_code": "bn",
        "text": "চামড়াকে",
        "root_word": "لِّلۡبَشَرِ",
        "global_word_sequence_number": 74370,
        "global_verse_sequence_number": 5524
    },
    {
        "chapter": 74,
        "verse": 30,
        "juz": 29,
        "hizb": 230,
        "manzil": 7,
        "ruku": 510,
        "word_number_in_verse": 1,
        "language_code": "bn",
        "text": "তার উপর",
        "root_word": "عَلَيۡهَا",
        "global_word_sequence_number": 74371,
        "global_verse_sequence_number": 5525
    },
    {
        "chapter": 74,
        "verse": 30,
        "juz": 29,
        "hizb": 230,
        "manzil": 7,
        "ruku": 510,
        "word_number_in_verse": 2,
        "language_code": "bn",
        "text": "উনিশ",
        "root_word": "تِسۡعَةَ",
        "global_word_sequence_number": 74372,
        "global_verse_sequence_number": 5525
    },
    {
        "chapter": 74,
        "verse": 30,
        "juz": 29,
        "hizb": 230,
        "manzil": 7,
        "ruku": 510,
        "word_number_in_verse": 3,
        "language_code": "bn",
        "text": "(প্রহরী)",
        "root_word": "عَشَرَ",
        "global_word_sequence_number": 74373,
        "global_verse_sequence_number": 5525
    },
    {
        "chapter": 74,
        "verse": 31,
        "juz": 29,
        "hizb": 230,
        "manzil": 7,
        "ruku": 510,
        "word_number_in_verse": 1,
        "language_code": "bn",
        "text": "এবং না",
        "root_word": "وَمَا",
        "global_word_sequence_number": 74374,
        "global_verse_sequence_number": 5526
    },
    {
        "chapter": 74,
        "verse": 31,
        "juz": 29,
        "hizb": 230,
        "manzil": 7,
        "ruku": 510,
        "word_number_in_verse": 2,
        "language_code": "bn",
        "text": "আমরা বানিয়েছি",
        "root_word": "جَعَلۡنَآ",
        "global_word_sequence_number": 74375,
        "global_verse_sequence_number": 5526
    },
    {
        "chapter": 74,
        "verse": 31,
        "juz": 29,
        "hizb": 230,
        "manzil": 7,
        "ruku": 510,
        "word_number_in_verse": 3,
        "language_code": "bn",
        "text": "কর্মচারীদেরকে",
        "root_word": "أَصۡحَٰبَ",
        "global_word_sequence_number": 74376,
        "global_verse_sequence_number": 5526
    },
    {
        "chapter": 74,
        "verse": 31,
        "juz": 29,
        "hizb": 230,
        "manzil": 7,
        "ruku": 510,
        "word_number_in_verse": 4,
        "language_code": "bn",
        "text": "দোযখের",
        "root_word": "النَّارِ",
        "global_word_sequence_number": 74377,
        "global_verse_sequence_number": 5526
    },
    {
        "chapter": 74,
        "verse": 31,
        "juz": 29,
        "hizb": 230,
        "manzil": 7,
        "ruku": 510,
        "word_number_in_verse": 5,
        "language_code": "bn",
        "text": "ছাড়া",
        "root_word": "إِلَّا",
        "global_word_sequence_number": 74378,
        "global_verse_sequence_number": 5526
    },
    {
        "chapter": 74,
        "verse": 31,
        "juz": 29,
        "hizb": 230,
        "manzil": 7,
        "ruku": 510,
        "word_number_in_verse": 6,
        "language_code": "bn",
        "text": "ফেরেশতাদের",
        "root_word": "مَلَٰٓئِكَةٗۖ",
        "global_word_sequence_number": 74379,
        "global_verse_sequence_number": 5526
    },
    {
        "chapter": 74,
        "verse": 31,
        "juz": 29,
        "hizb": 230,
        "manzil": 7,
        "ruku": 510,
        "word_number_in_verse": 7,
        "language_code": "bn",
        "text": "এবং না",
        "root_word": "وَمَا",
        "global_word_sequence_number": 74380,
        "global_verse_sequence_number": 5526
    },
    {
        "chapter": 74,
        "verse": 31,
        "juz": 29,
        "hizb": 230,
        "manzil": 7,
        "ruku": 510,
        "word_number_in_verse": 8,
        "language_code": "bn",
        "text": "আমরা বানিয়েছি",
        "root_word": "جَعَلۡنَا",
        "global_word_sequence_number": 74381,
        "global_verse_sequence_number": 5526
    },
    {
        "chapter": 74,
        "verse": 31,
        "juz": 29,
        "hizb": 230,
        "manzil": 7,
        "ruku": 510,
        "word_number_in_verse": 9,
        "language_code": "bn",
        "text": "তাদের সংখ্যা",
        "root_word": "عِدَّتَهُمۡ",
        "global_word_sequence_number": 74382,
        "global_verse_sequence_number": 5526
    },
    {
        "chapter": 74,
        "verse": 31,
        "juz": 29,
        "hizb": 230,
        "manzil": 7,
        "ruku": 510,
        "word_number_in_verse": 10,
        "language_code": "bn",
        "text": "এছাড়া",
        "root_word": "إِلَّا",
        "global_word_sequence_number": 74383,
        "global_verse_sequence_number": 5526
    },
    {
        "chapter": 74,
        "verse": 31,
        "juz": 29,
        "hizb": 230,
        "manzil": 7,
        "ruku": 510,
        "word_number_in_verse": 11,
        "language_code": "bn",
        "text": "পরীক্ষা",
        "root_word": "فِتۡنَةٗ",
        "global_word_sequence_number": 74384,
        "global_verse_sequence_number": 5526
    },
    {
        "chapter": 74,
        "verse": 31,
        "juz": 29,
        "hizb": 230,
        "manzil": 7,
        "ruku": 510,
        "word_number_in_verse": 12,
        "language_code": "bn",
        "text": "তাদের জন্য (যারা)",
        "root_word": "لِّلَّذِينَ",
        "global_word_sequence_number": 74385,
        "global_verse_sequence_number": 5526
    },
    {
        "chapter": 74,
        "verse": 31,
        "juz": 29,
        "hizb": 230,
        "manzil": 7,
        "ruku": 510,
        "word_number_in_verse": 13,
        "language_code": "bn",
        "text": "কুফরী করেছে",
        "root_word": "كَفَرُواْ",
        "global_word_sequence_number": 74386,
        "global_verse_sequence_number": 5526
    },
    {
        "chapter": 74,
        "verse": 31,
        "juz": 29,
        "hizb": 230,
        "manzil": 7,
        "ruku": 510,
        "word_number_in_verse": 14,
        "language_code": "bn",
        "text": "দৃঢ় বিশ্বাস করে যেন",
        "root_word": "لِيَسۡتَيۡقِنَ",
        "global_word_sequence_number": 74387,
        "global_verse_sequence_number": 5526
    },
    {
        "chapter": 74,
        "verse": 31,
        "juz": 29,
        "hizb": 230,
        "manzil": 7,
        "ruku": 510,
        "word_number_in_verse": 15,
        "language_code": "bn",
        "text": "যাদের (তারা)",
        "root_word": "الَّذِينَ",
        "global_word_sequence_number": 74388,
        "global_verse_sequence_number": 5526
    },
    {
        "chapter": 74,
        "verse": 31,
        "juz": 29,
        "hizb": 230,
        "manzil": 7,
        "ruku": 510,
        "word_number_in_verse": 16,
        "language_code": "bn",
        "text": "দেয়া হয়েছে",
        "root_word": "أُوتُواْ",
        "global_word_sequence_number": 74389,
        "global_verse_sequence_number": 5526
    },
    {
        "chapter": 74,
        "verse": 31,
        "juz": 29,
        "hizb": 230,
        "manzil": 7,
        "ruku": 510,
        "word_number_in_verse": 17,
        "language_code": "bn",
        "text": "গ্রন্থ",
        "root_word": "الۡكِتَٰبَ",
        "global_word_sequence_number": 74390,
        "global_verse_sequence_number": 5526
    },
    {
        "chapter": 74,
        "verse": 31,
        "juz": 29,
        "hizb": 230,
        "manzil": 7,
        "ruku": 510,
        "word_number_in_verse": 18,
        "language_code": "bn",
        "text": "এবং বাড়ে",
        "root_word": "وَيَزۡدَادَ",
        "global_word_sequence_number": 74391,
        "global_verse_sequence_number": 5526
    },
    {
        "chapter": 74,
        "verse": 31,
        "juz": 29,
        "hizb": 230,
        "manzil": 7,
        "ruku": 510,
        "word_number_in_verse": 19,
        "language_code": "bn",
        "text": "যারা",
        "root_word": "الَّذِينَ",
        "global_word_sequence_number": 74392,
        "global_verse_sequence_number": 5526
    },
    {
        "chapter": 74,
        "verse": 31,
        "juz": 29,
        "hizb": 230,
        "manzil": 7,
        "ruku": 510,
        "word_number_in_verse": 20,
        "language_code": "bn",
        "text": "ঈমান এনেছে",
        "root_word": "ءَامَنُوٓاْ",
        "global_word_sequence_number": 74393,
        "global_verse_sequence_number": 5526
    },
    {
        "chapter": 74,
        "verse": 31,
        "juz": 29,
        "hizb": 230,
        "manzil": 7,
        "ruku": 510,
        "word_number_in_verse": 21,
        "language_code": "bn",
        "text": "ঈমান (তাদের)",
        "root_word": "إِيمَٰنٗا",
        "global_word_sequence_number": 74394,
        "global_verse_sequence_number": 5526
    },
    {
        "chapter": 74,
        "verse": 31,
        "juz": 29,
        "hizb": 230,
        "manzil": 7,
        "ruku": 510,
        "word_number_in_verse": 22,
        "language_code": "bn",
        "text": "এবং না",
        "root_word": "وَلَا",
        "global_word_sequence_number": 74395,
        "global_verse_sequence_number": 5526
    },
    {
        "chapter": 74,
        "verse": 31,
        "juz": 29,
        "hizb": 230,
        "manzil": 7,
        "ruku": 510,
        "word_number_in_verse": 23,
        "language_code": "bn",
        "text": "সন্দেহ করে",
        "root_word": "يَرۡتَابَ",
        "global_word_sequence_number": 74396,
        "global_verse_sequence_number": 5526
    },
    {
        "chapter": 74,
        "verse": 31,
        "juz": 29,
        "hizb": 230,
        "manzil": 7,
        "ruku": 510,
        "word_number_in_verse": 24,
        "language_code": "bn",
        "text": "যাদের",
        "root_word": "الَّذِينَ",
        "global_word_sequence_number": 74397,
        "global_verse_sequence_number": 5526
    },
    {
        "chapter": 74,
        "verse": 31,
        "juz": 29,
        "hizb": 230,
        "manzil": 7,
        "ruku": 510,
        "word_number_in_verse": 25,
        "language_code": "bn",
        "text": "দেয়া হয়েছে",
        "root_word": "أُوتُواْ",
        "global_word_sequence_number": 74398,
        "global_verse_sequence_number": 5526
    },
    {
        "chapter": 74,
        "verse": 31,
        "juz": 29,
        "hizb": 230,
        "manzil": 7,
        "ruku": 510,
        "word_number_in_verse": 26,
        "language_code": "bn",
        "text": "কিতাব",
        "root_word": "الۡكِتَٰبَ",
        "global_word_sequence_number": 74399,
        "global_verse_sequence_number": 5526
    },
    {
        "chapter": 74,
        "verse": 31,
        "juz": 29,
        "hizb": 230,
        "manzil": 7,
        "ruku": 510,
        "word_number_in_verse": 27,
        "language_code": "bn",
        "text": "এবং মুমিনরা",
        "root_word": "وَالۡمُؤۡمِنُونَ",
        "global_word_sequence_number": 74400,
        "global_verse_sequence_number": 5526
    },
    {
        "chapter": 74,
        "verse": 31,
        "juz": 29,
        "hizb": 230,
        "manzil": 7,
        "ruku": 510,
        "word_number_in_verse": 28,
        "language_code": "bn",
        "text": "এবং বলে যেন",
        "root_word": "وَلِيَقُولَ",
        "global_word_sequence_number": 74401,
        "global_verse_sequence_number": 5526
    },
    {
        "chapter": 74,
        "verse": 31,
        "juz": 29,
        "hizb": 230,
        "manzil": 7,
        "ruku": 510,
        "word_number_in_verse": 29,
        "language_code": "bn",
        "text": "যারা",
        "root_word": "الَّذِينَ",
        "global_word_sequence_number": 74402,
        "global_verse_sequence_number": 5526
    },
    {
        "chapter": 74,
        "verse": 31,
        "juz": 29,
        "hizb": 230,
        "manzil": 7,
        "ruku": 510,
        "word_number_in_verse": 30,
        "language_code": "bn",
        "text": "মধ্যে (রয়েছে)",
        "root_word": "فِي",
        "global_word_sequence_number": 74403,
        "global_verse_sequence_number": 5526
    },
    {
        "chapter": 74,
        "verse": 31,
        "juz": 29,
        "hizb": 230,
        "manzil": 7,
        "ruku": 510,
        "word_number_in_verse": 31,
        "language_code": "bn",
        "text": "তাদের অন্তরসমূহের",
        "root_word": "قُلُوبِهِم",
        "global_word_sequence_number": 74404,
        "global_verse_sequence_number": 5526
    },
    {
        "chapter": 74,
        "verse": 31,
        "juz": 29,
        "hizb": 230,
        "manzil": 7,
        "ruku": 510,
        "word_number_in_verse": 32,
        "language_code": "bn",
        "text": "রোগ",
        "root_word": "مَّرَضٞ",
        "global_word_sequence_number": 74405,
        "global_verse_sequence_number": 5526
    },
    {
        "chapter": 74,
        "verse": 31,
        "juz": 29,
        "hizb": 230,
        "manzil": 7,
        "ruku": 510,
        "word_number_in_verse": 33,
        "language_code": "bn",
        "text": "এবং কাফিররা",
        "root_word": "وَالۡكَٰفِرُونَ",
        "global_word_sequence_number": 74406,
        "global_verse_sequence_number": 5526
    },
    {
        "chapter": 74,
        "verse": 31,
        "juz": 29,
        "hizb": 230,
        "manzil": 7,
        "ruku": 510,
        "word_number_in_verse": 34,
        "language_code": "bn",
        "text": "\"কি",
        "root_word": "مَاذَآ",
        "global_word_sequence_number": 74407,
        "global_verse_sequence_number": 5526
    },
    {
        "chapter": 74,
        "verse": 31,
        "juz": 29,
        "hizb": 230,
        "manzil": 7,
        "ruku": 510,
        "word_number_in_verse": 35,
        "language_code": "bn",
        "text": "ইচ্ছে রাখেন",
        "root_word": "أَرَادَ",
        "global_word_sequence_number": 74408,
        "global_verse_sequence_number": 5526
    },
    {
        "chapter": 74,
        "verse": 31,
        "juz": 29,
        "hizb": 230,
        "manzil": 7,
        "ruku": 510,
        "word_number_in_verse": 36,
        "language_code": "bn",
        "text": "আল্লাহ",
        "root_word": "اللَّهُ",
        "global_word_sequence_number": 74409,
        "global_verse_sequence_number": 5526
    },
    {
        "chapter": 74,
        "verse": 31,
        "juz": 29,
        "hizb": 230,
        "manzil": 7,
        "ruku": 510,
        "word_number_in_verse": 37,
        "language_code": "bn",
        "text": "এই দ্বারা",
        "root_word": "بِهَٰذَا",
        "global_word_sequence_number": 74410,
        "global_verse_sequence_number": 5526
    },
    {
        "chapter": 74,
        "verse": 31,
        "juz": 29,
        "hizb": 230,
        "manzil": 7,
        "ruku": 510,
        "word_number_in_verse": 38,
        "language_code": "bn",
        "text": "উদাহরণ\"",
        "root_word": "مَثَلٗاۚ",
        "global_word_sequence_number": 74411,
        "global_verse_sequence_number": 5526
    },
    {
        "chapter": 74,
        "verse": 31,
        "juz": 29,
        "hizb": 230,
        "manzil": 7,
        "ruku": 510,
        "word_number_in_verse": 39,
        "language_code": "bn",
        "text": "এভাবে",
        "root_word": "كَذَٰلِكَ",
        "global_word_sequence_number": 74412,
        "global_verse_sequence_number": 5526
    },
    {
        "chapter": 74,
        "verse": 31,
        "juz": 29,
        "hizb": 230,
        "manzil": 7,
        "ruku": 510,
        "word_number_in_verse": 40,
        "language_code": "bn",
        "text": "গুমরাহ করেন",
        "root_word": "يُضِلُّ",
        "global_word_sequence_number": 74413,
        "global_verse_sequence_number": 5526
    },
    {
        "chapter": 74,
        "verse": 31,
        "juz": 29,
        "hizb": 230,
        "manzil": 7,
        "ruku": 510,
        "word_number_in_verse": 41,
        "language_code": "bn",
        "text": "আল্লাহ",
        "root_word": "اللَّهُ",
        "global_word_sequence_number": 74414,
        "global_verse_sequence_number": 5526
    },
    {
        "chapter": 74,
        "verse": 31,
        "juz": 29,
        "hizb": 230,
        "manzil": 7,
        "ruku": 510,
        "word_number_in_verse": 42,
        "language_code": "bn",
        "text": "যাকে",
        "root_word": "مَن",
        "global_word_sequence_number": 74415,
        "global_verse_sequence_number": 5526
    },
    {
        "chapter": 74,
        "verse": 31,
        "juz": 29,
        "hizb": 230,
        "manzil": 7,
        "ruku": 510,
        "word_number_in_verse": 43,
        "language_code": "bn",
        "text": "ইচ্ছে করেন",
        "root_word": "يَشَآءُ",
        "global_word_sequence_number": 74416,
        "global_verse_sequence_number": 5526
    },
    {
        "chapter": 74,
        "verse": 31,
        "juz": 29,
        "hizb": 230,
        "manzil": 7,
        "ruku": 510,
        "word_number_in_verse": 44,
        "language_code": "bn",
        "text": "এবং হিদায়াত দেন",
        "root_word": "وَيَهۡدِي",
        "global_word_sequence_number": 74417,
        "global_verse_sequence_number": 5526
    },
    {
        "chapter": 74,
        "verse": 31,
        "juz": 29,
        "hizb": 230,
        "manzil": 7,
        "ruku": 510,
        "word_number_in_verse": 45,
        "language_code": "bn",
        "text": "যাকে",
        "root_word": "مَن",
        "global_word_sequence_number": 74418,
        "global_verse_sequence_number": 5526
    },
    {
        "chapter": 74,
        "verse": 31,
        "juz": 29,
        "hizb": 230,
        "manzil": 7,
        "ruku": 510,
        "word_number_in_verse": 46,
        "language_code": "bn",
        "text": "ইচ্ছে করেন",
        "root_word": "يَشَآءُۚ",
        "global_word_sequence_number": 74419,
        "global_verse_sequence_number": 5526
    },
    {
        "chapter": 74,
        "verse": 31,
        "juz": 29,
        "hizb": 230,
        "manzil": 7,
        "ruku": 510,
        "word_number_in_verse": 47,
        "language_code": "bn",
        "text": "এবং না",
        "root_word": "وَمَا",
        "global_word_sequence_number": 74420,
        "global_verse_sequence_number": 5526
    },
    {
        "chapter": 74,
        "verse": 31,
        "juz": 29,
        "hizb": 230,
        "manzil": 7,
        "ruku": 510,
        "word_number_in_verse": 48,
        "language_code": "bn",
        "text": "কেউ জানে",
        "root_word": "يَعۡلَمُ",
        "global_word_sequence_number": 74421,
        "global_verse_sequence_number": 5526
    },
    {
        "chapter": 74,
        "verse": 31,
        "juz": 29,
        "hizb": 230,
        "manzil": 7,
        "ruku": 510,
        "word_number_in_verse": 49,
        "language_code": "bn",
        "text": "সৈন্যদের",
        "root_word": "جُنُودَ",
        "global_word_sequence_number": 74422,
        "global_verse_sequence_number": 5526
    },
    {
        "chapter": 74,
        "verse": 31,
        "juz": 29,
        "hizb": 230,
        "manzil": 7,
        "ruku": 510,
        "word_number_in_verse": 50,
        "language_code": "bn",
        "text": "তোমার রবের",
        "root_word": "رَبِّكَ",
        "global_word_sequence_number": 74423,
        "global_verse_sequence_number": 5526
    },
    {
        "chapter": 74,
        "verse": 31,
        "juz": 29,
        "hizb": 230,
        "manzil": 7,
        "ruku": 510,
        "word_number_in_verse": 51,
        "language_code": "bn",
        "text": "ছাড়া",
        "root_word": "إِلَّا",
        "global_word_sequence_number": 74424,
        "global_verse_sequence_number": 5526
    },
    {
        "chapter": 74,
        "verse": 31,
        "juz": 29,
        "hizb": 230,
        "manzil": 7,
        "ruku": 510,
        "word_number_in_verse": 52,
        "language_code": "bn",
        "text": "তিনি",
        "root_word": "هُوَۚ",
        "global_word_sequence_number": 74425,
        "global_verse_sequence_number": 5526
    },
    {
        "chapter": 74,
        "verse": 31,
        "juz": 29,
        "hizb": 230,
        "manzil": 7,
        "ruku": 510,
        "word_number_in_verse": 53,
        "language_code": "bn",
        "text": "এবং নয়",
        "root_word": "وَمَا",
        "global_word_sequence_number": 74426,
        "global_verse_sequence_number": 5526
    },
    {
        "chapter": 74,
        "verse": 31,
        "juz": 29,
        "hizb": 230,
        "manzil": 7,
        "ruku": 510,
        "word_number_in_verse": 54,
        "language_code": "bn",
        "text": "তা",
        "root_word": "هِيَ",
        "global_word_sequence_number": 74427,
        "global_verse_sequence_number": 5526
    },
    {
        "chapter": 74,
        "verse": 31,
        "juz": 29,
        "hizb": 230,
        "manzil": 7,
        "ruku": 510,
        "word_number_in_verse": 55,
        "language_code": "bn",
        "text": "এছাড়া",
        "root_word": "إِلَّا",
        "global_word_sequence_number": 74428,
        "global_verse_sequence_number": 5526
    },
    {
        "chapter": 74,
        "verse": 31,
        "juz": 29,
        "hizb": 230,
        "manzil": 7,
        "ruku": 510,
        "word_number_in_verse": 56,
        "language_code": "bn",
        "text": "উপদেশ",
        "root_word": "ذِكۡرَىٰ",
        "global_word_sequence_number": 74429,
        "global_verse_sequence_number": 5526
    },
    {
        "chapter": 74,
        "verse": 31,
        "juz": 29,
        "hizb": 230,
        "manzil": 7,
        "ruku": 510,
        "word_number_in_verse": 57,
        "language_code": "bn",
        "text": "মানুষের জন্যে",
        "root_word": "لِلۡبَشَرِ",
        "global_word_sequence_number": 74430,
        "global_verse_sequence_number": 5526
    },
    {
        "chapter": 74,
        "verse": 32,
        "juz": 29,
        "hizb": 230,
        "manzil": 7,
        "ruku": 511,
        "word_number_in_verse": 1,
        "language_code": "bn",
        "text": "কক্ষণও নয়",
        "root_word": "كـَلَّا",
        "global_word_sequence_number": 74431,
        "global_verse_sequence_number": 5527
    },
    {
        "chapter": 74,
        "verse": 32,
        "juz": 29,
        "hizb": 230,
        "manzil": 7,
        "ruku": 511,
        "word_number_in_verse": 2,
        "language_code": "bn",
        "text": "শপথ চাঁদের",
        "root_word": "وَالۡقَمَرِ",
        "global_word_sequence_number": 74432,
        "global_verse_sequence_number": 5527
    },
    {
        "chapter": 74,
        "verse": 33,
        "juz": 29,
        "hizb": 230,
        "manzil": 7,
        "ruku": 511,
        "word_number_in_verse": 1,
        "language_code": "bn",
        "text": "শপথ রাতের",
        "root_word": "وَالَّيۡلِ",
        "global_word_sequence_number": 74433,
        "global_verse_sequence_number": 5528
    },
    {
        "chapter": 74,
        "verse": 33,
        "juz": 29,
        "hizb": 230,
        "manzil": 7,
        "ruku": 511,
        "word_number_in_verse": 2,
        "language_code": "bn",
        "text": "যখন",
        "root_word": "إِذۡ",
        "global_word_sequence_number": 74434,
        "global_verse_sequence_number": 5528
    },
    {
        "chapter": 74,
        "verse": 33,
        "juz": 29,
        "hizb": 230,
        "manzil": 7,
        "ruku": 511,
        "word_number_in_verse": 3,
        "language_code": "bn",
        "text": "প্রত্যাবর্তন করে",
        "root_word": "أَدۡبَرَ",
        "global_word_sequence_number": 74435,
        "global_verse_sequence_number": 5528
    },
    {
        "chapter": 74,
        "verse": 34,
        "juz": 29,
        "hizb": 230,
        "manzil": 7,
        "ruku": 511,
        "word_number_in_verse": 1,
        "language_code": "bn",
        "text": "এবং প্রভাতের",
        "root_word": "وَالصُّبۡحِ",
        "global_word_sequence_number": 74436,
        "global_verse_sequence_number": 5529
    },
    {
        "chapter": 74,
        "verse": 34,
        "juz": 29,
        "hizb": 230,
        "manzil": 7,
        "ruku": 511,
        "word_number_in_verse": 2,
        "language_code": "bn",
        "text": "যখন",
        "root_word": "إِذَآ",
        "global_word_sequence_number": 74437,
        "global_verse_sequence_number": 5529
    },
    {
        "chapter": 74,
        "verse": 34,
        "juz": 29,
        "hizb": 230,
        "manzil": 7,
        "ruku": 511,
        "word_number_in_verse": 3,
        "language_code": "bn",
        "text": "উজ্জ্বল হয়",
        "root_word": "أَسۡفَرَ",
        "global_word_sequence_number": 74438,
        "global_verse_sequence_number": 5529
    },
    {
        "chapter": 74,
        "verse": 35,
        "juz": 29,
        "hizb": 230,
        "manzil": 7,
        "ruku": 511,
        "word_number_in_verse": 1,
        "language_code": "bn",
        "text": "তা নিশ্চয়",
        "root_word": "إِنَّهَا",
        "global_word_sequence_number": 74439,
        "global_verse_sequence_number": 5530
    },
    {
        "chapter": 74,
        "verse": 35,
        "juz": 29,
        "hizb": 230,
        "manzil": 7,
        "ruku": 511,
        "word_number_in_verse": 2,
        "language_code": "bn",
        "text": "একটি নিশ্চয়",
        "root_word": "لَإِحۡدَى",
        "global_word_sequence_number": 74440,
        "global_verse_sequence_number": 5530
    },
    {
        "chapter": 74,
        "verse": 35,
        "juz": 29,
        "hizb": 230,
        "manzil": 7,
        "ruku": 511,
        "word_number_in_verse": 3,
        "language_code": "bn",
        "text": "বড়গুলোর",
        "root_word": "الۡكُبَرِ",
        "global_word_sequence_number": 74441,
        "global_verse_sequence_number": 5530
    },
    {
        "chapter": 74,
        "verse": 36,
        "juz": 29,
        "hizb": 230,
        "manzil": 7,
        "ruku": 511,
        "word_number_in_verse": 1,
        "language_code": "bn",
        "text": "সতর্ককারী",
        "root_word": "نَذِيرٗا",
        "global_word_sequence_number": 74442,
        "global_verse_sequence_number": 5531
    },
    {
        "chapter": 74,
        "verse": 36,
        "juz": 29,
        "hizb": 230,
        "manzil": 7,
        "ruku": 511,
        "word_number_in_verse": 2,
        "language_code": "bn",
        "text": "মানুষের জন্যে",
        "root_word": "لِّلۡبَشَرِ",
        "global_word_sequence_number": 74443,
        "global_verse_sequence_number": 5531
    },
    {
        "chapter": 74,
        "verse": 37,
        "juz": 29,
        "hizb": 230,
        "manzil": 7,
        "ruku": 511,
        "word_number_in_verse": 1,
        "language_code": "bn",
        "text": "(তার) যে জন্যে",
        "root_word": "لِمَن",
        "global_word_sequence_number": 74444,
        "global_verse_sequence_number": 5532
    },
    {
        "chapter": 74,
        "verse": 37,
        "juz": 29,
        "hizb": 230,
        "manzil": 7,
        "ruku": 511,
        "word_number_in_verse": 2,
        "language_code": "bn",
        "text": "ইচ্ছে করেে",
        "root_word": "شَآءَ",
        "global_word_sequence_number": 74445,
        "global_verse_sequence_number": 5532
    },
    {
        "chapter": 74,
        "verse": 37,
        "juz": 29,
        "hizb": 230,
        "manzil": 7,
        "ruku": 511,
        "word_number_in_verse": 3,
        "language_code": "bn",
        "text": "তোমাদের মধ্যে",
        "root_word": "مِنكُمۡ",
        "global_word_sequence_number": 74446,
        "global_verse_sequence_number": 5532
    },
    {
        "chapter": 74,
        "verse": 37,
        "juz": 29,
        "hizb": 230,
        "manzil": 7,
        "ruku": 511,
        "word_number_in_verse": 4,
        "language_code": "bn",
        "text": "যে",
        "root_word": "أَن",
        "global_word_sequence_number": 74447,
        "global_verse_sequence_number": 5532
    },
    {
        "chapter": 74,
        "verse": 37,
        "juz": 29,
        "hizb": 230,
        "manzil": 7,
        "ruku": 511,
        "word_number_in_verse": 5,
        "language_code": "bn",
        "text": "অগ্রসর হবে",
        "root_word": "يَتَقَدَّمَ",
        "global_word_sequence_number": 74448,
        "global_verse_sequence_number": 5532
    },
    {
        "chapter": 74,
        "verse": 37,
        "juz": 29,
        "hizb": 230,
        "manzil": 7,
        "ruku": 511,
        "word_number_in_verse": 6,
        "language_code": "bn",
        "text": "অথবা",
        "root_word": "أَوۡ",
        "global_word_sequence_number": 74449,
        "global_verse_sequence_number": 5532
    },
    {
        "chapter": 74,
        "verse": 37,
        "juz": 29,
        "hizb": 230,
        "manzil": 7,
        "ruku": 511,
        "word_number_in_verse": 7,
        "language_code": "bn",
        "text": "পিছিয়ে যাবে",
        "root_word": "يَتَأَخَّرَ",
        "global_word_sequence_number": 74450,
        "global_verse_sequence_number": 5532
    },
    {
        "chapter": 74,
        "verse": 38,
        "juz": 29,
        "hizb": 230,
        "manzil": 7,
        "ruku": 511,
        "word_number_in_verse": 1,
        "language_code": "bn",
        "text": "প্রত্যেক",
        "root_word": "كُلُّ",
        "global_word_sequence_number": 74451,
        "global_verse_sequence_number": 5533
    },
    {
        "chapter": 74,
        "verse": 38,
        "juz": 29,
        "hizb": 230,
        "manzil": 7,
        "ruku": 511,
        "word_number_in_verse": 2,
        "language_code": "bn",
        "text": "ব্যক্তি",
        "root_word": "نَفۡسِۭ",
        "global_word_sequence_number": 74452,
        "global_verse_sequence_number": 5533
    },
    {
        "chapter": 74,
        "verse": 38,
        "juz": 29,
        "hizb": 230,
        "manzil": 7,
        "ruku": 511,
        "word_number_in_verse": 3,
        "language_code": "bn",
        "text": "যা বিনিময়ে",
        "root_word": "بِمَا",
        "global_word_sequence_number": 74453,
        "global_verse_sequence_number": 5533
    },
    {
        "chapter": 74,
        "verse": 38,
        "juz": 29,
        "hizb": 230,
        "manzil": 7,
        "ruku": 511,
        "word_number_in_verse": 4,
        "language_code": "bn",
        "text": "অর্জন করেছে",
        "root_word": "كَسَبَتۡ",
        "global_word_sequence_number": 74454,
        "global_verse_sequence_number": 5533
    },
    {
        "chapter": 74,
        "verse": 38,
        "juz": 29,
        "hizb": 230,
        "manzil": 7,
        "ruku": 511,
        "word_number_in_verse": 5,
        "language_code": "bn",
        "text": "দায়ে আবদ্ধ",
        "root_word": "رَهِينَةٌ",
        "global_word_sequence_number": 74455,
        "global_verse_sequence_number": 5533
    },
    {
        "chapter": 74,
        "verse": 39,
        "juz": 29,
        "hizb": 230,
        "manzil": 7,
        "ruku": 511,
        "word_number_in_verse": 1,
        "language_code": "bn",
        "text": "ছাড়া",
        "root_word": "إِلَّآ",
        "global_word_sequence_number": 74456,
        "global_verse_sequence_number": 5534
    },
    {
        "chapter": 74,
        "verse": 39,
        "juz": 29,
        "hizb": 230,
        "manzil": 7,
        "ruku": 511,
        "word_number_in_verse": 2,
        "language_code": "bn",
        "text": "ব্যক্তিগণ",
        "root_word": "أَصۡحَٰبَ",
        "global_word_sequence_number": 74457,
        "global_verse_sequence_number": 5534
    },
    {
        "chapter": 74,
        "verse": 39,
        "juz": 29,
        "hizb": 230,
        "manzil": 7,
        "ruku": 511,
        "word_number_in_verse": 3,
        "language_code": "bn",
        "text": "ডানদিকস্থ",
        "root_word": "الۡيَمِينِ",
        "global_word_sequence_number": 74458,
        "global_verse_sequence_number": 5534
    },
    {
        "chapter": 74,
        "verse": 40,
        "juz": 29,
        "hizb": 230,
        "manzil": 7,
        "ruku": 511,
        "word_number_in_verse": 1,
        "language_code": "bn",
        "text": "মধ্যে",
        "root_word": "فِي",
        "global_word_sequence_number": 74459,
        "global_verse_sequence_number": 5535
    },
    {
        "chapter": 74,
        "verse": 40,
        "juz": 29,
        "hizb": 230,
        "manzil": 7,
        "ruku": 511,
        "word_number_in_verse": 2,
        "language_code": "bn",
        "text": "বেহেশতের",
        "root_word": "جَنَّٰتٖ",
        "global_word_sequence_number": 74460,
        "global_verse_sequence_number": 5535
    },
    {
        "chapter": 74,
        "verse": 40,
        "juz": 29,
        "hizb": 230,
        "manzil": 7,
        "ruku": 511,
        "word_number_in_verse": 3,
        "language_code": "bn",
        "text": "জিজ্ঞাসা পরস্পরে করবে",
        "root_word": "يَتَسَآءَلُونَ",
        "global_word_sequence_number": 74461,
        "global_verse_sequence_number": 5535
    },
    {
        "chapter": 74,
        "verse": 41,
        "juz": 29,
        "hizb": 230,
        "manzil": 7,
        "ruku": 511,
        "word_number_in_verse": 1,
        "language_code": "bn",
        "text": "সম্পর্কে",
        "root_word": "عَنِ",
        "global_word_sequence_number": 74462,
        "global_verse_sequence_number": 5536
    },
    {
        "chapter": 74,
        "verse": 41,
        "juz": 29,
        "hizb": 230,
        "manzil": 7,
        "ruku": 511,
        "word_number_in_verse": 2,
        "language_code": "bn",
        "text": "অপরাধীদের",
        "root_word": "الۡمُجۡرِمِينَ",
        "global_word_sequence_number": 74463,
        "global_verse_sequence_number": 5536
    },
    {
        "chapter": 74,
        "verse": 42,
        "juz": 29,
        "hizb": 230,
        "manzil": 7,
        "ruku": 511,
        "word_number_in_verse": 1,
        "language_code": "bn",
        "text": "\"কিসে",
        "root_word": "مَا",
        "global_word_sequence_number": 74464,
        "global_verse_sequence_number": 5537
    },
    {
        "chapter": 74,
        "verse": 42,
        "juz": 29,
        "hizb": 230,
        "manzil": 7,
        "ruku": 511,
        "word_number_in_verse": 2,
        "language_code": "bn",
        "text": "তোমাদের প্রবেশ করিয়েছে",
        "root_word": "سَلَكَكُمۡ",
        "global_word_sequence_number": 74465,
        "global_verse_sequence_number": 5537
    },
    {
        "chapter": 74,
        "verse": 42,
        "juz": 29,
        "hizb": 230,
        "manzil": 7,
        "ruku": 511,
        "word_number_in_verse": 3,
        "language_code": "bn",
        "text": "মধ্যে",
        "root_word": "فِي",
        "global_word_sequence_number": 74466,
        "global_verse_sequence_number": 5537
    },
    {
        "chapter": 74,
        "verse": 42,
        "juz": 29,
        "hizb": 230,
        "manzil": 7,
        "ruku": 511,
        "word_number_in_verse": 4,
        "language_code": "bn",
        "text": "দোযখের\"",
        "root_word": "سَقَرَ",
        "global_word_sequence_number": 74467,
        "global_verse_sequence_number": 5537
    },
    {
        "chapter": 74,
        "verse": 43,
        "juz": 29,
        "hizb": 230,
        "manzil": 7,
        "ruku": 511,
        "word_number_in_verse": 1,
        "language_code": "bn",
        "text": "তারা বলবে",
        "root_word": "قَالُواْ",
        "global_word_sequence_number": 74468,
        "global_verse_sequence_number": 5538
    },
    {
        "chapter": 74,
        "verse": 43,
        "juz": 29,
        "hizb": 230,
        "manzil": 7,
        "ruku": 511,
        "word_number_in_verse": 2,
        "language_code": "bn",
        "text": "\"না",
        "root_word": "لَمۡ",
        "global_word_sequence_number": 74469,
        "global_verse_sequence_number": 5538
    },
    {
        "chapter": 74,
        "verse": 43,
        "juz": 29,
        "hizb": 230,
        "manzil": 7,
        "ruku": 511,
        "word_number_in_verse": 3,
        "language_code": "bn",
        "text": "ছিলাম আমরা",
        "root_word": "نَكُ",
        "global_word_sequence_number": 74470,
        "global_verse_sequence_number": 5538
    },
    {
        "chapter": 74,
        "verse": 43,
        "juz": 29,
        "hizb": 230,
        "manzil": 7,
        "ruku": 511,
        "word_number_in_verse": 4,
        "language_code": "bn",
        "text": "অন্তর্ভূক্ত",
        "root_word": "مِنَ",
        "global_word_sequence_number": 74471,
        "global_verse_sequence_number": 5538
    },
    {
        "chapter": 74,
        "verse": 43,
        "juz": 29,
        "hizb": 230,
        "manzil": 7,
        "ruku": 511,
        "word_number_in_verse": 5,
        "language_code": "bn",
        "text": "নামাজীদের",
        "root_word": "الۡمُصَلِّينَ",
        "global_word_sequence_number": 74472,
        "global_verse_sequence_number": 5538
    },
    {
        "chapter": 74,
        "verse": 44,
        "juz": 29,
        "hizb": 230,
        "manzil": 7,
        "ruku": 511,
        "word_number_in_verse": 1,
        "language_code": "bn",
        "text": "এবং না",
        "root_word": "وَلَمۡ",
        "global_word_sequence_number": 74473,
        "global_verse_sequence_number": 5539
    },
    {
        "chapter": 74,
        "verse": 44,
        "juz": 29,
        "hizb": 230,
        "manzil": 7,
        "ruku": 511,
        "word_number_in_verse": 2,
        "language_code": "bn",
        "text": "আমরা",
        "root_word": "نَكُ",
        "global_word_sequence_number": 74474,
        "global_verse_sequence_number": 5539
    },
    {
        "chapter": 74,
        "verse": 44,
        "juz": 29,
        "hizb": 230,
        "manzil": 7,
        "ruku": 511,
        "word_number_in_verse": 3,
        "language_code": "bn",
        "text": "খাওয়াতাম",
        "root_word": "نُطۡعِمُ",
        "global_word_sequence_number": 74475,
        "global_verse_sequence_number": 5539
    },
    {
        "chapter": 74,
        "verse": 44,
        "juz": 29,
        "hizb": 230,
        "manzil": 7,
        "ruku": 511,
        "word_number_in_verse": 4,
        "language_code": "bn",
        "text": "মিছকিনকে",
        "root_word": "الۡمِسۡكِينَ",
        "global_word_sequence_number": 74476,
        "global_verse_sequence_number": 5539
    },
    {
        "chapter": 74,
        "verse": 45,
        "juz": 29,
        "hizb": 230,
        "manzil": 7,
        "ruku": 511,
        "word_number_in_verse": 1,
        "language_code": "bn",
        "text": "এবং আমরা আলোচনা করতাম",
        "root_word": "وَكُنَّا",
        "global_word_sequence_number": 74477,
        "global_verse_sequence_number": 5540
    },
    {
        "chapter": 74,
        "verse": 45,
        "juz": 29,
        "hizb": 230,
        "manzil": 7,
        "ruku": 511,
        "word_number_in_verse": 2,
        "language_code": "bn",
        "text": "এবং আমরা আলোচনা করতাম",
        "root_word": "نَخُوضُ",
        "global_word_sequence_number": 74478,
        "global_verse_sequence_number": 5540
    },
    {
        "chapter": 74,
        "verse": 45,
        "juz": 29,
        "hizb": 230,
        "manzil": 7,
        "ruku": 511,
        "word_number_in_verse": 3,
        "language_code": "bn",
        "text": "সাথে",
        "root_word": "مَعَ",
        "global_word_sequence_number": 74479,
        "global_verse_sequence_number": 5540
    },
    {
        "chapter": 74,
        "verse": 45,
        "juz": 29,
        "hizb": 230,
        "manzil": 7,
        "ruku": 511,
        "word_number_in_verse": 4,
        "language_code": "bn",
        "text": "আলোচনাকারীদের",
        "root_word": "الۡخَآئِضِينَ",
        "global_word_sequence_number": 74480,
        "global_verse_sequence_number": 5540
    },
    {
        "chapter": 74,
        "verse": 46,
        "juz": 29,
        "hizb": 230,
        "manzil": 7,
        "ruku": 511,
        "word_number_in_verse": 1,
        "language_code": "bn",
        "text": "এবং মিথ্যারোপ করতাম আমরা",
        "root_word": "وَكُنَّا",
        "global_word_sequence_number": 74481,
        "global_verse_sequence_number": 5541
    },
    {
        "chapter": 74,
        "verse": 46,
        "juz": 29,
        "hizb": 230,
        "manzil": 7,
        "ruku": 511,
        "word_number_in_verse": 2,
        "language_code": "bn",
        "text": "এবং মিথ্যারোপ করতাম আমরা",
        "root_word": "نُكَذِّبُ",
        "global_word_sequence_number": 74482,
        "global_verse_sequence_number": 5541
    },
    {
        "chapter": 74,
        "verse": 46,
        "juz": 29,
        "hizb": 230,
        "manzil": 7,
        "ruku": 511,
        "word_number_in_verse": 3,
        "language_code": "bn",
        "text": "দিনকে",
        "root_word": "بِيَوۡمِ",
        "global_word_sequence_number": 74483,
        "global_verse_sequence_number": 5541
    },
    {
        "chapter": 74,
        "verse": 46,
        "juz": 29,
        "hizb": 230,
        "manzil": 7,
        "ruku": 511,
        "word_number_in_verse": 4,
        "language_code": "bn",
        "text": "প্রতিদানের",
        "root_word": "الدِّينِ",
        "global_word_sequence_number": 74484,
        "global_verse_sequence_number": 5541
    },
    {
        "chapter": 74,
        "verse": 47,
        "juz": 29,
        "hizb": 230,
        "manzil": 7,
        "ruku": 511,
        "word_number_in_verse": 1,
        "language_code": "bn",
        "text": "শেষ পর্যন্ত",
        "root_word": "حَتَّىٰٓ",
        "global_word_sequence_number": 74485,
        "global_verse_sequence_number": 5542
    },
    {
        "chapter": 74,
        "verse": 47,
        "juz": 29,
        "hizb": 230,
        "manzil": 7,
        "ruku": 511,
        "word_number_in_verse": 2,
        "language_code": "bn",
        "text": "আমাদের কাছে আসল",
        "root_word": "أَتَىٰنَا",
        "global_word_sequence_number": 74486,
        "global_verse_sequence_number": 5542
    },
    {
        "chapter": 74,
        "verse": 47,
        "juz": 29,
        "hizb": 230,
        "manzil": 7,
        "ruku": 511,
        "word_number_in_verse": 3,
        "language_code": "bn",
        "text": "দৃঢ়বিশ্বাস (মৃত্যু)\"",
        "root_word": "الۡيَقِينُ",
        "global_word_sequence_number": 74487,
        "global_verse_sequence_number": 5542
    },
    {
        "chapter": 74,
        "verse": 48,
        "juz": 29,
        "hizb": 230,
        "manzil": 7,
        "ruku": 511,
        "word_number_in_verse": 1,
        "language_code": "bn",
        "text": "না অতঃপর",
        "root_word": "فَمَا",
        "global_word_sequence_number": 74488,
        "global_verse_sequence_number": 5543
    },
    {
        "chapter": 74,
        "verse": 48,
        "juz": 29,
        "hizb": 230,
        "manzil": 7,
        "ruku": 511,
        "word_number_in_verse": 2,
        "language_code": "bn",
        "text": "তাদের কাজে আসবে",
        "root_word": "تَنفَعُهُمۡ",
        "global_word_sequence_number": 74489,
        "global_verse_sequence_number": 5543
    },
    {
        "chapter": 74,
        "verse": 48,
        "juz": 29,
        "hizb": 230,
        "manzil": 7,
        "ruku": 511,
        "word_number_in_verse": 3,
        "language_code": "bn",
        "text": "সুপারিশ",
        "root_word": "شَفَٰعَةُ",
        "global_word_sequence_number": 74490,
        "global_verse_sequence_number": 5543
    },
    {
        "chapter": 74,
        "verse": 48,
        "juz": 29,
        "hizb": 230,
        "manzil": 7,
        "ruku": 511,
        "word_number_in_verse": 4,
        "language_code": "bn",
        "text": "সুপারিশকারীদের",
        "root_word": "الشَّٰفِعِينَ",
        "global_word_sequence_number": 74491,
        "global_verse_sequence_number": 5543
    },
    {
        "chapter": 74,
        "verse": 49,
        "juz": 29,
        "hizb": 230,
        "manzil": 7,
        "ruku": 511,
        "word_number_in_verse": 1,
        "language_code": "bn",
        "text": "অতঃপর",
        "root_word": "فَمَا",
        "global_word_sequence_number": 74492,
        "global_verse_sequence_number": 5544
    },
    {
        "chapter": 74,
        "verse": 49,
        "juz": 29,
        "hizb": 230,
        "manzil": 7,
        "ruku": 511,
        "word_number_in_verse": 2,
        "language_code": "bn",
        "text": "তাদের হয়েছে কি",
        "root_word": "لَهُمۡ",
        "global_word_sequence_number": 74493,
        "global_verse_sequence_number": 5544
    },
    {
        "chapter": 74,
        "verse": 49,
        "juz": 29,
        "hizb": 230,
        "manzil": 7,
        "ruku": 511,
        "word_number_in_verse": 3,
        "language_code": "bn",
        "text": "থেকে",
        "root_word": "عَنِ",
        "global_word_sequence_number": 74494,
        "global_verse_sequence_number": 5544
    },
    {
        "chapter": 74,
        "verse": 49,
        "juz": 29,
        "hizb": 230,
        "manzil": 7,
        "ruku": 511,
        "word_number_in_verse": 4,
        "language_code": "bn",
        "text": "নসীহত",
        "root_word": "التَّذۡكِرَةِ",
        "global_word_sequence_number": 74495,
        "global_verse_sequence_number": 5544
    },
    {
        "chapter": 74,
        "verse": 49,
        "juz": 29,
        "hizb": 230,
        "manzil": 7,
        "ruku": 511,
        "word_number_in_verse": 5,
        "language_code": "bn",
        "text": "মুখ ফিরিয়ে নেয়",
        "root_word": "مُعۡرِضِينَ",
        "global_word_sequence_number": 74496,
        "global_verse_sequence_number": 5544
    },
    {
        "chapter": 74,
        "verse": 50,
        "juz": 29,
        "hizb": 230,
        "manzil": 7,
        "ruku": 511,
        "word_number_in_verse": 1,
        "language_code": "bn",
        "text": "তারা যেন",
        "root_word": "كَأَنَّهُمۡ",
        "global_word_sequence_number": 74497,
        "global_verse_sequence_number": 5545
    },
    {
        "chapter": 74,
        "verse": 50,
        "juz": 29,
        "hizb": 230,
        "manzil": 7,
        "ruku": 511,
        "word_number_in_verse": 2,
        "language_code": "bn",
        "text": "গর্দভসমূহ",
        "root_word": "حُمُرٞ",
        "global_word_sequence_number": 74498,
        "global_verse_sequence_number": 5545
    },
    {
        "chapter": 74,
        "verse": 50,
        "juz": 29,
        "hizb": 230,
        "manzil": 7,
        "ruku": 511,
        "word_number_in_verse": 3,
        "language_code": "bn",
        "text": "ভীতত্রস্ত",
        "root_word": "مُّسۡتَنفِرَةٞ",
        "global_word_sequence_number": 74499,
        "global_verse_sequence_number": 5545
    },
    {
        "chapter": 74,
        "verse": 51,
        "juz": 29,
        "hizb": 230,
        "manzil": 7,
        "ruku": 511,
        "word_number_in_verse": 1,
        "language_code": "bn",
        "text": "পলায়ন করছে",
        "root_word": "فَرَّتۡ",
        "global_word_sequence_number": 74500,
        "global_verse_sequence_number": 5546
    },
    {
        "chapter": 74,
        "verse": 51,
        "juz": 29,
        "hizb": 230,
        "manzil": 7,
        "ruku": 511,
        "word_number_in_verse": 2,
        "language_code": "bn",
        "text": "থেকে",
        "root_word": "مِن",
        "global_word_sequence_number": 74501,
        "global_verse_sequence_number": 5546
    },
    {
        "chapter": 74,
        "verse": 51,
        "juz": 29,
        "hizb": 230,
        "manzil": 7,
        "ruku": 511,
        "word_number_in_verse": 3,
        "language_code": "bn",
        "text": "সিংহ",
        "root_word": "قَسۡوَرَةِۭ",
        "global_word_sequence_number": 74502,
        "global_verse_sequence_number": 5546
    },
    {
        "chapter": 74,
        "verse": 52,
        "juz": 29,
        "hizb": 230,
        "manzil": 7,
        "ruku": 511,
        "word_number_in_verse": 1,
        "language_code": "bn",
        "text": "বরং",
        "root_word": "بَلۡ",
        "global_word_sequence_number": 74503,
        "global_verse_sequence_number": 5547
    },
    {
        "chapter": 74,
        "verse": 52,
        "juz": 29,
        "hizb": 230,
        "manzil": 7,
        "ruku": 511,
        "word_number_in_verse": 2,
        "language_code": "bn",
        "text": "চায়",
        "root_word": "يُرِيدُ",
        "global_word_sequence_number": 74504,
        "global_verse_sequence_number": 5547
    },
    {
        "chapter": 74,
        "verse": 52,
        "juz": 29,
        "hizb": 230,
        "manzil": 7,
        "ruku": 511,
        "word_number_in_verse": 3,
        "language_code": "bn",
        "text": "প্রত্যেক",
        "root_word": "كُلُّ",
        "global_word_sequence_number": 74505,
        "global_verse_sequence_number": 5547
    },
    {
        "chapter": 74,
        "verse": 52,
        "juz": 29,
        "hizb": 230,
        "manzil": 7,
        "ruku": 511,
        "word_number_in_verse": 4,
        "language_code": "bn",
        "text": "ব্যক্তি",
        "root_word": "امۡرِيٕٖ",
        "global_word_sequence_number": 74506,
        "global_verse_sequence_number": 5547
    },
    {
        "chapter": 74,
        "verse": 52,
        "juz": 29,
        "hizb": 230,
        "manzil": 7,
        "ruku": 511,
        "word_number_in_verse": 5,
        "language_code": "bn",
        "text": "তাদের মধ্যে",
        "root_word": "مِّنۡهُمۡ",
        "global_word_sequence_number": 74507,
        "global_verse_sequence_number": 5547
    },
    {
        "chapter": 74,
        "verse": 52,
        "juz": 29,
        "hizb": 230,
        "manzil": 7,
        "ruku": 511,
        "word_number_in_verse": 6,
        "language_code": "bn",
        "text": "যে",
        "root_word": "أَن",
        "global_word_sequence_number": 74508,
        "global_verse_sequence_number": 5547
    },
    {
        "chapter": 74,
        "verse": 52,
        "juz": 29,
        "hizb": 230,
        "manzil": 7,
        "ruku": 511,
        "word_number_in_verse": 7,
        "language_code": "bn",
        "text": "দেয়া হোক",
        "root_word": "يُؤۡتَىٰ",
        "global_word_sequence_number": 74509,
        "global_verse_sequence_number": 5547
    },
    {
        "chapter": 74,
        "verse": 52,
        "juz": 29,
        "hizb": 230,
        "manzil": 7,
        "ruku": 511,
        "word_number_in_verse": 8,
        "language_code": "bn",
        "text": "গ্রন্থসমূহ",
        "root_word": "صُحُفٗا",
        "global_word_sequence_number": 74510,
        "global_verse_sequence_number": 5547
    },
    {
        "chapter": 74,
        "verse": 52,
        "juz": 29,
        "hizb": 230,
        "manzil": 7,
        "ruku": 511,
        "word_number_in_verse": 9,
        "language_code": "bn",
        "text": "উন্মুক্ত",
        "root_word": "مُّنَشَّرَةٗ",
        "global_word_sequence_number": 74511,
        "global_verse_sequence_number": 5547
    },
    {
        "chapter": 74,
        "verse": 53,
        "juz": 29,
        "hizb": 230,
        "manzil": 7,
        "ruku": 511,
        "word_number_in_verse": 1,
        "language_code": "bn",
        "text": "কক্ষণও না",
        "root_word": "كـَلَّاۖ",
        "global_word_sequence_number": 74512,
        "global_verse_sequence_number": 5548
    },
    {
        "chapter": 74,
        "verse": 53,
        "juz": 29,
        "hizb": 230,
        "manzil": 7,
        "ruku": 511,
        "word_number_in_verse": 2,
        "language_code": "bn",
        "text": "বরং",
        "root_word": "بَل",
        "global_word_sequence_number": 74513,
        "global_verse_sequence_number": 5548
    },
    {
        "chapter": 74,
        "verse": 53,
        "juz": 29,
        "hizb": 230,
        "manzil": 7,
        "ruku": 511,
        "word_number_in_verse": 3,
        "language_code": "bn",
        "text": "না",
        "root_word": "لَّا",
        "global_word_sequence_number": 74514,
        "global_verse_sequence_number": 5548
    },
    {
        "chapter": 74,
        "verse": 53,
        "juz": 29,
        "hizb": 230,
        "manzil": 7,
        "ruku": 511,
        "word_number_in_verse": 4,
        "language_code": "bn",
        "text": "তারা ভয় করে না",
        "root_word": "يَخَافُونَ",
        "global_word_sequence_number": 74515,
        "global_verse_sequence_number": 5548
    },
    {
        "chapter": 74,
        "verse": 53,
        "juz": 29,
        "hizb": 230,
        "manzil": 7,
        "ruku": 511,
        "word_number_in_verse": 5,
        "language_code": "bn",
        "text": "আখেরাতকে",
        "root_word": "الۡأٓخِرَةَ",
        "global_word_sequence_number": 74516,
        "global_verse_sequence_number": 5548
    },
    {
        "chapter": 74,
        "verse": 54,
        "juz": 29,
        "hizb": 230,
        "manzil": 7,
        "ruku": 511,
        "word_number_in_verse": 1,
        "language_code": "bn",
        "text": "কক্ষণও না",
        "root_word": "كـَلَّآ",
        "global_word_sequence_number": 74517,
        "global_verse_sequence_number": 5549
    },
    {
        "chapter": 74,
        "verse": 54,
        "juz": 29,
        "hizb": 230,
        "manzil": 7,
        "ruku": 511,
        "word_number_in_verse": 2,
        "language_code": "bn",
        "text": "তা নিশ্চয়",
        "root_word": "إِنَّهُۥ",
        "global_word_sequence_number": 74518,
        "global_verse_sequence_number": 5549
    },
    {
        "chapter": 74,
        "verse": 54,
        "juz": 29,
        "hizb": 230,
        "manzil": 7,
        "ruku": 511,
        "word_number_in_verse": 3,
        "language_code": "bn",
        "text": "উপদেশ",
        "root_word": "تَذۡكِرَةٞ",
        "global_word_sequence_number": 74519,
        "global_verse_sequence_number": 5549
    },
    {
        "chapter": 74,
        "verse": 55,
        "juz": 29,
        "hizb": 230,
        "manzil": 7,
        "ruku": 511,
        "word_number_in_verse": 1,
        "language_code": "bn",
        "text": "যে অতএব",
        "root_word": "فَمَن",
        "global_word_sequence_number": 74520,
        "global_verse_sequence_number": 5550
    },
    {
        "chapter": 74,
        "verse": 55,
        "juz": 29,
        "hizb": 230,
        "manzil": 7,
        "ruku": 511,
        "word_number_in_verse": 2,
        "language_code": "bn",
        "text": "ইচ্ছা করে",
        "root_word": "شَآءَ",
        "global_word_sequence_number": 74521,
        "global_verse_sequence_number": 5550
    },
    {
        "chapter": 74,
        "verse": 55,
        "juz": 29,
        "hizb": 230,
        "manzil": 7,
        "ruku": 511,
        "word_number_in_verse": 3,
        "language_code": "bn",
        "text": "তার শিক্ষা নিক",
        "root_word": "ذَكَرَهُۥ",
        "global_word_sequence_number": 74522,
        "global_verse_sequence_number": 5550
    },
    {
        "chapter": 74,
        "verse": 56,
        "juz": 29,
        "hizb": 230,
        "manzil": 7,
        "ruku": 511,
        "word_number_in_verse": 1,
        "language_code": "bn",
        "text": "এবং না",
        "root_word": "وَمَا",
        "global_word_sequence_number": 74523,
        "global_verse_sequence_number": 5551
    },
    {
        "chapter": 74,
        "verse": 56,
        "juz": 29,
        "hizb": 230,
        "manzil": 7,
        "ruku": 511,
        "word_number_in_verse": 2,
        "language_code": "bn",
        "text": "তারা শিক্ষা নেবে",
        "root_word": "يَذۡكُرُونَ",
        "global_word_sequence_number": 74524,
        "global_verse_sequence_number": 5551
    },
    {
        "chapter": 74,
        "verse": 56,
        "juz": 29,
        "hizb": 230,
        "manzil": 7,
        "ruku": 511,
        "word_number_in_verse": 3,
        "language_code": "bn",
        "text": "এ ছাড়া",
        "root_word": "إِلَّآ",
        "global_word_sequence_number": 74525,
        "global_verse_sequence_number": 5551
    },
    {
        "chapter": 74,
        "verse": 56,
        "juz": 29,
        "hizb": 230,
        "manzil": 7,
        "ruku": 511,
        "word_number_in_verse": 4,
        "language_code": "bn",
        "text": "যে",
        "root_word": "أَن",
        "global_word_sequence_number": 74526,
        "global_verse_sequence_number": 5551
    },
    {
        "chapter": 74,
        "verse": 56,
        "juz": 29,
        "hizb": 230,
        "manzil": 7,
        "ruku": 511,
        "word_number_in_verse": 5,
        "language_code": "bn",
        "text": "ইচ্ছা করেন",
        "root_word": "يَشَآءَ",
        "global_word_sequence_number": 74527,
        "global_verse_sequence_number": 5551
    },
    {
        "chapter": 74,
        "verse": 56,
        "juz": 29,
        "hizb": 230,
        "manzil": 7,
        "ruku": 511,
        "word_number_in_verse": 6,
        "language_code": "bn",
        "text": "আল্লাহ",
        "root_word": "اللَّهُۚ",
        "global_word_sequence_number": 74528,
        "global_verse_sequence_number": 5551
    },
    {
        "chapter": 74,
        "verse": 56,
        "juz": 29,
        "hizb": 230,
        "manzil": 7,
        "ruku": 511,
        "word_number_in_verse": 7,
        "language_code": "bn",
        "text": "তিনিই",
        "root_word": "هُوَ",
        "global_word_sequence_number": 74529,
        "global_verse_sequence_number": 5551
    },
    {
        "chapter": 74,
        "verse": 56,
        "juz": 29,
        "hizb": 230,
        "manzil": 7,
        "ruku": 511,
        "word_number_in_verse": 8,
        "language_code": "bn",
        "text": "যোগ্য",
        "root_word": "أَهۡلُ",
        "global_word_sequence_number": 74530,
        "global_verse_sequence_number": 5551
    },
    {
        "chapter": 74,
        "verse": 56,
        "juz": 29,
        "hizb": 230,
        "manzil": 7,
        "ruku": 511,
        "word_number_in_verse": 9,
        "language_code": "bn",
        "text": "ভয়ের",
        "root_word": "التَّقۡوَىٰ",
        "global_word_sequence_number": 74531,
        "global_verse_sequence_number": 5551
    },
    {
        "chapter": 74,
        "verse": 56,
        "juz": 29,
        "hizb": 230,
        "manzil": 7,
        "ruku": 511,
        "word_number_in_verse": 10,
        "language_code": "bn",
        "text": "এবং অধিকারী",
        "root_word": "وَأَهۡلُ",
        "global_word_sequence_number": 74532,
        "global_verse_sequence_number": 5551
    },
    {
        "chapter": 74,
        "verse": 56,
        "juz": 29,
        "hizb": 230,
        "manzil": 7,
        "ruku": 511,
        "word_number_in_verse": 11,
        "language_code": "bn",
        "text": "মাফ করার",
        "root_word": "الۡمَغۡفِرَةِ",
        "global_word_sequence_number": 74533,
        "global_verse_sequence_number": 5551
    }
]