[
    {
        "chapter": 75,
        "verse": 1,
        "juz": 29,
        "hizb": 231,
        "manzil": 7,
        "ruku": 512,
        "word_number_in_verse": 1,
        "language_code": "bn",
        "text": "না",
        "root_word": "لَآ",
        "global_word_sequence_number": 74534,
        "global_verse_sequence_number": 5552
    },
    {
        "chapter": 75,
        "verse": 1,
        "juz": 29,
        "hizb": 231,
        "manzil": 7,
        "ruku": 512,
        "word_number_in_verse": 2,
        "language_code": "bn",
        "text": "কসম খাচ্ছি",
        "root_word": "أُقۡسِمُ",
        "global_word_sequence_number": 74535,
        "global_verse_sequence_number": 5552
    },
    {
        "chapter": 75,
        "verse": 1,
        "juz": 29,
        "hizb": 231,
        "manzil": 7,
        "ruku": 512,
        "word_number_in_verse": 3,
        "language_code": "bn",
        "text": "দিনের",
        "root_word": "بِيَوۡمِ",
        "global_word_sequence_number": 74536,
        "global_verse_sequence_number": 5552
    },
    {
        "chapter": 75,
        "verse": 1,
        "juz": 29,
        "hizb": 231,
        "manzil": 7,
        "ruku": 512,
        "word_number_in_verse": 4,
        "language_code": "bn",
        "text": "কিয়ামাতের",
        "root_word": "الۡقِيَٰمَةِ",
        "global_word_sequence_number": 74537,
        "global_verse_sequence_number": 5552
    },
    {
        "chapter": 75,
        "verse": 2,
        "juz": 29,
        "hizb": 231,
        "manzil": 7,
        "ruku": 512,
        "word_number_in_verse": 1,
        "language_code": "bn",
        "text": "এবং না",
        "root_word": "وَلَآ",
        "global_word_sequence_number": 74538,
        "global_verse_sequence_number": 5553
    },
    {
        "chapter": 75,
        "verse": 2,
        "juz": 29,
        "hizb": 231,
        "manzil": 7,
        "ruku": 512,
        "word_number_in_verse": 2,
        "language_code": "bn",
        "text": "শপথ করছি আমি",
        "root_word": "أُقۡسِمُ",
        "global_word_sequence_number": 74539,
        "global_verse_sequence_number": 5553
    },
    {
        "chapter": 75,
        "verse": 2,
        "juz": 29,
        "hizb": 231,
        "manzil": 7,
        "ruku": 512,
        "word_number_in_verse": 3,
        "language_code": "bn",
        "text": "মনের",
        "root_word": "بِالنَّفۡسِ",
        "global_word_sequence_number": 74540,
        "global_verse_sequence_number": 5553
    },
    {
        "chapter": 75,
        "verse": 2,
        "juz": 29,
        "hizb": 231,
        "manzil": 7,
        "ruku": 512,
        "word_number_in_verse": 4,
        "language_code": "bn",
        "text": "তিরস্কারকারী",
        "root_word": "اللَّوَّامَةِ",
        "global_word_sequence_number": 74541,
        "global_verse_sequence_number": 5553
    },
    {
        "chapter": 75,
        "verse": 3,
        "juz": 29,
        "hizb": 231,
        "manzil": 7,
        "ruku": 512,
        "word_number_in_verse": 1,
        "language_code": "bn",
        "text": "মনে করেছে কি",
        "root_word": "أَيَحۡسَبُ",
        "global_word_sequence_number": 74542,
        "global_verse_sequence_number": 5554
    },
    {
        "chapter": 75,
        "verse": 3,
        "juz": 29,
        "hizb": 231,
        "manzil": 7,
        "ruku": 512,
        "word_number_in_verse": 2,
        "language_code": "bn",
        "text": "মানুষ",
        "root_word": "الۡإِنسَٰنُ",
        "global_word_sequence_number": 74543,
        "global_verse_sequence_number": 5554
    },
    {
        "chapter": 75,
        "verse": 3,
        "juz": 29,
        "hizb": 231,
        "manzil": 7,
        "ruku": 512,
        "word_number_in_verse": 3,
        "language_code": "bn",
        "text": "কখন না",
        "root_word": "أَلَّن",
        "global_word_sequence_number": 74544,
        "global_verse_sequence_number": 5554
    },
    {
        "chapter": 75,
        "verse": 3,
        "juz": 29,
        "hizb": 231,
        "manzil": 7,
        "ruku": 512,
        "word_number_in_verse": 4,
        "language_code": "bn",
        "text": "একত্রিত আমরা করব",
        "root_word": "نَّجۡمَعَ",
        "global_word_sequence_number": 74545,
        "global_verse_sequence_number": 5554
    },
    {
        "chapter": 75,
        "verse": 3,
        "juz": 29,
        "hizb": 231,
        "manzil": 7,
        "ruku": 512,
        "word_number_in_verse": 5,
        "language_code": "bn",
        "text": "তার অস্তিগুলকে",
        "root_word": "عِظَامَهُۥ",
        "global_word_sequence_number": 74546,
        "global_verse_sequence_number": 5554
    },
    {
        "chapter": 75,
        "verse": 4,
        "juz": 29,
        "hizb": 231,
        "manzil": 7,
        "ruku": 512,
        "word_number_in_verse": 1,
        "language_code": "bn",
        "text": "কােনো না",
        "root_word": "بَلَىٰ",
        "global_word_sequence_number": 74547,
        "global_verse_sequence_number": 5555
    },
    {
        "chapter": 75,
        "verse": 4,
        "juz": 29,
        "hizb": 231,
        "manzil": 7,
        "ruku": 512,
        "word_number_in_verse": 2,
        "language_code": "bn",
        "text": "সক্ষম",
        "root_word": "قَٰدِرِينَ",
        "global_word_sequence_number": 74548,
        "global_verse_sequence_number": 5555
    },
    {
        "chapter": 75,
        "verse": 4,
        "juz": 29,
        "hizb": 231,
        "manzil": 7,
        "ruku": 512,
        "word_number_in_verse": 3,
        "language_code": "bn",
        "text": "এতে",
        "root_word": "عَلَىٰٓ",
        "global_word_sequence_number": 74549,
        "global_verse_sequence_number": 5555
    },
    {
        "chapter": 75,
        "verse": 4,
        "juz": 29,
        "hizb": 231,
        "manzil": 7,
        "ruku": 512,
        "word_number_in_verse": 4,
        "language_code": "bn",
        "text": "যে",
        "root_word": "أَن",
        "global_word_sequence_number": 74550,
        "global_verse_sequence_number": 5555
    },
    {
        "chapter": 75,
        "verse": 4,
        "juz": 29,
        "hizb": 231,
        "manzil": 7,
        "ruku": 512,
        "word_number_in_verse": 5,
        "language_code": "bn",
        "text": "পূর্ণবিন্যস্ত আমরা করবো",
        "root_word": "نُّسَوِّيَ",
        "global_word_sequence_number": 74551,
        "global_verse_sequence_number": 5555
    },
    {
        "chapter": 75,
        "verse": 4,
        "juz": 29,
        "hizb": 231,
        "manzil": 7,
        "ruku": 512,
        "word_number_in_verse": 6,
        "language_code": "bn",
        "text": "তার আঙ্গুলির অগ্রভাগ",
        "root_word": "بَنَانَهُۥ",
        "global_word_sequence_number": 74552,
        "global_verse_sequence_number": 5555
    },
    {
        "chapter": 75,
        "verse": 5,
        "juz": 29,
        "hizb": 231,
        "manzil": 7,
        "ruku": 512,
        "word_number_in_verse": 1,
        "language_code": "bn",
        "text": "বরং",
        "root_word": "بَلۡ",
        "global_word_sequence_number": 74553,
        "global_verse_sequence_number": 5556
    },
    {
        "chapter": 75,
        "verse": 5,
        "juz": 29,
        "hizb": 231,
        "manzil": 7,
        "ruku": 512,
        "word_number_in_verse": 2,
        "language_code": "bn",
        "text": "চায়ে",
        "root_word": "يُرِيدُ",
        "global_word_sequence_number": 74554,
        "global_verse_sequence_number": 5556
    },
    {
        "chapter": 75,
        "verse": 5,
        "juz": 29,
        "hizb": 231,
        "manzil": 7,
        "ruku": 512,
        "word_number_in_verse": 3,
        "language_code": "bn",
        "text": "মানুষ",
        "root_word": "الۡإِنسَٰنُ",
        "global_word_sequence_number": 74555,
        "global_verse_sequence_number": 5556
    },
    {
        "chapter": 75,
        "verse": 5,
        "juz": 29,
        "hizb": 231,
        "manzil": 7,
        "ruku": 512,
        "word_number_in_verse": 4,
        "language_code": "bn",
        "text": "কুকর্ম করার জন্য",
        "root_word": "لِيَفۡجُرَ",
        "global_word_sequence_number": 74556,
        "global_verse_sequence_number": 5556
    },
    {
        "chapter": 75,
        "verse": 5,
        "juz": 29,
        "hizb": 231,
        "manzil": 7,
        "ruku": 512,
        "word_number_in_verse": 5,
        "language_code": "bn",
        "text": "তার ভবিষ্যতেও",
        "root_word": "أَمَامَهُۥ",
        "global_word_sequence_number": 74557,
        "global_verse_sequence_number": 5556
    },
    {
        "chapter": 75,
        "verse": 6,
        "juz": 29,
        "hizb": 231,
        "manzil": 7,
        "ruku": 512,
        "word_number_in_verse": 1,
        "language_code": "bn",
        "text": "সে জিজ্ঞাস করে",
        "root_word": "يَسۡـَٔلُ",
        "global_word_sequence_number": 74558,
        "global_verse_sequence_number": 5557
    },
    {
        "chapter": 75,
        "verse": 6,
        "juz": 29,
        "hizb": 231,
        "manzil": 7,
        "ruku": 512,
        "word_number_in_verse": 2,
        "language_code": "bn",
        "text": "\"কবে",
        "root_word": "أَيَّانَ",
        "global_word_sequence_number": 74559,
        "global_verse_sequence_number": 5557
    },
    {
        "chapter": 75,
        "verse": 6,
        "juz": 29,
        "hizb": 231,
        "manzil": 7,
        "ruku": 512,
        "word_number_in_verse": 3,
        "language_code": "bn",
        "text": "দিন",
        "root_word": "يَوۡمُ",
        "global_word_sequence_number": 74560,
        "global_verse_sequence_number": 5557
    },
    {
        "chapter": 75,
        "verse": 6,
        "juz": 29,
        "hizb": 231,
        "manzil": 7,
        "ruku": 512,
        "word_number_in_verse": 4,
        "language_code": "bn",
        "text": "কিয়ামাতের\"",
        "root_word": "الۡقِيَٰمَةِ",
        "global_word_sequence_number": 74561,
        "global_verse_sequence_number": 5557
    },
    {
        "chapter": 75,
        "verse": 7,
        "juz": 29,
        "hizb": 231,
        "manzil": 7,
        "ruku": 512,
        "word_number_in_verse": 1,
        "language_code": "bn",
        "text": "যখন অতঃপর",
        "root_word": "فَإِذَا",
        "global_word_sequence_number": 74562,
        "global_verse_sequence_number": 5558
    },
    {
        "chapter": 75,
        "verse": 7,
        "juz": 29,
        "hizb": 231,
        "manzil": 7,
        "ruku": 512,
        "word_number_in_verse": 2,
        "language_code": "bn",
        "text": "স্থির হয়ে যাবে",
        "root_word": "بَرِقَ",
        "global_word_sequence_number": 74563,
        "global_verse_sequence_number": 5558
    },
    {
        "chapter": 75,
        "verse": 7,
        "juz": 29,
        "hizb": 231,
        "manzil": 7,
        "ruku": 512,
        "word_number_in_verse": 3,
        "language_code": "bn",
        "text": "চক্ষু",
        "root_word": "الۡبَصَرُ",
        "global_word_sequence_number": 74564,
        "global_verse_sequence_number": 5558
    },
    {
        "chapter": 75,
        "verse": 8,
        "juz": 29,
        "hizb": 231,
        "manzil": 7,
        "ruku": 512,
        "word_number_in_verse": 1,
        "language_code": "bn",
        "text": "এবং আলোকহীন হবে",
        "root_word": "وَخَسَفَ",
        "global_word_sequence_number": 74565,
        "global_verse_sequence_number": 5559
    },
    {
        "chapter": 75,
        "verse": 8,
        "juz": 29,
        "hizb": 231,
        "manzil": 7,
        "ruku": 512,
        "word_number_in_verse": 2,
        "language_code": "bn",
        "text": "চাঁদ",
        "root_word": "الۡقَمَرُ",
        "global_word_sequence_number": 74566,
        "global_verse_sequence_number": 5559
    },
    {
        "chapter": 75,
        "verse": 9,
        "juz": 29,
        "hizb": 231,
        "manzil": 7,
        "ruku": 512,
        "word_number_in_verse": 1,
        "language_code": "bn",
        "text": "এবং একত্রিত করা হবে",
        "root_word": "وَجُمِعَ",
        "global_word_sequence_number": 74567,
        "global_verse_sequence_number": 5560
    },
    {
        "chapter": 75,
        "verse": 9,
        "juz": 29,
        "hizb": 231,
        "manzil": 7,
        "ruku": 512,
        "word_number_in_verse": 2,
        "language_code": "bn",
        "text": "সূর্য",
        "root_word": "الشَّمۡسُ",
        "global_word_sequence_number": 74568,
        "global_verse_sequence_number": 5560
    },
    {
        "chapter": 75,
        "verse": 9,
        "juz": 29,
        "hizb": 231,
        "manzil": 7,
        "ruku": 512,
        "word_number_in_verse": 3,
        "language_code": "bn",
        "text": "ও চাঁদ",
        "root_word": "وَالۡقَمَرُ",
        "global_word_sequence_number": 74569,
        "global_verse_sequence_number": 5560
    },
    {
        "chapter": 75,
        "verse": 10,
        "juz": 29,
        "hizb": 231,
        "manzil": 7,
        "ruku": 512,
        "word_number_in_verse": 1,
        "language_code": "bn",
        "text": "বলবে",
        "root_word": "يَقُولُ",
        "global_word_sequence_number": 74570,
        "global_verse_sequence_number": 5561
    },
    {
        "chapter": 75,
        "verse": 10,
        "juz": 29,
        "hizb": 231,
        "manzil": 7,
        "ruku": 512,
        "word_number_in_verse": 2,
        "language_code": "bn",
        "text": "মানুষ",
        "root_word": "الۡإِنسَٰنُ",
        "global_word_sequence_number": 74571,
        "global_verse_sequence_number": 5561
    },
    {
        "chapter": 75,
        "verse": 10,
        "juz": 29,
        "hizb": 231,
        "manzil": 7,
        "ruku": 512,
        "word_number_in_verse": 3,
        "language_code": "bn",
        "text": "সেই দিন",
        "root_word": "يَوۡمَئِذٍ",
        "global_word_sequence_number": 74572,
        "global_verse_sequence_number": 5561
    },
    {
        "chapter": 75,
        "verse": 10,
        "juz": 29,
        "hizb": 231,
        "manzil": 7,
        "ruku": 512,
        "word_number_in_verse": 4,
        "language_code": "bn",
        "text": "\"কোথায়",
        "root_word": "أَيۡنَ",
        "global_word_sequence_number": 74573,
        "global_verse_sequence_number": 5561
    },
    {
        "chapter": 75,
        "verse": 10,
        "juz": 29,
        "hizb": 231,
        "manzil": 7,
        "ruku": 512,
        "word_number_in_verse": 5,
        "language_code": "bn",
        "text": "পালাবার জায়গা\"",
        "root_word": "الۡمَفَرُّ",
        "global_word_sequence_number": 74574,
        "global_verse_sequence_number": 5561
    },
    {
        "chapter": 75,
        "verse": 11,
        "juz": 29,
        "hizb": 231,
        "manzil": 7,
        "ruku": 512,
        "word_number_in_verse": 1,
        "language_code": "bn",
        "text": "কক্ষন না",
        "root_word": "كـَلَّا",
        "global_word_sequence_number": 74575,
        "global_verse_sequence_number": 5562
    },
    {
        "chapter": 75,
        "verse": 11,
        "juz": 29,
        "hizb": 231,
        "manzil": 7,
        "ruku": 512,
        "word_number_in_verse": 2,
        "language_code": "bn",
        "text": "নাই",
        "root_word": "لَا",
        "global_word_sequence_number": 74576,
        "global_verse_sequence_number": 5562
    },
    {
        "chapter": 75,
        "verse": 11,
        "juz": 29,
        "hizb": 231,
        "manzil": 7,
        "ruku": 512,
        "word_number_in_verse": 3,
        "language_code": "bn",
        "text": "আশ্রয় স্থল",
        "root_word": "وَزَرَ",
        "global_word_sequence_number": 74577,
        "global_verse_sequence_number": 5562
    },
    {
        "chapter": 75,
        "verse": 12,
        "juz": 29,
        "hizb": 231,
        "manzil": 7,
        "ruku": 512,
        "word_number_in_verse": 1,
        "language_code": "bn",
        "text": "দিকে",
        "root_word": "إِلَىٰ",
        "global_word_sequence_number": 74578,
        "global_verse_sequence_number": 5563
    },
    {
        "chapter": 75,
        "verse": 12,
        "juz": 29,
        "hizb": 231,
        "manzil": 7,
        "ruku": 512,
        "word_number_in_verse": 2,
        "language_code": "bn",
        "text": "তোমার রবের",
        "root_word": "رَبِّكَ",
        "global_word_sequence_number": 74579,
        "global_verse_sequence_number": 5563
    },
    {
        "chapter": 75,
        "verse": 12,
        "juz": 29,
        "hizb": 231,
        "manzil": 7,
        "ruku": 512,
        "word_number_in_verse": 3,
        "language_code": "bn",
        "text": "সেদিন",
        "root_word": "يَوۡمَئِذٍ",
        "global_word_sequence_number": 74580,
        "global_verse_sequence_number": 5563
    },
    {
        "chapter": 75,
        "verse": 12,
        "juz": 29,
        "hizb": 231,
        "manzil": 7,
        "ruku": 512,
        "word_number_in_verse": 4,
        "language_code": "bn",
        "text": "অবস্থানহল",
        "root_word": "الۡمُسۡتَقَرُّ",
        "global_word_sequence_number": 74581,
        "global_verse_sequence_number": 5563
    },
    {
        "chapter": 75,
        "verse": 13,
        "juz": 29,
        "hizb": 231,
        "manzil": 7,
        "ruku": 512,
        "word_number_in_verse": 1,
        "language_code": "bn",
        "text": "জানিয়ে দেয়া হবে",
        "root_word": "يُنَبَّؤُاْ",
        "global_word_sequence_number": 74582,
        "global_verse_sequence_number": 5564
    },
    {
        "chapter": 75,
        "verse": 13,
        "juz": 29,
        "hizb": 231,
        "manzil": 7,
        "ruku": 512,
        "word_number_in_verse": 2,
        "language_code": "bn",
        "text": "মানুষ কে",
        "root_word": "الۡإِنسَٰنُ",
        "global_word_sequence_number": 74583,
        "global_verse_sequence_number": 5564
    },
    {
        "chapter": 75,
        "verse": 13,
        "juz": 29,
        "hizb": 231,
        "manzil": 7,
        "ruku": 512,
        "word_number_in_verse": 3,
        "language_code": "bn",
        "text": "সেদিন",
        "root_word": "يَوۡمَئِذِۭ",
        "global_word_sequence_number": 74584,
        "global_verse_sequence_number": 5564
    },
    {
        "chapter": 75,
        "verse": 13,
        "juz": 29,
        "hizb": 231,
        "manzil": 7,
        "ruku": 512,
        "word_number_in_verse": 4,
        "language_code": "bn",
        "text": "যা ওই বিষয়ে",
        "root_word": "بِمَا",
        "global_word_sequence_number": 74585,
        "global_verse_sequence_number": 5564
    },
    {
        "chapter": 75,
        "verse": 13,
        "juz": 29,
        "hizb": 231,
        "manzil": 7,
        "ruku": 512,
        "word_number_in_verse": 5,
        "language_code": "bn",
        "text": "সে আগে পাঠিয়েছে",
        "root_word": "قَدَّمَ",
        "global_word_sequence_number": 74586,
        "global_verse_sequence_number": 5564
    },
    {
        "chapter": 75,
        "verse": 13,
        "juz": 29,
        "hizb": 231,
        "manzil": 7,
        "ruku": 512,
        "word_number_in_verse": 6,
        "language_code": "bn",
        "text": "এবং পিছে ছেড়েছে",
        "root_word": "وَأَخَّرَ",
        "global_word_sequence_number": 74587,
        "global_verse_sequence_number": 5564
    },
    {
        "chapter": 75,
        "verse": 14,
        "juz": 29,
        "hizb": 231,
        "manzil": 7,
        "ruku": 512,
        "word_number_in_verse": 1,
        "language_code": "bn",
        "text": "বরং",
        "root_word": "بَلِ",
        "global_word_sequence_number": 74588,
        "global_verse_sequence_number": 5565
    },
    {
        "chapter": 75,
        "verse": 14,
        "juz": 29,
        "hizb": 231,
        "manzil": 7,
        "ruku": 512,
        "word_number_in_verse": 2,
        "language_code": "bn",
        "text": "মানুষ",
        "root_word": "الۡإِنسَٰنُ",
        "global_word_sequence_number": 74589,
        "global_verse_sequence_number": 5565
    },
    {
        "chapter": 75,
        "verse": 14,
        "juz": 29,
        "hizb": 231,
        "manzil": 7,
        "ruku": 512,
        "word_number_in_verse": 3,
        "language_code": "bn",
        "text": "সম্পর্কে",
        "root_word": "عَلَىٰ",
        "global_word_sequence_number": 74590,
        "global_verse_sequence_number": 5565
    },
    {
        "chapter": 75,
        "verse": 14,
        "juz": 29,
        "hizb": 231,
        "manzil": 7,
        "ruku": 512,
        "word_number_in_verse": 4,
        "language_code": "bn",
        "text": "তার নিজের",
        "root_word": "نَفۡسِهِۦ",
        "global_word_sequence_number": 74591,
        "global_verse_sequence_number": 5565
    },
    {
        "chapter": 75,
        "verse": 14,
        "juz": 29,
        "hizb": 231,
        "manzil": 7,
        "ruku": 512,
        "word_number_in_verse": 5,
        "language_code": "bn",
        "text": "খুব অবগত",
        "root_word": "بَصِيرَةٞ",
        "global_word_sequence_number": 74592,
        "global_verse_sequence_number": 5565
    },
    {
        "chapter": 75,
        "verse": 15,
        "juz": 29,
        "hizb": 231,
        "manzil": 7,
        "ruku": 512,
        "word_number_in_verse": 1,
        "language_code": "bn",
        "text": "এবং যদিও",
        "root_word": "وَلَوۡ",
        "global_word_sequence_number": 74593,
        "global_verse_sequence_number": 5566
    },
    {
        "chapter": 75,
        "verse": 15,
        "juz": 29,
        "hizb": 231,
        "manzil": 7,
        "ruku": 512,
        "word_number_in_verse": 2,
        "language_code": "bn",
        "text": "পেশ করে সে",
        "root_word": "أَلۡقَىٰ",
        "global_word_sequence_number": 74594,
        "global_verse_sequence_number": 5566
    },
    {
        "chapter": 75,
        "verse": 15,
        "juz": 29,
        "hizb": 231,
        "manzil": 7,
        "ruku": 512,
        "word_number_in_verse": 3,
        "language_code": "bn",
        "text": "তার অজুহাত সমূহ",
        "root_word": "مَعَاذِيرَهُۥ",
        "global_word_sequence_number": 74595,
        "global_verse_sequence_number": 5566
    },
    {
        "chapter": 75,
        "verse": 16,
        "juz": 29,
        "hizb": 231,
        "manzil": 7,
        "ruku": 512,
        "word_number_in_verse": 1,
        "language_code": "bn",
        "text": "না",
        "root_word": "لَا",
        "global_word_sequence_number": 74596,
        "global_verse_sequence_number": 5567
    },
    {
        "chapter": 75,
        "verse": 16,
        "juz": 29,
        "hizb": 231,
        "manzil": 7,
        "ruku": 512,
        "word_number_in_verse": 2,
        "language_code": "bn",
        "text": "নাড়াবে",
        "root_word": "تُحَرِّكۡ",
        "global_word_sequence_number": 74597,
        "global_verse_sequence_number": 5567
    },
    {
        "chapter": 75,
        "verse": 16,
        "juz": 29,
        "hizb": 231,
        "manzil": 7,
        "ruku": 512,
        "word_number_in_verse": 3,
        "language_code": "bn",
        "text": "এর সাথে",
        "root_word": "بِهِۦ",
        "global_word_sequence_number": 74598,
        "global_verse_sequence_number": 5567
    },
    {
        "chapter": 75,
        "verse": 16,
        "juz": 29,
        "hizb": 231,
        "manzil": 7,
        "ruku": 512,
        "word_number_in_verse": 4,
        "language_code": "bn",
        "text": "তোমার জিহ্বা",
        "root_word": "لِسَانَكَ",
        "global_word_sequence_number": 74599,
        "global_verse_sequence_number": 5567
    },
    {
        "chapter": 75,
        "verse": 16,
        "juz": 29,
        "hizb": 231,
        "manzil": 7,
        "ruku": 512,
        "word_number_in_verse": 5,
        "language_code": "bn",
        "text": "তাড়াতাড়ির জন্য",
        "root_word": "لِتَعۡجَلَ",
        "global_word_sequence_number": 74600,
        "global_verse_sequence_number": 5567
    },
    {
        "chapter": 75,
        "verse": 16,
        "juz": 29,
        "hizb": 231,
        "manzil": 7,
        "ruku": 512,
        "word_number_in_verse": 6,
        "language_code": "bn",
        "text": "এর সাথে",
        "root_word": "بِهِۦٓ",
        "global_word_sequence_number": 74601,
        "global_verse_sequence_number": 5567
    },
    {
        "chapter": 75,
        "verse": 17,
        "juz": 29,
        "hizb": 231,
        "manzil": 7,
        "ruku": 512,
        "word_number_in_verse": 1,
        "language_code": "bn",
        "text": "নিশ্চয়",
        "root_word": "إِنَّ",
        "global_word_sequence_number": 74602,
        "global_verse_sequence_number": 5568
    },
    {
        "chapter": 75,
        "verse": 17,
        "juz": 29,
        "hizb": 231,
        "manzil": 7,
        "ruku": 512,
        "word_number_in_verse": 2,
        "language_code": "bn",
        "text": "আমাদের দায়িত্ব",
        "root_word": "عَلَيۡنَا",
        "global_word_sequence_number": 74603,
        "global_verse_sequence_number": 5568
    },
    {
        "chapter": 75,
        "verse": 17,
        "juz": 29,
        "hizb": 231,
        "manzil": 7,
        "ruku": 512,
        "word_number_in_verse": 3,
        "language_code": "bn",
        "text": "তা মুখস্ত করান",
        "root_word": "جَمۡعَهُۥ",
        "global_word_sequence_number": 74604,
        "global_verse_sequence_number": 5568
    },
    {
        "chapter": 75,
        "verse": 17,
        "juz": 29,
        "hizb": 231,
        "manzil": 7,
        "ruku": 512,
        "word_number_in_verse": 4,
        "language_code": "bn",
        "text": "এবং তা পাঠ করান",
        "root_word": "وَقُرۡءَانَهُۥ",
        "global_word_sequence_number": 74605,
        "global_verse_sequence_number": 5568
    },
    {
        "chapter": 75,
        "verse": 18,
        "juz": 29,
        "hizb": 231,
        "manzil": 7,
        "ruku": 512,
        "word_number_in_verse": 1,
        "language_code": "bn",
        "text": "যখন অতঃপর",
        "root_word": "فَإِذَا",
        "global_word_sequence_number": 74606,
        "global_verse_sequence_number": 5569
    },
    {
        "chapter": 75,
        "verse": 18,
        "juz": 29,
        "hizb": 231,
        "manzil": 7,
        "ruku": 512,
        "word_number_in_verse": 2,
        "language_code": "bn",
        "text": "তা আমরা পড়ি",
        "root_word": "قَرَأۡنَٰهُ",
        "global_word_sequence_number": 74607,
        "global_verse_sequence_number": 5569
    },
    {
        "chapter": 75,
        "verse": 18,
        "juz": 29,
        "hizb": 231,
        "manzil": 7,
        "ruku": 512,
        "word_number_in_verse": 3,
        "language_code": "bn",
        "text": "অনিুসরণ তখন করো",
        "root_word": "فَاتَّبِعۡ",
        "global_word_sequence_number": 74608,
        "global_verse_sequence_number": 5569
    },
    {
        "chapter": 75,
        "verse": 18,
        "juz": 29,
        "hizb": 231,
        "manzil": 7,
        "ruku": 512,
        "word_number_in_verse": 4,
        "language_code": "bn",
        "text": "তা পাঠের",
        "root_word": "قُرۡءَانَهُۥ",
        "global_word_sequence_number": 74609,
        "global_verse_sequence_number": 5569
    },
    {
        "chapter": 75,
        "verse": 19,
        "juz": 29,
        "hizb": 231,
        "manzil": 7,
        "ruku": 512,
        "word_number_in_verse": 1,
        "language_code": "bn",
        "text": "অতঃপর",
        "root_word": "ثُمَّ",
        "global_word_sequence_number": 74610,
        "global_verse_sequence_number": 5570
    },
    {
        "chapter": 75,
        "verse": 19,
        "juz": 29,
        "hizb": 231,
        "manzil": 7,
        "ruku": 512,
        "word_number_in_verse": 2,
        "language_code": "bn",
        "text": "নিশ্চয়",
        "root_word": "إِنَّ",
        "global_word_sequence_number": 74611,
        "global_verse_sequence_number": 5570
    },
    {
        "chapter": 75,
        "verse": 19,
        "juz": 29,
        "hizb": 231,
        "manzil": 7,
        "ruku": 512,
        "word_number_in_verse": 3,
        "language_code": "bn",
        "text": "আমাদের দায়িত্ব",
        "root_word": "عَلَيۡنَا",
        "global_word_sequence_number": 74612,
        "global_verse_sequence_number": 5570
    },
    {
        "chapter": 75,
        "verse": 19,
        "juz": 29,
        "hizb": 231,
        "manzil": 7,
        "ruku": 512,
        "word_number_in_verse": 4,
        "language_code": "bn",
        "text": "তা ব্যাখ্যা দেয়া",
        "root_word": "بَيَانَهُۥ",
        "global_word_sequence_number": 74613,
        "global_verse_sequence_number": 5570
    },
    {
        "chapter": 75,
        "verse": 20,
        "juz": 29,
        "hizb": 231,
        "manzil": 7,
        "ruku": 512,
        "word_number_in_verse": 1,
        "language_code": "bn",
        "text": "কক্ষন না",
        "root_word": "كـَلَّا",
        "global_word_sequence_number": 74614,
        "global_verse_sequence_number": 5571
    },
    {
        "chapter": 75,
        "verse": 20,
        "juz": 29,
        "hizb": 231,
        "manzil": 7,
        "ruku": 512,
        "word_number_in_verse": 2,
        "language_code": "bn",
        "text": "বরং",
        "root_word": "بَلۡ",
        "global_word_sequence_number": 74615,
        "global_verse_sequence_number": 5571
    },
    {
        "chapter": 75,
        "verse": 20,
        "juz": 29,
        "hizb": 231,
        "manzil": 7,
        "ruku": 512,
        "word_number_in_verse": 3,
        "language_code": "bn",
        "text": "তোমরা পছন্দ করো",
        "root_word": "تُحِبُّونَ",
        "global_word_sequence_number": 74616,
        "global_verse_sequence_number": 5571
    },
    {
        "chapter": 75,
        "verse": 20,
        "juz": 29,
        "hizb": 231,
        "manzil": 7,
        "ruku": 512,
        "word_number_in_verse": 4,
        "language_code": "bn",
        "text": "পার্থিব জীবন",
        "root_word": "الۡعَاجِلَةَ",
        "global_word_sequence_number": 74617,
        "global_verse_sequence_number": 5571
    },
    {
        "chapter": 75,
        "verse": 21,
        "juz": 29,
        "hizb": 231,
        "manzil": 7,
        "ruku": 512,
        "word_number_in_verse": 1,
        "language_code": "bn",
        "text": "এবং তোমরা উপেক্ষা করো",
        "root_word": "وَتَذَرُونَ",
        "global_word_sequence_number": 74618,
        "global_verse_sequence_number": 5572
    },
    {
        "chapter": 75,
        "verse": 21,
        "juz": 29,
        "hizb": 231,
        "manzil": 7,
        "ruku": 512,
        "word_number_in_verse": 2,
        "language_code": "bn",
        "text": "পরকাল",
        "root_word": "الۡأٓخِرَةَ",
        "global_word_sequence_number": 74619,
        "global_verse_sequence_number": 5572
    },
    {
        "chapter": 75,
        "verse": 22,
        "juz": 29,
        "hizb": 231,
        "manzil": 7,
        "ruku": 512,
        "word_number_in_verse": 1,
        "language_code": "bn",
        "text": "কিছুু মুখ",
        "root_word": "وُجُوهٞ",
        "global_word_sequence_number": 74620,
        "global_verse_sequence_number": 5573
    },
    {
        "chapter": 75,
        "verse": 22,
        "juz": 29,
        "hizb": 231,
        "manzil": 7,
        "ruku": 512,
        "word_number_in_verse": 2,
        "language_code": "bn",
        "text": "সে দিন",
        "root_word": "يَوۡمَئِذٖ",
        "global_word_sequence_number": 74621,
        "global_verse_sequence_number": 5573
    },
    {
        "chapter": 75,
        "verse": 22,
        "juz": 29,
        "hizb": 231,
        "manzil": 7,
        "ruku": 512,
        "word_number_in_verse": 3,
        "language_code": "bn",
        "text": "উজ্জ্বল হবে",
        "root_word": "نَّاضِرَةٌ",
        "global_word_sequence_number": 74622,
        "global_verse_sequence_number": 5573
    },
    {
        "chapter": 75,
        "verse": 23,
        "juz": 29,
        "hizb": 231,
        "manzil": 7,
        "ruku": 512,
        "word_number_in_verse": 1,
        "language_code": "bn",
        "text": "দিকে",
        "root_word": "إِلَىٰ",
        "global_word_sequence_number": 74623,
        "global_verse_sequence_number": 5574
    },
    {
        "chapter": 75,
        "verse": 23,
        "juz": 29,
        "hizb": 231,
        "manzil": 7,
        "ruku": 512,
        "word_number_in_verse": 2,
        "language_code": "bn",
        "text": "তার রবের",
        "root_word": "رَبِّهَا",
        "global_word_sequence_number": 74624,
        "global_verse_sequence_number": 5574
    },
    {
        "chapter": 75,
        "verse": 23,
        "juz": 29,
        "hizb": 231,
        "manzil": 7,
        "ruku": 512,
        "word_number_in_verse": 3,
        "language_code": "bn",
        "text": "দৃষ্টিমান হবে",
        "root_word": "نَاظِرَةٞ",
        "global_word_sequence_number": 74625,
        "global_verse_sequence_number": 5574
    },
    {
        "chapter": 75,
        "verse": 24,
        "juz": 29,
        "hizb": 231,
        "manzil": 7,
        "ruku": 512,
        "word_number_in_verse": 1,
        "language_code": "bn",
        "text": "এবং কিছু মুখ",
        "root_word": "وَوُجُوهٞ",
        "global_word_sequence_number": 74626,
        "global_verse_sequence_number": 5575
    },
    {
        "chapter": 75,
        "verse": 24,
        "juz": 29,
        "hizb": 231,
        "manzil": 7,
        "ruku": 512,
        "word_number_in_verse": 2,
        "language_code": "bn",
        "text": "সে দিন",
        "root_word": "يَوۡمَئِذِۭ",
        "global_word_sequence_number": 74627,
        "global_verse_sequence_number": 5575
    },
    {
        "chapter": 75,
        "verse": 24,
        "juz": 29,
        "hizb": 231,
        "manzil": 7,
        "ruku": 512,
        "word_number_in_verse": 3,
        "language_code": "bn",
        "text": "স্লান হবে",
        "root_word": "بَاسِرَةٞ",
        "global_word_sequence_number": 74628,
        "global_verse_sequence_number": 5575
    },
    {
        "chapter": 75,
        "verse": 25,
        "juz": 29,
        "hizb": 231,
        "manzil": 7,
        "ruku": 512,
        "word_number_in_verse": 1,
        "language_code": "bn",
        "text": "ধারণা করবে",
        "root_word": "تَظُنُّ",
        "global_word_sequence_number": 74629,
        "global_verse_sequence_number": 5576
    },
    {
        "chapter": 75,
        "verse": 25,
        "juz": 29,
        "hizb": 231,
        "manzil": 7,
        "ruku": 512,
        "word_number_in_verse": 2,
        "language_code": "bn",
        "text": "যে",
        "root_word": "أَن",
        "global_word_sequence_number": 74630,
        "global_verse_sequence_number": 5576
    },
    {
        "chapter": 75,
        "verse": 25,
        "juz": 29,
        "hizb": 231,
        "manzil": 7,
        "ruku": 512,
        "word_number_in_verse": 3,
        "language_code": "bn",
        "text": "করা হবে",
        "root_word": "يُفۡعَلَ",
        "global_word_sequence_number": 74631,
        "global_verse_sequence_number": 5576
    },
    {
        "chapter": 75,
        "verse": 25,
        "juz": 29,
        "hizb": 231,
        "manzil": 7,
        "ruku": 512,
        "word_number_in_verse": 4,
        "language_code": "bn",
        "text": "তার সাথে",
        "root_word": "بِهَا",
        "global_word_sequence_number": 74632,
        "global_verse_sequence_number": 5576
    },
    {
        "chapter": 75,
        "verse": 25,
        "juz": 29,
        "hizb": 231,
        "manzil": 7,
        "ruku": 512,
        "word_number_in_verse": 5,
        "language_code": "bn",
        "text": "কোমর চূর্ণ আচরণ",
        "root_word": "فَاقِرَةٞ",
        "global_word_sequence_number": 74633,
        "global_verse_sequence_number": 5576
    },
    {
        "chapter": 75,
        "verse": 26,
        "juz": 29,
        "hizb": 231,
        "manzil": 7,
        "ruku": 512,
        "word_number_in_verse": 1,
        "language_code": "bn",
        "text": "কক্ষন না",
        "root_word": "كـَلَّآ",
        "global_word_sequence_number": 74634,
        "global_verse_sequence_number": 5577
    },
    {
        "chapter": 75,
        "verse": 26,
        "juz": 29,
        "hizb": 231,
        "manzil": 7,
        "ruku": 512,
        "word_number_in_verse": 2,
        "language_code": "bn",
        "text": "যখন",
        "root_word": "إِذَا",
        "global_word_sequence_number": 74635,
        "global_verse_sequence_number": 5577
    },
    {
        "chapter": 75,
        "verse": 26,
        "juz": 29,
        "hizb": 231,
        "manzil": 7,
        "ruku": 512,
        "word_number_in_verse": 3,
        "language_code": "bn",
        "text": "পৌছবে",
        "root_word": "بَلَغَتِ",
        "global_word_sequence_number": 74636,
        "global_verse_sequence_number": 5577
    },
    {
        "chapter": 75,
        "verse": 26,
        "juz": 29,
        "hizb": 231,
        "manzil": 7,
        "ruku": 512,
        "word_number_in_verse": 4,
        "language_code": "bn",
        "text": "কণ্ঠ দেশে (প্রাণ)",
        "root_word": "التَّرَاقِيَ",
        "global_word_sequence_number": 74637,
        "global_verse_sequence_number": 5577
    },
    {
        "chapter": 75,
        "verse": 27,
        "juz": 29,
        "hizb": 231,
        "manzil": 7,
        "ruku": 512,
        "word_number_in_verse": 1,
        "language_code": "bn",
        "text": "এবং বলা হবে",
        "root_word": "وَقِيلَ",
        "global_word_sequence_number": 74638,
        "global_verse_sequence_number": 5578
    },
    {
        "chapter": 75,
        "verse": 27,
        "juz": 29,
        "hizb": 231,
        "manzil": 7,
        "ruku": 512,
        "word_number_in_verse": 2,
        "language_code": "bn",
        "text": "\"কে",
        "root_word": "مَنۡۜ",
        "global_word_sequence_number": 74639,
        "global_verse_sequence_number": 5578
    },
    {
        "chapter": 75,
        "verse": 27,
        "juz": 29,
        "hizb": 231,
        "manzil": 7,
        "ruku": 512,
        "word_number_in_verse": 3,
        "language_code": "bn",
        "text": "ঝাড়ফুককারী\"",
        "root_word": "رَاقٖ",
        "global_word_sequence_number": 74640,
        "global_verse_sequence_number": 5578
    },
    {
        "chapter": 75,
        "verse": 28,
        "juz": 29,
        "hizb": 231,
        "manzil": 7,
        "ruku": 512,
        "word_number_in_verse": 1,
        "language_code": "bn",
        "text": "এবং সে মনে করবে",
        "root_word": "وَظَنَّ",
        "global_word_sequence_number": 74641,
        "global_verse_sequence_number": 5579
    },
    {
        "chapter": 75,
        "verse": 28,
        "juz": 29,
        "hizb": 231,
        "manzil": 7,
        "ruku": 512,
        "word_number_in_verse": 2,
        "language_code": "bn",
        "text": "তার যে",
        "root_word": "أَنَّهُ",
        "global_word_sequence_number": 74642,
        "global_verse_sequence_number": 5579
    },
    {
        "chapter": 75,
        "verse": 28,
        "juz": 29,
        "hizb": 231,
        "manzil": 7,
        "ruku": 512,
        "word_number_in_verse": 3,
        "language_code": "bn",
        "text": "বিদায়ক্ষণ",
        "root_word": "الۡفِرَاقُ",
        "global_word_sequence_number": 74643,
        "global_verse_sequence_number": 5579
    },
    {
        "chapter": 75,
        "verse": 29,
        "juz": 29,
        "hizb": 231,
        "manzil": 7,
        "ruku": 512,
        "word_number_in_verse": 1,
        "language_code": "bn",
        "text": "এবং জড়িয়ে যাবে",
        "root_word": "وَالۡتَفَّتِ",
        "global_word_sequence_number": 74644,
        "global_verse_sequence_number": 5580
    },
    {
        "chapter": 75,
        "verse": 29,
        "juz": 29,
        "hizb": 231,
        "manzil": 7,
        "ruku": 512,
        "word_number_in_verse": 2,
        "language_code": "bn",
        "text": "পিন্ডলির",
        "root_word": "السَّاقُ",
        "global_word_sequence_number": 74645,
        "global_verse_sequence_number": 5580
    },
    {
        "chapter": 75,
        "verse": 29,
        "juz": 29,
        "hizb": 231,
        "manzil": 7,
        "ruku": 512,
        "word_number_in_verse": 3,
        "language_code": "bn",
        "text": "পিন্ডলি সাথে",
        "root_word": "بِالسَّاقِ",
        "global_word_sequence_number": 74646,
        "global_verse_sequence_number": 5580
    },
    {
        "chapter": 75,
        "verse": 30,
        "juz": 29,
        "hizb": 231,
        "manzil": 7,
        "ruku": 512,
        "word_number_in_verse": 1,
        "language_code": "bn",
        "text": "দিকে",
        "root_word": "إِلَىٰ",
        "global_word_sequence_number": 74647,
        "global_verse_sequence_number": 5581
    },
    {
        "chapter": 75,
        "verse": 30,
        "juz": 29,
        "hizb": 231,
        "manzil": 7,
        "ruku": 512,
        "word_number_in_verse": 2,
        "language_code": "bn",
        "text": "তোমার রবের",
        "root_word": "رَبِّكَ",
        "global_word_sequence_number": 74648,
        "global_verse_sequence_number": 5581
    },
    {
        "chapter": 75,
        "verse": 30,
        "juz": 29,
        "hizb": 231,
        "manzil": 7,
        "ruku": 512,
        "word_number_in_verse": 3,
        "language_code": "bn",
        "text": "সে দিন",
        "root_word": "يَوۡمَئِذٍ",
        "global_word_sequence_number": 74649,
        "global_verse_sequence_number": 5581
    },
    {
        "chapter": 75,
        "verse": 30,
        "juz": 29,
        "hizb": 231,
        "manzil": 7,
        "ruku": 512,
        "word_number_in_verse": 4,
        "language_code": "bn",
        "text": "যাত্রা",
        "root_word": "الۡمَسَاقُ",
        "global_word_sequence_number": 74650,
        "global_verse_sequence_number": 5581
    },
    {
        "chapter": 75,
        "verse": 31,
        "juz": 29,
        "hizb": 231,
        "manzil": 7,
        "ruku": 513,
        "word_number_in_verse": 1,
        "language_code": "bn",
        "text": "না অতঃপর",
        "root_word": "فَلَا",
        "global_word_sequence_number": 74651,
        "global_verse_sequence_number": 5582
    },
    {
        "chapter": 75,
        "verse": 31,
        "juz": 29,
        "hizb": 231,
        "manzil": 7,
        "ruku": 513,
        "word_number_in_verse": 2,
        "language_code": "bn",
        "text": "সত্য মানল",
        "root_word": "صَدَّقَ",
        "global_word_sequence_number": 74652,
        "global_verse_sequence_number": 5582
    },
    {
        "chapter": 75,
        "verse": 31,
        "juz": 29,
        "hizb": 231,
        "manzil": 7,
        "ruku": 513,
        "word_number_in_verse": 3,
        "language_code": "bn",
        "text": "এবং না",
        "root_word": "وَلَا",
        "global_word_sequence_number": 74653,
        "global_verse_sequence_number": 5582
    },
    {
        "chapter": 75,
        "verse": 31,
        "juz": 29,
        "hizb": 231,
        "manzil": 7,
        "ruku": 513,
        "word_number_in_verse": 4,
        "language_code": "bn",
        "text": "নামায পড়ল",
        "root_word": "صَلَّىٰ",
        "global_word_sequence_number": 74654,
        "global_verse_sequence_number": 5582
    },
    {
        "chapter": 75,
        "verse": 32,
        "juz": 29,
        "hizb": 231,
        "manzil": 7,
        "ruku": 513,
        "word_number_in_verse": 1,
        "language_code": "bn",
        "text": "বরং",
        "root_word": "وَلَٰكِن",
        "global_word_sequence_number": 74655,
        "global_verse_sequence_number": 5583
    },
    {
        "chapter": 75,
        "verse": 32,
        "juz": 29,
        "hizb": 231,
        "manzil": 7,
        "ruku": 513,
        "word_number_in_verse": 2,
        "language_code": "bn",
        "text": "মিথ্যারোপ করল",
        "root_word": "كَذَّبَ",
        "global_word_sequence_number": 74656,
        "global_verse_sequence_number": 5583
    },
    {
        "chapter": 75,
        "verse": 32,
        "juz": 29,
        "hizb": 231,
        "manzil": 7,
        "ruku": 513,
        "word_number_in_verse": 3,
        "language_code": "bn",
        "text": "ও ফিরে গেল",
        "root_word": "وَتَوَلَّىٰ",
        "global_word_sequence_number": 74657,
        "global_verse_sequence_number": 5583
    },
    {
        "chapter": 75,
        "verse": 33,
        "juz": 29,
        "hizb": 231,
        "manzil": 7,
        "ruku": 513,
        "word_number_in_verse": 1,
        "language_code": "bn",
        "text": "পরে",
        "root_word": "ثُمَّ",
        "global_word_sequence_number": 74658,
        "global_verse_sequence_number": 5584
    },
    {
        "chapter": 75,
        "verse": 33,
        "juz": 29,
        "hizb": 231,
        "manzil": 7,
        "ruku": 513,
        "word_number_in_verse": 2,
        "language_code": "bn",
        "text": "গেল",
        "root_word": "ذَهَبَ",
        "global_word_sequence_number": 74659,
        "global_verse_sequence_number": 5584
    },
    {
        "chapter": 75,
        "verse": 33,
        "juz": 29,
        "hizb": 231,
        "manzil": 7,
        "ruku": 513,
        "word_number_in_verse": 3,
        "language_code": "bn",
        "text": "দিকে",
        "root_word": "إِلَىٰٓ",
        "global_word_sequence_number": 74660,
        "global_verse_sequence_number": 5584
    },
    {
        "chapter": 75,
        "verse": 33,
        "juz": 29,
        "hizb": 231,
        "manzil": 7,
        "ruku": 513,
        "word_number_in_verse": 4,
        "language_code": "bn",
        "text": "পরিবারের তার",
        "root_word": "أَهۡلِهِۦ",
        "global_word_sequence_number": 74661,
        "global_verse_sequence_number": 5584
    },
    {
        "chapter": 75,
        "verse": 33,
        "juz": 29,
        "hizb": 231,
        "manzil": 7,
        "ruku": 513,
        "word_number_in_verse": 5,
        "language_code": "bn",
        "text": "সদম্ভে",
        "root_word": "يَتَمَطَّىٰٓ",
        "global_word_sequence_number": 74662,
        "global_verse_sequence_number": 5584
    },
    {
        "chapter": 75,
        "verse": 34,
        "juz": 29,
        "hizb": 231,
        "manzil": 7,
        "ruku": 513,
        "word_number_in_verse": 1,
        "language_code": "bn",
        "text": "দুর্ভোগ",
        "root_word": "أَوۡلَىٰ",
        "global_word_sequence_number": 74663,
        "global_verse_sequence_number": 5585
    },
    {
        "chapter": 75,
        "verse": 34,
        "juz": 29,
        "hizb": 231,
        "manzil": 7,
        "ruku": 513,
        "word_number_in_verse": 2,
        "language_code": "bn",
        "text": "তোমার জন্যে",
        "root_word": "لَكَ",
        "global_word_sequence_number": 74664,
        "global_verse_sequence_number": 5585
    },
    {
        "chapter": 75,
        "verse": 34,
        "juz": 29,
        "hizb": 231,
        "manzil": 7,
        "ruku": 513,
        "word_number_in_verse": 3,
        "language_code": "bn",
        "text": "অতঃপর দুর্ভোগ",
        "root_word": "فَأَوۡلَىٰ",
        "global_word_sequence_number": 74665,
        "global_verse_sequence_number": 5585
    },
    {
        "chapter": 75,
        "verse": 35,
        "juz": 29,
        "hizb": 231,
        "manzil": 7,
        "ruku": 513,
        "word_number_in_verse": 1,
        "language_code": "bn",
        "text": "এরপর",
        "root_word": "ثُمَّ",
        "global_word_sequence_number": 74666,
        "global_verse_sequence_number": 5586
    },
    {
        "chapter": 75,
        "verse": 35,
        "juz": 29,
        "hizb": 231,
        "manzil": 7,
        "ruku": 513,
        "word_number_in_verse": 2,
        "language_code": "bn",
        "text": "দুুর্ভোগ",
        "root_word": "أَوۡلَىٰ",
        "global_word_sequence_number": 74667,
        "global_verse_sequence_number": 5586
    },
    {
        "chapter": 75,
        "verse": 35,
        "juz": 29,
        "hizb": 231,
        "manzil": 7,
        "ruku": 513,
        "word_number_in_verse": 3,
        "language_code": "bn",
        "text": "তোমার জন্য",
        "root_word": "لَكَ",
        "global_word_sequence_number": 74668,
        "global_verse_sequence_number": 5586
    },
    {
        "chapter": 75,
        "verse": 35,
        "juz": 29,
        "hizb": 231,
        "manzil": 7,
        "ruku": 513,
        "word_number_in_verse": 4,
        "language_code": "bn",
        "text": "দুর্ভোগ অতঃপর",
        "root_word": "فَأَوۡلَىٰٓ",
        "global_word_sequence_number": 74669,
        "global_verse_sequence_number": 5586
    },
    {
        "chapter": 75,
        "verse": 36,
        "juz": 29,
        "hizb": 231,
        "manzil": 7,
        "ruku": 513,
        "word_number_in_verse": 1,
        "language_code": "bn",
        "text": "মনে করেছ কি",
        "root_word": "أَيَحۡسَبُ",
        "global_word_sequence_number": 74670,
        "global_verse_sequence_number": 5587
    },
    {
        "chapter": 75,
        "verse": 36,
        "juz": 29,
        "hizb": 231,
        "manzil": 7,
        "ruku": 513,
        "word_number_in_verse": 2,
        "language_code": "bn",
        "text": "মানুষ",
        "root_word": "الۡإِنسَٰنُ",
        "global_word_sequence_number": 74671,
        "global_verse_sequence_number": 5587
    },
    {
        "chapter": 75,
        "verse": 36,
        "juz": 29,
        "hizb": 231,
        "manzil": 7,
        "ruku": 513,
        "word_number_in_verse": 3,
        "language_code": "bn",
        "text": "যে",
        "root_word": "أَن",
        "global_word_sequence_number": 74672,
        "global_verse_sequence_number": 5587
    },
    {
        "chapter": 75,
        "verse": 36,
        "juz": 29,
        "hizb": 231,
        "manzil": 7,
        "ruku": 513,
        "word_number_in_verse": 4,
        "language_code": "bn",
        "text": "ছেড়ে দেয়া হবে",
        "root_word": "يُتۡرَكَ",
        "global_word_sequence_number": 74673,
        "global_verse_sequence_number": 5587
    },
    {
        "chapter": 75,
        "verse": 36,
        "juz": 29,
        "hizb": 231,
        "manzil": 7,
        "ruku": 513,
        "word_number_in_verse": 5,
        "language_code": "bn",
        "text": "লাগামহিন",
        "root_word": "سُدًى",
        "global_word_sequence_number": 74674,
        "global_verse_sequence_number": 5587
    },
    {
        "chapter": 75,
        "verse": 37,
        "juz": 29,
        "hizb": 231,
        "manzil": 7,
        "ruku": 513,
        "word_number_in_verse": 1,
        "language_code": "bn",
        "text": "না কি",
        "root_word": "أَلَمۡ",
        "global_word_sequence_number": 74675,
        "global_verse_sequence_number": 5588
    },
    {
        "chapter": 75,
        "verse": 37,
        "juz": 29,
        "hizb": 231,
        "manzil": 7,
        "ruku": 513,
        "word_number_in_verse": 2,
        "language_code": "bn",
        "text": "সে ছিল",
        "root_word": "يَكُ",
        "global_word_sequence_number": 74676,
        "global_verse_sequence_number": 5588
    },
    {
        "chapter": 75,
        "verse": 37,
        "juz": 29,
        "hizb": 231,
        "manzil": 7,
        "ruku": 513,
        "word_number_in_verse": 3,
        "language_code": "bn",
        "text": "এক ফটা",
        "root_word": "نُطۡفَةٗ",
        "global_word_sequence_number": 74677,
        "global_verse_sequence_number": 5588
    },
    {
        "chapter": 75,
        "verse": 37,
        "juz": 29,
        "hizb": 231,
        "manzil": 7,
        "ruku": 513,
        "word_number_in_verse": 4,
        "language_code": "bn",
        "text": "থেকে",
        "root_word": "مِّن",
        "global_word_sequence_number": 74678,
        "global_verse_sequence_number": 5588
    },
    {
        "chapter": 75,
        "verse": 37,
        "juz": 29,
        "hizb": 231,
        "manzil": 7,
        "ruku": 513,
        "word_number_in_verse": 5,
        "language_code": "bn",
        "text": "শুক্র",
        "root_word": "مَّنِيّٖ",
        "global_word_sequence_number": 74679,
        "global_verse_sequence_number": 5588
    },
    {
        "chapter": 75,
        "verse": 37,
        "juz": 29,
        "hizb": 231,
        "manzil": 7,
        "ruku": 513,
        "word_number_in_verse": 6,
        "language_code": "bn",
        "text": "নির্গত",
        "root_word": "يُمۡنَىٰ",
        "global_word_sequence_number": 74680,
        "global_verse_sequence_number": 5588
    },
    {
        "chapter": 75,
        "verse": 38,
        "juz": 29,
        "hizb": 231,
        "manzil": 7,
        "ruku": 513,
        "word_number_in_verse": 1,
        "language_code": "bn",
        "text": "পরে",
        "root_word": "ثُمَّ",
        "global_word_sequence_number": 74681,
        "global_verse_sequence_number": 5589
    },
    {
        "chapter": 75,
        "verse": 38,
        "juz": 29,
        "hizb": 231,
        "manzil": 7,
        "ruku": 513,
        "word_number_in_verse": 2,
        "language_code": "bn",
        "text": "হয়",
        "root_word": "كَانَ",
        "global_word_sequence_number": 74682,
        "global_verse_sequence_number": 5589
    },
    {
        "chapter": 75,
        "verse": 38,
        "juz": 29,
        "hizb": 231,
        "manzil": 7,
        "ruku": 513,
        "word_number_in_verse": 3,
        "language_code": "bn",
        "text": "জমাট রক্ত",
        "root_word": "عَلَقَةٗ",
        "global_word_sequence_number": 74683,
        "global_verse_sequence_number": 5589
    },
    {
        "chapter": 75,
        "verse": 38,
        "juz": 29,
        "hizb": 231,
        "manzil": 7,
        "ruku": 513,
        "word_number_in_verse": 4,
        "language_code": "bn",
        "text": "তিনি আকৃতি অতঃপর দিলেন",
        "root_word": "فَخَلَقَ",
        "global_word_sequence_number": 74684,
        "global_verse_sequence_number": 5589
    },
    {
        "chapter": 75,
        "verse": 38,
        "juz": 29,
        "hizb": 231,
        "manzil": 7,
        "ruku": 513,
        "word_number_in_verse": 5,
        "language_code": "bn",
        "text": "সুঠাম অতঃপর করলেন",
        "root_word": "فَسَوَّىٰ",
        "global_word_sequence_number": 74685,
        "global_verse_sequence_number": 5589
    },
    {
        "chapter": 75,
        "verse": 39,
        "juz": 29,
        "hizb": 231,
        "manzil": 7,
        "ruku": 513,
        "word_number_in_verse": 1,
        "language_code": "bn",
        "text": "বানালেন অতঃপর",
        "root_word": "فَجَعَلَ",
        "global_word_sequence_number": 74686,
        "global_verse_sequence_number": 5590
    },
    {
        "chapter": 75,
        "verse": 39,
        "juz": 29,
        "hizb": 231,
        "manzil": 7,
        "ruku": 513,
        "word_number_in_verse": 2,
        "language_code": "bn",
        "text": "তা থেকে",
        "root_word": "مِنۡهُ",
        "global_word_sequence_number": 74687,
        "global_verse_sequence_number": 5590
    },
    {
        "chapter": 75,
        "verse": 39,
        "juz": 29,
        "hizb": 231,
        "manzil": 7,
        "ruku": 513,
        "word_number_in_verse": 3,
        "language_code": "bn",
        "text": "দুই জোড়া",
        "root_word": "الزَّوۡجَيۡنِ",
        "global_word_sequence_number": 74688,
        "global_verse_sequence_number": 5590
    },
    {
        "chapter": 75,
        "verse": 39,
        "juz": 29,
        "hizb": 231,
        "manzil": 7,
        "ruku": 513,
        "word_number_in_verse": 4,
        "language_code": "bn",
        "text": "পুরুষ",
        "root_word": "الذَّكَرَ",
        "global_word_sequence_number": 74689,
        "global_verse_sequence_number": 5590
    },
    {
        "chapter": 75,
        "verse": 39,
        "juz": 29,
        "hizb": 231,
        "manzil": 7,
        "ruku": 513,
        "word_number_in_verse": 5,
        "language_code": "bn",
        "text": "ও নাড়ি",
        "root_word": "وَالۡأُنثَىٰٓ",
        "global_word_sequence_number": 74690,
        "global_verse_sequence_number": 5590
    },
    {
        "chapter": 75,
        "verse": 40,
        "juz": 29,
        "hizb": 231,
        "manzil": 7,
        "ruku": 513,
        "word_number_in_verse": 1,
        "language_code": "bn",
        "text": "নয় কি",
        "root_word": "أَلَيۡسَ",
        "global_word_sequence_number": 74691,
        "global_verse_sequence_number": 5591
    },
    {
        "chapter": 75,
        "verse": 40,
        "juz": 29,
        "hizb": 231,
        "manzil": 7,
        "ruku": 513,
        "word_number_in_verse": 2,
        "language_code": "bn",
        "text": "সেই",
        "root_word": "ذَٰلِكَ",
        "global_word_sequence_number": 74692,
        "global_verse_sequence_number": 5591
    },
    {
        "chapter": 75,
        "verse": 40,
        "juz": 29,
        "hizb": 231,
        "manzil": 7,
        "ruku": 513,
        "word_number_in_verse": 3,
        "language_code": "bn",
        "text": "সক্ষম",
        "root_word": "بِقَٰدِرٍ",
        "global_word_sequence_number": 74693,
        "global_verse_sequence_number": 5591
    },
    {
        "chapter": 75,
        "verse": 40,
        "juz": 29,
        "hizb": 231,
        "manzil": 7,
        "ruku": 513,
        "word_number_in_verse": 4,
        "language_code": "bn",
        "text": "এতে",
        "root_word": "عَلَىٰٓ",
        "global_word_sequence_number": 74694,
        "global_verse_sequence_number": 5591
    },
    {
        "chapter": 75,
        "verse": 40,
        "juz": 29,
        "hizb": 231,
        "manzil": 7,
        "ruku": 513,
        "word_number_in_verse": 5,
        "language_code": "bn",
        "text": "যে",
        "root_word": "أَن",
        "global_word_sequence_number": 74695,
        "global_verse_sequence_number": 5591
    },
    {
        "chapter": 75,
        "verse": 40,
        "juz": 29,
        "hizb": 231,
        "manzil": 7,
        "ruku": 513,
        "word_number_in_verse": 6,
        "language_code": "bn",
        "text": "জীবিত করবেন",
        "root_word": "يُحۡـِۧيَ",
        "global_word_sequence_number": 74696,
        "global_verse_sequence_number": 5591
    },
    {
        "chapter": 75,
        "verse": 40,
        "juz": 29,
        "hizb": 231,
        "manzil": 7,
        "ruku": 513,
        "word_number_in_verse": 7,
        "language_code": "bn",
        "text": "মৃত্যুকে",
        "root_word": "الۡمَوۡتَىٰ",
        "global_word_sequence_number": 74697,
        "global_verse_sequence_number": 5591
    }
]