[
    {
        "chapter": 76,
        "verse": 1,
        "juz": 29,
        "hizb": 231,
        "manzil": 7,
        "ruku": 514,
        "word_number_in_verse": 1,
        "language_code": "bn",
        "text": "কি",
        "root_word": "هَلۡ",
        "global_word_sequence_number": 74698,
        "global_verse_sequence_number": 5592
    },
    {
        "chapter": 76,
        "verse": 1,
        "juz": 29,
        "hizb": 231,
        "manzil": 7,
        "ruku": 514,
        "word_number_in_verse": 2,
        "language_code": "bn",
        "text": "এসেছে",
        "root_word": "أَتَىٰ",
        "global_word_sequence_number": 74699,
        "global_verse_sequence_number": 5592
    },
    {
        "chapter": 76,
        "verse": 1,
        "juz": 29,
        "hizb": 231,
        "manzil": 7,
        "ruku": 514,
        "word_number_in_verse": 3,
        "language_code": "bn",
        "text": "উপর",
        "root_word": "عَلَى",
        "global_word_sequence_number": 74700,
        "global_verse_sequence_number": 5592
    },
    {
        "chapter": 76,
        "verse": 1,
        "juz": 29,
        "hizb": 231,
        "manzil": 7,
        "ruku": 514,
        "word_number_in_verse": 4,
        "language_code": "bn",
        "text": "মানুষের",
        "root_word": "الۡإِنسَٰنِ",
        "global_word_sequence_number": 74701,
        "global_verse_sequence_number": 5592
    },
    {
        "chapter": 76,
        "verse": 1,
        "juz": 29,
        "hizb": 231,
        "manzil": 7,
        "ruku": 514,
        "word_number_in_verse": 5,
        "language_code": "bn",
        "text": "এক সময়",
        "root_word": "حِينٞ",
        "global_word_sequence_number": 74702,
        "global_verse_sequence_number": 5592
    },
    {
        "chapter": 76,
        "verse": 1,
        "juz": 29,
        "hizb": 231,
        "manzil": 7,
        "ruku": 514,
        "word_number_in_verse": 6,
        "language_code": "bn",
        "text": "থেকে",
        "root_word": "مِّنَ",
        "global_word_sequence_number": 74703,
        "global_verse_sequence_number": 5592
    },
    {
        "chapter": 76,
        "verse": 1,
        "juz": 29,
        "hizb": 231,
        "manzil": 7,
        "ruku": 514,
        "word_number_in_verse": 7,
        "language_code": "bn",
        "text": "সীমাহীন কালের",
        "root_word": "الدَّهۡرِ",
        "global_word_sequence_number": 74704,
        "global_verse_sequence_number": 5592
    },
    {
        "chapter": 76,
        "verse": 1,
        "juz": 29,
        "hizb": 231,
        "manzil": 7,
        "ruku": 514,
        "word_number_in_verse": 8,
        "language_code": "bn",
        "text": "না",
        "root_word": "لَمۡ",
        "global_word_sequence_number": 74705,
        "global_verse_sequence_number": 5592
    },
    {
        "chapter": 76,
        "verse": 1,
        "juz": 29,
        "hizb": 231,
        "manzil": 7,
        "ruku": 514,
        "word_number_in_verse": 9,
        "language_code": "bn",
        "text": "সে ছিল",
        "root_word": "يَكُن",
        "global_word_sequence_number": 74706,
        "global_verse_sequence_number": 5592
    },
    {
        "chapter": 76,
        "verse": 1,
        "juz": 29,
        "hizb": 231,
        "manzil": 7,
        "ruku": 514,
        "word_number_in_verse": 10,
        "language_code": "bn",
        "text": "কিছুই",
        "root_word": "شَيۡـٔٗا",
        "global_word_sequence_number": 74707,
        "global_verse_sequence_number": 5592
    },
    {
        "chapter": 76,
        "verse": 1,
        "juz": 29,
        "hizb": 231,
        "manzil": 7,
        "ruku": 514,
        "word_number_in_verse": 11,
        "language_code": "bn",
        "text": "উল্লেখযোগ্য",
        "root_word": "مَّذۡكُورًا",
        "global_word_sequence_number": 74708,
        "global_verse_sequence_number": 5592
    },
    {
        "chapter": 76,
        "verse": 2,
        "juz": 29,
        "hizb": 231,
        "manzil": 7,
        "ruku": 514,
        "word_number_in_verse": 1,
        "language_code": "bn",
        "text": "আমরা নিশ্চয়ই",
        "root_word": "إِنَّا",
        "global_word_sequence_number": 74709,
        "global_verse_sequence_number": 5593
    },
    {
        "chapter": 76,
        "verse": 2,
        "juz": 29,
        "hizb": 231,
        "manzil": 7,
        "ruku": 514,
        "word_number_in_verse": 2,
        "language_code": "bn",
        "text": "আমরা সৃষ্টি করেছি",
        "root_word": "خَلَقۡنَا",
        "global_word_sequence_number": 74710,
        "global_verse_sequence_number": 5593
    },
    {
        "chapter": 76,
        "verse": 2,
        "juz": 29,
        "hizb": 231,
        "manzil": 7,
        "ruku": 514,
        "word_number_in_verse": 3,
        "language_code": "bn",
        "text": "মানুষকে",
        "root_word": "الۡإِنسَٰنَ",
        "global_word_sequence_number": 74711,
        "global_verse_sequence_number": 5593
    },
    {
        "chapter": 76,
        "verse": 2,
        "juz": 29,
        "hizb": 231,
        "manzil": 7,
        "ruku": 514,
        "word_number_in_verse": 4,
        "language_code": "bn",
        "text": "থেকে",
        "root_word": "مِن",
        "global_word_sequence_number": 74712,
        "global_verse_sequence_number": 5593
    },
    {
        "chapter": 76,
        "verse": 2,
        "juz": 29,
        "hizb": 231,
        "manzil": 7,
        "ruku": 514,
        "word_number_in_verse": 5,
        "language_code": "bn",
        "text": "শুক্রের ফোটা",
        "root_word": "نُّطۡفَةٍ",
        "global_word_sequence_number": 74713,
        "global_verse_sequence_number": 5593
    },
    {
        "chapter": 76,
        "verse": 2,
        "juz": 29,
        "hizb": 231,
        "manzil": 7,
        "ruku": 514,
        "word_number_in_verse": 6,
        "language_code": "bn",
        "text": "মিশ্রিত",
        "root_word": "أَمۡشَاجٖ",
        "global_word_sequence_number": 74714,
        "global_verse_sequence_number": 5593
    },
    {
        "chapter": 76,
        "verse": 2,
        "juz": 29,
        "hizb": 231,
        "manzil": 7,
        "ruku": 514,
        "word_number_in_verse": 7,
        "language_code": "bn",
        "text": "তাকে পরীক্ষা আমরা করবো",
        "root_word": "نَّبۡتَلِيهِ",
        "global_word_sequence_number": 74715,
        "global_verse_sequence_number": 5593
    },
    {
        "chapter": 76,
        "verse": 2,
        "juz": 29,
        "hizb": 231,
        "manzil": 7,
        "ruku": 514,
        "word_number_in_verse": 8,
        "language_code": "bn",
        "text": "অতঃপর তাকে আমরা বানিয়েছি",
        "root_word": "فَجَعَلۡنَٰهُ",
        "global_word_sequence_number": 74716,
        "global_verse_sequence_number": 5593
    },
    {
        "chapter": 76,
        "verse": 2,
        "juz": 29,
        "hizb": 231,
        "manzil": 7,
        "ruku": 514,
        "word_number_in_verse": 9,
        "language_code": "bn",
        "text": "শ্রবণ শক্তি সম্পন্ন",
        "root_word": "سَمِيعَۢا",
        "global_word_sequence_number": 74717,
        "global_verse_sequence_number": 5593
    },
    {
        "chapter": 76,
        "verse": 2,
        "juz": 29,
        "hizb": 231,
        "manzil": 7,
        "ruku": 514,
        "word_number_in_verse": 10,
        "language_code": "bn",
        "text": "দৃষ্টি শক্তি সম্পন্ন",
        "root_word": "بَصِيرًا",
        "global_word_sequence_number": 74718,
        "global_verse_sequence_number": 5593
    },
    {
        "chapter": 76,
        "verse": 3,
        "juz": 29,
        "hizb": 231,
        "manzil": 7,
        "ruku": 514,
        "word_number_in_verse": 1,
        "language_code": "bn",
        "text": "আমরা নিশ্চয়ই",
        "root_word": "إِنَّا",
        "global_word_sequence_number": 74719,
        "global_verse_sequence_number": 5594
    },
    {
        "chapter": 76,
        "verse": 3,
        "juz": 29,
        "hizb": 231,
        "manzil": 7,
        "ruku": 514,
        "word_number_in_verse": 2,
        "language_code": "bn",
        "text": "তাকে আমরা দেখিয়েছি",
        "root_word": "هَدَيۡنَٰهُ",
        "global_word_sequence_number": 74720,
        "global_verse_sequence_number": 5594
    },
    {
        "chapter": 76,
        "verse": 3,
        "juz": 29,
        "hizb": 231,
        "manzil": 7,
        "ruku": 514,
        "word_number_in_verse": 3,
        "language_code": "bn",
        "text": "পথ",
        "root_word": "السَّبِيلَ",
        "global_word_sequence_number": 74721,
        "global_verse_sequence_number": 5594
    },
    {
        "chapter": 76,
        "verse": 3,
        "juz": 29,
        "hizb": 231,
        "manzil": 7,
        "ruku": 514,
        "word_number_in_verse": 4,
        "language_code": "bn",
        "text": "হয়",
        "root_word": "إِمَّا",
        "global_word_sequence_number": 74722,
        "global_verse_sequence_number": 5594
    },
    {
        "chapter": 76,
        "verse": 3,
        "juz": 29,
        "hizb": 231,
        "manzil": 7,
        "ruku": 514,
        "word_number_in_verse": 5,
        "language_code": "bn",
        "text": "শুকুর কারি হবে",
        "root_word": "شَاكِرٗا",
        "global_word_sequence_number": 74723,
        "global_verse_sequence_number": 5594
    },
    {
        "chapter": 76,
        "verse": 3,
        "juz": 29,
        "hizb": 231,
        "manzil": 7,
        "ruku": 514,
        "word_number_in_verse": 6,
        "language_code": "bn",
        "text": "আর না হয়",
        "root_word": "وَإِمَّا",
        "global_word_sequence_number": 74724,
        "global_verse_sequence_number": 5594
    },
    {
        "chapter": 76,
        "verse": 3,
        "juz": 29,
        "hizb": 231,
        "manzil": 7,
        "ruku": 514,
        "word_number_in_verse": 7,
        "language_code": "bn",
        "text": "অকৃতজ্ঞ হবে",
        "root_word": "كَفُورًا",
        "global_word_sequence_number": 74725,
        "global_verse_sequence_number": 5594
    },
    {
        "chapter": 76,
        "verse": 4,
        "juz": 29,
        "hizb": 231,
        "manzil": 7,
        "ruku": 514,
        "word_number_in_verse": 1,
        "language_code": "bn",
        "text": "আমরা নিশ্চয়ই",
        "root_word": "إِنَّآ",
        "global_word_sequence_number": 74726,
        "global_verse_sequence_number": 5595
    },
    {
        "chapter": 76,
        "verse": 4,
        "juz": 29,
        "hizb": 231,
        "manzil": 7,
        "ruku": 514,
        "word_number_in_verse": 2,
        "language_code": "bn",
        "text": "আমরা প্রস্তুত",
        "root_word": "أَعۡتَدۡنَا",
        "global_word_sequence_number": 74727,
        "global_verse_sequence_number": 5595
    },
    {
        "chapter": 76,
        "verse": 4,
        "juz": 29,
        "hizb": 231,
        "manzil": 7,
        "ruku": 514,
        "word_number_in_verse": 3,
        "language_code": "bn",
        "text": "কাফির দের জন্যে",
        "root_word": "لِلۡكَٰفِرِينَ",
        "global_word_sequence_number": 74728,
        "global_verse_sequence_number": 5595
    },
    {
        "chapter": 76,
        "verse": 4,
        "juz": 29,
        "hizb": 231,
        "manzil": 7,
        "ruku": 514,
        "word_number_in_verse": 4,
        "language_code": "bn",
        "text": "শিকলসমূহ",
        "root_word": "سَلَٰسِلَاْ",
        "global_word_sequence_number": 74729,
        "global_verse_sequence_number": 5595
    },
    {
        "chapter": 76,
        "verse": 4,
        "juz": 29,
        "hizb": 231,
        "manzil": 7,
        "ruku": 514,
        "word_number_in_verse": 5,
        "language_code": "bn",
        "text": "এবং গলারবেড়ী সমূহ",
        "root_word": "وَأَغۡلَٰلٗا",
        "global_word_sequence_number": 74730,
        "global_verse_sequence_number": 5595
    },
    {
        "chapter": 76,
        "verse": 4,
        "juz": 29,
        "hizb": 231,
        "manzil": 7,
        "ruku": 514,
        "word_number_in_verse": 6,
        "language_code": "bn",
        "text": "এবং প্রজ্জলিত আগুন",
        "root_word": "وَسَعِيرًا",
        "global_word_sequence_number": 74731,
        "global_verse_sequence_number": 5595
    },
    {
        "chapter": 76,
        "verse": 5,
        "juz": 29,
        "hizb": 231,
        "manzil": 7,
        "ruku": 514,
        "word_number_in_verse": 1,
        "language_code": "bn",
        "text": "নিশ্চয়ই",
        "root_word": "إِنَّ",
        "global_word_sequence_number": 74732,
        "global_verse_sequence_number": 5596
    },
    {
        "chapter": 76,
        "verse": 5,
        "juz": 29,
        "hizb": 231,
        "manzil": 7,
        "ruku": 514,
        "word_number_in_verse": 2,
        "language_code": "bn",
        "text": "নেক বান্দারা",
        "root_word": "الۡأَبۡرَارَ",
        "global_word_sequence_number": 74733,
        "global_verse_sequence_number": 5596
    },
    {
        "chapter": 76,
        "verse": 5,
        "juz": 29,
        "hizb": 231,
        "manzil": 7,
        "ruku": 514,
        "word_number_in_verse": 3,
        "language_code": "bn",
        "text": "পান করবে",
        "root_word": "يَشۡرَبُونَ",
        "global_word_sequence_number": 74734,
        "global_verse_sequence_number": 5596
    },
    {
        "chapter": 76,
        "verse": 5,
        "juz": 29,
        "hizb": 231,
        "manzil": 7,
        "ruku": 514,
        "word_number_in_verse": 4,
        "language_code": "bn",
        "text": "থেকে",
        "root_word": "مِن",
        "global_word_sequence_number": 74735,
        "global_verse_sequence_number": 5596
    },
    {
        "chapter": 76,
        "verse": 5,
        "juz": 29,
        "hizb": 231,
        "manzil": 7,
        "ruku": 514,
        "word_number_in_verse": 5,
        "language_code": "bn",
        "text": "পেয়ালা",
        "root_word": "كَأۡسٖ",
        "global_word_sequence_number": 74736,
        "global_verse_sequence_number": 5596
    },
    {
        "chapter": 76,
        "verse": 5,
        "juz": 29,
        "hizb": 231,
        "manzil": 7,
        "ruku": 514,
        "word_number_in_verse": 6,
        "language_code": "bn",
        "text": "হবে",
        "root_word": "كَانَ",
        "global_word_sequence_number": 74737,
        "global_verse_sequence_number": 5596
    },
    {
        "chapter": 76,
        "verse": 5,
        "juz": 29,
        "hizb": 231,
        "manzil": 7,
        "ruku": 514,
        "word_number_in_verse": 7,
        "language_code": "bn",
        "text": "তার সংমিশ্রণ",
        "root_word": "مِزَاجُهَا",
        "global_word_sequence_number": 74738,
        "global_verse_sequence_number": 5596
    },
    {
        "chapter": 76,
        "verse": 5,
        "juz": 29,
        "hizb": 231,
        "manzil": 7,
        "ruku": 514,
        "word_number_in_verse": 8,
        "language_code": "bn",
        "text": "কর্পূরের",
        "root_word": "كَافُورًا",
        "global_word_sequence_number": 74739,
        "global_verse_sequence_number": 5596
    },
    {
        "chapter": 76,
        "verse": 6,
        "juz": 29,
        "hizb": 231,
        "manzil": 7,
        "ruku": 514,
        "word_number_in_verse": 1,
        "language_code": "bn",
        "text": "একটি ঝর্না",
        "root_word": "عَيۡنٗا",
        "global_word_sequence_number": 74740,
        "global_verse_sequence_number": 5597
    },
    {
        "chapter": 76,
        "verse": 6,
        "juz": 29,
        "hizb": 231,
        "manzil": 7,
        "ruku": 514,
        "word_number_in_verse": 2,
        "language_code": "bn",
        "text": "পান করবে",
        "root_word": "يَشۡرَبُ",
        "global_word_sequence_number": 74741,
        "global_verse_sequence_number": 5597
    },
    {
        "chapter": 76,
        "verse": 6,
        "juz": 29,
        "hizb": 231,
        "manzil": 7,
        "ruku": 514,
        "word_number_in_verse": 3,
        "language_code": "bn",
        "text": "তা থেকে",
        "root_word": "بِهَا",
        "global_word_sequence_number": 74742,
        "global_verse_sequence_number": 5597
    },
    {
        "chapter": 76,
        "verse": 6,
        "juz": 29,
        "hizb": 231,
        "manzil": 7,
        "ruku": 514,
        "word_number_in_verse": 4,
        "language_code": "bn",
        "text": "বান্দারা",
        "root_word": "عِبَادُ",
        "global_word_sequence_number": 74743,
        "global_verse_sequence_number": 5597
    },
    {
        "chapter": 76,
        "verse": 6,
        "juz": 29,
        "hizb": 231,
        "manzil": 7,
        "ruku": 514,
        "word_number_in_verse": 5,
        "language_code": "bn",
        "text": "আল্লাহ্‌র",
        "root_word": "اللَّهِ",
        "global_word_sequence_number": 74744,
        "global_verse_sequence_number": 5597
    },
    {
        "chapter": 76,
        "verse": 6,
        "juz": 29,
        "hizb": 231,
        "manzil": 7,
        "ruku": 514,
        "word_number_in_verse": 6,
        "language_code": "bn",
        "text": "তাকে তারা প্রবাহিত করবে",
        "root_word": "يُفَجِّرُونَهَا",
        "global_word_sequence_number": 74745,
        "global_verse_sequence_number": 5597
    },
    {
        "chapter": 76,
        "verse": 6,
        "juz": 29,
        "hizb": 231,
        "manzil": 7,
        "ruku": 514,
        "word_number_in_verse": 7,
        "language_code": "bn",
        "text": "প্রবাহিত(যথা ইচ্ছা)",
        "root_word": "تَفۡجِيرٗا",
        "global_word_sequence_number": 74746,
        "global_verse_sequence_number": 5597
    },
    {
        "chapter": 76,
        "verse": 7,
        "juz": 29,
        "hizb": 231,
        "manzil": 7,
        "ruku": 514,
        "word_number_in_verse": 1,
        "language_code": "bn",
        "text": "তারা পূর্ণ করে",
        "root_word": "يُوفُونَ",
        "global_word_sequence_number": 74747,
        "global_verse_sequence_number": 5598
    },
    {
        "chapter": 76,
        "verse": 7,
        "juz": 29,
        "hizb": 231,
        "manzil": 7,
        "ruku": 514,
        "word_number_in_verse": 2,
        "language_code": "bn",
        "text": "মানতকে",
        "root_word": "بِالنَّذۡرِ",
        "global_word_sequence_number": 74748,
        "global_verse_sequence_number": 5598
    },
    {
        "chapter": 76,
        "verse": 7,
        "juz": 29,
        "hizb": 231,
        "manzil": 7,
        "ruku": 514,
        "word_number_in_verse": 3,
        "language_code": "bn",
        "text": "এবং তারা ভয় করে",
        "root_word": "وَيَخَافُونَ",
        "global_word_sequence_number": 74749,
        "global_verse_sequence_number": 5598
    },
    {
        "chapter": 76,
        "verse": 7,
        "juz": 29,
        "hizb": 231,
        "manzil": 7,
        "ruku": 514,
        "word_number_in_verse": 4,
        "language_code": "bn",
        "text": "একদিনের",
        "root_word": "يَوۡمٗا",
        "global_word_sequence_number": 74750,
        "global_verse_sequence_number": 5598
    },
    {
        "chapter": 76,
        "verse": 7,
        "juz": 29,
        "hizb": 231,
        "manzil": 7,
        "ruku": 514,
        "word_number_in_verse": 5,
        "language_code": "bn",
        "text": "হবে",
        "root_word": "كَانَ",
        "global_word_sequence_number": 74751,
        "global_verse_sequence_number": 5598
    },
    {
        "chapter": 76,
        "verse": 7,
        "juz": 29,
        "hizb": 231,
        "manzil": 7,
        "ruku": 514,
        "word_number_in_verse": 6,
        "language_code": "bn",
        "text": "তার বিপত্তি",
        "root_word": "شَرُّهُۥ",
        "global_word_sequence_number": 74752,
        "global_verse_sequence_number": 5598
    },
    {
        "chapter": 76,
        "verse": 7,
        "juz": 29,
        "hizb": 231,
        "manzil": 7,
        "ruku": 514,
        "word_number_in_verse": 7,
        "language_code": "bn",
        "text": "সর্বত্রবিস্ত্রিত",
        "root_word": "مُسۡتَطِيرٗا",
        "global_word_sequence_number": 74753,
        "global_verse_sequence_number": 5598
    },
    {
        "chapter": 76,
        "verse": 8,
        "juz": 29,
        "hizb": 231,
        "manzil": 7,
        "ruku": 514,
        "word_number_in_verse": 1,
        "language_code": "bn",
        "text": "এবং তারা খাওয়ায়",
        "root_word": "وَيُطۡعِمُونَ",
        "global_word_sequence_number": 74754,
        "global_verse_sequence_number": 5599
    },
    {
        "chapter": 76,
        "verse": 8,
        "juz": 29,
        "hizb": 231,
        "manzil": 7,
        "ruku": 514,
        "word_number_in_verse": 2,
        "language_code": "bn",
        "text": "খাবার",
        "root_word": "الطَّعَامَ",
        "global_word_sequence_number": 74755,
        "global_verse_sequence_number": 5599
    },
    {
        "chapter": 76,
        "verse": 8,
        "juz": 29,
        "hizb": 231,
        "manzil": 7,
        "ruku": 514,
        "word_number_in_verse": 3,
        "language_code": "bn",
        "text": "জন্য",
        "root_word": "عَلَىٰ",
        "global_word_sequence_number": 74756,
        "global_verse_sequence_number": 5599
    },
    {
        "chapter": 76,
        "verse": 8,
        "juz": 29,
        "hizb": 231,
        "manzil": 7,
        "ruku": 514,
        "word_number_in_verse": 4,
        "language_code": "bn",
        "text": "তাঁর ভালবাসার",
        "root_word": "حُبِّهِۦ",
        "global_word_sequence_number": 74757,
        "global_verse_sequence_number": 5599
    },
    {
        "chapter": 76,
        "verse": 8,
        "juz": 29,
        "hizb": 231,
        "manzil": 7,
        "ruku": 514,
        "word_number_in_verse": 5,
        "language_code": "bn",
        "text": "অভাবগ্রস্থকে",
        "root_word": "مِسۡكِينٗا",
        "global_word_sequence_number": 74758,
        "global_verse_sequence_number": 5599
    },
    {
        "chapter": 76,
        "verse": 8,
        "juz": 29,
        "hizb": 231,
        "manzil": 7,
        "ruku": 514,
        "word_number_in_verse": 6,
        "language_code": "bn",
        "text": "ও ইয়াতীমকে",
        "root_word": "وَيَتِيمٗا",
        "global_word_sequence_number": 74759,
        "global_verse_sequence_number": 5599
    },
    {
        "chapter": 76,
        "verse": 8,
        "juz": 29,
        "hizb": 231,
        "manzil": 7,
        "ruku": 514,
        "word_number_in_verse": 7,
        "language_code": "bn",
        "text": "ও বন্দীকে",
        "root_word": "وَأَسِيرًا",
        "global_word_sequence_number": 74760,
        "global_verse_sequence_number": 5599
    },
    {
        "chapter": 76,
        "verse": 9,
        "juz": 29,
        "hizb": 231,
        "manzil": 7,
        "ruku": 514,
        "word_number_in_verse": 1,
        "language_code": "bn",
        "text": "\"মূলত (আর বলে)",
        "root_word": "إِنَّمَا",
        "global_word_sequence_number": 74761,
        "global_verse_sequence_number": 5600
    },
    {
        "chapter": 76,
        "verse": 9,
        "juz": 29,
        "hizb": 231,
        "manzil": 7,
        "ruku": 514,
        "word_number_in_verse": 2,
        "language_code": "bn",
        "text": "তোমাাদের আহার্য দেই আমরা",
        "root_word": "نُطۡعِمُكُمۡ",
        "global_word_sequence_number": 74762,
        "global_verse_sequence_number": 5600
    },
    {
        "chapter": 76,
        "verse": 9,
        "juz": 29,
        "hizb": 231,
        "manzil": 7,
        "ruku": 514,
        "word_number_in_verse": 3,
        "language_code": "bn",
        "text": "সন্তুষ্টির জন্যে",
        "root_word": "لِوَجۡهِ",
        "global_word_sequence_number": 74763,
        "global_verse_sequence_number": 5600
    },
    {
        "chapter": 76,
        "verse": 9,
        "juz": 29,
        "hizb": 231,
        "manzil": 7,
        "ruku": 514,
        "word_number_in_verse": 4,
        "language_code": "bn",
        "text": "আল্লাহ্‌র",
        "root_word": "اللَّهِ",
        "global_word_sequence_number": 74764,
        "global_verse_sequence_number": 5600
    },
    {
        "chapter": 76,
        "verse": 9,
        "juz": 29,
        "hizb": 231,
        "manzil": 7,
        "ruku": 514,
        "word_number_in_verse": 5,
        "language_code": "bn",
        "text": "না",
        "root_word": "لَا",
        "global_word_sequence_number": 74765,
        "global_verse_sequence_number": 5600
    },
    {
        "chapter": 76,
        "verse": 9,
        "juz": 29,
        "hizb": 231,
        "manzil": 7,
        "ruku": 514,
        "word_number_in_verse": 6,
        "language_code": "bn",
        "text": "চাই আমরা",
        "root_word": "نُرِيدُ",
        "global_word_sequence_number": 74766,
        "global_verse_sequence_number": 5600
    },
    {
        "chapter": 76,
        "verse": 9,
        "juz": 29,
        "hizb": 231,
        "manzil": 7,
        "ruku": 514,
        "word_number_in_verse": 7,
        "language_code": "bn",
        "text": "তোমাদের থেকে",
        "root_word": "مِنكُمۡ",
        "global_word_sequence_number": 74767,
        "global_verse_sequence_number": 5600
    },
    {
        "chapter": 76,
        "verse": 9,
        "juz": 29,
        "hizb": 231,
        "manzil": 7,
        "ruku": 514,
        "word_number_in_verse": 8,
        "language_code": "bn",
        "text": "প্রতিদান",
        "root_word": "جَزَآءٗ",
        "global_word_sequence_number": 74768,
        "global_verse_sequence_number": 5600
    },
    {
        "chapter": 76,
        "verse": 9,
        "juz": 29,
        "hizb": 231,
        "manzil": 7,
        "ruku": 514,
        "word_number_in_verse": 9,
        "language_code": "bn",
        "text": "এবং না",
        "root_word": "وَلَا",
        "global_word_sequence_number": 74769,
        "global_verse_sequence_number": 5600
    },
    {
        "chapter": 76,
        "verse": 9,
        "juz": 29,
        "hizb": 231,
        "manzil": 7,
        "ruku": 514,
        "word_number_in_verse": 10,
        "language_code": "bn",
        "text": "কৃতজ্ঞতা",
        "root_word": "شُكُورًا",
        "global_word_sequence_number": 74770,
        "global_verse_sequence_number": 5600
    },
    {
        "chapter": 76,
        "verse": 10,
        "juz": 29,
        "hizb": 231,
        "manzil": 7,
        "ruku": 514,
        "word_number_in_verse": 1,
        "language_code": "bn",
        "text": "নিশ্চয়",
        "root_word": "إِنَّا",
        "global_word_sequence_number": 74771,
        "global_verse_sequence_number": 5601
    },
    {
        "chapter": 76,
        "verse": 10,
        "juz": 29,
        "hizb": 231,
        "manzil": 7,
        "ruku": 514,
        "word_number_in_verse": 2,
        "language_code": "bn",
        "text": "ভয় করি আমরা",
        "root_word": "نَخَافُ",
        "global_word_sequence_number": 74772,
        "global_verse_sequence_number": 5601
    },
    {
        "chapter": 76,
        "verse": 10,
        "juz": 29,
        "hizb": 231,
        "manzil": 7,
        "ruku": 514,
        "word_number_in_verse": 3,
        "language_code": "bn",
        "text": "থেকে",
        "root_word": "مِن",
        "global_word_sequence_number": 74773,
        "global_verse_sequence_number": 5601
    },
    {
        "chapter": 76,
        "verse": 10,
        "juz": 29,
        "hizb": 231,
        "manzil": 7,
        "ruku": 514,
        "word_number_in_verse": 4,
        "language_code": "bn",
        "text": "আমাদের রবের",
        "root_word": "رَّبِّنَا",
        "global_word_sequence_number": 74774,
        "global_verse_sequence_number": 5601
    },
    {
        "chapter": 76,
        "verse": 10,
        "juz": 29,
        "hizb": 231,
        "manzil": 7,
        "ruku": 514,
        "word_number_in_verse": 5,
        "language_code": "bn",
        "text": "সেই দিনের",
        "root_word": "يَوۡمًا",
        "global_word_sequence_number": 74775,
        "global_verse_sequence_number": 5601
    },
    {
        "chapter": 76,
        "verse": 10,
        "juz": 29,
        "hizb": 231,
        "manzil": 7,
        "ruku": 514,
        "word_number_in_verse": 6,
        "language_code": "bn",
        "text": "ভয়ংকর (যা)",
        "root_word": "عَبُوسٗا",
        "global_word_sequence_number": 74776,
        "global_verse_sequence_number": 5601
    },
    {
        "chapter": 76,
        "verse": 10,
        "juz": 29,
        "hizb": 231,
        "manzil": 7,
        "ruku": 514,
        "word_number_in_verse": 7,
        "language_code": "bn",
        "text": "ক্লেশকর\"",
        "root_word": "قَمۡطَرِيرٗا",
        "global_word_sequence_number": 74777,
        "global_verse_sequence_number": 5601
    },
    {
        "chapter": 76,
        "verse": 11,
        "juz": 29,
        "hizb": 231,
        "manzil": 7,
        "ruku": 514,
        "word_number_in_verse": 1,
        "language_code": "bn",
        "text": "তাদের বাচাবেন অতএব",
        "root_word": "فَوَقَىٰهُمُ",
        "global_word_sequence_number": 74778,
        "global_verse_sequence_number": 5602
    },
    {
        "chapter": 76,
        "verse": 11,
        "juz": 29,
        "hizb": 231,
        "manzil": 7,
        "ruku": 514,
        "word_number_in_verse": 2,
        "language_code": "bn",
        "text": "আল্লাহ",
        "root_word": "اللَّهُ",
        "global_word_sequence_number": 74779,
        "global_verse_sequence_number": 5602
    },
    {
        "chapter": 76,
        "verse": 11,
        "juz": 29,
        "hizb": 231,
        "manzil": 7,
        "ruku": 514,
        "word_number_in_verse": 3,
        "language_code": "bn",
        "text": "অনিষ্ঠতা (থেকে)",
        "root_word": "شَرَّ",
        "global_word_sequence_number": 74780,
        "global_verse_sequence_number": 5602
    },
    {
        "chapter": 76,
        "verse": 11,
        "juz": 29,
        "hizb": 231,
        "manzil": 7,
        "ruku": 514,
        "word_number_in_verse": 4,
        "language_code": "bn",
        "text": "সেই",
        "root_word": "ذَٰلِكَ",
        "global_word_sequence_number": 74781,
        "global_verse_sequence_number": 5602
    },
    {
        "chapter": 76,
        "verse": 11,
        "juz": 29,
        "hizb": 231,
        "manzil": 7,
        "ruku": 514,
        "word_number_in_verse": 5,
        "language_code": "bn",
        "text": "দিনের",
        "root_word": "الۡيَوۡمِ",
        "global_word_sequence_number": 74782,
        "global_verse_sequence_number": 5602
    },
    {
        "chapter": 76,
        "verse": 11,
        "juz": 29,
        "hizb": 231,
        "manzil": 7,
        "ruku": 514,
        "word_number_in_verse": 6,
        "language_code": "bn",
        "text": "এবং তাদের দান করবেন",
        "root_word": "وَلَقَّىٰهُمۡ",
        "global_word_sequence_number": 74783,
        "global_verse_sequence_number": 5602
    },
    {
        "chapter": 76,
        "verse": 11,
        "juz": 29,
        "hizb": 231,
        "manzil": 7,
        "ruku": 514,
        "word_number_in_verse": 7,
        "language_code": "bn",
        "text": "উৎফুল্লতা",
        "root_word": "نَضۡرَةٗ",
        "global_word_sequence_number": 74784,
        "global_verse_sequence_number": 5602
    },
    {
        "chapter": 76,
        "verse": 11,
        "juz": 29,
        "hizb": 231,
        "manzil": 7,
        "ruku": 514,
        "word_number_in_verse": 8,
        "language_code": "bn",
        "text": "ও আনন্দ",
        "root_word": "وَسُرُورٗا",
        "global_word_sequence_number": 74785,
        "global_verse_sequence_number": 5602
    },
    {
        "chapter": 76,
        "verse": 12,
        "juz": 29,
        "hizb": 231,
        "manzil": 7,
        "ruku": 514,
        "word_number_in_verse": 1,
        "language_code": "bn",
        "text": "এবং তাদের প্রতিদান",
        "root_word": "وَجَزَىٰهُم",
        "global_word_sequence_number": 74786,
        "global_verse_sequence_number": 5603
    },
    {
        "chapter": 76,
        "verse": 12,
        "juz": 29,
        "hizb": 231,
        "manzil": 7,
        "ruku": 514,
        "word_number_in_verse": 2,
        "language_code": "bn",
        "text": "যা বিনিময়ে",
        "root_word": "بِمَا",
        "global_word_sequence_number": 74787,
        "global_verse_sequence_number": 5603
    },
    {
        "chapter": 76,
        "verse": 12,
        "juz": 29,
        "hizb": 231,
        "manzil": 7,
        "ruku": 514,
        "word_number_in_verse": 3,
        "language_code": "bn",
        "text": "তারা সবর করেছে",
        "root_word": "صَبَرُواْ",
        "global_word_sequence_number": 74788,
        "global_verse_sequence_number": 5603
    },
    {
        "chapter": 76,
        "verse": 12,
        "juz": 29,
        "hizb": 231,
        "manzil": 7,
        "ruku": 514,
        "word_number_in_verse": 4,
        "language_code": "bn",
        "text": "জান্নাত",
        "root_word": "جَنَّةٗ",
        "global_word_sequence_number": 74789,
        "global_verse_sequence_number": 5603
    },
    {
        "chapter": 76,
        "verse": 12,
        "juz": 29,
        "hizb": 231,
        "manzil": 7,
        "ruku": 514,
        "word_number_in_verse": 5,
        "language_code": "bn",
        "text": "এবং রেশমীপোশাক",
        "root_word": "وَحَرِيرٗا",
        "global_word_sequence_number": 74790,
        "global_verse_sequence_number": 5603
    },
    {
        "chapter": 76,
        "verse": 13,
        "juz": 29,
        "hizb": 231,
        "manzil": 7,
        "ruku": 514,
        "word_number_in_verse": 1,
        "language_code": "bn",
        "text": "হেলান দিয়ে বসবে",
        "root_word": "مُّتَّكِـِٔينَ",
        "global_word_sequence_number": 74791,
        "global_verse_sequence_number": 5604
    },
    {
        "chapter": 76,
        "verse": 13,
        "juz": 29,
        "hizb": 231,
        "manzil": 7,
        "ruku": 514,
        "word_number_in_verse": 2,
        "language_code": "bn",
        "text": "তার মধ্যে",
        "root_word": "فِيهَا",
        "global_word_sequence_number": 74792,
        "global_verse_sequence_number": 5604
    },
    {
        "chapter": 76,
        "verse": 13,
        "juz": 29,
        "hizb": 231,
        "manzil": 7,
        "ruku": 514,
        "word_number_in_verse": 3,
        "language_code": "bn",
        "text": "উপর",
        "root_word": "عَلَى",
        "global_word_sequence_number": 74793,
        "global_verse_sequence_number": 5604
    },
    {
        "chapter": 76,
        "verse": 13,
        "juz": 29,
        "hizb": 231,
        "manzil": 7,
        "ruku": 514,
        "word_number_in_verse": 4,
        "language_code": "bn",
        "text": "উচ্চাসনসমুহের",
        "root_word": "الۡأَرَآئِكِۖ",
        "global_word_sequence_number": 74794,
        "global_verse_sequence_number": 5604
    },
    {
        "chapter": 76,
        "verse": 13,
        "juz": 29,
        "hizb": 231,
        "manzil": 7,
        "ruku": 514,
        "word_number_in_verse": 5,
        "language_code": "bn",
        "text": "না",
        "root_word": "لَا",
        "global_word_sequence_number": 74795,
        "global_verse_sequence_number": 5604
    },
    {
        "chapter": 76,
        "verse": 13,
        "juz": 29,
        "hizb": 231,
        "manzil": 7,
        "ruku": 514,
        "word_number_in_verse": 6,
        "language_code": "bn",
        "text": "তারা দেখবে",
        "root_word": "يَرَوۡنَ",
        "global_word_sequence_number": 74796,
        "global_verse_sequence_number": 5604
    },
    {
        "chapter": 76,
        "verse": 13,
        "juz": 29,
        "hizb": 231,
        "manzil": 7,
        "ruku": 514,
        "word_number_in_verse": 7,
        "language_code": "bn",
        "text": "তারমধ্যে",
        "root_word": "فِيهَا",
        "global_word_sequence_number": 74797,
        "global_verse_sequence_number": 5604
    },
    {
        "chapter": 76,
        "verse": 13,
        "juz": 29,
        "hizb": 231,
        "manzil": 7,
        "ruku": 514,
        "word_number_in_verse": 8,
        "language_code": "bn",
        "text": "রোদ্রতাপ",
        "root_word": "شَمۡسٗا",
        "global_word_sequence_number": 74798,
        "global_verse_sequence_number": 5604
    },
    {
        "chapter": 76,
        "verse": 13,
        "juz": 29,
        "hizb": 231,
        "manzil": 7,
        "ruku": 514,
        "word_number_in_verse": 9,
        "language_code": "bn",
        "text": "এবং না",
        "root_word": "وَلَا",
        "global_word_sequence_number": 74799,
        "global_verse_sequence_number": 5604
    },
    {
        "chapter": 76,
        "verse": 13,
        "juz": 29,
        "hizb": 231,
        "manzil": 7,
        "ruku": 514,
        "word_number_in_verse": 10,
        "language_code": "bn",
        "text": "শীতের প্রকোপ",
        "root_word": "زَمۡهَرِيرٗا",
        "global_word_sequence_number": 74800,
        "global_verse_sequence_number": 5604
    },
    {
        "chapter": 76,
        "verse": 14,
        "juz": 29,
        "hizb": 231,
        "manzil": 7,
        "ruku": 514,
        "word_number_in_verse": 1,
        "language_code": "bn",
        "text": "এবং নিকটে থাকবে",
        "root_word": "وَدَانِيَةً",
        "global_word_sequence_number": 74801,
        "global_verse_sequence_number": 5605
    },
    {
        "chapter": 76,
        "verse": 14,
        "juz": 29,
        "hizb": 231,
        "manzil": 7,
        "ruku": 514,
        "word_number_in_verse": 2,
        "language_code": "bn",
        "text": "তাদের উপর",
        "root_word": "عَلَيۡهِمۡ",
        "global_word_sequence_number": 74802,
        "global_verse_sequence_number": 5605
    },
    {
        "chapter": 76,
        "verse": 14,
        "juz": 29,
        "hizb": 231,
        "manzil": 7,
        "ruku": 514,
        "word_number_in_verse": 3,
        "language_code": "bn",
        "text": "তার ছায়া",
        "root_word": "ظِلَٰلُهَا",
        "global_word_sequence_number": 74803,
        "global_verse_sequence_number": 5605
    },
    {
        "chapter": 76,
        "verse": 14,
        "juz": 29,
        "hizb": 231,
        "manzil": 7,
        "ruku": 514,
        "word_number_in_verse": 4,
        "language_code": "bn",
        "text": "এবং আয়ত্তাধীন করা হবে",
        "root_word": "وَذُلِّلَتۡ",
        "global_word_sequence_number": 74804,
        "global_verse_sequence_number": 5605
    },
    {
        "chapter": 76,
        "verse": 14,
        "juz": 29,
        "hizb": 231,
        "manzil": 7,
        "ruku": 514,
        "word_number_in_verse": 5,
        "language_code": "bn",
        "text": "তার ফলসমূহ",
        "root_word": "قُطُوفُهَا",
        "global_word_sequence_number": 74805,
        "global_verse_sequence_number": 5605
    },
    {
        "chapter": 76,
        "verse": 14,
        "juz": 29,
        "hizb": 231,
        "manzil": 7,
        "ruku": 514,
        "word_number_in_verse": 6,
        "language_code": "bn",
        "text": "আয়ত্তাধীন (পূর্ণ)",
        "root_word": "تَذۡلِيلٗا",
        "global_word_sequence_number": 74806,
        "global_verse_sequence_number": 5605
    },
    {
        "chapter": 76,
        "verse": 15,
        "juz": 29,
        "hizb": 231,
        "manzil": 7,
        "ruku": 514,
        "word_number_in_verse": 1,
        "language_code": "bn",
        "text": "এবং আবর্তিত করানো হবে",
        "root_word": "وَيُطَافُ",
        "global_word_sequence_number": 74807,
        "global_verse_sequence_number": 5606
    },
    {
        "chapter": 76,
        "verse": 15,
        "juz": 29,
        "hizb": 231,
        "manzil": 7,
        "ruku": 514,
        "word_number_in_verse": 2,
        "language_code": "bn",
        "text": "তাদের উপর",
        "root_word": "عَلَيۡهِم",
        "global_word_sequence_number": 74808,
        "global_verse_sequence_number": 5606
    },
    {
        "chapter": 76,
        "verse": 15,
        "juz": 29,
        "hizb": 231,
        "manzil": 7,
        "ruku": 514,
        "word_number_in_verse": 3,
        "language_code": "bn",
        "text": "পান পাত্রকে",
        "root_word": "بِـَٔانِيَةٖ",
        "global_word_sequence_number": 74809,
        "global_verse_sequence_number": 5606
    },
    {
        "chapter": 76,
        "verse": 15,
        "juz": 29,
        "hizb": 231,
        "manzil": 7,
        "ruku": 514,
        "word_number_in_verse": 4,
        "language_code": "bn",
        "text": "(নির্মিত)",
        "root_word": "مِّن",
        "global_word_sequence_number": 74810,
        "global_verse_sequence_number": 5606
    },
    {
        "chapter": 76,
        "verse": 15,
        "juz": 29,
        "hizb": 231,
        "manzil": 7,
        "ruku": 514,
        "word_number_in_verse": 5,
        "language_code": "bn",
        "text": "রোপ্যের",
        "root_word": "فِضَّةٖ",
        "global_word_sequence_number": 74811,
        "global_verse_sequence_number": 5606
    },
    {
        "chapter": 76,
        "verse": 15,
        "juz": 29,
        "hizb": 231,
        "manzil": 7,
        "ruku": 514,
        "word_number_in_verse": 6,
        "language_code": "bn",
        "text": "ও পেয়ালাগুলো",
        "root_word": "وَأَكۡوَابٖ",
        "global_word_sequence_number": 74812,
        "global_verse_sequence_number": 5606
    },
    {
        "chapter": 76,
        "verse": 15,
        "juz": 29,
        "hizb": 231,
        "manzil": 7,
        "ruku": 514,
        "word_number_in_verse": 7,
        "language_code": "bn",
        "text": "হবে",
        "root_word": "كَانَتۡ",
        "global_word_sequence_number": 74813,
        "global_verse_sequence_number": 5606
    },
    {
        "chapter": 76,
        "verse": 15,
        "juz": 29,
        "hizb": 231,
        "manzil": 7,
        "ruku": 514,
        "word_number_in_verse": 8,
        "language_code": "bn",
        "text": "কাঁচের (মত)",
        "root_word": "قَوَارِيرَا۠",
        "global_word_sequence_number": 74814,
        "global_verse_sequence_number": 5606
    },
    {
        "chapter": 76,
        "verse": 16,
        "juz": 29,
        "hizb": 231,
        "manzil": 7,
        "ruku": 514,
        "word_number_in_verse": 1,
        "language_code": "bn",
        "text": "কাঁঁচ",
        "root_word": "قَوَارِيرَاْ",
        "global_word_sequence_number": 74815,
        "global_verse_sequence_number": 5607
    },
    {
        "chapter": 76,
        "verse": 16,
        "juz": 29,
        "hizb": 231,
        "manzil": 7,
        "ruku": 514,
        "word_number_in_verse": 2,
        "language_code": "bn",
        "text": "(নির্মিত)",
        "root_word": "مِن",
        "global_word_sequence_number": 74816,
        "global_verse_sequence_number": 5607
    },
    {
        "chapter": 76,
        "verse": 16,
        "juz": 29,
        "hizb": 231,
        "manzil": 7,
        "ruku": 514,
        "word_number_in_verse": 3,
        "language_code": "bn",
        "text": "রোপ্যের",
        "root_word": "فِضَّةٖ",
        "global_word_sequence_number": 74817,
        "global_verse_sequence_number": 5607
    },
    {
        "chapter": 76,
        "verse": 16,
        "juz": 29,
        "hizb": 231,
        "manzil": 7,
        "ruku": 514,
        "word_number_in_verse": 4,
        "language_code": "bn",
        "text": "তা তারা পরিমাণ মত ভরবে",
        "root_word": "قَدَّرُوهَا",
        "global_word_sequence_number": 74818,
        "global_verse_sequence_number": 5607
    },
    {
        "chapter": 76,
        "verse": 16,
        "juz": 29,
        "hizb": 231,
        "manzil": 7,
        "ruku": 514,
        "word_number_in_verse": 5,
        "language_code": "bn",
        "text": "পরিমিত পরিমানে",
        "root_word": "تَقۡدِيرٗا",
        "global_word_sequence_number": 74819,
        "global_verse_sequence_number": 5607
    },
    {
        "chapter": 76,
        "verse": 17,
        "juz": 29,
        "hizb": 231,
        "manzil": 7,
        "ruku": 514,
        "word_number_in_verse": 1,
        "language_code": "bn",
        "text": "এবং পান করানো হবে তাদের",
        "root_word": "وَيُسۡقَوۡنَ",
        "global_word_sequence_number": 74820,
        "global_verse_sequence_number": 5608
    },
    {
        "chapter": 76,
        "verse": 17,
        "juz": 29,
        "hizb": 231,
        "manzil": 7,
        "ruku": 514,
        "word_number_in_verse": 2,
        "language_code": "bn",
        "text": "তার মধ্যে",
        "root_word": "فِيهَا",
        "global_word_sequence_number": 74821,
        "global_verse_sequence_number": 5608
    },
    {
        "chapter": 76,
        "verse": 17,
        "juz": 29,
        "hizb": 231,
        "manzil": 7,
        "ruku": 514,
        "word_number_in_verse": 3,
        "language_code": "bn",
        "text": "সূরা",
        "root_word": "كَأۡسٗا",
        "global_word_sequence_number": 74822,
        "global_verse_sequence_number": 5608
    },
    {
        "chapter": 76,
        "verse": 17,
        "juz": 29,
        "hizb": 231,
        "manzil": 7,
        "ruku": 514,
        "word_number_in_verse": 4,
        "language_code": "bn",
        "text": "হবে",
        "root_word": "كَانَ",
        "global_word_sequence_number": 74823,
        "global_verse_sequence_number": 5608
    },
    {
        "chapter": 76,
        "verse": 17,
        "juz": 29,
        "hizb": 231,
        "manzil": 7,
        "ruku": 514,
        "word_number_in_verse": 5,
        "language_code": "bn",
        "text": "যার সংমিশ্রণ",
        "root_word": "مِزَاجُهَا",
        "global_word_sequence_number": 74824,
        "global_verse_sequence_number": 5608
    },
    {
        "chapter": 76,
        "verse": 17,
        "juz": 29,
        "hizb": 231,
        "manzil": 7,
        "ruku": 514,
        "word_number_in_verse": 6,
        "language_code": "bn",
        "text": "আদার",
        "root_word": "زَنجَبِيلًا",
        "global_word_sequence_number": 74825,
        "global_verse_sequence_number": 5608
    },
    {
        "chapter": 76,
        "verse": 18,
        "juz": 29,
        "hizb": 231,
        "manzil": 7,
        "ruku": 514,
        "word_number_in_verse": 1,
        "language_code": "bn",
        "text": "ঝর্ণা (এমন এক)",
        "root_word": "عَيۡنٗا",
        "global_word_sequence_number": 74826,
        "global_verse_sequence_number": 5609
    },
    {
        "chapter": 76,
        "verse": 18,
        "juz": 29,
        "hizb": 231,
        "manzil": 7,
        "ruku": 514,
        "word_number_in_verse": 2,
        "language_code": "bn",
        "text": "তার মধ্যে",
        "root_word": "فِيهَا",
        "global_word_sequence_number": 74827,
        "global_verse_sequence_number": 5609
    },
    {
        "chapter": 76,
        "verse": 18,
        "juz": 29,
        "hizb": 231,
        "manzil": 7,
        "ruku": 514,
        "word_number_in_verse": 3,
        "language_code": "bn",
        "text": "নাম দেয়া হয়েছে (যার)",
        "root_word": "تُسَمَّىٰ",
        "global_word_sequence_number": 74828,
        "global_verse_sequence_number": 5609
    },
    {
        "chapter": 76,
        "verse": 18,
        "juz": 29,
        "hizb": 231,
        "manzil": 7,
        "ruku": 514,
        "word_number_in_verse": 4,
        "language_code": "bn",
        "text": "সালসাবীল",
        "root_word": "سَلۡسَبِيلٗا",
        "global_word_sequence_number": 74829,
        "global_verse_sequence_number": 5609
    },
    {
        "chapter": 76,
        "verse": 19,
        "juz": 29,
        "hizb": 232,
        "manzil": 7,
        "ruku": 514,
        "word_number_in_verse": 1,
        "language_code": "bn",
        "text": "এবং ফিরতে থাকবে",
        "root_word": "۞وَيَطُوفُ",
        "global_word_sequence_number": 74830,
        "global_verse_sequence_number": 5610
    },
    {
        "chapter": 76,
        "verse": 19,
        "juz": 29,
        "hizb": 232,
        "manzil": 7,
        "ruku": 514,
        "word_number_in_verse": 2,
        "language_code": "bn",
        "text": "তাদের নিকট",
        "root_word": "عَلَيۡهِمۡ",
        "global_word_sequence_number": 74831,
        "global_verse_sequence_number": 5610
    },
    {
        "chapter": 76,
        "verse": 19,
        "juz": 29,
        "hizb": 232,
        "manzil": 7,
        "ruku": 514,
        "word_number_in_verse": 3,
        "language_code": "bn",
        "text": "কিশোররা",
        "root_word": "وِلۡدَٰنٞ",
        "global_word_sequence_number": 74832,
        "global_verse_sequence_number": 5610
    },
    {
        "chapter": 76,
        "verse": 19,
        "juz": 29,
        "hizb": 232,
        "manzil": 7,
        "ruku": 514,
        "word_number_in_verse": 4,
        "language_code": "bn",
        "text": "চির",
        "root_word": "مُّخَلَّدُونَ",
        "global_word_sequence_number": 74833,
        "global_verse_sequence_number": 5610
    },
    {
        "chapter": 76,
        "verse": 19,
        "juz": 29,
        "hizb": 232,
        "manzil": 7,
        "ruku": 514,
        "word_number_in_verse": 5,
        "language_code": "bn",
        "text": "যখন",
        "root_word": "إِذَا",
        "global_word_sequence_number": 74834,
        "global_verse_sequence_number": 5610
    },
    {
        "chapter": 76,
        "verse": 19,
        "juz": 29,
        "hizb": 232,
        "manzil": 7,
        "ruku": 514,
        "word_number_in_verse": 6,
        "language_code": "bn",
        "text": "তাদের তুমি দেখবে",
        "root_word": "رَأَيۡتَهُمۡ",
        "global_word_sequence_number": 74835,
        "global_verse_sequence_number": 5610
    },
    {
        "chapter": 76,
        "verse": 19,
        "juz": 29,
        "hizb": 232,
        "manzil": 7,
        "ruku": 514,
        "word_number_in_verse": 7,
        "language_code": "bn",
        "text": "তাদের তুুমি মনে করবে",
        "root_word": "حَسِبۡتَهُمۡ",
        "global_word_sequence_number": 74836,
        "global_verse_sequence_number": 5610
    },
    {
        "chapter": 76,
        "verse": 19,
        "juz": 29,
        "hizb": 232,
        "manzil": 7,
        "ruku": 514,
        "word_number_in_verse": 8,
        "language_code": "bn",
        "text": "মুক্তা",
        "root_word": "لُؤۡلُؤٗا",
        "global_word_sequence_number": 74837,
        "global_verse_sequence_number": 5610
    },
    {
        "chapter": 76,
        "verse": 19,
        "juz": 29,
        "hizb": 232,
        "manzil": 7,
        "ruku": 514,
        "word_number_in_verse": 9,
        "language_code": "bn",
        "text": "বিক্ষিপ্ত",
        "root_word": "مَّنثُورٗا",
        "global_word_sequence_number": 74838,
        "global_verse_sequence_number": 5610
    },
    {
        "chapter": 76,
        "verse": 20,
        "juz": 29,
        "hizb": 232,
        "manzil": 7,
        "ruku": 514,
        "word_number_in_verse": 1,
        "language_code": "bn",
        "text": "এবং যখন",
        "root_word": "وَإِذَا",
        "global_word_sequence_number": 74839,
        "global_verse_sequence_number": 5611
    },
    {
        "chapter": 76,
        "verse": 20,
        "juz": 29,
        "hizb": 232,
        "manzil": 7,
        "ruku": 514,
        "word_number_in_verse": 2,
        "language_code": "bn",
        "text": "তুমি দেখবে",
        "root_word": "رَأَيۡتَ",
        "global_word_sequence_number": 74840,
        "global_verse_sequence_number": 5611
    },
    {
        "chapter": 76,
        "verse": 20,
        "juz": 29,
        "hizb": 232,
        "manzil": 7,
        "ruku": 514,
        "word_number_in_verse": 3,
        "language_code": "bn",
        "text": "সেখানে",
        "root_word": "ثَمَّ",
        "global_word_sequence_number": 74841,
        "global_verse_sequence_number": 5611
    },
    {
        "chapter": 76,
        "verse": 20,
        "juz": 29,
        "hizb": 232,
        "manzil": 7,
        "ruku": 514,
        "word_number_in_verse": 4,
        "language_code": "bn",
        "text": "দেখবে",
        "root_word": "رَأَيۡتَ",
        "global_word_sequence_number": 74842,
        "global_verse_sequence_number": 5611
    },
    {
        "chapter": 76,
        "verse": 20,
        "juz": 29,
        "hizb": 232,
        "manzil": 7,
        "ruku": 514,
        "word_number_in_verse": 5,
        "language_code": "bn",
        "text": "নিয়ামত",
        "root_word": "نَعِيمٗا",
        "global_word_sequence_number": 74843,
        "global_verse_sequence_number": 5611
    },
    {
        "chapter": 76,
        "verse": 20,
        "juz": 29,
        "hizb": 232,
        "manzil": 7,
        "ruku": 514,
        "word_number_in_verse": 6,
        "language_code": "bn",
        "text": "এবং সম্রাজ্য",
        "root_word": "وَمُلۡكٗا",
        "global_word_sequence_number": 74844,
        "global_verse_sequence_number": 5611
    },
    {
        "chapter": 76,
        "verse": 20,
        "juz": 29,
        "hizb": 232,
        "manzil": 7,
        "ruku": 514,
        "word_number_in_verse": 7,
        "language_code": "bn",
        "text": "বিরাট",
        "root_word": "كَبِيرًا",
        "global_word_sequence_number": 74845,
        "global_verse_sequence_number": 5611
    },
    {
        "chapter": 76,
        "verse": 21,
        "juz": 29,
        "hizb": 232,
        "manzil": 7,
        "ruku": 514,
        "word_number_in_verse": 1,
        "language_code": "bn",
        "text": "তাদের উপর",
        "root_word": "عَٰلِيَهُمۡ",
        "global_word_sequence_number": 74846,
        "global_verse_sequence_number": 5612
    },
    {
        "chapter": 76,
        "verse": 21,
        "juz": 29,
        "hizb": 232,
        "manzil": 7,
        "ruku": 514,
        "word_number_in_verse": 2,
        "language_code": "bn",
        "text": "পোশাক",
        "root_word": "ثِيَابُ",
        "global_word_sequence_number": 74847,
        "global_verse_sequence_number": 5612
    },
    {
        "chapter": 76,
        "verse": 21,
        "juz": 29,
        "hizb": 232,
        "manzil": 7,
        "ruku": 514,
        "word_number_in_verse": 3,
        "language_code": "bn",
        "text": "সুক্ষ রেশমের",
        "root_word": "سُندُسٍ",
        "global_word_sequence_number": 74848,
        "global_verse_sequence_number": 5612
    },
    {
        "chapter": 76,
        "verse": 21,
        "juz": 29,
        "hizb": 232,
        "manzil": 7,
        "ruku": 514,
        "word_number_in_verse": 4,
        "language_code": "bn",
        "text": "সবুজ",
        "root_word": "خُضۡرٞ",
        "global_word_sequence_number": 74849,
        "global_verse_sequence_number": 5612
    },
    {
        "chapter": 76,
        "verse": 21,
        "juz": 29,
        "hizb": 232,
        "manzil": 7,
        "ruku": 514,
        "word_number_in_verse": 5,
        "language_code": "bn",
        "text": "এবং বুটিদার",
        "root_word": "وَإِسۡتَبۡرَقٞۖ",
        "global_word_sequence_number": 74850,
        "global_verse_sequence_number": 5612
    },
    {
        "chapter": 76,
        "verse": 21,
        "juz": 29,
        "hizb": 232,
        "manzil": 7,
        "ruku": 514,
        "word_number_in_verse": 6,
        "language_code": "bn",
        "text": "এবং তাদের অলংকার",
        "root_word": "وَحُلُّوٓاْ",
        "global_word_sequence_number": 74851,
        "global_verse_sequence_number": 5612
    },
    {
        "chapter": 76,
        "verse": 21,
        "juz": 29,
        "hizb": 232,
        "manzil": 7,
        "ruku": 514,
        "word_number_in_verse": 7,
        "language_code": "bn",
        "text": "কংকনের",
        "root_word": "أَسَاوِرَ",
        "global_word_sequence_number": 74852,
        "global_verse_sequence_number": 5612
    },
    {
        "chapter": 76,
        "verse": 21,
        "juz": 29,
        "hizb": 232,
        "manzil": 7,
        "ruku": 514,
        "word_number_in_verse": 8,
        "language_code": "bn",
        "text": "(নির্মিত)",
        "root_word": "مِن",
        "global_word_sequence_number": 74853,
        "global_verse_sequence_number": 5612
    },
    {
        "chapter": 76,
        "verse": 21,
        "juz": 29,
        "hizb": 232,
        "manzil": 7,
        "ruku": 514,
        "word_number_in_verse": 9,
        "language_code": "bn",
        "text": "রৌপ্য",
        "root_word": "فِضَّةٖ",
        "global_word_sequence_number": 74854,
        "global_verse_sequence_number": 5612
    },
    {
        "chapter": 76,
        "verse": 21,
        "juz": 29,
        "hizb": 232,
        "manzil": 7,
        "ruku": 514,
        "word_number_in_verse": 10,
        "language_code": "bn",
        "text": "এবং তাদের পান করাবেন",
        "root_word": "وَسَقَىٰهُمۡ",
        "global_word_sequence_number": 74855,
        "global_verse_sequence_number": 5612
    },
    {
        "chapter": 76,
        "verse": 21,
        "juz": 29,
        "hizb": 232,
        "manzil": 7,
        "ruku": 514,
        "word_number_in_verse": 11,
        "language_code": "bn",
        "text": "তাদের রব",
        "root_word": "رَبُّهُمۡ",
        "global_word_sequence_number": 74856,
        "global_verse_sequence_number": 5612
    },
    {
        "chapter": 76,
        "verse": 21,
        "juz": 29,
        "hizb": 232,
        "manzil": 7,
        "ruku": 514,
        "word_number_in_verse": 12,
        "language_code": "bn",
        "text": "পানীয়",
        "root_word": "شَرَابٗا",
        "global_word_sequence_number": 74857,
        "global_verse_sequence_number": 5612
    },
    {
        "chapter": 76,
        "verse": 21,
        "juz": 29,
        "hizb": 232,
        "manzil": 7,
        "ruku": 514,
        "word_number_in_verse": 13,
        "language_code": "bn",
        "text": "পবিত্র",
        "root_word": "طَهُورًا",
        "global_word_sequence_number": 74858,
        "global_verse_sequence_number": 5612
    },
    {
        "chapter": 76,
        "verse": 22,
        "juz": 29,
        "hizb": 232,
        "manzil": 7,
        "ruku": 514,
        "word_number_in_verse": 1,
        "language_code": "bn",
        "text": "\"নিশ্চয়",
        "root_word": "إِنَّ",
        "global_word_sequence_number": 74859,
        "global_verse_sequence_number": 5613
    },
    {
        "chapter": 76,
        "verse": 22,
        "juz": 29,
        "hizb": 232,
        "manzil": 7,
        "ruku": 514,
        "word_number_in_verse": 2,
        "language_code": "bn",
        "text": "এটা",
        "root_word": "هَٰذَا",
        "global_word_sequence_number": 74860,
        "global_verse_sequence_number": 5613
    },
    {
        "chapter": 76,
        "verse": 22,
        "juz": 29,
        "hizb": 232,
        "manzil": 7,
        "ruku": 514,
        "word_number_in_verse": 3,
        "language_code": "bn",
        "text": "হলো",
        "root_word": "كَانَ",
        "global_word_sequence_number": 74861,
        "global_verse_sequence_number": 5613
    },
    {
        "chapter": 76,
        "verse": 22,
        "juz": 29,
        "hizb": 232,
        "manzil": 7,
        "ruku": 514,
        "word_number_in_verse": 4,
        "language_code": "bn",
        "text": "তোমাদের জন্যে",
        "root_word": "لَكُمۡ",
        "global_word_sequence_number": 74862,
        "global_verse_sequence_number": 5613
    },
    {
        "chapter": 76,
        "verse": 22,
        "juz": 29,
        "hizb": 232,
        "manzil": 7,
        "ruku": 514,
        "word_number_in_verse": 5,
        "language_code": "bn",
        "text": "প্রতিদান",
        "root_word": "جَزَآءٗ",
        "global_word_sequence_number": 74863,
        "global_verse_sequence_number": 5613
    },
    {
        "chapter": 76,
        "verse": 22,
        "juz": 29,
        "hizb": 232,
        "manzil": 7,
        "ruku": 514,
        "word_number_in_verse": 6,
        "language_code": "bn",
        "text": "এবং হবে",
        "root_word": "وَكَانَ",
        "global_word_sequence_number": 74864,
        "global_verse_sequence_number": 5613
    },
    {
        "chapter": 76,
        "verse": 22,
        "juz": 29,
        "hizb": 232,
        "manzil": 7,
        "ruku": 514,
        "word_number_in_verse": 7,
        "language_code": "bn",
        "text": "তোমাদের প্রচেষ্টা",
        "root_word": "سَعۡيُكُم",
        "global_word_sequence_number": 74865,
        "global_verse_sequence_number": 5613
    },
    {
        "chapter": 76,
        "verse": 22,
        "juz": 29,
        "hizb": 232,
        "manzil": 7,
        "ruku": 514,
        "word_number_in_verse": 8,
        "language_code": "bn",
        "text": "প্রশংসীত\"",
        "root_word": "مَّشۡكُورًا",
        "global_word_sequence_number": 74866,
        "global_verse_sequence_number": 5613
    },
    {
        "chapter": 76,
        "verse": 23,
        "juz": 29,
        "hizb": 232,
        "manzil": 7,
        "ruku": 515,
        "word_number_in_verse": 1,
        "language_code": "bn",
        "text": "নিশ্চয়",
        "root_word": "إِنَّا",
        "global_word_sequence_number": 74867,
        "global_verse_sequence_number": 5614
    },
    {
        "chapter": 76,
        "verse": 23,
        "juz": 29,
        "hizb": 232,
        "manzil": 7,
        "ruku": 515,
        "word_number_in_verse": 2,
        "language_code": "bn",
        "text": "আমরা",
        "root_word": "نَحۡنُ",
        "global_word_sequence_number": 74868,
        "global_verse_sequence_number": 5614
    },
    {
        "chapter": 76,
        "verse": 23,
        "juz": 29,
        "hizb": 232,
        "manzil": 7,
        "ruku": 515,
        "word_number_in_verse": 3,
        "language_code": "bn",
        "text": "আমরা নাযিল করেছি",
        "root_word": "نَزَّلۡنَا",
        "global_word_sequence_number": 74869,
        "global_verse_sequence_number": 5614
    },
    {
        "chapter": 76,
        "verse": 23,
        "juz": 29,
        "hizb": 232,
        "manzil": 7,
        "ruku": 515,
        "word_number_in_verse": 4,
        "language_code": "bn",
        "text": "তোমার উপর",
        "root_word": "عَلَيۡكَ",
        "global_word_sequence_number": 74870,
        "global_verse_sequence_number": 5614
    },
    {
        "chapter": 76,
        "verse": 23,
        "juz": 29,
        "hizb": 232,
        "manzil": 7,
        "ruku": 515,
        "word_number_in_verse": 5,
        "language_code": "bn",
        "text": "কুরআন",
        "root_word": "الۡقُرۡءَانَ",
        "global_word_sequence_number": 74871,
        "global_verse_sequence_number": 5614
    },
    {
        "chapter": 76,
        "verse": 23,
        "juz": 29,
        "hizb": 232,
        "manzil": 7,
        "ruku": 515,
        "word_number_in_verse": 6,
        "language_code": "bn",
        "text": "নাযিল (অল্প অল্প করে)",
        "root_word": "تَنزِيلٗا",
        "global_word_sequence_number": 74872,
        "global_verse_sequence_number": 5614
    },
    {
        "chapter": 76,
        "verse": 24,
        "juz": 29,
        "hizb": 232,
        "manzil": 7,
        "ruku": 515,
        "word_number_in_verse": 1,
        "language_code": "bn",
        "text": "অতএব তুমি সবর কর",
        "root_word": "فَاصۡبِرۡ",
        "global_word_sequence_number": 74873,
        "global_verse_sequence_number": 5615
    },
    {
        "chapter": 76,
        "verse": 24,
        "juz": 29,
        "hizb": 232,
        "manzil": 7,
        "ruku": 515,
        "word_number_in_verse": 2,
        "language_code": "bn",
        "text": "হুকুমের জন্য",
        "root_word": "لِحُكۡمِ",
        "global_word_sequence_number": 74874,
        "global_verse_sequence_number": 5615
    },
    {
        "chapter": 76,
        "verse": 24,
        "juz": 29,
        "hizb": 232,
        "manzil": 7,
        "ruku": 515,
        "word_number_in_verse": 3,
        "language_code": "bn",
        "text": "তোমার রবের",
        "root_word": "رَبِّكَ",
        "global_word_sequence_number": 74875,
        "global_verse_sequence_number": 5615
    },
    {
        "chapter": 76,
        "verse": 24,
        "juz": 29,
        "hizb": 232,
        "manzil": 7,
        "ruku": 515,
        "word_number_in_verse": 4,
        "language_code": "bn",
        "text": "এবং না",
        "root_word": "وَلَا",
        "global_word_sequence_number": 74876,
        "global_verse_sequence_number": 5615
    },
    {
        "chapter": 76,
        "verse": 24,
        "juz": 29,
        "hizb": 232,
        "manzil": 7,
        "ruku": 515,
        "word_number_in_verse": 5,
        "language_code": "bn",
        "text": "তুমি অনুসরন কর",
        "root_word": "تُطِعۡ",
        "global_word_sequence_number": 74877,
        "global_verse_sequence_number": 5615
    },
    {
        "chapter": 76,
        "verse": 24,
        "juz": 29,
        "hizb": 232,
        "manzil": 7,
        "ruku": 515,
        "word_number_in_verse": 6,
        "language_code": "bn",
        "text": "তাদের মধ্যে",
        "root_word": "مِنۡهُمۡ",
        "global_word_sequence_number": 74878,
        "global_verse_sequence_number": 5615
    },
    {
        "chapter": 76,
        "verse": 24,
        "juz": 29,
        "hizb": 232,
        "manzil": 7,
        "ruku": 515,
        "word_number_in_verse": 7,
        "language_code": "bn",
        "text": "পাপিষ্ঠ (যারা)",
        "root_word": "ءَاثِمًا",
        "global_word_sequence_number": 74879,
        "global_verse_sequence_number": 5615
    },
    {
        "chapter": 76,
        "verse": 24,
        "juz": 29,
        "hizb": 232,
        "manzil": 7,
        "ruku": 515,
        "word_number_in_verse": 8,
        "language_code": "bn",
        "text": "বা",
        "root_word": "أَوۡ",
        "global_word_sequence_number": 74880,
        "global_verse_sequence_number": 5615
    },
    {
        "chapter": 76,
        "verse": 24,
        "juz": 29,
        "hizb": 232,
        "manzil": 7,
        "ruku": 515,
        "word_number_in_verse": 9,
        "language_code": "bn",
        "text": "কাফির",
        "root_word": "كَفُورٗا",
        "global_word_sequence_number": 74881,
        "global_verse_sequence_number": 5615
    },
    {
        "chapter": 76,
        "verse": 25,
        "juz": 29,
        "hizb": 232,
        "manzil": 7,
        "ruku": 515,
        "word_number_in_verse": 1,
        "language_code": "bn",
        "text": "এবং স্মরন কর",
        "root_word": "وَاذۡكُرِ",
        "global_word_sequence_number": 74882,
        "global_verse_sequence_number": 5616
    },
    {
        "chapter": 76,
        "verse": 25,
        "juz": 29,
        "hizb": 232,
        "manzil": 7,
        "ruku": 515,
        "word_number_in_verse": 2,
        "language_code": "bn",
        "text": "নামের",
        "root_word": "اسۡمَ",
        "global_word_sequence_number": 74883,
        "global_verse_sequence_number": 5616
    },
    {
        "chapter": 76,
        "verse": 25,
        "juz": 29,
        "hizb": 232,
        "manzil": 7,
        "ruku": 515,
        "word_number_in_verse": 3,
        "language_code": "bn",
        "text": "তোমার রবের",
        "root_word": "رَبِّكَ",
        "global_word_sequence_number": 74884,
        "global_verse_sequence_number": 5616
    },
    {
        "chapter": 76,
        "verse": 25,
        "juz": 29,
        "hizb": 232,
        "manzil": 7,
        "ruku": 515,
        "word_number_in_verse": 4,
        "language_code": "bn",
        "text": "সকাল",
        "root_word": "بُكۡرَةٗ",
        "global_word_sequence_number": 74885,
        "global_verse_sequence_number": 5616
    },
    {
        "chapter": 76,
        "verse": 25,
        "juz": 29,
        "hizb": 232,
        "manzil": 7,
        "ruku": 515,
        "word_number_in_verse": 5,
        "language_code": "bn",
        "text": "ও সন্ধ্যায়",
        "root_word": "وَأَصِيلٗا",
        "global_word_sequence_number": 74886,
        "global_verse_sequence_number": 5616
    },
    {
        "chapter": 76,
        "verse": 26,
        "juz": 29,
        "hizb": 232,
        "manzil": 7,
        "ruku": 515,
        "word_number_in_verse": 1,
        "language_code": "bn",
        "text": "মধ্য হতে",
        "root_word": "وَمِنَ",
        "global_word_sequence_number": 74887,
        "global_verse_sequence_number": 5617
    },
    {
        "chapter": 76,
        "verse": 26,
        "juz": 29,
        "hizb": 232,
        "manzil": 7,
        "ruku": 515,
        "word_number_in_verse": 2,
        "language_code": "bn",
        "text": "রাতে",
        "root_word": "الَّيۡلِ",
        "global_word_sequence_number": 74888,
        "global_verse_sequence_number": 5617
    },
    {
        "chapter": 76,
        "verse": 26,
        "juz": 29,
        "hizb": 232,
        "manzil": 7,
        "ruku": 515,
        "word_number_in_verse": 3,
        "language_code": "bn",
        "text": "সিজদা অতঃপর করো",
        "root_word": "فَاسۡجُدۡ",
        "global_word_sequence_number": 74889,
        "global_verse_sequence_number": 5617
    },
    {
        "chapter": 76,
        "verse": 26,
        "juz": 29,
        "hizb": 232,
        "manzil": 7,
        "ruku": 515,
        "word_number_in_verse": 4,
        "language_code": "bn",
        "text": "তাকে",
        "root_word": "لَهُۥ",
        "global_word_sequence_number": 74890,
        "global_verse_sequence_number": 5617
    },
    {
        "chapter": 76,
        "verse": 26,
        "juz": 29,
        "hizb": 232,
        "manzil": 7,
        "ruku": 515,
        "word_number_in_verse": 5,
        "language_code": "bn",
        "text": "এবং তাঁর তসবিহ কর",
        "root_word": "وَسَبِّحۡهُ",
        "global_word_sequence_number": 74891,
        "global_verse_sequence_number": 5617
    },
    {
        "chapter": 76,
        "verse": 26,
        "juz": 29,
        "hizb": 232,
        "manzil": 7,
        "ruku": 515,
        "word_number_in_verse": 6,
        "language_code": "bn",
        "text": "রাতে",
        "root_word": "لَيۡلٗا",
        "global_word_sequence_number": 74892,
        "global_verse_sequence_number": 5617
    },
    {
        "chapter": 76,
        "verse": 26,
        "juz": 29,
        "hizb": 232,
        "manzil": 7,
        "ruku": 515,
        "word_number_in_verse": 7,
        "language_code": "bn",
        "text": "দীর্ঘ",
        "root_word": "طَوِيلًا",
        "global_word_sequence_number": 74893,
        "global_verse_sequence_number": 5617
    },
    {
        "chapter": 76,
        "verse": 27,
        "juz": 29,
        "hizb": 232,
        "manzil": 7,
        "ruku": 515,
        "word_number_in_verse": 1,
        "language_code": "bn",
        "text": "নিশ্চয়",
        "root_word": "إِنَّ",
        "global_word_sequence_number": 74894,
        "global_verse_sequence_number": 5618
    },
    {
        "chapter": 76,
        "verse": 27,
        "juz": 29,
        "hizb": 232,
        "manzil": 7,
        "ruku": 515,
        "word_number_in_verse": 2,
        "language_code": "bn",
        "text": "ঐসব লোক",
        "root_word": "هَٰٓؤُلَآءِ",
        "global_word_sequence_number": 74895,
        "global_verse_sequence_number": 5618
    },
    {
        "chapter": 76,
        "verse": 27,
        "juz": 29,
        "hizb": 232,
        "manzil": 7,
        "ruku": 515,
        "word_number_in_verse": 3,
        "language_code": "bn",
        "text": "ভালবাসে",
        "root_word": "يُحِبُّونَ",
        "global_word_sequence_number": 74896,
        "global_verse_sequence_number": 5618
    },
    {
        "chapter": 76,
        "verse": 27,
        "juz": 29,
        "hizb": 232,
        "manzil": 7,
        "ruku": 515,
        "word_number_in_verse": 4,
        "language_code": "bn",
        "text": "দ্রুত অর্জিত ( বৈষয়িক স্বার্থ)",
        "root_word": "الۡعَاجِلَةَ",
        "global_word_sequence_number": 74897,
        "global_verse_sequence_number": 5618
    },
    {
        "chapter": 76,
        "verse": 27,
        "juz": 29,
        "hizb": 232,
        "manzil": 7,
        "ruku": 515,
        "word_number_in_verse": 5,
        "language_code": "bn",
        "text": "এবং তারা উপেক্ষা করে",
        "root_word": "وَيَذَرُونَ",
        "global_word_sequence_number": 74898,
        "global_verse_sequence_number": 5618
    },
    {
        "chapter": 76,
        "verse": 27,
        "juz": 29,
        "hizb": 232,
        "manzil": 7,
        "ruku": 515,
        "word_number_in_verse": 6,
        "language_code": "bn",
        "text": "তাদের পিছনে",
        "root_word": "وَرَآءَهُمۡ",
        "global_word_sequence_number": 74899,
        "global_verse_sequence_number": 5618
    },
    {
        "chapter": 76,
        "verse": 27,
        "juz": 29,
        "hizb": 232,
        "manzil": 7,
        "ruku": 515,
        "word_number_in_verse": 7,
        "language_code": "bn",
        "text": "দিনকে",
        "root_word": "يَوۡمٗا",
        "global_word_sequence_number": 74900,
        "global_verse_sequence_number": 5618
    },
    {
        "chapter": 76,
        "verse": 27,
        "juz": 29,
        "hizb": 232,
        "manzil": 7,
        "ruku": 515,
        "word_number_in_verse": 8,
        "language_code": "bn",
        "text": "ভারী",
        "root_word": "ثَقِيلٗا",
        "global_word_sequence_number": 74901,
        "global_verse_sequence_number": 5618
    },
    {
        "chapter": 76,
        "verse": 28,
        "juz": 29,
        "hizb": 232,
        "manzil": 7,
        "ruku": 515,
        "word_number_in_verse": 1,
        "language_code": "bn",
        "text": "আমরা",
        "root_word": "نَّحۡنُ",
        "global_word_sequence_number": 74902,
        "global_verse_sequence_number": 5619
    },
    {
        "chapter": 76,
        "verse": 28,
        "juz": 29,
        "hizb": 232,
        "manzil": 7,
        "ruku": 515,
        "word_number_in_verse": 2,
        "language_code": "bn",
        "text": "তাদের আমরা সৃষ্টি করেছি",
        "root_word": "خَلَقۡنَٰهُمۡ",
        "global_word_sequence_number": 74903,
        "global_verse_sequence_number": 5619
    },
    {
        "chapter": 76,
        "verse": 28,
        "juz": 29,
        "hizb": 232,
        "manzil": 7,
        "ruku": 515,
        "word_number_in_verse": 3,
        "language_code": "bn",
        "text": "এবং আমরা সুদৃঢ় করেছি",
        "root_word": "وَشَدَدۡنَآ",
        "global_word_sequence_number": 74904,
        "global_verse_sequence_number": 5619
    },
    {
        "chapter": 76,
        "verse": 28,
        "juz": 29,
        "hizb": 232,
        "manzil": 7,
        "ruku": 515,
        "word_number_in_verse": 4,
        "language_code": "bn",
        "text": "তাদের জোড়ন",
        "root_word": "أَسۡرَهُمۡۖ",
        "global_word_sequence_number": 74905,
        "global_verse_sequence_number": 5619
    },
    {
        "chapter": 76,
        "verse": 28,
        "juz": 29,
        "hizb": 232,
        "manzil": 7,
        "ruku": 515,
        "word_number_in_verse": 5,
        "language_code": "bn",
        "text": "এবং যখন",
        "root_word": "وَإِذَا",
        "global_word_sequence_number": 74906,
        "global_verse_sequence_number": 5619
    },
    {
        "chapter": 76,
        "verse": 28,
        "juz": 29,
        "hizb": 232,
        "manzil": 7,
        "ruku": 515,
        "word_number_in_verse": 6,
        "language_code": "bn",
        "text": "আমরা চাইবো",
        "root_word": "شِئۡنَا",
        "global_word_sequence_number": 74907,
        "global_verse_sequence_number": 5619
    },
    {
        "chapter": 76,
        "verse": 28,
        "juz": 29,
        "hizb": 232,
        "manzil": 7,
        "ruku": 515,
        "word_number_in_verse": 7,
        "language_code": "bn",
        "text": "আমরা বদলে দেবো",
        "root_word": "بَدَّلۡنَآ",
        "global_word_sequence_number": 74908,
        "global_verse_sequence_number": 5619
    },
    {
        "chapter": 76,
        "verse": 28,
        "juz": 29,
        "hizb": 232,
        "manzil": 7,
        "ruku": 515,
        "word_number_in_verse": 8,
        "language_code": "bn",
        "text": "তাদের আকৃতি সমূহ",
        "root_word": "أَمۡثَٰلَهُمۡ",
        "global_word_sequence_number": 74909,
        "global_verse_sequence_number": 5619
    },
    {
        "chapter": 76,
        "verse": 28,
        "juz": 29,
        "hizb": 232,
        "manzil": 7,
        "ruku": 515,
        "word_number_in_verse": 9,
        "language_code": "bn",
        "text": "পরিবর্তন করে",
        "root_word": "تَبۡدِيلًا",
        "global_word_sequence_number": 74910,
        "global_verse_sequence_number": 5619
    },
    {
        "chapter": 76,
        "verse": 29,
        "juz": 29,
        "hizb": 232,
        "manzil": 7,
        "ruku": 515,
        "word_number_in_verse": 1,
        "language_code": "bn",
        "text": "নিশ্চয়",
        "root_word": "إِنَّ",
        "global_word_sequence_number": 74911,
        "global_verse_sequence_number": 5620
    },
    {
        "chapter": 76,
        "verse": 29,
        "juz": 29,
        "hizb": 232,
        "manzil": 7,
        "ruku": 515,
        "word_number_in_verse": 2,
        "language_code": "bn",
        "text": "এটা",
        "root_word": "هَٰذِهِۦ",
        "global_word_sequence_number": 74912,
        "global_verse_sequence_number": 5620
    },
    {
        "chapter": 76,
        "verse": 29,
        "juz": 29,
        "hizb": 232,
        "manzil": 7,
        "ruku": 515,
        "word_number_in_verse": 3,
        "language_code": "bn",
        "text": "নসীহত",
        "root_word": "تَذۡكِرَةٞۖ",
        "global_word_sequence_number": 74913,
        "global_verse_sequence_number": 5620
    },
    {
        "chapter": 76,
        "verse": 29,
        "juz": 29,
        "hizb": 232,
        "manzil": 7,
        "ruku": 515,
        "word_number_in_verse": 4,
        "language_code": "bn",
        "text": "যে অতএব",
        "root_word": "فَمَن",
        "global_word_sequence_number": 74914,
        "global_verse_sequence_number": 5620
    },
    {
        "chapter": 76,
        "verse": 29,
        "juz": 29,
        "hizb": 232,
        "manzil": 7,
        "ruku": 515,
        "word_number_in_verse": 5,
        "language_code": "bn",
        "text": "চায়",
        "root_word": "شَآءَ",
        "global_word_sequence_number": 74915,
        "global_verse_sequence_number": 5620
    },
    {
        "chapter": 76,
        "verse": 29,
        "juz": 29,
        "hizb": 232,
        "manzil": 7,
        "ruku": 515,
        "word_number_in_verse": 6,
        "language_code": "bn",
        "text": "গ্রহন করবে",
        "root_word": "اتَّخَذَ",
        "global_word_sequence_number": 74916,
        "global_verse_sequence_number": 5620
    },
    {
        "chapter": 76,
        "verse": 29,
        "juz": 29,
        "hizb": 232,
        "manzil": 7,
        "ruku": 515,
        "word_number_in_verse": 7,
        "language_code": "bn",
        "text": "দিকে",
        "root_word": "إِلَىٰ",
        "global_word_sequence_number": 74917,
        "global_verse_sequence_number": 5620
    },
    {
        "chapter": 76,
        "verse": 29,
        "juz": 29,
        "hizb": 232,
        "manzil": 7,
        "ruku": 515,
        "word_number_in_verse": 8,
        "language_code": "bn",
        "text": "তার রবের",
        "root_word": "رَبِّهِۦ",
        "global_word_sequence_number": 74918,
        "global_verse_sequence_number": 5620
    },
    {
        "chapter": 76,
        "verse": 29,
        "juz": 29,
        "hizb": 232,
        "manzil": 7,
        "ruku": 515,
        "word_number_in_verse": 9,
        "language_code": "bn",
        "text": "পথ",
        "root_word": "سَبِيلٗا",
        "global_word_sequence_number": 74919,
        "global_verse_sequence_number": 5620
    },
    {
        "chapter": 76,
        "verse": 30,
        "juz": 29,
        "hizb": 232,
        "manzil": 7,
        "ruku": 515,
        "word_number_in_verse": 1,
        "language_code": "bn",
        "text": "এবং না",
        "root_word": "وَمَا",
        "global_word_sequence_number": 74920,
        "global_verse_sequence_number": 5621
    },
    {
        "chapter": 76,
        "verse": 30,
        "juz": 29,
        "hizb": 232,
        "manzil": 7,
        "ruku": 515,
        "word_number_in_verse": 2,
        "language_code": "bn",
        "text": "তোমরা চাও",
        "root_word": "تَشَآءُونَ",
        "global_word_sequence_number": 74921,
        "global_verse_sequence_number": 5621
    },
    {
        "chapter": 76,
        "verse": 30,
        "juz": 29,
        "hizb": 232,
        "manzil": 7,
        "ruku": 515,
        "word_number_in_verse": 3,
        "language_code": "bn",
        "text": "এছাড়া",
        "root_word": "إِلَّآ",
        "global_word_sequence_number": 74922,
        "global_verse_sequence_number": 5621
    },
    {
        "chapter": 76,
        "verse": 30,
        "juz": 29,
        "hizb": 232,
        "manzil": 7,
        "ruku": 515,
        "word_number_in_verse": 4,
        "language_code": "bn",
        "text": "যে",
        "root_word": "أَن",
        "global_word_sequence_number": 74923,
        "global_verse_sequence_number": 5621
    },
    {
        "chapter": 76,
        "verse": 30,
        "juz": 29,
        "hizb": 232,
        "manzil": 7,
        "ruku": 515,
        "word_number_in_verse": 5,
        "language_code": "bn",
        "text": "চান",
        "root_word": "يَشَآءَ",
        "global_word_sequence_number": 74924,
        "global_verse_sequence_number": 5621
    },
    {
        "chapter": 76,
        "verse": 30,
        "juz": 29,
        "hizb": 232,
        "manzil": 7,
        "ruku": 515,
        "word_number_in_verse": 6,
        "language_code": "bn",
        "text": "আল্লাহ",
        "root_word": "اللَّهُۚ",
        "global_word_sequence_number": 74925,
        "global_verse_sequence_number": 5621
    },
    {
        "chapter": 76,
        "verse": 30,
        "juz": 29,
        "hizb": 232,
        "manzil": 7,
        "ruku": 515,
        "word_number_in_verse": 7,
        "language_code": "bn",
        "text": "নিশ্চয়",
        "root_word": "إِنَّ",
        "global_word_sequence_number": 74926,
        "global_verse_sequence_number": 5621
    },
    {
        "chapter": 76,
        "verse": 30,
        "juz": 29,
        "hizb": 232,
        "manzil": 7,
        "ruku": 515,
        "word_number_in_verse": 8,
        "language_code": "bn",
        "text": "আল্লাহ",
        "root_word": "اللَّهَ",
        "global_word_sequence_number": 74927,
        "global_verse_sequence_number": 5621
    },
    {
        "chapter": 76,
        "verse": 30,
        "juz": 29,
        "hizb": 232,
        "manzil": 7,
        "ruku": 515,
        "word_number_in_verse": 9,
        "language_code": "bn",
        "text": "হলেন",
        "root_word": "كَانَ",
        "global_word_sequence_number": 74928,
        "global_verse_sequence_number": 5621
    },
    {
        "chapter": 76,
        "verse": 30,
        "juz": 29,
        "hizb": 232,
        "manzil": 7,
        "ruku": 515,
        "word_number_in_verse": 10,
        "language_code": "bn",
        "text": "সর্বজ্ঞ",
        "root_word": "عَلِيمًا",
        "global_word_sequence_number": 74929,
        "global_verse_sequence_number": 5621
    },
    {
        "chapter": 76,
        "verse": 30,
        "juz": 29,
        "hizb": 232,
        "manzil": 7,
        "ruku": 515,
        "word_number_in_verse": 11,
        "language_code": "bn",
        "text": "প্রজ্ঞাময়",
        "root_word": "حَكِيمٗا",
        "global_word_sequence_number": 74930,
        "global_verse_sequence_number": 5621
    },
    {
        "chapter": 76,
        "verse": 31,
        "juz": 29,
        "hizb": 232,
        "manzil": 7,
        "ruku": 515,
        "word_number_in_verse": 1,
        "language_code": "bn",
        "text": "প্রবেশ করান",
        "root_word": "يُدۡخِلُ",
        "global_word_sequence_number": 74931,
        "global_verse_sequence_number": 5622
    },
    {
        "chapter": 76,
        "verse": 31,
        "juz": 29,
        "hizb": 232,
        "manzil": 7,
        "ruku": 515,
        "word_number_in_verse": 2,
        "language_code": "bn",
        "text": "যাকে",
        "root_word": "مَن",
        "global_word_sequence_number": 74932,
        "global_verse_sequence_number": 5622
    },
    {
        "chapter": 76,
        "verse": 31,
        "juz": 29,
        "hizb": 232,
        "manzil": 7,
        "ruku": 515,
        "word_number_in_verse": 3,
        "language_code": "bn",
        "text": "তিনি চান",
        "root_word": "يَشَآءُ",
        "global_word_sequence_number": 74933,
        "global_verse_sequence_number": 5622
    },
    {
        "chapter": 76,
        "verse": 31,
        "juz": 29,
        "hizb": 232,
        "manzil": 7,
        "ruku": 515,
        "word_number_in_verse": 4,
        "language_code": "bn",
        "text": "মধ্যে",
        "root_word": "فِي",
        "global_word_sequence_number": 74934,
        "global_verse_sequence_number": 5622
    },
    {
        "chapter": 76,
        "verse": 31,
        "juz": 29,
        "hizb": 232,
        "manzil": 7,
        "ruku": 515,
        "word_number_in_verse": 5,
        "language_code": "bn",
        "text": "তাঁর রহমতের",
        "root_word": "رَحۡمَتِهِۦۚ",
        "global_word_sequence_number": 74935,
        "global_verse_sequence_number": 5622
    },
    {
        "chapter": 76,
        "verse": 31,
        "juz": 29,
        "hizb": 232,
        "manzil": 7,
        "ruku": 515,
        "word_number_in_verse": 6,
        "language_code": "bn",
        "text": "এবং যালেমদের",
        "root_word": "وَالظَّٰلِمِينَ",
        "global_word_sequence_number": 74936,
        "global_verse_sequence_number": 5622
    },
    {
        "chapter": 76,
        "verse": 31,
        "juz": 29,
        "hizb": 232,
        "manzil": 7,
        "ruku": 515,
        "word_number_in_verse": 7,
        "language_code": "bn",
        "text": "প্রস্তুত রেখেছেন",
        "root_word": "أَعَدَّ",
        "global_word_sequence_number": 74937,
        "global_verse_sequence_number": 5622
    },
    {
        "chapter": 76,
        "verse": 31,
        "juz": 29,
        "hizb": 232,
        "manzil": 7,
        "ruku": 515,
        "word_number_in_verse": 8,
        "language_code": "bn",
        "text": "তাদের জন্যে",
        "root_word": "لَهُمۡ",
        "global_word_sequence_number": 74938,
        "global_verse_sequence_number": 5622
    },
    {
        "chapter": 76,
        "verse": 31,
        "juz": 29,
        "hizb": 232,
        "manzil": 7,
        "ruku": 515,
        "word_number_in_verse": 9,
        "language_code": "bn",
        "text": "আযাব",
        "root_word": "عَذَابًا",
        "global_word_sequence_number": 74939,
        "global_verse_sequence_number": 5622
    },
    {
        "chapter": 76,
        "verse": 31,
        "juz": 29,
        "hizb": 232,
        "manzil": 7,
        "ruku": 515,
        "word_number_in_verse": 10,
        "language_code": "bn",
        "text": "বড় পীড়াদায়ক",
        "root_word": "أَلِيمَۢا",
        "global_word_sequence_number": 74940,
        "global_verse_sequence_number": 5622
    }
]