[
    {
        "chapter": 77,
        "verse": 1,
        "juz": 29,
        "hizb": 232,
        "manzil": 7,
        "ruku": 516,
        "word_number_in_verse": 1,
        "language_code": "bn",
        "text": "শপথ প্রেরিত (বায়ুর)",
        "root_word": "وَالۡمُرۡسَلَٰتِ",
        "global_word_sequence_number": 74941,
        "global_verse_sequence_number": 5623
    },
    {
        "chapter": 77,
        "verse": 1,
        "juz": 29,
        "hizb": 232,
        "manzil": 7,
        "ruku": 516,
        "word_number_in_verse": 2,
        "language_code": "bn",
        "text": "কল্যাণ সুরূপ",
        "root_word": "عُرۡفٗا",
        "global_word_sequence_number": 74942,
        "global_verse_sequence_number": 5623
    },
    {
        "chapter": 77,
        "verse": 2,
        "juz": 29,
        "hizb": 232,
        "manzil": 7,
        "ruku": 516,
        "word_number_in_verse": 1,
        "language_code": "bn",
        "text": "অতঃপর ঝটিকার",
        "root_word": "فَالۡعَٰصِفَٰتِ",
        "global_word_sequence_number": 74943,
        "global_verse_sequence_number": 5624
    },
    {
        "chapter": 77,
        "verse": 2,
        "juz": 29,
        "hizb": 232,
        "manzil": 7,
        "ruku": 516,
        "word_number_in_verse": 2,
        "language_code": "bn",
        "text": "প্রলংকরী",
        "root_word": "عَصۡفٗا",
        "global_word_sequence_number": 74944,
        "global_verse_sequence_number": 5624
    },
    {
        "chapter": 77,
        "verse": 3,
        "juz": 29,
        "hizb": 232,
        "manzil": 7,
        "ruku": 516,
        "word_number_in_verse": 1,
        "language_code": "bn",
        "text": "এবং (মেঘপুঞ্জ) বিস্তারকারী (বায়ুর)",
        "root_word": "وَالنَّٰشِرَٰتِ",
        "global_word_sequence_number": 74945,
        "global_verse_sequence_number": 5625
    },
    {
        "chapter": 77,
        "verse": 3,
        "juz": 29,
        "hizb": 232,
        "manzil": 7,
        "ruku": 516,
        "word_number_in_verse": 2,
        "language_code": "bn",
        "text": "বিস্তার করা",
        "root_word": "نَشۡرٗا",
        "global_word_sequence_number": 74946,
        "global_verse_sequence_number": 5625
    },
    {
        "chapter": 77,
        "verse": 4,
        "juz": 29,
        "hizb": 232,
        "manzil": 7,
        "ruku": 516,
        "word_number_in_verse": 1,
        "language_code": "bn",
        "text": "প্রৃথককারী (বায়ুর) অতংপর",
        "root_word": "فَالۡفَٰرِقَٰتِ",
        "global_word_sequence_number": 74947,
        "global_verse_sequence_number": 5626
    },
    {
        "chapter": 77,
        "verse": 4,
        "juz": 29,
        "hizb": 232,
        "manzil": 7,
        "ruku": 516,
        "word_number_in_verse": 2,
        "language_code": "bn",
        "text": "পৃথক করা (মেঘকে)",
        "root_word": "فَرۡقٗا",
        "global_word_sequence_number": 74948,
        "global_verse_sequence_number": 5626
    },
    {
        "chapter": 77,
        "verse": 5,
        "juz": 29,
        "hizb": 232,
        "manzil": 7,
        "ruku": 516,
        "word_number_in_verse": 1,
        "language_code": "bn",
        "text": "অতংপর জাগ্রতকারীদের (অন্তরে)",
        "root_word": "فَالۡمُلۡقِيَٰتِ",
        "global_word_sequence_number": 74949,
        "global_verse_sequence_number": 5627
    },
    {
        "chapter": 77,
        "verse": 5,
        "juz": 29,
        "hizb": 232,
        "manzil": 7,
        "ruku": 516,
        "word_number_in_verse": 2,
        "language_code": "bn",
        "text": "উপদেশ",
        "root_word": "ذِكۡرًا",
        "global_word_sequence_number": 74950,
        "global_verse_sequence_number": 5627
    },
    {
        "chapter": 77,
        "verse": 6,
        "juz": 29,
        "hizb": 232,
        "manzil": 7,
        "ruku": 516,
        "word_number_in_verse": 1,
        "language_code": "bn",
        "text": "অনুশোচনা করা",
        "root_word": "عُذۡرًا",
        "global_word_sequence_number": 74951,
        "global_verse_sequence_number": 5628
    },
    {
        "chapter": 77,
        "verse": 6,
        "juz": 29,
        "hizb": 232,
        "manzil": 7,
        "ruku": 516,
        "word_number_in_verse": 2,
        "language_code": "bn",
        "text": "বা",
        "root_word": "أَوۡ",
        "global_word_sequence_number": 74952,
        "global_verse_sequence_number": 5628
    },
    {
        "chapter": 77,
        "verse": 6,
        "juz": 29,
        "hizb": 232,
        "manzil": 7,
        "ruku": 516,
        "word_number_in_verse": 3,
        "language_code": "bn",
        "text": "সতর্কতা সুরূপ",
        "root_word": "نُذۡرًا",
        "global_word_sequence_number": 74953,
        "global_verse_sequence_number": 5628
    },
    {
        "chapter": 77,
        "verse": 7,
        "juz": 29,
        "hizb": 232,
        "manzil": 7,
        "ruku": 516,
        "word_number_in_verse": 1,
        "language_code": "bn",
        "text": "(যা) মূলতঃ",
        "root_word": "إِنَّمَا",
        "global_word_sequence_number": 74954,
        "global_verse_sequence_number": 5629
    },
    {
        "chapter": 77,
        "verse": 7,
        "juz": 29,
        "hizb": 232,
        "manzil": 7,
        "ruku": 516,
        "word_number_in_verse": 2,
        "language_code": "bn",
        "text": "তোমাদের ওয়াদা করা হয়েছে",
        "root_word": "تُوعَدُونَ",
        "global_word_sequence_number": 74955,
        "global_verse_sequence_number": 5629
    },
    {
        "chapter": 77,
        "verse": 7,
        "juz": 29,
        "hizb": 232,
        "manzil": 7,
        "ruku": 516,
        "word_number_in_verse": 3,
        "language_code": "bn",
        "text": "সংঘটিত হবে অবশ্যই",
        "root_word": "لَوَٰقِعٞ",
        "global_word_sequence_number": 74956,
        "global_verse_sequence_number": 5629
    },
    {
        "chapter": 77,
        "verse": 8,
        "juz": 29,
        "hizb": 232,
        "manzil": 7,
        "ruku": 516,
        "word_number_in_verse": 1,
        "language_code": "bn",
        "text": "যখন অতঃপর",
        "root_word": "فَإِذَا",
        "global_word_sequence_number": 74957,
        "global_verse_sequence_number": 5630
    },
    {
        "chapter": 77,
        "verse": 8,
        "juz": 29,
        "hizb": 232,
        "manzil": 7,
        "ruku": 516,
        "word_number_in_verse": 2,
        "language_code": "bn",
        "text": "তারকাসমূহ",
        "root_word": "النُّجُومُ",
        "global_word_sequence_number": 74958,
        "global_verse_sequence_number": 5630
    },
    {
        "chapter": 77,
        "verse": 8,
        "juz": 29,
        "hizb": 232,
        "manzil": 7,
        "ruku": 516,
        "word_number_in_verse": 3,
        "language_code": "bn",
        "text": "স্লান করা হবে",
        "root_word": "طُمِسَتۡ",
        "global_word_sequence_number": 74959,
        "global_verse_sequence_number": 5630
    },
    {
        "chapter": 77,
        "verse": 9,
        "juz": 29,
        "hizb": 232,
        "manzil": 7,
        "ruku": 516,
        "word_number_in_verse": 1,
        "language_code": "bn",
        "text": "যখন এবং",
        "root_word": "وَإِذَا",
        "global_word_sequence_number": 74960,
        "global_verse_sequence_number": 5631
    },
    {
        "chapter": 77,
        "verse": 9,
        "juz": 29,
        "hizb": 232,
        "manzil": 7,
        "ruku": 516,
        "word_number_in_verse": 2,
        "language_code": "bn",
        "text": "আসমান",
        "root_word": "السَّمَآءُ",
        "global_word_sequence_number": 74961,
        "global_verse_sequence_number": 5631
    },
    {
        "chapter": 77,
        "verse": 9,
        "juz": 29,
        "hizb": 232,
        "manzil": 7,
        "ruku": 516,
        "word_number_in_verse": 3,
        "language_code": "bn",
        "text": "বিদীর্ণ করা হবে",
        "root_word": "فُرِجَتۡ",
        "global_word_sequence_number": 74962,
        "global_verse_sequence_number": 5631
    },
    {
        "chapter": 77,
        "verse": 10,
        "juz": 29,
        "hizb": 232,
        "manzil": 7,
        "ruku": 516,
        "word_number_in_verse": 1,
        "language_code": "bn",
        "text": "যখন এবং",
        "root_word": "وَإِذَا",
        "global_word_sequence_number": 74963,
        "global_verse_sequence_number": 5632
    },
    {
        "chapter": 77,
        "verse": 10,
        "juz": 29,
        "hizb": 232,
        "manzil": 7,
        "ruku": 516,
        "word_number_in_verse": 2,
        "language_code": "bn",
        "text": "পর্বত সমূহকে",
        "root_word": "الۡجِبَالُ",
        "global_word_sequence_number": 74964,
        "global_verse_sequence_number": 5632
    },
    {
        "chapter": 77,
        "verse": 10,
        "juz": 29,
        "hizb": 232,
        "manzil": 7,
        "ruku": 516,
        "word_number_in_verse": 3,
        "language_code": "bn",
        "text": "ধুনে ফেলা হবে",
        "root_word": "نُسِفَتۡ",
        "global_word_sequence_number": 74965,
        "global_verse_sequence_number": 5632
    },
    {
        "chapter": 77,
        "verse": 11,
        "juz": 29,
        "hizb": 232,
        "manzil": 7,
        "ruku": 516,
        "word_number_in_verse": 1,
        "language_code": "bn",
        "text": "যখন এবং",
        "root_word": "وَإِذَا",
        "global_word_sequence_number": 74966,
        "global_verse_sequence_number": 5633
    },
    {
        "chapter": 77,
        "verse": 11,
        "juz": 29,
        "hizb": 232,
        "manzil": 7,
        "ruku": 516,
        "word_number_in_verse": 2,
        "language_code": "bn",
        "text": "রসুলগণকে",
        "root_word": "الرُّسُلُ",
        "global_word_sequence_number": 74967,
        "global_verse_sequence_number": 5633
    },
    {
        "chapter": 77,
        "verse": 11,
        "juz": 29,
        "hizb": 232,
        "manzil": 7,
        "ruku": 516,
        "word_number_in_verse": 3,
        "language_code": "bn",
        "text": "নির্দিষ্ট সময় উপস্থিত করা হবে",
        "root_word": "أُقِّتَتۡ",
        "global_word_sequence_number": 74968,
        "global_verse_sequence_number": 5633
    },
    {
        "chapter": 77,
        "verse": 12,
        "juz": 29,
        "hizb": 232,
        "manzil": 7,
        "ruku": 516,
        "word_number_in_verse": 1,
        "language_code": "bn",
        "text": "কোন জন্য",
        "root_word": "لِأَيِّ",
        "global_word_sequence_number": 74969,
        "global_verse_sequence_number": 5634
    },
    {
        "chapter": 77,
        "verse": 12,
        "juz": 29,
        "hizb": 232,
        "manzil": 7,
        "ruku": 516,
        "word_number_in_verse": 2,
        "language_code": "bn",
        "text": "দিনের",
        "root_word": "يَوۡمٍ",
        "global_word_sequence_number": 74970,
        "global_verse_sequence_number": 5634
    },
    {
        "chapter": 77,
        "verse": 12,
        "juz": 29,
        "hizb": 232,
        "manzil": 7,
        "ruku": 516,
        "word_number_in_verse": 3,
        "language_code": "bn",
        "text": "স্থগিত করা হয়েছে",
        "root_word": "أُجِّلَتۡ",
        "global_word_sequence_number": 74971,
        "global_verse_sequence_number": 5634
    },
    {
        "chapter": 77,
        "verse": 13,
        "juz": 29,
        "hizb": 232,
        "manzil": 7,
        "ruku": 516,
        "word_number_in_verse": 1,
        "language_code": "bn",
        "text": "দিনের জন্য",
        "root_word": "لِيَوۡمِ",
        "global_word_sequence_number": 74972,
        "global_verse_sequence_number": 5635
    },
    {
        "chapter": 77,
        "verse": 13,
        "juz": 29,
        "hizb": 232,
        "manzil": 7,
        "ruku": 516,
        "word_number_in_verse": 2,
        "language_code": "bn",
        "text": "পৃৃথককারী (ফয়সালার)",
        "root_word": "الۡفَصۡلِ",
        "global_word_sequence_number": 74973,
        "global_verse_sequence_number": 5635
    },
    {
        "chapter": 77,
        "verse": 14,
        "juz": 29,
        "hizb": 232,
        "manzil": 7,
        "ruku": 516,
        "word_number_in_verse": 1,
        "language_code": "bn",
        "text": "কি এবং",
        "root_word": "وَمَآ",
        "global_word_sequence_number": 74974,
        "global_verse_sequence_number": 5636
    },
    {
        "chapter": 77,
        "verse": 14,
        "juz": 29,
        "hizb": 232,
        "manzil": 7,
        "ruku": 516,
        "word_number_in_verse": 2,
        "language_code": "bn",
        "text": "তুমি জানো",
        "root_word": "أَدۡرَىٰكَ",
        "global_word_sequence_number": 74975,
        "global_verse_sequence_number": 5636
    },
    {
        "chapter": 77,
        "verse": 14,
        "juz": 29,
        "hizb": 232,
        "manzil": 7,
        "ruku": 516,
        "word_number_in_verse": 3,
        "language_code": "bn",
        "text": "কি",
        "root_word": "مَا",
        "global_word_sequence_number": 74976,
        "global_verse_sequence_number": 5636
    },
    {
        "chapter": 77,
        "verse": 14,
        "juz": 29,
        "hizb": 232,
        "manzil": 7,
        "ruku": 516,
        "word_number_in_verse": 4,
        "language_code": "bn",
        "text": "দিন",
        "root_word": "يَوۡمُ",
        "global_word_sequence_number": 74977,
        "global_verse_sequence_number": 5636
    },
    {
        "chapter": 77,
        "verse": 14,
        "juz": 29,
        "hizb": 232,
        "manzil": 7,
        "ruku": 516,
        "word_number_in_verse": 5,
        "language_code": "bn",
        "text": "পৃৃথককারী (ফয়সালার)",
        "root_word": "الۡفَصۡلِ",
        "global_word_sequence_number": 74978,
        "global_verse_sequence_number": 5636
    },
    {
        "chapter": 77,
        "verse": 15,
        "juz": 29,
        "hizb": 232,
        "manzil": 7,
        "ruku": 516,
        "word_number_in_verse": 1,
        "language_code": "bn",
        "text": "ধ্বংস",
        "root_word": "وَيۡلٞ",
        "global_word_sequence_number": 74979,
        "global_verse_sequence_number": 5637
    },
    {
        "chapter": 77,
        "verse": 15,
        "juz": 29,
        "hizb": 232,
        "manzil": 7,
        "ruku": 516,
        "word_number_in_verse": 2,
        "language_code": "bn",
        "text": "সেইদিন",
        "root_word": "يَوۡمَئِذٖ",
        "global_word_sequence_number": 74980,
        "global_verse_sequence_number": 5637
    },
    {
        "chapter": 77,
        "verse": 15,
        "juz": 29,
        "hizb": 232,
        "manzil": 7,
        "ruku": 516,
        "word_number_in_verse": 3,
        "language_code": "bn",
        "text": "মিথ্যারোপকারীদের জন্য",
        "root_word": "لِّلۡمُكَذِّبِينَ",
        "global_word_sequence_number": 74981,
        "global_verse_sequence_number": 5637
    },
    {
        "chapter": 77,
        "verse": 16,
        "juz": 29,
        "hizb": 232,
        "manzil": 7,
        "ruku": 516,
        "word_number_in_verse": 1,
        "language_code": "bn",
        "text": "নাই কি",
        "root_word": "أَلَمۡ",
        "global_word_sequence_number": 74982,
        "global_verse_sequence_number": 5638
    },
    {
        "chapter": 77,
        "verse": 16,
        "juz": 29,
        "hizb": 232,
        "manzil": 7,
        "ruku": 516,
        "word_number_in_verse": 2,
        "language_code": "bn",
        "text": "ধ্বংস আমরা করি",
        "root_word": "نُهۡلِكِ",
        "global_word_sequence_number": 74983,
        "global_verse_sequence_number": 5638
    },
    {
        "chapter": 77,
        "verse": 16,
        "juz": 29,
        "hizb": 232,
        "manzil": 7,
        "ruku": 516,
        "word_number_in_verse": 3,
        "language_code": "bn",
        "text": "আগের লোকদের",
        "root_word": "الۡأَوَّلِينَ",
        "global_word_sequence_number": 74984,
        "global_verse_sequence_number": 5638
    },
    {
        "chapter": 77,
        "verse": 17,
        "juz": 29,
        "hizb": 232,
        "manzil": 7,
        "ruku": 516,
        "word_number_in_verse": 1,
        "language_code": "bn",
        "text": "এরপর",
        "root_word": "ثُمَّ",
        "global_word_sequence_number": 74985,
        "global_verse_sequence_number": 5639
    },
    {
        "chapter": 77,
        "verse": 17,
        "juz": 29,
        "hizb": 232,
        "manzil": 7,
        "ruku": 516,
        "word_number_in_verse": 2,
        "language_code": "bn",
        "text": "তাদের অনুগামি আমরা করব",
        "root_word": "نُتۡبِعُهُمُ",
        "global_word_sequence_number": 74986,
        "global_verse_sequence_number": 5639
    },
    {
        "chapter": 77,
        "verse": 17,
        "juz": 29,
        "hizb": 232,
        "manzil": 7,
        "ruku": 516,
        "word_number_in_verse": 3,
        "language_code": "bn",
        "text": "পর্ববর্তী লোকদের",
        "root_word": "الۡأٓخِرِينَ",
        "global_word_sequence_number": 74987,
        "global_verse_sequence_number": 5639
    },
    {
        "chapter": 77,
        "verse": 18,
        "juz": 29,
        "hizb": 232,
        "manzil": 7,
        "ruku": 516,
        "word_number_in_verse": 1,
        "language_code": "bn",
        "text": "এরূপ",
        "root_word": "كَذَٰلِكَ",
        "global_word_sequence_number": 74988,
        "global_verse_sequence_number": 5640
    },
    {
        "chapter": 77,
        "verse": 18,
        "juz": 29,
        "hizb": 232,
        "manzil": 7,
        "ruku": 516,
        "word_number_in_verse": 2,
        "language_code": "bn",
        "text": "করি আমরা",
        "root_word": "نَفۡعَلُ",
        "global_word_sequence_number": 74989,
        "global_verse_sequence_number": 5640
    },
    {
        "chapter": 77,
        "verse": 18,
        "juz": 29,
        "hizb": 232,
        "manzil": 7,
        "ruku": 516,
        "word_number_in_verse": 3,
        "language_code": "bn",
        "text": "অপরাধিদের সাথে",
        "root_word": "بِالۡمُجۡرِمِينَ",
        "global_word_sequence_number": 74990,
        "global_verse_sequence_number": 5640
    },
    {
        "chapter": 77,
        "verse": 19,
        "juz": 29,
        "hizb": 232,
        "manzil": 7,
        "ruku": 516,
        "word_number_in_verse": 1,
        "language_code": "bn",
        "text": "ধ্বংস",
        "root_word": "وَيۡلٞ",
        "global_word_sequence_number": 74991,
        "global_verse_sequence_number": 5641
    },
    {
        "chapter": 77,
        "verse": 19,
        "juz": 29,
        "hizb": 232,
        "manzil": 7,
        "ruku": 516,
        "word_number_in_verse": 2,
        "language_code": "bn",
        "text": "সেদিন",
        "root_word": "يَوۡمَئِذٖ",
        "global_word_sequence_number": 74992,
        "global_verse_sequence_number": 5641
    },
    {
        "chapter": 77,
        "verse": 19,
        "juz": 29,
        "hizb": 232,
        "manzil": 7,
        "ruku": 516,
        "word_number_in_verse": 3,
        "language_code": "bn",
        "text": "মিথ্যারোপকারীদের জন্য",
        "root_word": "لِّلۡمُكَذِّبِينَ",
        "global_word_sequence_number": 74993,
        "global_verse_sequence_number": 5641
    },
    {
        "chapter": 77,
        "verse": 20,
        "juz": 29,
        "hizb": 232,
        "manzil": 7,
        "ruku": 516,
        "word_number_in_verse": 1,
        "language_code": "bn",
        "text": "নাই কি",
        "root_word": "أَلَمۡ",
        "global_word_sequence_number": 74994,
        "global_verse_sequence_number": 5642
    },
    {
        "chapter": 77,
        "verse": 20,
        "juz": 29,
        "hizb": 232,
        "manzil": 7,
        "ruku": 516,
        "word_number_in_verse": 2,
        "language_code": "bn",
        "text": "তোমাদেরকে সৃষ্টি আমরা করি",
        "root_word": "نَخۡلُقكُّم",
        "global_word_sequence_number": 74995,
        "global_verse_sequence_number": 5642
    },
    {
        "chapter": 77,
        "verse": 20,
        "juz": 29,
        "hizb": 232,
        "manzil": 7,
        "ruku": 516,
        "word_number_in_verse": 3,
        "language_code": "bn",
        "text": "থেকে",
        "root_word": "مِّن",
        "global_word_sequence_number": 74996,
        "global_verse_sequence_number": 5642
    },
    {
        "chapter": 77,
        "verse": 20,
        "juz": 29,
        "hizb": 232,
        "manzil": 7,
        "ruku": 516,
        "word_number_in_verse": 4,
        "language_code": "bn",
        "text": "পানি",
        "root_word": "مَّآءٖ",
        "global_word_sequence_number": 74997,
        "global_verse_sequence_number": 5642
    },
    {
        "chapter": 77,
        "verse": 20,
        "juz": 29,
        "hizb": 232,
        "manzil": 7,
        "ruku": 516,
        "word_number_in_verse": 5,
        "language_code": "bn",
        "text": "তুচ্ছ",
        "root_word": "مَّهِينٖ",
        "global_word_sequence_number": 74998,
        "global_verse_sequence_number": 5642
    },
    {
        "chapter": 77,
        "verse": 21,
        "juz": 29,
        "hizb": 232,
        "manzil": 7,
        "ruku": 516,
        "word_number_in_verse": 1,
        "language_code": "bn",
        "text": "তা আমরা আটকিয়ে অতঃপর রেখেছি",
        "root_word": "فَجَعَلۡنَٰهُ",
        "global_word_sequence_number": 74999,
        "global_verse_sequence_number": 5643
    },
    {
        "chapter": 77,
        "verse": 21,
        "juz": 29,
        "hizb": 232,
        "manzil": 7,
        "ruku": 516,
        "word_number_in_verse": 2,
        "language_code": "bn",
        "text": "মধ্যে",
        "root_word": "فِي",
        "global_word_sequence_number": 75000,
        "global_verse_sequence_number": 5643
    },
    {
        "chapter": 77,
        "verse": 21,
        "juz": 29,
        "hizb": 232,
        "manzil": 7,
        "ruku": 516,
        "word_number_in_verse": 3,
        "language_code": "bn",
        "text": "স্থানের",
        "root_word": "قَرَارٖ",
        "global_word_sequence_number": 75001,
        "global_verse_sequence_number": 5643
    },
    {
        "chapter": 77,
        "verse": 21,
        "juz": 29,
        "hizb": 232,
        "manzil": 7,
        "ruku": 516,
        "word_number_in_verse": 4,
        "language_code": "bn",
        "text": "সংরক্ষিত",
        "root_word": "مَّكِينٍ",
        "global_word_sequence_number": 75002,
        "global_verse_sequence_number": 5643
    },
    {
        "chapter": 77,
        "verse": 22,
        "juz": 29,
        "hizb": 232,
        "manzil": 7,
        "ruku": 516,
        "word_number_in_verse": 1,
        "language_code": "bn",
        "text": "পর্যন্ত",
        "root_word": "إِلَىٰ",
        "global_word_sequence_number": 75003,
        "global_verse_sequence_number": 5644
    },
    {
        "chapter": 77,
        "verse": 22,
        "juz": 29,
        "hizb": 232,
        "manzil": 7,
        "ruku": 516,
        "word_number_in_verse": 2,
        "language_code": "bn",
        "text": "সময়",
        "root_word": "قَدَرٖ",
        "global_word_sequence_number": 75004,
        "global_verse_sequence_number": 5644
    },
    {
        "chapter": 77,
        "verse": 22,
        "juz": 29,
        "hizb": 232,
        "manzil": 7,
        "ruku": 516,
        "word_number_in_verse": 3,
        "language_code": "bn",
        "text": "নির্দিষ্ট",
        "root_word": "مَّعۡلُومٖ",
        "global_word_sequence_number": 75005,
        "global_verse_sequence_number": 5644
    },
    {
        "chapter": 77,
        "verse": 23,
        "juz": 29,
        "hizb": 232,
        "manzil": 7,
        "ruku": 516,
        "word_number_in_verse": 1,
        "language_code": "bn",
        "text": "আমরা ক্ষমতাবান অতএব ছিলাম",
        "root_word": "فَقَدَرۡنَا",
        "global_word_sequence_number": 75006,
        "global_verse_sequence_number": 5645
    },
    {
        "chapter": 77,
        "verse": 23,
        "juz": 29,
        "hizb": 232,
        "manzil": 7,
        "ruku": 516,
        "word_number_in_verse": 2,
        "language_code": "bn",
        "text": "কত উত্তম অতএব",
        "root_word": "فَنِعۡمَ",
        "global_word_sequence_number": 75007,
        "global_verse_sequence_number": 5645
    },
    {
        "chapter": 77,
        "verse": 23,
        "juz": 29,
        "hizb": 232,
        "manzil": 7,
        "ruku": 516,
        "word_number_in_verse": 3,
        "language_code": "bn",
        "text": "ক্ষমতার অধিকারী",
        "root_word": "الۡقَٰدِرُونَ",
        "global_word_sequence_number": 75008,
        "global_verse_sequence_number": 5645
    },
    {
        "chapter": 77,
        "verse": 24,
        "juz": 29,
        "hizb": 232,
        "manzil": 7,
        "ruku": 516,
        "word_number_in_verse": 1,
        "language_code": "bn",
        "text": "ধ্বংস",
        "root_word": "وَيۡلٞ",
        "global_word_sequence_number": 75009,
        "global_verse_sequence_number": 5646
    },
    {
        "chapter": 77,
        "verse": 24,
        "juz": 29,
        "hizb": 232,
        "manzil": 7,
        "ruku": 516,
        "word_number_in_verse": 2,
        "language_code": "bn",
        "text": "সেদিন",
        "root_word": "يَوۡمَئِذٖ",
        "global_word_sequence_number": 75010,
        "global_verse_sequence_number": 5646
    },
    {
        "chapter": 77,
        "verse": 24,
        "juz": 29,
        "hizb": 232,
        "manzil": 7,
        "ruku": 516,
        "word_number_in_verse": 3,
        "language_code": "bn",
        "text": "মিথ্যারোপকারীদের জন্য",
        "root_word": "لِّلۡمُكَذِّبِينَ",
        "global_word_sequence_number": 75011,
        "global_verse_sequence_number": 5646
    },
    {
        "chapter": 77,
        "verse": 25,
        "juz": 29,
        "hizb": 232,
        "manzil": 7,
        "ruku": 516,
        "word_number_in_verse": 1,
        "language_code": "bn",
        "text": "নাই কি",
        "root_word": "أَلَمۡ",
        "global_word_sequence_number": 75012,
        "global_verse_sequence_number": 5647
    },
    {
        "chapter": 77,
        "verse": 25,
        "juz": 29,
        "hizb": 232,
        "manzil": 7,
        "ruku": 516,
        "word_number_in_verse": 2,
        "language_code": "bn",
        "text": "সৃষ্টি করি আমরা",
        "root_word": "نَجۡعَلِ",
        "global_word_sequence_number": 75013,
        "global_verse_sequence_number": 5647
    },
    {
        "chapter": 77,
        "verse": 25,
        "juz": 29,
        "hizb": 232,
        "manzil": 7,
        "ruku": 516,
        "word_number_in_verse": 3,
        "language_code": "bn",
        "text": "পৃথিবী কে",
        "root_word": "الۡأَرۡضَ",
        "global_word_sequence_number": 75014,
        "global_verse_sequence_number": 5647
    },
    {
        "chapter": 77,
        "verse": 25,
        "juz": 29,
        "hizb": 232,
        "manzil": 7,
        "ruku": 516,
        "word_number_in_verse": 4,
        "language_code": "bn",
        "text": "ধারণকারী রূপে",
        "root_word": "كِفَاتًا",
        "global_word_sequence_number": 75015,
        "global_verse_sequence_number": 5647
    },
    {
        "chapter": 77,
        "verse": 26,
        "juz": 29,
        "hizb": 232,
        "manzil": 7,
        "ruku": 516,
        "word_number_in_verse": 1,
        "language_code": "bn",
        "text": "জীবিিতদের",
        "root_word": "أَحۡيَآءٗ",
        "global_word_sequence_number": 75016,
        "global_verse_sequence_number": 5648
    },
    {
        "chapter": 77,
        "verse": 26,
        "juz": 29,
        "hizb": 232,
        "manzil": 7,
        "ruku": 516,
        "word_number_in_verse": 2,
        "language_code": "bn",
        "text": "ও মৃতদের",
        "root_word": "وَأَمۡوَٰتٗا",
        "global_word_sequence_number": 75017,
        "global_verse_sequence_number": 5648
    },
    {
        "chapter": 77,
        "verse": 27,
        "juz": 29,
        "hizb": 232,
        "manzil": 7,
        "ruku": 516,
        "word_number_in_verse": 1,
        "language_code": "bn",
        "text": "এবং আমরা বাানিয়েছি",
        "root_word": "وَجَعَلۡنَا",
        "global_word_sequence_number": 75018,
        "global_verse_sequence_number": 5649
    },
    {
        "chapter": 77,
        "verse": 27,
        "juz": 29,
        "hizb": 232,
        "manzil": 7,
        "ruku": 516,
        "word_number_in_verse": 2,
        "language_code": "bn",
        "text": "তার মধ্যে",
        "root_word": "فِيهَا",
        "global_word_sequence_number": 75019,
        "global_verse_sequence_number": 5649
    },
    {
        "chapter": 77,
        "verse": 27,
        "juz": 29,
        "hizb": 232,
        "manzil": 7,
        "ruku": 516,
        "word_number_in_verse": 3,
        "language_code": "bn",
        "text": "পর্বতমালা",
        "root_word": "رَوَٰسِيَ",
        "global_word_sequence_number": 75020,
        "global_verse_sequence_number": 5649
    },
    {
        "chapter": 77,
        "verse": 27,
        "juz": 29,
        "hizb": 232,
        "manzil": 7,
        "ruku": 516,
        "word_number_in_verse": 4,
        "language_code": "bn",
        "text": "সুদৃৃঢ় উচ্চ",
        "root_word": "شَٰمِخَٰتٖ",
        "global_word_sequence_number": 75021,
        "global_verse_sequence_number": 5649
    },
    {
        "chapter": 77,
        "verse": 27,
        "juz": 29,
        "hizb": 232,
        "manzil": 7,
        "ruku": 516,
        "word_number_in_verse": 5,
        "language_code": "bn",
        "text": "ও তোমাদেরকে পান করিয়েছি",
        "root_word": "وَأَسۡقَيۡنَٰكُم",
        "global_word_sequence_number": 75022,
        "global_verse_sequence_number": 5649
    },
    {
        "chapter": 77,
        "verse": 27,
        "juz": 29,
        "hizb": 232,
        "manzil": 7,
        "ruku": 516,
        "word_number_in_verse": 6,
        "language_code": "bn",
        "text": "পানি",
        "root_word": "مَّآءٗ",
        "global_word_sequence_number": 75023,
        "global_verse_sequence_number": 5649
    },
    {
        "chapter": 77,
        "verse": 27,
        "juz": 29,
        "hizb": 232,
        "manzil": 7,
        "ruku": 516,
        "word_number_in_verse": 7,
        "language_code": "bn",
        "text": "সুমিষ্ট",
        "root_word": "فُرَاتٗا",
        "global_word_sequence_number": 75024,
        "global_verse_sequence_number": 5649
    },
    {
        "chapter": 77,
        "verse": 28,
        "juz": 29,
        "hizb": 232,
        "manzil": 7,
        "ruku": 516,
        "word_number_in_verse": 1,
        "language_code": "bn",
        "text": "ধ্বংস",
        "root_word": "وَيۡلٞ",
        "global_word_sequence_number": 75025,
        "global_verse_sequence_number": 5650
    },
    {
        "chapter": 77,
        "verse": 28,
        "juz": 29,
        "hizb": 232,
        "manzil": 7,
        "ruku": 516,
        "word_number_in_verse": 2,
        "language_code": "bn",
        "text": "সেদিন",
        "root_word": "يَوۡمَئِذٖ",
        "global_word_sequence_number": 75026,
        "global_verse_sequence_number": 5650
    },
    {
        "chapter": 77,
        "verse": 28,
        "juz": 29,
        "hizb": 232,
        "manzil": 7,
        "ruku": 516,
        "word_number_in_verse": 3,
        "language_code": "bn",
        "text": "মিথ্যারোপকারীদের জন্য",
        "root_word": "لِّلۡمُكَذِّبِينَ",
        "global_word_sequence_number": 75027,
        "global_verse_sequence_number": 5650
    },
    {
        "chapter": 77,
        "verse": 29,
        "juz": 29,
        "hizb": 232,
        "manzil": 7,
        "ruku": 516,
        "word_number_in_verse": 1,
        "language_code": "bn",
        "text": "\"তোমরাা চলো",
        "root_word": "انطَلِقُوٓاْ",
        "global_word_sequence_number": 75028,
        "global_verse_sequence_number": 5651
    },
    {
        "chapter": 77,
        "verse": 29,
        "juz": 29,
        "hizb": 232,
        "manzil": 7,
        "ruku": 516,
        "word_number_in_verse": 2,
        "language_code": "bn",
        "text": "(তার) দিকে",
        "root_word": "إِلَىٰ",
        "global_word_sequence_number": 75029,
        "global_verse_sequence_number": 5651
    },
    {
        "chapter": 77,
        "verse": 29,
        "juz": 29,
        "hizb": 232,
        "manzil": 7,
        "ruku": 516,
        "word_number_in_verse": 3,
        "language_code": "bn",
        "text": "যা",
        "root_word": "مَا",
        "global_word_sequence_number": 75030,
        "global_verse_sequence_number": 5651
    },
    {
        "chapter": 77,
        "verse": 29,
        "juz": 29,
        "hizb": 232,
        "manzil": 7,
        "ruku": 516,
        "word_number_in_verse": 4,
        "language_code": "bn",
        "text": "তোমরা",
        "root_word": "كُنتُم",
        "global_word_sequence_number": 75031,
        "global_verse_sequence_number": 5651
    },
    {
        "chapter": 77,
        "verse": 29,
        "juz": 29,
        "hizb": 232,
        "manzil": 7,
        "ruku": 516,
        "word_number_in_verse": 5,
        "language_code": "bn",
        "text": "সে সম্পর্কে",
        "root_word": "بِهِۦ",
        "global_word_sequence_number": 75032,
        "global_verse_sequence_number": 5651
    },
    {
        "chapter": 77,
        "verse": 29,
        "juz": 29,
        "hizb": 232,
        "manzil": 7,
        "ruku": 516,
        "word_number_in_verse": 6,
        "language_code": "bn",
        "text": "মিথ্যারোপ করতে",
        "root_word": "تُكَذِّبُونَ",
        "global_word_sequence_number": 75033,
        "global_verse_sequence_number": 5651
    },
    {
        "chapter": 77,
        "verse": 30,
        "juz": 29,
        "hizb": 232,
        "manzil": 7,
        "ruku": 516,
        "word_number_in_verse": 1,
        "language_code": "bn",
        "text": "তোমরা চলো",
        "root_word": "انطَلِقُوٓاْ",
        "global_word_sequence_number": 75034,
        "global_verse_sequence_number": 5652
    },
    {
        "chapter": 77,
        "verse": 30,
        "juz": 29,
        "hizb": 232,
        "manzil": 7,
        "ruku": 516,
        "word_number_in_verse": 2,
        "language_code": "bn",
        "text": "দিকে",
        "root_word": "إِلَىٰ",
        "global_word_sequence_number": 75035,
        "global_verse_sequence_number": 5652
    },
    {
        "chapter": 77,
        "verse": 30,
        "juz": 29,
        "hizb": 232,
        "manzil": 7,
        "ruku": 516,
        "word_number_in_verse": 3,
        "language_code": "bn",
        "text": "ছায়ার (সেই)",
        "root_word": "ظِلّٖ",
        "global_word_sequence_number": 75036,
        "global_verse_sequence_number": 5652
    },
    {
        "chapter": 77,
        "verse": 30,
        "juz": 29,
        "hizb": 232,
        "manzil": 7,
        "ruku": 516,
        "word_number_in_verse": 4,
        "language_code": "bn",
        "text": "বিশিষ্ট",
        "root_word": "ذِي",
        "global_word_sequence_number": 75037,
        "global_verse_sequence_number": 5652
    },
    {
        "chapter": 77,
        "verse": 30,
        "juz": 29,
        "hizb": 232,
        "manzil": 7,
        "ruku": 516,
        "word_number_in_verse": 5,
        "language_code": "bn",
        "text": "তিন",
        "root_word": "ثَلَٰثِ",
        "global_word_sequence_number": 75038,
        "global_verse_sequence_number": 5652
    },
    {
        "chapter": 77,
        "verse": 30,
        "juz": 29,
        "hizb": 232,
        "manzil": 7,
        "ruku": 516,
        "word_number_in_verse": 6,
        "language_code": "bn",
        "text": "শাখা",
        "root_word": "شُعَبٖ",
        "global_word_sequence_number": 75039,
        "global_verse_sequence_number": 5652
    },
    {
        "chapter": 77,
        "verse": 31,
        "juz": 29,
        "hizb": 232,
        "manzil": 7,
        "ruku": 516,
        "word_number_in_verse": 1,
        "language_code": "bn",
        "text": "না",
        "root_word": "لَّا",
        "global_word_sequence_number": 75040,
        "global_verse_sequence_number": 5653
    },
    {
        "chapter": 77,
        "verse": 31,
        "juz": 29,
        "hizb": 232,
        "manzil": 7,
        "ruku": 516,
        "word_number_in_verse": 2,
        "language_code": "bn",
        "text": "শৈত্যদাতা",
        "root_word": "ظَلِيلٖ",
        "global_word_sequence_number": 75041,
        "global_verse_sequence_number": 5653
    },
    {
        "chapter": 77,
        "verse": 31,
        "juz": 29,
        "hizb": 232,
        "manzil": 7,
        "ruku": 516,
        "word_number_in_verse": 3,
        "language_code": "bn",
        "text": "আর না",
        "root_word": "وَلَا",
        "global_word_sequence_number": 75042,
        "global_verse_sequence_number": 5653
    },
    {
        "chapter": 77,
        "verse": 31,
        "juz": 29,
        "hizb": 232,
        "manzil": 7,
        "ruku": 516,
        "word_number_in_verse": 4,
        "language_code": "bn",
        "text": "রক্ষা করবে",
        "root_word": "يُغۡنِي",
        "global_word_sequence_number": 75043,
        "global_verse_sequence_number": 5653
    },
    {
        "chapter": 77,
        "verse": 31,
        "juz": 29,
        "hizb": 232,
        "manzil": 7,
        "ruku": 516,
        "word_number_in_verse": 5,
        "language_code": "bn",
        "text": "থেকে",
        "root_word": "مِنَ",
        "global_word_sequence_number": 75044,
        "global_verse_sequence_number": 5653
    },
    {
        "chapter": 77,
        "verse": 31,
        "juz": 29,
        "hizb": 232,
        "manzil": 7,
        "ruku": 516,
        "word_number_in_verse": 6,
        "language_code": "bn",
        "text": "আগুনের শিখা",
        "root_word": "اللَّهَبِ",
        "global_word_sequence_number": 75045,
        "global_verse_sequence_number": 5653
    },
    {
        "chapter": 77,
        "verse": 32,
        "juz": 29,
        "hizb": 232,
        "manzil": 7,
        "ruku": 516,
        "word_number_in_verse": 1,
        "language_code": "bn",
        "text": "তা নিশ্চয়",
        "root_word": "إِنَّهَا",
        "global_word_sequence_number": 75046,
        "global_verse_sequence_number": 5654
    },
    {
        "chapter": 77,
        "verse": 32,
        "juz": 29,
        "hizb": 232,
        "manzil": 7,
        "ruku": 516,
        "word_number_in_verse": 2,
        "language_code": "bn",
        "text": "নিক্ষেপ করবে",
        "root_word": "تَرۡمِي",
        "global_word_sequence_number": 75047,
        "global_verse_sequence_number": 5654
    },
    {
        "chapter": 77,
        "verse": 32,
        "juz": 29,
        "hizb": 232,
        "manzil": 7,
        "ruku": 516,
        "word_number_in_verse": 3,
        "language_code": "bn",
        "text": "স্কুলিংগকে",
        "root_word": "بِشَرَرٖ",
        "global_word_sequence_number": 75048,
        "global_verse_sequence_number": 5654
    },
    {
        "chapter": 77,
        "verse": 32,
        "juz": 29,
        "hizb": 232,
        "manzil": 7,
        "ruku": 516,
        "word_number_in_verse": 4,
        "language_code": "bn",
        "text": "প্রাসাদের ন্যায়",
        "root_word": "كَالۡقَصۡرِ",
        "global_word_sequence_number": 75049,
        "global_verse_sequence_number": 5654
    },
    {
        "chapter": 77,
        "verse": 33,
        "juz": 29,
        "hizb": 232,
        "manzil": 7,
        "ruku": 516,
        "word_number_in_verse": 1,
        "language_code": "bn",
        "text": "তা যেন",
        "root_word": "كَأَنَّهُۥ",
        "global_word_sequence_number": 75050,
        "global_verse_sequence_number": 5655
    },
    {
        "chapter": 77,
        "verse": 33,
        "juz": 29,
        "hizb": 232,
        "manzil": 7,
        "ruku": 516,
        "word_number_in_verse": 2,
        "language_code": "bn",
        "text": "উট সমূহ",
        "root_word": "جِمَٰلَتٞ",
        "global_word_sequence_number": 75051,
        "global_verse_sequence_number": 5655
    },
    {
        "chapter": 77,
        "verse": 33,
        "juz": 29,
        "hizb": 232,
        "manzil": 7,
        "ruku": 516,
        "word_number_in_verse": 3,
        "language_code": "bn",
        "text": "হলুদ বর্ণের",
        "root_word": "صُفۡرٞ",
        "global_word_sequence_number": 75052,
        "global_verse_sequence_number": 5655
    },
    {
        "chapter": 77,
        "verse": 34,
        "juz": 29,
        "hizb": 232,
        "manzil": 7,
        "ruku": 516,
        "word_number_in_verse": 1,
        "language_code": "bn",
        "text": "ধ্বংস",
        "root_word": "وَيۡلٞ",
        "global_word_sequence_number": 75053,
        "global_verse_sequence_number": 5656
    },
    {
        "chapter": 77,
        "verse": 34,
        "juz": 29,
        "hizb": 232,
        "manzil": 7,
        "ruku": 516,
        "word_number_in_verse": 2,
        "language_code": "bn",
        "text": "সেদিন",
        "root_word": "يَوۡمَئِذٖ",
        "global_word_sequence_number": 75054,
        "global_verse_sequence_number": 5656
    },
    {
        "chapter": 77,
        "verse": 34,
        "juz": 29,
        "hizb": 232,
        "manzil": 7,
        "ruku": 516,
        "word_number_in_verse": 3,
        "language_code": "bn",
        "text": "মিথ্যারোপকারিদের জন্যে",
        "root_word": "لِّلۡمُكَذِّبِينَ",
        "global_word_sequence_number": 75055,
        "global_verse_sequence_number": 5656
    },
    {
        "chapter": 77,
        "verse": 35,
        "juz": 29,
        "hizb": 232,
        "manzil": 7,
        "ruku": 516,
        "word_number_in_verse": 1,
        "language_code": "bn",
        "text": "(সেই) এই",
        "root_word": "هَٰذَا",
        "global_word_sequence_number": 75056,
        "global_verse_sequence_number": 5657
    },
    {
        "chapter": 77,
        "verse": 35,
        "juz": 29,
        "hizb": 232,
        "manzil": 7,
        "ruku": 516,
        "word_number_in_verse": 2,
        "language_code": "bn",
        "text": "দিন",
        "root_word": "يَوۡمُ",
        "global_word_sequence_number": 75057,
        "global_verse_sequence_number": 5657
    },
    {
        "chapter": 77,
        "verse": 35,
        "juz": 29,
        "hizb": 232,
        "manzil": 7,
        "ruku": 516,
        "word_number_in_verse": 3,
        "language_code": "bn",
        "text": "না",
        "root_word": "لَا",
        "global_word_sequence_number": 75058,
        "global_verse_sequence_number": 5657
    },
    {
        "chapter": 77,
        "verse": 35,
        "juz": 29,
        "hizb": 232,
        "manzil": 7,
        "ruku": 516,
        "word_number_in_verse": 4,
        "language_code": "bn",
        "text": "তোমরা কথা বলবে",
        "root_word": "يَنطِقُونَ",
        "global_word_sequence_number": 75059,
        "global_verse_sequence_number": 5657
    },
    {
        "chapter": 77,
        "verse": 36,
        "juz": 29,
        "hizb": 232,
        "manzil": 7,
        "ruku": 516,
        "word_number_in_verse": 1,
        "language_code": "bn",
        "text": "না আর",
        "root_word": "وَلَا",
        "global_word_sequence_number": 75060,
        "global_verse_sequence_number": 5658
    },
    {
        "chapter": 77,
        "verse": 36,
        "juz": 29,
        "hizb": 232,
        "manzil": 7,
        "ruku": 516,
        "word_number_in_verse": 2,
        "language_code": "bn",
        "text": "অনুুমতি দেওয়া হবে",
        "root_word": "يُؤۡذَنُ",
        "global_word_sequence_number": 75061,
        "global_verse_sequence_number": 5658
    },
    {
        "chapter": 77,
        "verse": 36,
        "juz": 29,
        "hizb": 232,
        "manzil": 7,
        "ruku": 516,
        "word_number_in_verse": 3,
        "language_code": "bn",
        "text": "তাদের কে",
        "root_word": "لَهُمۡ",
        "global_word_sequence_number": 75062,
        "global_verse_sequence_number": 5658
    },
    {
        "chapter": 77,
        "verse": 36,
        "juz": 29,
        "hizb": 232,
        "manzil": 7,
        "ruku": 516,
        "word_number_in_verse": 4,
        "language_code": "bn",
        "text": "তারা ওজর পেশ যে করবে",
        "root_word": "فَيَعۡتَذِرُونَ",
        "global_word_sequence_number": 75063,
        "global_verse_sequence_number": 5658
    },
    {
        "chapter": 77,
        "verse": 37,
        "juz": 29,
        "hizb": 232,
        "manzil": 7,
        "ruku": 516,
        "word_number_in_verse": 1,
        "language_code": "bn",
        "text": "ধ্বংস",
        "root_word": "وَيۡلٞ",
        "global_word_sequence_number": 75064,
        "global_verse_sequence_number": 5659
    },
    {
        "chapter": 77,
        "verse": 37,
        "juz": 29,
        "hizb": 232,
        "manzil": 7,
        "ruku": 516,
        "word_number_in_verse": 2,
        "language_code": "bn",
        "text": "সেই দিন",
        "root_word": "يَوۡمَئِذٖ",
        "global_word_sequence_number": 75065,
        "global_verse_sequence_number": 5659
    },
    {
        "chapter": 77,
        "verse": 37,
        "juz": 29,
        "hizb": 232,
        "manzil": 7,
        "ruku": 516,
        "word_number_in_verse": 3,
        "language_code": "bn",
        "text": "মিথ্যারপকারীদের জন্যে",
        "root_word": "لِّلۡمُكَذِّبِينَ",
        "global_word_sequence_number": 75066,
        "global_verse_sequence_number": 5659
    },
    {
        "chapter": 77,
        "verse": 38,
        "juz": 29,
        "hizb": 232,
        "manzil": 7,
        "ruku": 516,
        "word_number_in_verse": 1,
        "language_code": "bn",
        "text": "এটা",
        "root_word": "هَٰذَا",
        "global_word_sequence_number": 75067,
        "global_verse_sequence_number": 5660
    },
    {
        "chapter": 77,
        "verse": 38,
        "juz": 29,
        "hizb": 232,
        "manzil": 7,
        "ruku": 516,
        "word_number_in_verse": 2,
        "language_code": "bn",
        "text": "দিন",
        "root_word": "يَوۡمُ",
        "global_word_sequence_number": 75068,
        "global_verse_sequence_number": 5660
    },
    {
        "chapter": 77,
        "verse": 38,
        "juz": 29,
        "hizb": 232,
        "manzil": 7,
        "ruku": 516,
        "word_number_in_verse": 3,
        "language_code": "bn",
        "text": "ফয়সালার",
        "root_word": "الۡفَصۡلِۖ",
        "global_word_sequence_number": 75069,
        "global_verse_sequence_number": 5660
    },
    {
        "chapter": 77,
        "verse": 38,
        "juz": 29,
        "hizb": 232,
        "manzil": 7,
        "ruku": 516,
        "word_number_in_verse": 4,
        "language_code": "bn",
        "text": "তোমাদেরকে আমরা একত্র করেছি",
        "root_word": "جَمَعۡنَٰكُمۡ",
        "global_word_sequence_number": 75070,
        "global_verse_sequence_number": 5660
    },
    {
        "chapter": 77,
        "verse": 38,
        "juz": 29,
        "hizb": 232,
        "manzil": 7,
        "ruku": 516,
        "word_number_in_verse": 5,
        "language_code": "bn",
        "text": "ও (তোমাদের) পূর্ববতীদেরকে",
        "root_word": "وَالۡأَوَّلِينَ",
        "global_word_sequence_number": 75071,
        "global_verse_sequence_number": 5660
    },
    {
        "chapter": 77,
        "verse": 39,
        "juz": 29,
        "hizb": 232,
        "manzil": 7,
        "ruku": 516,
        "word_number_in_verse": 1,
        "language_code": "bn",
        "text": "যদি এখন",
        "root_word": "فَإِن",
        "global_word_sequence_number": 75072,
        "global_verse_sequence_number": 5661
    },
    {
        "chapter": 77,
        "verse": 39,
        "juz": 29,
        "hizb": 232,
        "manzil": 7,
        "ruku": 516,
        "word_number_in_verse": 2,
        "language_code": "bn",
        "text": "হয় (সম্ভব)",
        "root_word": "كَانَ",
        "global_word_sequence_number": 75073,
        "global_verse_sequence_number": 5661
    },
    {
        "chapter": 77,
        "verse": 39,
        "juz": 29,
        "hizb": 232,
        "manzil": 7,
        "ruku": 516,
        "word_number_in_verse": 3,
        "language_code": "bn",
        "text": "তোমাদের পক্ষে",
        "root_word": "لَكُمۡ",
        "global_word_sequence_number": 75074,
        "global_verse_sequence_number": 5661
    },
    {
        "chapter": 77,
        "verse": 39,
        "juz": 29,
        "hizb": 232,
        "manzil": 7,
        "ruku": 516,
        "word_number_in_verse": 4,
        "language_code": "bn",
        "text": "কোন কৌশল",
        "root_word": "كَيۡدٞ",
        "global_word_sequence_number": 75075,
        "global_verse_sequence_number": 5661
    },
    {
        "chapter": 77,
        "verse": 39,
        "juz": 29,
        "hizb": 232,
        "manzil": 7,
        "ruku": 516,
        "word_number_in_verse": 5,
        "language_code": "bn",
        "text": "তোমরা কৌশল করো তবে",
        "root_word": "فَكِيدُونِ",
        "global_word_sequence_number": 75076,
        "global_verse_sequence_number": 5661
    },
    {
        "chapter": 77,
        "verse": 40,
        "juz": 29,
        "hizb": 232,
        "manzil": 7,
        "ruku": 516,
        "word_number_in_verse": 1,
        "language_code": "bn",
        "text": "ধ্বংস",
        "root_word": "وَيۡلٞ",
        "global_word_sequence_number": 75077,
        "global_verse_sequence_number": 5662
    },
    {
        "chapter": 77,
        "verse": 40,
        "juz": 29,
        "hizb": 232,
        "manzil": 7,
        "ruku": 516,
        "word_number_in_verse": 2,
        "language_code": "bn",
        "text": "সেদিন",
        "root_word": "يَوۡمَئِذٖ",
        "global_word_sequence_number": 75078,
        "global_verse_sequence_number": 5662
    },
    {
        "chapter": 77,
        "verse": 40,
        "juz": 29,
        "hizb": 232,
        "manzil": 7,
        "ruku": 516,
        "word_number_in_verse": 3,
        "language_code": "bn",
        "text": "মিথ্যারপকারিদের জন্যে",
        "root_word": "لِّلۡمُكَذِّبِينَ",
        "global_word_sequence_number": 75079,
        "global_verse_sequence_number": 5662
    },
    {
        "chapter": 77,
        "verse": 41,
        "juz": 29,
        "hizb": 232,
        "manzil": 7,
        "ruku": 517,
        "word_number_in_verse": 1,
        "language_code": "bn",
        "text": "নিশ্চয়ই",
        "root_word": "إِنَّ",
        "global_word_sequence_number": 75080,
        "global_verse_sequence_number": 5663
    },
    {
        "chapter": 77,
        "verse": 41,
        "juz": 29,
        "hizb": 232,
        "manzil": 7,
        "ruku": 517,
        "word_number_in_verse": 2,
        "language_code": "bn",
        "text": "মুত্তাকীরা",
        "root_word": "الۡمُتَّقِينَ",
        "global_word_sequence_number": 75081,
        "global_verse_sequence_number": 5663
    },
    {
        "chapter": 77,
        "verse": 41,
        "juz": 29,
        "hizb": 232,
        "manzil": 7,
        "ruku": 517,
        "word_number_in_verse": 3,
        "language_code": "bn",
        "text": "মধ্যে (হবে)",
        "root_word": "فِي",
        "global_word_sequence_number": 75082,
        "global_verse_sequence_number": 5663
    },
    {
        "chapter": 77,
        "verse": 41,
        "juz": 29,
        "hizb": 232,
        "manzil": 7,
        "ruku": 517,
        "word_number_in_verse": 4,
        "language_code": "bn",
        "text": "ছায়ার",
        "root_word": "ظِلَٰلٖ",
        "global_word_sequence_number": 75083,
        "global_verse_sequence_number": 5663
    },
    {
        "chapter": 77,
        "verse": 41,
        "juz": 29,
        "hizb": 232,
        "manzil": 7,
        "ruku": 517,
        "word_number_in_verse": 5,
        "language_code": "bn",
        "text": "ও প্রস্রবণে",
        "root_word": "وَعُيُونٖ",
        "global_word_sequence_number": 75084,
        "global_verse_sequence_number": 5663
    },
    {
        "chapter": 77,
        "verse": 42,
        "juz": 29,
        "hizb": 232,
        "manzil": 7,
        "ruku": 517,
        "word_number_in_verse": 1,
        "language_code": "bn",
        "text": "এবং ফলমূল (পাবে)",
        "root_word": "وَفَوَٰكِهَ",
        "global_word_sequence_number": 75085,
        "global_verse_sequence_number": 5664
    },
    {
        "chapter": 77,
        "verse": 42,
        "juz": 29,
        "hizb": 232,
        "manzil": 7,
        "ruku": 517,
        "word_number_in_verse": 2,
        "language_code": "bn",
        "text": "যা (তা) থেকে",
        "root_word": "مِمَّا",
        "global_word_sequence_number": 75086,
        "global_verse_sequence_number": 5664
    },
    {
        "chapter": 77,
        "verse": 42,
        "juz": 29,
        "hizb": 232,
        "manzil": 7,
        "ruku": 517,
        "word_number_in_verse": 3,
        "language_code": "bn",
        "text": "তারা চাইবে",
        "root_word": "يَشۡتَهُونَ",
        "global_word_sequence_number": 75087,
        "global_verse_sequence_number": 5664
    },
    {
        "chapter": 77,
        "verse": 43,
        "juz": 29,
        "hizb": 232,
        "manzil": 7,
        "ruku": 517,
        "word_number_in_verse": 1,
        "language_code": "bn",
        "text": "\"তোমরা খাও",
        "root_word": "كُلُواْ",
        "global_word_sequence_number": 75088,
        "global_verse_sequence_number": 5665
    },
    {
        "chapter": 77,
        "verse": 43,
        "juz": 29,
        "hizb": 232,
        "manzil": 7,
        "ruku": 517,
        "word_number_in_verse": 2,
        "language_code": "bn",
        "text": "ও পান করো",
        "root_word": "وَاشۡرَبُواْ",
        "global_word_sequence_number": 75089,
        "global_verse_sequence_number": 5665
    },
    {
        "chapter": 77,
        "verse": 43,
        "juz": 29,
        "hizb": 232,
        "manzil": 7,
        "ruku": 517,
        "word_number_in_verse": 3,
        "language_code": "bn",
        "text": "স্বাদ নিয়ে",
        "root_word": "هَنِيٓـَٔۢا",
        "global_word_sequence_number": 75090,
        "global_verse_sequence_number": 5665
    },
    {
        "chapter": 77,
        "verse": 43,
        "juz": 29,
        "hizb": 232,
        "manzil": 7,
        "ruku": 517,
        "word_number_in_verse": 4,
        "language_code": "bn",
        "text": "যা বিনিময়ে",
        "root_word": "بِمَا",
        "global_word_sequence_number": 75091,
        "global_verse_sequence_number": 5665
    },
    {
        "chapter": 77,
        "verse": 43,
        "juz": 29,
        "hizb": 232,
        "manzil": 7,
        "ruku": 517,
        "word_number_in_verse": 5,
        "language_code": "bn",
        "text": "তোমরা",
        "root_word": "كُنتُمۡ",
        "global_word_sequence_number": 75092,
        "global_verse_sequence_number": 5665
    },
    {
        "chapter": 77,
        "verse": 43,
        "juz": 29,
        "hizb": 232,
        "manzil": 7,
        "ruku": 517,
        "word_number_in_verse": 6,
        "language_code": "bn",
        "text": "(তোমরা) করতে\"",
        "root_word": "تَعۡمَلُونَ",
        "global_word_sequence_number": 75093,
        "global_verse_sequence_number": 5665
    },
    {
        "chapter": 77,
        "verse": 44,
        "juz": 29,
        "hizb": 232,
        "manzil": 7,
        "ruku": 517,
        "word_number_in_verse": 1,
        "language_code": "bn",
        "text": "আমরা নিশ্চয়",
        "root_word": "إِنَّا",
        "global_word_sequence_number": 75094,
        "global_verse_sequence_number": 5666
    },
    {
        "chapter": 77,
        "verse": 44,
        "juz": 29,
        "hizb": 232,
        "manzil": 7,
        "ruku": 517,
        "word_number_in_verse": 2,
        "language_code": "bn",
        "text": "এরূপে",
        "root_word": "كَذَٰلِكَ",
        "global_word_sequence_number": 75095,
        "global_verse_sequence_number": 5666
    },
    {
        "chapter": 77,
        "verse": 44,
        "juz": 29,
        "hizb": 232,
        "manzil": 7,
        "ruku": 517,
        "word_number_in_verse": 3,
        "language_code": "bn",
        "text": "প্রতিফল দেই আমরা",
        "root_word": "نَجۡزِي",
        "global_word_sequence_number": 75096,
        "global_verse_sequence_number": 5666
    },
    {
        "chapter": 77,
        "verse": 44,
        "juz": 29,
        "hizb": 232,
        "manzil": 7,
        "ruku": 517,
        "word_number_in_verse": 4,
        "language_code": "bn",
        "text": "নেকলোকদের",
        "root_word": "الۡمُحۡسِنِينَ",
        "global_word_sequence_number": 75097,
        "global_verse_sequence_number": 5666
    },
    {
        "chapter": 77,
        "verse": 45,
        "juz": 29,
        "hizb": 232,
        "manzil": 7,
        "ruku": 517,
        "word_number_in_verse": 1,
        "language_code": "bn",
        "text": "ধ্বংস",
        "root_word": "وَيۡلٞ",
        "global_word_sequence_number": 75098,
        "global_verse_sequence_number": 5667
    },
    {
        "chapter": 77,
        "verse": 45,
        "juz": 29,
        "hizb": 232,
        "manzil": 7,
        "ruku": 517,
        "word_number_in_verse": 2,
        "language_code": "bn",
        "text": "সেদিন",
        "root_word": "يَوۡمَئِذٖ",
        "global_word_sequence_number": 75099,
        "global_verse_sequence_number": 5667
    },
    {
        "chapter": 77,
        "verse": 45,
        "juz": 29,
        "hizb": 232,
        "manzil": 7,
        "ruku": 517,
        "word_number_in_verse": 3,
        "language_code": "bn",
        "text": "মিথ্যারপকারিদের জন্যে",
        "root_word": "لِّلۡمُكَذِّبِينَ",
        "global_word_sequence_number": 75100,
        "global_verse_sequence_number": 5667
    },
    {
        "chapter": 77,
        "verse": 46,
        "juz": 29,
        "hizb": 232,
        "manzil": 7,
        "ruku": 517,
        "word_number_in_verse": 1,
        "language_code": "bn",
        "text": "তোমরা খাও",
        "root_word": "كُلُواْ",
        "global_word_sequence_number": 75101,
        "global_verse_sequence_number": 5668
    },
    {
        "chapter": 77,
        "verse": 46,
        "juz": 29,
        "hizb": 232,
        "manzil": 7,
        "ruku": 517,
        "word_number_in_verse": 2,
        "language_code": "bn",
        "text": "ও আস্বাদন করো",
        "root_word": "وَتَمَتَّعُواْ",
        "global_word_sequence_number": 75102,
        "global_verse_sequence_number": 5668
    },
    {
        "chapter": 77,
        "verse": 46,
        "juz": 29,
        "hizb": 232,
        "manzil": 7,
        "ruku": 517,
        "word_number_in_verse": 3,
        "language_code": "bn",
        "text": "কিছুুকাল",
        "root_word": "قَلِيلًا",
        "global_word_sequence_number": 75103,
        "global_verse_sequence_number": 5668
    },
    {
        "chapter": 77,
        "verse": 46,
        "juz": 29,
        "hizb": 232,
        "manzil": 7,
        "ruku": 517,
        "word_number_in_verse": 4,
        "language_code": "bn",
        "text": "তোমরা প্রকৃত পক্ষে",
        "root_word": "إِنَّكُم",
        "global_word_sequence_number": 75104,
        "global_verse_sequence_number": 5668
    },
    {
        "chapter": 77,
        "verse": 46,
        "juz": 29,
        "hizb": 232,
        "manzil": 7,
        "ruku": 517,
        "word_number_in_verse": 5,
        "language_code": "bn",
        "text": "অপরাধী\"",
        "root_word": "مُّجۡرِمُونَ",
        "global_word_sequence_number": 75105,
        "global_verse_sequence_number": 5668
    },
    {
        "chapter": 77,
        "verse": 47,
        "juz": 29,
        "hizb": 232,
        "manzil": 7,
        "ruku": 517,
        "word_number_in_verse": 1,
        "language_code": "bn",
        "text": "ধ্বংস",
        "root_word": "وَيۡلٞ",
        "global_word_sequence_number": 75106,
        "global_verse_sequence_number": 5669
    },
    {
        "chapter": 77,
        "verse": 47,
        "juz": 29,
        "hizb": 232,
        "manzil": 7,
        "ruku": 517,
        "word_number_in_verse": 2,
        "language_code": "bn",
        "text": "সেদিন",
        "root_word": "يَوۡمَئِذٖ",
        "global_word_sequence_number": 75107,
        "global_verse_sequence_number": 5669
    },
    {
        "chapter": 77,
        "verse": 47,
        "juz": 29,
        "hizb": 232,
        "manzil": 7,
        "ruku": 517,
        "word_number_in_verse": 3,
        "language_code": "bn",
        "text": "মিথ্যারপকারিদের জন্যে",
        "root_word": "لِّلۡمُكَذِّبِينَ",
        "global_word_sequence_number": 75108,
        "global_verse_sequence_number": 5669
    },
    {
        "chapter": 77,
        "verse": 48,
        "juz": 29,
        "hizb": 232,
        "manzil": 7,
        "ruku": 517,
        "word_number_in_verse": 1,
        "language_code": "bn",
        "text": "এবং যখন",
        "root_word": "وَإِذَا",
        "global_word_sequence_number": 75109,
        "global_verse_sequence_number": 5670
    },
    {
        "chapter": 77,
        "verse": 48,
        "juz": 29,
        "hizb": 232,
        "manzil": 7,
        "ruku": 517,
        "word_number_in_verse": 2,
        "language_code": "bn",
        "text": "বলা হয়",
        "root_word": "قِيلَ",
        "global_word_sequence_number": 75110,
        "global_verse_sequence_number": 5670
    },
    {
        "chapter": 77,
        "verse": 48,
        "juz": 29,
        "hizb": 232,
        "manzil": 7,
        "ruku": 517,
        "word_number_in_verse": 3,
        "language_code": "bn",
        "text": "তাদেরকে",
        "root_word": "لَهُمُ",
        "global_word_sequence_number": 75111,
        "global_verse_sequence_number": 5670
    },
    {
        "chapter": 77,
        "verse": 48,
        "juz": 29,
        "hizb": 232,
        "manzil": 7,
        "ruku": 517,
        "word_number_in_verse": 4,
        "language_code": "bn",
        "text": "\"তোমরা অবনত হও\"",
        "root_word": "ارۡكَعُواْ",
        "global_word_sequence_number": 75112,
        "global_verse_sequence_number": 5670
    },
    {
        "chapter": 77,
        "verse": 48,
        "juz": 29,
        "hizb": 232,
        "manzil": 7,
        "ruku": 517,
        "word_number_in_verse": 5,
        "language_code": "bn",
        "text": "না",
        "root_word": "لَا",
        "global_word_sequence_number": 75113,
        "global_verse_sequence_number": 5670
    },
    {
        "chapter": 77,
        "verse": 48,
        "juz": 29,
        "hizb": 232,
        "manzil": 7,
        "ruku": 517,
        "word_number_in_verse": 6,
        "language_code": "bn",
        "text": "তারা অবনত হয়",
        "root_word": "يَرۡكَعُونَ",
        "global_word_sequence_number": 75114,
        "global_verse_sequence_number": 5670
    },
    {
        "chapter": 77,
        "verse": 49,
        "juz": 29,
        "hizb": 232,
        "manzil": 7,
        "ruku": 517,
        "word_number_in_verse": 1,
        "language_code": "bn",
        "text": "ধ্বংস",
        "root_word": "وَيۡلٞ",
        "global_word_sequence_number": 75115,
        "global_verse_sequence_number": 5671
    },
    {
        "chapter": 77,
        "verse": 49,
        "juz": 29,
        "hizb": 232,
        "manzil": 7,
        "ruku": 517,
        "word_number_in_verse": 2,
        "language_code": "bn",
        "text": "সেদিন",
        "root_word": "يَوۡمَئِذٖ",
        "global_word_sequence_number": 75116,
        "global_verse_sequence_number": 5671
    },
    {
        "chapter": 77,
        "verse": 49,
        "juz": 29,
        "hizb": 232,
        "manzil": 7,
        "ruku": 517,
        "word_number_in_verse": 3,
        "language_code": "bn",
        "text": "মিথ্যারপকারিদের জন্যে",
        "root_word": "لِّلۡمُكَذِّبِينَ",
        "global_word_sequence_number": 75117,
        "global_verse_sequence_number": 5671
    },
    {
        "chapter": 77,
        "verse": 50,
        "juz": 29,
        "hizb": 232,
        "manzil": 7,
        "ruku": 517,
        "word_number_in_verse": 1,
        "language_code": "bn",
        "text": "আর কোন তাহলে",
        "root_word": "فَبِأَيِّ",
        "global_word_sequence_number": 75118,
        "global_verse_sequence_number": 5672
    },
    {
        "chapter": 77,
        "verse": 50,
        "juz": 29,
        "hizb": 232,
        "manzil": 7,
        "ruku": 517,
        "word_number_in_verse": 2,
        "language_code": "bn",
        "text": "কালাম (থাকতে পারে)",
        "root_word": "حَدِيثِۭ",
        "global_word_sequence_number": 75119,
        "global_verse_sequence_number": 5672
    },
    {
        "chapter": 77,
        "verse": 50,
        "juz": 29,
        "hizb": 232,
        "manzil": 7,
        "ruku": 517,
        "word_number_in_verse": 3,
        "language_code": "bn",
        "text": "তার পর (কুরআনের)",
        "root_word": "بَعۡدَهُۥ",
        "global_word_sequence_number": 75120,
        "global_verse_sequence_number": 5672
    },
    {
        "chapter": 77,
        "verse": 50,
        "juz": 29,
        "hizb": 232,
        "manzil": 7,
        "ruku": 517,
        "word_number_in_verse": 4,
        "language_code": "bn",
        "text": "তারা ইমান (যার উপর) আনবে",
        "root_word": "يُؤۡمِنُونَ",
        "global_word_sequence_number": 75121,
        "global_verse_sequence_number": 5672
    }
]