[
    {
        "chapter": 78,
        "verse": 1,
        "juz": 30,
        "hizb": 233,
        "manzil": 7,
        "ruku": 518,
        "word_number_in_verse": 1,
        "language_code": "bn",
        "text": "কি সম্পর্কে",
        "root_word": "عَمَّ",
        "global_word_sequence_number": 75122,
        "global_verse_sequence_number": 5673
    },
    {
        "chapter": 78,
        "verse": 1,
        "juz": 30,
        "hizb": 233,
        "manzil": 7,
        "ruku": 518,
        "word_number_in_verse": 2,
        "language_code": "bn",
        "text": "তারা পরস্পরকে জিজ্ঞাসা করছে",
        "root_word": "يَتَسَآءَلُونَ",
        "global_word_sequence_number": 75123,
        "global_verse_sequence_number": 5673
    },
    {
        "chapter": 78,
        "verse": 2,
        "juz": 30,
        "hizb": 233,
        "manzil": 7,
        "ruku": 518,
        "word_number_in_verse": 1,
        "language_code": "bn",
        "text": "সম্পর্কে",
        "root_word": "عَنِ",
        "global_word_sequence_number": 75124,
        "global_verse_sequence_number": 5674
    },
    {
        "chapter": 78,
        "verse": 2,
        "juz": 30,
        "hizb": 233,
        "manzil": 7,
        "ruku": 518,
        "word_number_in_verse": 2,
        "language_code": "bn",
        "text": "সংবাদ",
        "root_word": "النَّبَإِ",
        "global_word_sequence_number": 75125,
        "global_verse_sequence_number": 5674
    },
    {
        "chapter": 78,
        "verse": 2,
        "juz": 30,
        "hizb": 233,
        "manzil": 7,
        "ruku": 518,
        "word_number_in_verse": 3,
        "language_code": "bn",
        "text": "মহা (অর্থাৎ কিয়ামত)",
        "root_word": "الۡعَظِيمِ",
        "global_word_sequence_number": 75126,
        "global_verse_sequence_number": 5674
    },
    {
        "chapter": 78,
        "verse": 3,
        "juz": 30,
        "hizb": 233,
        "manzil": 7,
        "ruku": 518,
        "word_number_in_verse": 1,
        "language_code": "bn",
        "text": "তা (এমন যে)",
        "root_word": "الَّذِي",
        "global_word_sequence_number": 75127,
        "global_verse_sequence_number": 5675
    },
    {
        "chapter": 78,
        "verse": 3,
        "juz": 30,
        "hizb": 233,
        "manzil": 7,
        "ruku": 518,
        "word_number_in_verse": 2,
        "language_code": "bn",
        "text": "তারা",
        "root_word": "هُمۡ",
        "global_word_sequence_number": 75128,
        "global_verse_sequence_number": 5675
    },
    {
        "chapter": 78,
        "verse": 3,
        "juz": 30,
        "hizb": 233,
        "manzil": 7,
        "ruku": 518,
        "word_number_in_verse": 3,
        "language_code": "bn",
        "text": "সে বিষয়ে",
        "root_word": "فِيهِ",
        "global_word_sequence_number": 75129,
        "global_verse_sequence_number": 5675
    },
    {
        "chapter": 78,
        "verse": 3,
        "juz": 30,
        "hizb": 233,
        "manzil": 7,
        "ruku": 518,
        "word_number_in_verse": 4,
        "language_code": "bn",
        "text": "(নিজেরাই) মতানৈক্যকারী",
        "root_word": "مُخۡتَلِفُونَ",
        "global_word_sequence_number": 75130,
        "global_verse_sequence_number": 5675
    },
    {
        "chapter": 78,
        "verse": 4,
        "juz": 30,
        "hizb": 233,
        "manzil": 7,
        "ruku": 518,
        "word_number_in_verse": 1,
        "language_code": "bn",
        "text": "কখনও না",
        "root_word": "كـَلَّا",
        "global_word_sequence_number": 75131,
        "global_verse_sequence_number": 5676
    },
    {
        "chapter": 78,
        "verse": 4,
        "juz": 30,
        "hizb": 233,
        "manzil": 7,
        "ruku": 518,
        "word_number_in_verse": 2,
        "language_code": "bn",
        "text": "তারা শীঘ্র জানবে",
        "root_word": "سَيَعۡلَمُونَ",
        "global_word_sequence_number": 75132,
        "global_verse_sequence_number": 5676
    },
    {
        "chapter": 78,
        "verse": 5,
        "juz": 30,
        "hizb": 233,
        "manzil": 7,
        "ruku": 518,
        "word_number_in_verse": 1,
        "language_code": "bn",
        "text": "আবার (বলি)",
        "root_word": "ثُمَّ",
        "global_word_sequence_number": 75133,
        "global_verse_sequence_number": 5677
    },
    {
        "chapter": 78,
        "verse": 5,
        "juz": 30,
        "hizb": 233,
        "manzil": 7,
        "ruku": 518,
        "word_number_in_verse": 2,
        "language_code": "bn",
        "text": "কখনও না",
        "root_word": "كـَلَّا",
        "global_word_sequence_number": 75134,
        "global_verse_sequence_number": 5677
    },
    {
        "chapter": 78,
        "verse": 5,
        "juz": 30,
        "hizb": 233,
        "manzil": 7,
        "ruku": 518,
        "word_number_in_verse": 3,
        "language_code": "bn",
        "text": "তারা শীঘ্র জানবে",
        "root_word": "سَيَعۡلَمُونَ",
        "global_word_sequence_number": 75135,
        "global_verse_sequence_number": 5677
    },
    {
        "chapter": 78,
        "verse": 6,
        "juz": 30,
        "hizb": 233,
        "manzil": 7,
        "ruku": 518,
        "word_number_in_verse": 1,
        "language_code": "bn",
        "text": "নি কি",
        "root_word": "أَلَمۡ",
        "global_word_sequence_number": 75136,
        "global_verse_sequence_number": 5678
    },
    {
        "chapter": 78,
        "verse": 6,
        "juz": 30,
        "hizb": 233,
        "manzil": 7,
        "ruku": 518,
        "word_number_in_verse": 2,
        "language_code": "bn",
        "text": "আমরা বানাই",
        "root_word": "نَجۡعَلِ",
        "global_word_sequence_number": 75137,
        "global_verse_sequence_number": 5678
    },
    {
        "chapter": 78,
        "verse": 6,
        "juz": 30,
        "hizb": 233,
        "manzil": 7,
        "ruku": 518,
        "word_number_in_verse": 3,
        "language_code": "bn",
        "text": "ভূমিকে",
        "root_word": "الۡأَرۡضَ",
        "global_word_sequence_number": 75138,
        "global_verse_sequence_number": 5678
    },
    {
        "chapter": 78,
        "verse": 6,
        "juz": 30,
        "hizb": 233,
        "manzil": 7,
        "ruku": 518,
        "word_number_in_verse": 4,
        "language_code": "bn",
        "text": "বিছানা স্বরূপ",
        "root_word": "مِهَٰدٗا",
        "global_word_sequence_number": 75139,
        "global_verse_sequence_number": 5678
    },
    {
        "chapter": 78,
        "verse": 7,
        "juz": 30,
        "hizb": 233,
        "manzil": 7,
        "ruku": 518,
        "word_number_in_verse": 1,
        "language_code": "bn",
        "text": "এবং পাহাড়-পর্বতকে",
        "root_word": "وَالۡجِبَالَ",
        "global_word_sequence_number": 75140,
        "global_verse_sequence_number": 5679
    },
    {
        "chapter": 78,
        "verse": 7,
        "juz": 30,
        "hizb": 233,
        "manzil": 7,
        "ruku": 518,
        "word_number_in_verse": 2,
        "language_code": "bn",
        "text": "কীলক স্বরূপ",
        "root_word": "أَوۡتَادٗا",
        "global_word_sequence_number": 75141,
        "global_verse_sequence_number": 5679
    },
    {
        "chapter": 78,
        "verse": 8,
        "juz": 30,
        "hizb": 233,
        "manzil": 7,
        "ruku": 518,
        "word_number_in_verse": 1,
        "language_code": "bn",
        "text": "এবং তোমাদেরকে  আমরা সৃষ্টি করেছি",
        "root_word": "وَخَلَقۡنَٰكُمۡ",
        "global_word_sequence_number": 75142,
        "global_verse_sequence_number": 5680
    },
    {
        "chapter": 78,
        "verse": 8,
        "juz": 30,
        "hizb": 233,
        "manzil": 7,
        "ruku": 518,
        "word_number_in_verse": 2,
        "language_code": "bn",
        "text": "জোড়ায় জোড়ায়",
        "root_word": "أَزۡوَٰجٗا",
        "global_word_sequence_number": 75143,
        "global_verse_sequence_number": 5680
    },
    {
        "chapter": 78,
        "verse": 9,
        "juz": 30,
        "hizb": 233,
        "manzil": 7,
        "ruku": 518,
        "word_number_in_verse": 1,
        "language_code": "bn",
        "text": "এবং আমরা বানিয়েছি",
        "root_word": "وَجَعَلۡنَا",
        "global_word_sequence_number": 75144,
        "global_verse_sequence_number": 5681
    },
    {
        "chapter": 78,
        "verse": 9,
        "juz": 30,
        "hizb": 233,
        "manzil": 7,
        "ruku": 518,
        "word_number_in_verse": 2,
        "language_code": "bn",
        "text": "তোমাদের ঘুমকে",
        "root_word": "نَوۡمَكُمۡ",
        "global_word_sequence_number": 75145,
        "global_verse_sequence_number": 5681
    },
    {
        "chapter": 78,
        "verse": 9,
        "juz": 30,
        "hizb": 233,
        "manzil": 7,
        "ruku": 518,
        "word_number_in_verse": 3,
        "language_code": "bn",
        "text": "বিশ্রাম (শান্তির বাহন)",
        "root_word": "سُبَاتٗا",
        "global_word_sequence_number": 75146,
        "global_verse_sequence_number": 5681
    },
    {
        "chapter": 78,
        "verse": 10,
        "juz": 30,
        "hizb": 233,
        "manzil": 7,
        "ruku": 518,
        "word_number_in_verse": 1,
        "language_code": "bn",
        "text": "এবং আমরা বানিয়েছি",
        "root_word": "وَجَعَلۡنَا",
        "global_word_sequence_number": 75147,
        "global_verse_sequence_number": 5682
    },
    {
        "chapter": 78,
        "verse": 10,
        "juz": 30,
        "hizb": 233,
        "manzil": 7,
        "ruku": 518,
        "word_number_in_verse": 2,
        "language_code": "bn",
        "text": "রাতকে",
        "root_word": "الَّيۡلَ",
        "global_word_sequence_number": 75148,
        "global_verse_sequence_number": 5682
    },
    {
        "chapter": 78,
        "verse": 10,
        "juz": 30,
        "hizb": 233,
        "manzil": 7,
        "ruku": 518,
        "word_number_in_verse": 3,
        "language_code": "bn",
        "text": "আবরণ স্বরূপ",
        "root_word": "لِبَاسٗا",
        "global_word_sequence_number": 75149,
        "global_verse_sequence_number": 5682
    },
    {
        "chapter": 78,
        "verse": 11,
        "juz": 30,
        "hizb": 233,
        "manzil": 7,
        "ruku": 518,
        "word_number_in_verse": 1,
        "language_code": "bn",
        "text": "এবং আমরা বানিয়েছি",
        "root_word": "وَجَعَلۡنَا",
        "global_word_sequence_number": 75150,
        "global_verse_sequence_number": 5683
    },
    {
        "chapter": 78,
        "verse": 11,
        "juz": 30,
        "hizb": 233,
        "manzil": 7,
        "ruku": 518,
        "word_number_in_verse": 2,
        "language_code": "bn",
        "text": "দিনকে",
        "root_word": "النَّهَارَ",
        "global_word_sequence_number": 75151,
        "global_verse_sequence_number": 5683
    },
    {
        "chapter": 78,
        "verse": 11,
        "juz": 30,
        "hizb": 233,
        "manzil": 7,
        "ruku": 518,
        "word_number_in_verse": 3,
        "language_code": "bn",
        "text": "জীবিকা অর্জনের সময়",
        "root_word": "مَعَاشٗا",
        "global_word_sequence_number": 75152,
        "global_verse_sequence_number": 5683
    },
    {
        "chapter": 78,
        "verse": 12,
        "juz": 30,
        "hizb": 233,
        "manzil": 7,
        "ruku": 518,
        "word_number_in_verse": 1,
        "language_code": "bn",
        "text": "এবং আমরা নির্মাণ করেছি",
        "root_word": "وَبَنَيۡنَا",
        "global_word_sequence_number": 75153,
        "global_verse_sequence_number": 5684
    },
    {
        "chapter": 78,
        "verse": 12,
        "juz": 30,
        "hizb": 233,
        "manzil": 7,
        "ruku": 518,
        "word_number_in_verse": 2,
        "language_code": "bn",
        "text": "তোমাদের উপর",
        "root_word": "فَوۡقَكُمۡ",
        "global_word_sequence_number": 75154,
        "global_verse_sequence_number": 5684
    },
    {
        "chapter": 78,
        "verse": 12,
        "juz": 30,
        "hizb": 233,
        "manzil": 7,
        "ruku": 518,
        "word_number_in_verse": 3,
        "language_code": "bn",
        "text": "সাত",
        "root_word": "سَبۡعٗا",
        "global_word_sequence_number": 75155,
        "global_verse_sequence_number": 5684
    },
    {
        "chapter": 78,
        "verse": 12,
        "juz": 30,
        "hizb": 233,
        "manzil": 7,
        "ruku": 518,
        "word_number_in_verse": 4,
        "language_code": "bn",
        "text": "সুদৃঢ় (আকাশ)",
        "root_word": "شِدَادٗا",
        "global_word_sequence_number": 75156,
        "global_verse_sequence_number": 5684
    },
    {
        "chapter": 78,
        "verse": 13,
        "juz": 30,
        "hizb": 233,
        "manzil": 7,
        "ruku": 518,
        "word_number_in_verse": 1,
        "language_code": "bn",
        "text": "এবং আমরা বানিয়েছি",
        "root_word": "وَجَعَلۡنَا",
        "global_word_sequence_number": 75157,
        "global_verse_sequence_number": 5685
    },
    {
        "chapter": 78,
        "verse": 13,
        "juz": 30,
        "hizb": 233,
        "manzil": 7,
        "ruku": 518,
        "word_number_in_verse": 2,
        "language_code": "bn",
        "text": "প্রদীপ (সূর্য)",
        "root_word": "سِرَاجٗا",
        "global_word_sequence_number": 75158,
        "global_verse_sequence_number": 5685
    },
    {
        "chapter": 78,
        "verse": 13,
        "juz": 30,
        "hizb": 233,
        "manzil": 7,
        "ruku": 518,
        "word_number_in_verse": 3,
        "language_code": "bn",
        "text": "উজ্জ্বল",
        "root_word": "وَهَّاجٗا",
        "global_word_sequence_number": 75159,
        "global_verse_sequence_number": 5685
    },
    {
        "chapter": 78,
        "verse": 14,
        "juz": 30,
        "hizb": 233,
        "manzil": 7,
        "ruku": 518,
        "word_number_in_verse": 1,
        "language_code": "bn",
        "text": "আমরা বর্ষণ করেছি",
        "root_word": "وَأَنزَلۡنَا",
        "global_word_sequence_number": 75160,
        "global_verse_sequence_number": 5686
    },
    {
        "chapter": 78,
        "verse": 14,
        "juz": 30,
        "hizb": 233,
        "manzil": 7,
        "ruku": 518,
        "word_number_in_verse": 2,
        "language_code": "bn",
        "text": "হতে",
        "root_word": "مِنَ",
        "global_word_sequence_number": 75161,
        "global_verse_sequence_number": 5686
    },
    {
        "chapter": 78,
        "verse": 14,
        "juz": 30,
        "hizb": 233,
        "manzil": 7,
        "ruku": 518,
        "word_number_in_verse": 3,
        "language_code": "bn",
        "text": "মেঘমালা",
        "root_word": "الۡمُعۡصِرَٰتِ",
        "global_word_sequence_number": 75162,
        "global_verse_sequence_number": 5686
    },
    {
        "chapter": 78,
        "verse": 14,
        "juz": 30,
        "hizb": 233,
        "manzil": 7,
        "ruku": 518,
        "word_number_in_verse": 4,
        "language_code": "bn",
        "text": "পানি",
        "root_word": "مَآءٗ",
        "global_word_sequence_number": 75163,
        "global_verse_sequence_number": 5686
    },
    {
        "chapter": 78,
        "verse": 14,
        "juz": 30,
        "hizb": 233,
        "manzil": 7,
        "ruku": 518,
        "word_number_in_verse": 5,
        "language_code": "bn",
        "text": "মুষলধারে",
        "root_word": "ثَجَّاجٗا",
        "global_word_sequence_number": 75164,
        "global_verse_sequence_number": 5686
    },
    {
        "chapter": 78,
        "verse": 15,
        "juz": 30,
        "hizb": 233,
        "manzil": 7,
        "ruku": 518,
        "word_number_in_verse": 1,
        "language_code": "bn",
        "text": "এজন্য যে আমরা বের করব",
        "root_word": "لِّنُخۡرِجَ",
        "global_word_sequence_number": 75165,
        "global_verse_sequence_number": 5687
    },
    {
        "chapter": 78,
        "verse": 15,
        "juz": 30,
        "hizb": 233,
        "manzil": 7,
        "ruku": 518,
        "word_number_in_verse": 2,
        "language_code": "bn",
        "text": "তা দিয়ে",
        "root_word": "بِهِۦ",
        "global_word_sequence_number": 75166,
        "global_verse_sequence_number": 5687
    },
    {
        "chapter": 78,
        "verse": 15,
        "juz": 30,
        "hizb": 233,
        "manzil": 7,
        "ruku": 518,
        "word_number_in_verse": 3,
        "language_code": "bn",
        "text": "শস্য",
        "root_word": "حَبّٗا",
        "global_word_sequence_number": 75167,
        "global_verse_sequence_number": 5687
    },
    {
        "chapter": 78,
        "verse": 15,
        "juz": 30,
        "hizb": 233,
        "manzil": 7,
        "ruku": 518,
        "word_number_in_verse": 4,
        "language_code": "bn",
        "text": "ও উদ্ভিদ",
        "root_word": "وَنَبَاتٗا",
        "global_word_sequence_number": 75168,
        "global_verse_sequence_number": 5687
    },
    {
        "chapter": 78,
        "verse": 16,
        "juz": 30,
        "hizb": 233,
        "manzil": 7,
        "ruku": 518,
        "word_number_in_verse": 1,
        "language_code": "bn",
        "text": "এবং বাগিচাসমূহ",
        "root_word": "وَجَنَّٰتٍ",
        "global_word_sequence_number": 75169,
        "global_verse_sequence_number": 5688
    },
    {
        "chapter": 78,
        "verse": 16,
        "juz": 30,
        "hizb": 233,
        "manzil": 7,
        "ruku": 518,
        "word_number_in_verse": 2,
        "language_code": "bn",
        "text": "ঘনসন্নিবিষ্ট",
        "root_word": "أَلۡفَافًا",
        "global_word_sequence_number": 75170,
        "global_verse_sequence_number": 5688
    },
    {
        "chapter": 78,
        "verse": 17,
        "juz": 30,
        "hizb": 233,
        "manzil": 7,
        "ruku": 518,
        "word_number_in_verse": 1,
        "language_code": "bn",
        "text": "নিশ্চয়ই",
        "root_word": "إِنَّ",
        "global_word_sequence_number": 75171,
        "global_verse_sequence_number": 5689
    },
    {
        "chapter": 78,
        "verse": 17,
        "juz": 30,
        "hizb": 233,
        "manzil": 7,
        "ruku": 518,
        "word_number_in_verse": 2,
        "language_code": "bn",
        "text": "দিন",
        "root_word": "يَوۡمَ",
        "global_word_sequence_number": 75172,
        "global_verse_sequence_number": 5689
    },
    {
        "chapter": 78,
        "verse": 17,
        "juz": 30,
        "hizb": 233,
        "manzil": 7,
        "ruku": 518,
        "word_number_in_verse": 3,
        "language_code": "bn",
        "text": "বিচারের",
        "root_word": "الۡفَصۡلِ",
        "global_word_sequence_number": 75173,
        "global_verse_sequence_number": 5689
    },
    {
        "chapter": 78,
        "verse": 17,
        "juz": 30,
        "hizb": 233,
        "manzil": 7,
        "ruku": 518,
        "word_number_in_verse": 4,
        "language_code": "bn",
        "text": "আছে",
        "root_word": "كَانَ",
        "global_word_sequence_number": 75174,
        "global_verse_sequence_number": 5689
    },
    {
        "chapter": 78,
        "verse": 17,
        "juz": 30,
        "hizb": 233,
        "manzil": 7,
        "ruku": 518,
        "word_number_in_verse": 5,
        "language_code": "bn",
        "text": "নির্দিষ্ট",
        "root_word": "مِيقَٰتٗا",
        "global_word_sequence_number": 75175,
        "global_verse_sequence_number": 5689
    },
    {
        "chapter": 78,
        "verse": 18,
        "juz": 30,
        "hizb": 233,
        "manzil": 7,
        "ruku": 518,
        "word_number_in_verse": 1,
        "language_code": "bn",
        "text": "সেদিন",
        "root_word": "يَوۡمَ",
        "global_word_sequence_number": 75176,
        "global_verse_sequence_number": 5690
    },
    {
        "chapter": 78,
        "verse": 18,
        "juz": 30,
        "hizb": 233,
        "manzil": 7,
        "ruku": 518,
        "word_number_in_verse": 2,
        "language_code": "bn",
        "text": "ফুঁ দেওয়া হবে",
        "root_word": "يُنفَخُ",
        "global_word_sequence_number": 75177,
        "global_verse_sequence_number": 5690
    },
    {
        "chapter": 78,
        "verse": 18,
        "juz": 30,
        "hizb": 233,
        "manzil": 7,
        "ruku": 518,
        "word_number_in_verse": 3,
        "language_code": "bn",
        "text": "মধ্যে",
        "root_word": "فِي",
        "global_word_sequence_number": 75178,
        "global_verse_sequence_number": 5690
    },
    {
        "chapter": 78,
        "verse": 18,
        "juz": 30,
        "hizb": 233,
        "manzil": 7,
        "ruku": 518,
        "word_number_in_verse": 4,
        "language_code": "bn",
        "text": "শিঙ্গার",
        "root_word": "الصُّورِ",
        "global_word_sequence_number": 75179,
        "global_verse_sequence_number": 5690
    },
    {
        "chapter": 78,
        "verse": 18,
        "juz": 30,
        "hizb": 233,
        "manzil": 7,
        "ruku": 518,
        "word_number_in_verse": 5,
        "language_code": "bn",
        "text": "অতঃপর তোমরা আসবে",
        "root_word": "فَتَأۡتُونَ",
        "global_word_sequence_number": 75180,
        "global_verse_sequence_number": 5690
    },
    {
        "chapter": 78,
        "verse": 18,
        "juz": 30,
        "hizb": 233,
        "manzil": 7,
        "ruku": 518,
        "word_number_in_verse": 6,
        "language_code": "bn",
        "text": "দলে দলে",
        "root_word": "أَفۡوَاجٗا",
        "global_word_sequence_number": 75181,
        "global_verse_sequence_number": 5690
    },
    {
        "chapter": 78,
        "verse": 19,
        "juz": 30,
        "hizb": 233,
        "manzil": 7,
        "ruku": 518,
        "word_number_in_verse": 1,
        "language_code": "bn",
        "text": "এবং সেদিন উন্মুক্ত করা হবে",
        "root_word": "وَفُتِحَتِ",
        "global_word_sequence_number": 75182,
        "global_verse_sequence_number": 5691
    },
    {
        "chapter": 78,
        "verse": 19,
        "juz": 30,
        "hizb": 233,
        "manzil": 7,
        "ruku": 518,
        "word_number_in_verse": 2,
        "language_code": "bn",
        "text": "আকাশ",
        "root_word": "السَّمَآءُ",
        "global_word_sequence_number": 75183,
        "global_verse_sequence_number": 5691
    },
    {
        "chapter": 78,
        "verse": 19,
        "juz": 30,
        "hizb": 233,
        "manzil": 7,
        "ruku": 518,
        "word_number_in_verse": 3,
        "language_code": "bn",
        "text": "অতঃপর তা হবে",
        "root_word": "فَكَانَتۡ",
        "global_word_sequence_number": 75184,
        "global_verse_sequence_number": 5691
    },
    {
        "chapter": 78,
        "verse": 19,
        "juz": 30,
        "hizb": 233,
        "manzil": 7,
        "ruku": 518,
        "word_number_in_verse": 4,
        "language_code": "bn",
        "text": "অনেক দরজা",
        "root_word": "أَبۡوَٰبٗا",
        "global_word_sequence_number": 75185,
        "global_verse_sequence_number": 5691
    },
    {
        "chapter": 78,
        "verse": 20,
        "juz": 30,
        "hizb": 233,
        "manzil": 7,
        "ruku": 518,
        "word_number_in_verse": 1,
        "language_code": "bn",
        "text": "এবং চালিয়ে দেয়া হবে",
        "root_word": "وَسُيِّرَتِ",
        "global_word_sequence_number": 75186,
        "global_verse_sequence_number": 5692
    },
    {
        "chapter": 78,
        "verse": 20,
        "juz": 30,
        "hizb": 233,
        "manzil": 7,
        "ruku": 518,
        "word_number_in_verse": 2,
        "language_code": "bn",
        "text": "পাহাড়গুলো",
        "root_word": "الۡجِبَالُ",
        "global_word_sequence_number": 75187,
        "global_verse_sequence_number": 5692
    },
    {
        "chapter": 78,
        "verse": 20,
        "juz": 30,
        "hizb": 233,
        "manzil": 7,
        "ruku": 518,
        "word_number_in_verse": 3,
        "language_code": "bn",
        "text": "অতঃপর তা হবে",
        "root_word": "فَكَانَتۡ",
        "global_word_sequence_number": 75188,
        "global_verse_sequence_number": 5692
    },
    {
        "chapter": 78,
        "verse": 20,
        "juz": 30,
        "hizb": 233,
        "manzil": 7,
        "ruku": 518,
        "word_number_in_verse": 4,
        "language_code": "bn",
        "text": "মরীচিকা",
        "root_word": "سَرَابًا",
        "global_word_sequence_number": 75189,
        "global_verse_sequence_number": 5692
    },
    {
        "chapter": 78,
        "verse": 21,
        "juz": 30,
        "hizb": 233,
        "manzil": 7,
        "ruku": 518,
        "word_number_in_verse": 1,
        "language_code": "bn",
        "text": "নিশ্চয়ই",
        "root_word": "إِنَّ",
        "global_word_sequence_number": 75190,
        "global_verse_sequence_number": 5693
    },
    {
        "chapter": 78,
        "verse": 21,
        "juz": 30,
        "hizb": 233,
        "manzil": 7,
        "ruku": 518,
        "word_number_in_verse": 2,
        "language_code": "bn",
        "text": "জাহান্নাম",
        "root_word": "جَهَنَّمَ",
        "global_word_sequence_number": 75191,
        "global_verse_sequence_number": 5693
    },
    {
        "chapter": 78,
        "verse": 21,
        "juz": 30,
        "hizb": 233,
        "manzil": 7,
        "ruku": 518,
        "word_number_in_verse": 3,
        "language_code": "bn",
        "text": "হলো",
        "root_word": "كَانَتۡ",
        "global_word_sequence_number": 75192,
        "global_verse_sequence_number": 5693
    },
    {
        "chapter": 78,
        "verse": 21,
        "juz": 30,
        "hizb": 233,
        "manzil": 7,
        "ruku": 518,
        "word_number_in_verse": 4,
        "language_code": "bn",
        "text": "ঘাঁটি",
        "root_word": "مِرۡصَادٗا",
        "global_word_sequence_number": 75193,
        "global_verse_sequence_number": 5693
    },
    {
        "chapter": 78,
        "verse": 22,
        "juz": 30,
        "hizb": 233,
        "manzil": 7,
        "ruku": 518,
        "word_number_in_verse": 1,
        "language_code": "bn",
        "text": "সীমালঙ্ঘনকারীদের জন্য",
        "root_word": "لِّلطَّٰغِينَ",
        "global_word_sequence_number": 75194,
        "global_verse_sequence_number": 5694
    },
    {
        "chapter": 78,
        "verse": 22,
        "juz": 30,
        "hizb": 233,
        "manzil": 7,
        "ruku": 518,
        "word_number_in_verse": 2,
        "language_code": "bn",
        "text": "প্রত্যাবর্তনস্থল",
        "root_word": "مَـَٔابٗا",
        "global_word_sequence_number": 75195,
        "global_verse_sequence_number": 5694
    },
    {
        "chapter": 78,
        "verse": 23,
        "juz": 30,
        "hizb": 233,
        "manzil": 7,
        "ruku": 518,
        "word_number_in_verse": 1,
        "language_code": "bn",
        "text": "তারা অবস্থানকারী হবে",
        "root_word": "لَّٰبِثِينَ",
        "global_word_sequence_number": 75196,
        "global_verse_sequence_number": 5695
    },
    {
        "chapter": 78,
        "verse": 23,
        "juz": 30,
        "hizb": 233,
        "manzil": 7,
        "ruku": 518,
        "word_number_in_verse": 2,
        "language_code": "bn",
        "text": "তার মধ্যে",
        "root_word": "فِيهَآ",
        "global_word_sequence_number": 75197,
        "global_verse_sequence_number": 5695
    },
    {
        "chapter": 78,
        "verse": 23,
        "juz": 30,
        "hizb": 233,
        "manzil": 7,
        "ruku": 518,
        "word_number_in_verse": 3,
        "language_code": "bn",
        "text": "যুগ যুগ ধরে",
        "root_word": "أَحۡقَابٗا",
        "global_word_sequence_number": 75198,
        "global_verse_sequence_number": 5695
    },
    {
        "chapter": 78,
        "verse": 24,
        "juz": 30,
        "hizb": 233,
        "manzil": 7,
        "ruku": 518,
        "word_number_in_verse": 1,
        "language_code": "bn",
        "text": "না",
        "root_word": "لَّا",
        "global_word_sequence_number": 75199,
        "global_verse_sequence_number": 5696
    },
    {
        "chapter": 78,
        "verse": 24,
        "juz": 30,
        "hizb": 233,
        "manzil": 7,
        "ruku": 518,
        "word_number_in_verse": 2,
        "language_code": "bn",
        "text": "তারা স্বাদ গ্রহণ করবে",
        "root_word": "يَذُوقُونَ",
        "global_word_sequence_number": 75200,
        "global_verse_sequence_number": 5696
    },
    {
        "chapter": 78,
        "verse": 24,
        "juz": 30,
        "hizb": 233,
        "manzil": 7,
        "ruku": 518,
        "word_number_in_verse": 3,
        "language_code": "bn",
        "text": "তার মধ্যে",
        "root_word": "فِيهَا",
        "global_word_sequence_number": 75201,
        "global_verse_sequence_number": 5696
    },
    {
        "chapter": 78,
        "verse": 24,
        "juz": 30,
        "hizb": 233,
        "manzil": 7,
        "ruku": 518,
        "word_number_in_verse": 4,
        "language_code": "bn",
        "text": "ঠাণ্ডা",
        "root_word": "بَرۡدٗا",
        "global_word_sequence_number": 75202,
        "global_verse_sequence_number": 5696
    },
    {
        "chapter": 78,
        "verse": 24,
        "juz": 30,
        "hizb": 233,
        "manzil": 7,
        "ruku": 518,
        "word_number_in_verse": 5,
        "language_code": "bn",
        "text": "আর না",
        "root_word": "وَلَا",
        "global_word_sequence_number": 75203,
        "global_verse_sequence_number": 5696
    },
    {
        "chapter": 78,
        "verse": 24,
        "juz": 30,
        "hizb": 233,
        "manzil": 7,
        "ruku": 518,
        "word_number_in_verse": 6,
        "language_code": "bn",
        "text": "পানীয়",
        "root_word": "شَرَابًا",
        "global_word_sequence_number": 75204,
        "global_verse_sequence_number": 5696
    },
    {
        "chapter": 78,
        "verse": 25,
        "juz": 30,
        "hizb": 233,
        "manzil": 7,
        "ruku": 518,
        "word_number_in_verse": 1,
        "language_code": "bn",
        "text": "এ ব্যতীত",
        "root_word": "إِلَّا",
        "global_word_sequence_number": 75205,
        "global_verse_sequence_number": 5697
    },
    {
        "chapter": 78,
        "verse": 25,
        "juz": 30,
        "hizb": 233,
        "manzil": 7,
        "ruku": 518,
        "word_number_in_verse": 2,
        "language_code": "bn",
        "text": "উত্তপ্ত পানি",
        "root_word": "حَمِيمٗا",
        "global_word_sequence_number": 75206,
        "global_verse_sequence_number": 5697
    },
    {
        "chapter": 78,
        "verse": 25,
        "juz": 30,
        "hizb": 233,
        "manzil": 7,
        "ruku": 518,
        "word_number_in_verse": 3,
        "language_code": "bn",
        "text": "ও পুঁজ",
        "root_word": "وَغَسَّاقٗا",
        "global_word_sequence_number": 75207,
        "global_verse_sequence_number": 5697
    },
    {
        "chapter": 78,
        "verse": 26,
        "juz": 30,
        "hizb": 233,
        "manzil": 7,
        "ruku": 518,
        "word_number_in_verse": 1,
        "language_code": "bn",
        "text": "(এটাই তাদের) প্রতিদান",
        "root_word": "جَزَآءٗ",
        "global_word_sequence_number": 75208,
        "global_verse_sequence_number": 5698
    },
    {
        "chapter": 78,
        "verse": 26,
        "juz": 30,
        "hizb": 233,
        "manzil": 7,
        "ruku": 518,
        "word_number_in_verse": 2,
        "language_code": "bn",
        "text": "উপযুক্ত",
        "root_word": "وِفَاقًا",
        "global_word_sequence_number": 75209,
        "global_verse_sequence_number": 5698
    },
    {
        "chapter": 78,
        "verse": 27,
        "juz": 30,
        "hizb": 233,
        "manzil": 7,
        "ruku": 518,
        "word_number_in_verse": 1,
        "language_code": "bn",
        "text": "তারা নিশ্চয়ই",
        "root_word": "إِنَّهُمۡ",
        "global_word_sequence_number": 75210,
        "global_verse_sequence_number": 5699
    },
    {
        "chapter": 78,
        "verse": 27,
        "juz": 30,
        "hizb": 233,
        "manzil": 7,
        "ruku": 518,
        "word_number_in_verse": 2,
        "language_code": "bn",
        "text": "(এমন) ছিল যে",
        "root_word": "كَانُواْ",
        "global_word_sequence_number": 75211,
        "global_verse_sequence_number": 5699
    },
    {
        "chapter": 78,
        "verse": 27,
        "juz": 30,
        "hizb": 233,
        "manzil": 7,
        "ruku": 518,
        "word_number_in_verse": 3,
        "language_code": "bn",
        "text": "না",
        "root_word": "لَا",
        "global_word_sequence_number": 75212,
        "global_verse_sequence_number": 5699
    },
    {
        "chapter": 78,
        "verse": 27,
        "juz": 30,
        "hizb": 233,
        "manzil": 7,
        "ruku": 518,
        "word_number_in_verse": 4,
        "language_code": "bn",
        "text": "আশঙ্কা করতো",
        "root_word": "يَرۡجُونَ",
        "global_word_sequence_number": 75213,
        "global_verse_sequence_number": 5699
    },
    {
        "chapter": 78,
        "verse": 27,
        "juz": 30,
        "hizb": 233,
        "manzil": 7,
        "ruku": 518,
        "word_number_in_verse": 5,
        "language_code": "bn",
        "text": "হিসাবের",
        "root_word": "حِسَابٗا",
        "global_word_sequence_number": 75214,
        "global_verse_sequence_number": 5699
    },
    {
        "chapter": 78,
        "verse": 28,
        "juz": 30,
        "hizb": 233,
        "manzil": 7,
        "ruku": 518,
        "word_number_in_verse": 1,
        "language_code": "bn",
        "text": "এবং তারা মিথ্যারোপ করত",
        "root_word": "وَكَذَّبُواْ",
        "global_word_sequence_number": 75215,
        "global_verse_sequence_number": 5700
    },
    {
        "chapter": 78,
        "verse": 28,
        "juz": 30,
        "hizb": 233,
        "manzil": 7,
        "ruku": 518,
        "word_number_in_verse": 2,
        "language_code": "bn",
        "text": "আমাদের নিদর্শনগুলোকে",
        "root_word": "بِـَٔايَٰتِنَا",
        "global_word_sequence_number": 75216,
        "global_verse_sequence_number": 5700
    },
    {
        "chapter": 78,
        "verse": 28,
        "juz": 30,
        "hizb": 233,
        "manzil": 7,
        "ruku": 518,
        "word_number_in_verse": 3,
        "language_code": "bn",
        "text": "(সম্পূর্ণভাবে) মিথ্যা",
        "root_word": "كِذَّابٗا",
        "global_word_sequence_number": 75217,
        "global_verse_sequence_number": 5700
    },
    {
        "chapter": 78,
        "verse": 29,
        "juz": 30,
        "hizb": 233,
        "manzil": 7,
        "ruku": 518,
        "word_number_in_verse": 1,
        "language_code": "bn",
        "text": "এবং সব",
        "root_word": "وَكُلَّ",
        "global_word_sequence_number": 75218,
        "global_verse_sequence_number": 5701
    },
    {
        "chapter": 78,
        "verse": 29,
        "juz": 30,
        "hizb": 233,
        "manzil": 7,
        "ruku": 518,
        "word_number_in_verse": 2,
        "language_code": "bn",
        "text": "কিছু",
        "root_word": "شَيۡءٍ",
        "global_word_sequence_number": 75219,
        "global_verse_sequence_number": 5701
    },
    {
        "chapter": 78,
        "verse": 29,
        "juz": 30,
        "hizb": 233,
        "manzil": 7,
        "ruku": 518,
        "word_number_in_verse": 3,
        "language_code": "bn",
        "text": "আমরা তা গুনে রেখেছি",
        "root_word": "أَحۡصَيۡنَٰهُ",
        "global_word_sequence_number": 75220,
        "global_verse_sequence_number": 5701
    },
    {
        "chapter": 78,
        "verse": 29,
        "juz": 30,
        "hizb": 233,
        "manzil": 7,
        "ruku": 518,
        "word_number_in_verse": 4,
        "language_code": "bn",
        "text": "লিখিত (আকারে)",
        "root_word": "كِتَٰبٗا",
        "global_word_sequence_number": 75221,
        "global_verse_sequence_number": 5701
    },
    {
        "chapter": 78,
        "verse": 30,
        "juz": 30,
        "hizb": 233,
        "manzil": 7,
        "ruku": 518,
        "word_number_in_verse": 1,
        "language_code": "bn",
        "text": "অতএব তোমরা স্বাদ নাও",
        "root_word": "فَذُوقُواْ",
        "global_word_sequence_number": 75222,
        "global_verse_sequence_number": 5702
    },
    {
        "chapter": 78,
        "verse": 30,
        "juz": 30,
        "hizb": 233,
        "manzil": 7,
        "ruku": 518,
        "word_number_in_verse": 2,
        "language_code": "bn",
        "text": "অতঃপর কখনও না",
        "root_word": "فَلَن",
        "global_word_sequence_number": 75223,
        "global_verse_sequence_number": 5702
    },
    {
        "chapter": 78,
        "verse": 30,
        "juz": 30,
        "hizb": 233,
        "manzil": 7,
        "ruku": 518,
        "word_number_in_verse": 3,
        "language_code": "bn",
        "text": "আমরা তোমাদের বাড়াবো (অন্যকিছু)",
        "root_word": "نَّزِيدَكُمۡ",
        "global_word_sequence_number": 75224,
        "global_verse_sequence_number": 5702
    },
    {
        "chapter": 78,
        "verse": 30,
        "juz": 30,
        "hizb": 233,
        "manzil": 7,
        "ruku": 518,
        "word_number_in_verse": 4,
        "language_code": "bn",
        "text": "এ ছাড়া",
        "root_word": "إِلَّا",
        "global_word_sequence_number": 75225,
        "global_verse_sequence_number": 5702
    },
    {
        "chapter": 78,
        "verse": 30,
        "juz": 30,
        "hizb": 233,
        "manzil": 7,
        "ruku": 518,
        "word_number_in_verse": 5,
        "language_code": "bn",
        "text": "শাস্তি",
        "root_word": "عَذَابًا",
        "global_word_sequence_number": 75226,
        "global_verse_sequence_number": 5702
    },
    {
        "chapter": 78,
        "verse": 31,
        "juz": 30,
        "hizb": 233,
        "manzil": 7,
        "ruku": 519,
        "word_number_in_verse": 1,
        "language_code": "bn",
        "text": "নিশ্চয়ই",
        "root_word": "إِنَّ",
        "global_word_sequence_number": 75227,
        "global_verse_sequence_number": 5703
    },
    {
        "chapter": 78,
        "verse": 31,
        "juz": 30,
        "hizb": 233,
        "manzil": 7,
        "ruku": 519,
        "word_number_in_verse": 2,
        "language_code": "bn",
        "text": "মুত্তাকীদের জন্যে",
        "root_word": "لِلۡمُتَّقِينَ",
        "global_word_sequence_number": 75228,
        "global_verse_sequence_number": 5703
    },
    {
        "chapter": 78,
        "verse": 31,
        "juz": 30,
        "hizb": 233,
        "manzil": 7,
        "ruku": 519,
        "word_number_in_verse": 3,
        "language_code": "bn",
        "text": "সাফল্য (রয়েছে)",
        "root_word": "مَفَازًا",
        "global_word_sequence_number": 75229,
        "global_verse_sequence_number": 5703
    },
    {
        "chapter": 78,
        "verse": 32,
        "juz": 30,
        "hizb": 233,
        "manzil": 7,
        "ruku": 519,
        "word_number_in_verse": 1,
        "language_code": "bn",
        "text": "বাগিচাসমূহ",
        "root_word": "حَدَآئِقَ",
        "global_word_sequence_number": 75230,
        "global_verse_sequence_number": 5704
    },
    {
        "chapter": 78,
        "verse": 32,
        "juz": 30,
        "hizb": 233,
        "manzil": 7,
        "ruku": 519,
        "word_number_in_verse": 2,
        "language_code": "bn",
        "text": "ও আঙুরসমূহ",
        "root_word": "وَأَعۡنَٰبٗا",
        "global_word_sequence_number": 75231,
        "global_verse_sequence_number": 5704
    },
    {
        "chapter": 78,
        "verse": 33,
        "juz": 30,
        "hizb": 233,
        "manzil": 7,
        "ruku": 519,
        "word_number_in_verse": 1,
        "language_code": "bn",
        "text": "এবং নব্য যুবতীরা",
        "root_word": "وَكَوَاعِبَ",
        "global_word_sequence_number": 75232,
        "global_verse_sequence_number": 5705
    },
    {
        "chapter": 78,
        "verse": 33,
        "juz": 30,
        "hizb": 233,
        "manzil": 7,
        "ruku": 519,
        "word_number_in_verse": 2,
        "language_code": "bn",
        "text": "সমবয়স্কা",
        "root_word": "أَتۡرَابٗا",
        "global_word_sequence_number": 75233,
        "global_verse_sequence_number": 5705
    },
    {
        "chapter": 78,
        "verse": 34,
        "juz": 30,
        "hizb": 233,
        "manzil": 7,
        "ruku": 519,
        "word_number_in_verse": 1,
        "language_code": "bn",
        "text": "এবং পানপাত্র",
        "root_word": "وَكَأۡسٗا",
        "global_word_sequence_number": 75234,
        "global_verse_sequence_number": 5706
    },
    {
        "chapter": 78,
        "verse": 34,
        "juz": 30,
        "hizb": 233,
        "manzil": 7,
        "ruku": 519,
        "word_number_in_verse": 2,
        "language_code": "bn",
        "text": "পূর্ণ",
        "root_word": "دِهَاقٗا",
        "global_word_sequence_number": 75235,
        "global_verse_sequence_number": 5706
    },
    {
        "chapter": 78,
        "verse": 35,
        "juz": 30,
        "hizb": 233,
        "manzil": 7,
        "ruku": 519,
        "word_number_in_verse": 1,
        "language_code": "bn",
        "text": "না",
        "root_word": "لَّا",
        "global_word_sequence_number": 75236,
        "global_verse_sequence_number": 5707
    },
    {
        "chapter": 78,
        "verse": 35,
        "juz": 30,
        "hizb": 233,
        "manzil": 7,
        "ruku": 519,
        "word_number_in_verse": 2,
        "language_code": "bn",
        "text": "তারা শুনবে",
        "root_word": "يَسۡمَعُونَ",
        "global_word_sequence_number": 75237,
        "global_verse_sequence_number": 5707
    },
    {
        "chapter": 78,
        "verse": 35,
        "juz": 30,
        "hizb": 233,
        "manzil": 7,
        "ruku": 519,
        "word_number_in_verse": 3,
        "language_code": "bn",
        "text": "তার মধ্যে",
        "root_word": "فِيهَا",
        "global_word_sequence_number": 75238,
        "global_verse_sequence_number": 5707
    },
    {
        "chapter": 78,
        "verse": 35,
        "juz": 30,
        "hizb": 233,
        "manzil": 7,
        "ruku": 519,
        "word_number_in_verse": 4,
        "language_code": "bn",
        "text": "কোনো অসার কথা",
        "root_word": "لَغۡوٗا",
        "global_word_sequence_number": 75239,
        "global_verse_sequence_number": 5707
    },
    {
        "chapter": 78,
        "verse": 35,
        "juz": 30,
        "hizb": 233,
        "manzil": 7,
        "ruku": 519,
        "word_number_in_verse": 5,
        "language_code": "bn",
        "text": "আর  না",
        "root_word": "وَلَا",
        "global_word_sequence_number": 75240,
        "global_verse_sequence_number": 5707
    },
    {
        "chapter": 78,
        "verse": 35,
        "juz": 30,
        "hizb": 233,
        "manzil": 7,
        "ruku": 519,
        "word_number_in_verse": 6,
        "language_code": "bn",
        "text": "মিথ্যা",
        "root_word": "كِذَّٰبٗا",
        "global_word_sequence_number": 75241,
        "global_verse_sequence_number": 5707
    },
    {
        "chapter": 78,
        "verse": 36,
        "juz": 30,
        "hizb": 233,
        "manzil": 7,
        "ruku": 519,
        "word_number_in_verse": 1,
        "language_code": "bn",
        "text": "পুরস্কার",
        "root_word": "جَزَآءٗ",
        "global_word_sequence_number": 75242,
        "global_verse_sequence_number": 5708
    },
    {
        "chapter": 78,
        "verse": 36,
        "juz": 30,
        "hizb": 233,
        "manzil": 7,
        "ruku": 519,
        "word_number_in_verse": 2,
        "language_code": "bn",
        "text": "পক্ষ হতে",
        "root_word": "مِّن",
        "global_word_sequence_number": 75243,
        "global_verse_sequence_number": 5708
    },
    {
        "chapter": 78,
        "verse": 36,
        "juz": 30,
        "hizb": 233,
        "manzil": 7,
        "ruku": 519,
        "word_number_in_verse": 3,
        "language_code": "bn",
        "text": "তোমার রবের",
        "root_word": "رَّبِّكَ",
        "global_word_sequence_number": 75244,
        "global_verse_sequence_number": 5708
    },
    {
        "chapter": 78,
        "verse": 36,
        "juz": 30,
        "hizb": 233,
        "manzil": 7,
        "ruku": 519,
        "word_number_in_verse": 4,
        "language_code": "bn",
        "text": "(এ ছাড়াও) দান",
        "root_word": "عَطَآءً",
        "global_word_sequence_number": 75245,
        "global_verse_sequence_number": 5708
    },
    {
        "chapter": 78,
        "verse": 36,
        "juz": 30,
        "hizb": 233,
        "manzil": 7,
        "ruku": 519,
        "word_number_in_verse": 5,
        "language_code": "bn",
        "text": "যথোচিত",
        "root_word": "حِسَابٗا",
        "global_word_sequence_number": 75246,
        "global_verse_sequence_number": 5708
    },
    {
        "chapter": 78,
        "verse": 37,
        "juz": 30,
        "hizb": 233,
        "manzil": 7,
        "ruku": 519,
        "word_number_in_verse": 1,
        "language_code": "bn",
        "text": "(পক্ষ হতে) রবের",
        "root_word": "رَّبِّ",
        "global_word_sequence_number": 75247,
        "global_verse_sequence_number": 5709
    },
    {
        "chapter": 78,
        "verse": 37,
        "juz": 30,
        "hizb": 233,
        "manzil": 7,
        "ruku": 519,
        "word_number_in_verse": 2,
        "language_code": "bn",
        "text": "আকাশসমূহের",
        "root_word": "السَّمَٰوَٰتِ",
        "global_word_sequence_number": 75248,
        "global_verse_sequence_number": 5709
    },
    {
        "chapter": 78,
        "verse": 37,
        "juz": 30,
        "hizb": 233,
        "manzil": 7,
        "ruku": 519,
        "word_number_in_verse": 3,
        "language_code": "bn",
        "text": "এবং পৃথিবীর",
        "root_word": "وَالۡأَرۡضِ",
        "global_word_sequence_number": 75249,
        "global_verse_sequence_number": 5709
    },
    {
        "chapter": 78,
        "verse": 37,
        "juz": 30,
        "hizb": 233,
        "manzil": 7,
        "ruku": 519,
        "word_number_in_verse": 4,
        "language_code": "bn",
        "text": "এবং যা কিছু",
        "root_word": "وَمَا",
        "global_word_sequence_number": 75250,
        "global_verse_sequence_number": 5709
    },
    {
        "chapter": 78,
        "verse": 37,
        "juz": 30,
        "hizb": 233,
        "manzil": 7,
        "ruku": 519,
        "word_number_in_verse": 5,
        "language_code": "bn",
        "text": "তাদের দু'য়ের মাঝে আছে",
        "root_word": "بَيۡنَهُمَا",
        "global_word_sequence_number": 75251,
        "global_verse_sequence_number": 5709
    },
    {
        "chapter": 78,
        "verse": 37,
        "juz": 30,
        "hizb": 233,
        "manzil": 7,
        "ruku": 519,
        "word_number_in_verse": 6,
        "language_code": "bn",
        "text": "অশেষ দয়াবানের (পক্ষ হতে)",
        "root_word": "الرَّحۡمَٰنِۖ",
        "global_word_sequence_number": 75252,
        "global_verse_sequence_number": 5709
    },
    {
        "chapter": 78,
        "verse": 37,
        "juz": 30,
        "hizb": 233,
        "manzil": 7,
        "ruku": 519,
        "word_number_in_verse": 7,
        "language_code": "bn",
        "text": "না",
        "root_word": "لَا",
        "global_word_sequence_number": 75253,
        "global_verse_sequence_number": 5709
    },
    {
        "chapter": 78,
        "verse": 37,
        "juz": 30,
        "hizb": 233,
        "manzil": 7,
        "ruku": 519,
        "word_number_in_verse": 8,
        "language_code": "bn",
        "text": "তারা সক্ষম হবে",
        "root_word": "يَمۡلِكُونَ",
        "global_word_sequence_number": 75254,
        "global_verse_sequence_number": 5709
    },
    {
        "chapter": 78,
        "verse": 37,
        "juz": 30,
        "hizb": 233,
        "manzil": 7,
        "ruku": 519,
        "word_number_in_verse": 9,
        "language_code": "bn",
        "text": "তাঁর সাথে",
        "root_word": "مِنۡهُ",
        "global_word_sequence_number": 75255,
        "global_verse_sequence_number": 5709
    },
    {
        "chapter": 78,
        "verse": 37,
        "juz": 30,
        "hizb": 233,
        "manzil": 7,
        "ruku": 519,
        "word_number_in_verse": 10,
        "language_code": "bn",
        "text": "কথা বলতে",
        "root_word": "خِطَابٗا",
        "global_word_sequence_number": 75256,
        "global_verse_sequence_number": 5709
    },
    {
        "chapter": 78,
        "verse": 38,
        "juz": 30,
        "hizb": 233,
        "manzil": 7,
        "ruku": 519,
        "word_number_in_verse": 1,
        "language_code": "bn",
        "text": "সেদিন",
        "root_word": "يَوۡمَ",
        "global_word_sequence_number": 75257,
        "global_verse_sequence_number": 5710
    },
    {
        "chapter": 78,
        "verse": 38,
        "juz": 30,
        "hizb": 233,
        "manzil": 7,
        "ruku": 519,
        "word_number_in_verse": 2,
        "language_code": "bn",
        "text": "দাঁড়াবে",
        "root_word": "يَقُومُ",
        "global_word_sequence_number": 75258,
        "global_verse_sequence_number": 5710
    },
    {
        "chapter": 78,
        "verse": 38,
        "juz": 30,
        "hizb": 233,
        "manzil": 7,
        "ruku": 519,
        "word_number_in_verse": 3,
        "language_code": "bn",
        "text": "রূহ (জিবরাইল)",
        "root_word": "الرُّوحُ",
        "global_word_sequence_number": 75259,
        "global_verse_sequence_number": 5710
    },
    {
        "chapter": 78,
        "verse": 38,
        "juz": 30,
        "hizb": 233,
        "manzil": 7,
        "ruku": 519,
        "word_number_in_verse": 4,
        "language_code": "bn",
        "text": "ও ফেরেশতারা",
        "root_word": "وَالۡمَلَٰٓئِكَةُ",
        "global_word_sequence_number": 75260,
        "global_verse_sequence_number": 5710
    },
    {
        "chapter": 78,
        "verse": 38,
        "juz": 30,
        "hizb": 233,
        "manzil": 7,
        "ruku": 519,
        "word_number_in_verse": 5,
        "language_code": "bn",
        "text": "সারিবদ্ধ ভাবে",
        "root_word": "صَفّٗاۖ",
        "global_word_sequence_number": 75261,
        "global_verse_sequence_number": 5710
    },
    {
        "chapter": 78,
        "verse": 38,
        "juz": 30,
        "hizb": 233,
        "manzil": 7,
        "ruku": 519,
        "word_number_in_verse": 6,
        "language_code": "bn",
        "text": "না",
        "root_word": "لَّا",
        "global_word_sequence_number": 75262,
        "global_verse_sequence_number": 5710
    },
    {
        "chapter": 78,
        "verse": 38,
        "juz": 30,
        "hizb": 233,
        "manzil": 7,
        "ruku": 519,
        "word_number_in_verse": 7,
        "language_code": "bn",
        "text": "তারা কথা বলবে",
        "root_word": "يَتَكَلَّمُونَ",
        "global_word_sequence_number": 75263,
        "global_verse_sequence_number": 5710
    },
    {
        "chapter": 78,
        "verse": 38,
        "juz": 30,
        "hizb": 233,
        "manzil": 7,
        "ruku": 519,
        "word_number_in_verse": 8,
        "language_code": "bn",
        "text": "(সে) ছাড়া",
        "root_word": "إِلَّا",
        "global_word_sequence_number": 75264,
        "global_verse_sequence_number": 5710
    },
    {
        "chapter": 78,
        "verse": 38,
        "juz": 30,
        "hizb": 233,
        "manzil": 7,
        "ruku": 519,
        "word_number_in_verse": 9,
        "language_code": "bn",
        "text": "যাকে",
        "root_word": "مَنۡ",
        "global_word_sequence_number": 75265,
        "global_verse_sequence_number": 5710
    },
    {
        "chapter": 78,
        "verse": 38,
        "juz": 30,
        "hizb": 233,
        "manzil": 7,
        "ruku": 519,
        "word_number_in_verse": 10,
        "language_code": "bn",
        "text": "অনুমতি দেবেন",
        "root_word": "أَذِنَ",
        "global_word_sequence_number": 75266,
        "global_verse_sequence_number": 5710
    },
    {
        "chapter": 78,
        "verse": 38,
        "juz": 30,
        "hizb": 233,
        "manzil": 7,
        "ruku": 519,
        "word_number_in_verse": 11,
        "language_code": "bn",
        "text": "তার জন্যে",
        "root_word": "لَهُ",
        "global_word_sequence_number": 75267,
        "global_verse_sequence_number": 5710
    },
    {
        "chapter": 78,
        "verse": 38,
        "juz": 30,
        "hizb": 233,
        "manzil": 7,
        "ruku": 519,
        "word_number_in_verse": 12,
        "language_code": "bn",
        "text": "দয়াময়",
        "root_word": "الرَّحۡمَٰنُ",
        "global_word_sequence_number": 75268,
        "global_verse_sequence_number": 5710
    },
    {
        "chapter": 78,
        "verse": 38,
        "juz": 30,
        "hizb": 233,
        "manzil": 7,
        "ruku": 519,
        "word_number_in_verse": 13,
        "language_code": "bn",
        "text": "এবং বলবে",
        "root_word": "وَقَالَ",
        "global_word_sequence_number": 75269,
        "global_verse_sequence_number": 5710
    },
    {
        "chapter": 78,
        "verse": 38,
        "juz": 30,
        "hizb": 233,
        "manzil": 7,
        "ruku": 519,
        "word_number_in_verse": 14,
        "language_code": "bn",
        "text": "যথাযথ",
        "root_word": "صَوَابٗا",
        "global_word_sequence_number": 75270,
        "global_verse_sequence_number": 5710
    },
    {
        "chapter": 78,
        "verse": 39,
        "juz": 30,
        "hizb": 233,
        "manzil": 7,
        "ruku": 519,
        "word_number_in_verse": 1,
        "language_code": "bn",
        "text": "সে-ই",
        "root_word": "ذَٰلِكَ",
        "global_word_sequence_number": 75271,
        "global_verse_sequence_number": 5711
    },
    {
        "chapter": 78,
        "verse": 39,
        "juz": 30,
        "hizb": 233,
        "manzil": 7,
        "ruku": 519,
        "word_number_in_verse": 2,
        "language_code": "bn",
        "text": "দিন",
        "root_word": "الۡيَوۡمُ",
        "global_word_sequence_number": 75272,
        "global_verse_sequence_number": 5711
    },
    {
        "chapter": 78,
        "verse": 39,
        "juz": 30,
        "hizb": 233,
        "manzil": 7,
        "ruku": 519,
        "word_number_in_verse": 3,
        "language_code": "bn",
        "text": "সুনিশ্চিত",
        "root_word": "الۡحَقُّۖ",
        "global_word_sequence_number": 75273,
        "global_verse_sequence_number": 5711
    },
    {
        "chapter": 78,
        "verse": 39,
        "juz": 30,
        "hizb": 233,
        "manzil": 7,
        "ruku": 519,
        "word_number_in_verse": 4,
        "language_code": "bn",
        "text": "অতএব যে",
        "root_word": "فَمَن",
        "global_word_sequence_number": 75274,
        "global_verse_sequence_number": 5711
    },
    {
        "chapter": 78,
        "verse": 39,
        "juz": 30,
        "hizb": 233,
        "manzil": 7,
        "ruku": 519,
        "word_number_in_verse": 5,
        "language_code": "bn",
        "text": "চায়",
        "root_word": "شَآءَ",
        "global_word_sequence_number": 75275,
        "global_verse_sequence_number": 5711
    },
    {
        "chapter": 78,
        "verse": 39,
        "juz": 30,
        "hizb": 233,
        "manzil": 7,
        "ruku": 519,
        "word_number_in_verse": 6,
        "language_code": "bn",
        "text": "গ্রহণ করুক (আজ)",
        "root_word": "اتَّخَذَ",
        "global_word_sequence_number": 75276,
        "global_verse_sequence_number": 5711
    },
    {
        "chapter": 78,
        "verse": 39,
        "juz": 30,
        "hizb": 233,
        "manzil": 7,
        "ruku": 519,
        "word_number_in_verse": 7,
        "language_code": "bn",
        "text": "দিকে",
        "root_word": "إِلَىٰ",
        "global_word_sequence_number": 75277,
        "global_verse_sequence_number": 5711
    },
    {
        "chapter": 78,
        "verse": 39,
        "juz": 30,
        "hizb": 233,
        "manzil": 7,
        "ruku": 519,
        "word_number_in_verse": 8,
        "language_code": "bn",
        "text": "তার রবের",
        "root_word": "رَبِّهِۦ",
        "global_word_sequence_number": 75278,
        "global_verse_sequence_number": 5711
    },
    {
        "chapter": 78,
        "verse": 39,
        "juz": 30,
        "hizb": 233,
        "manzil": 7,
        "ruku": 519,
        "word_number_in_verse": 9,
        "language_code": "bn",
        "text": "প্রত্যাবর্তনের (পথ)",
        "root_word": "مَـَٔابًا",
        "global_word_sequence_number": 75279,
        "global_verse_sequence_number": 5711
    },
    {
        "chapter": 78,
        "verse": 40,
        "juz": 30,
        "hizb": 233,
        "manzil": 7,
        "ruku": 519,
        "word_number_in_verse": 1,
        "language_code": "bn",
        "text": "নিশ্চয়ই আমরা",
        "root_word": "إِنَّآ",
        "global_word_sequence_number": 75280,
        "global_verse_sequence_number": 5712
    },
    {
        "chapter": 78,
        "verse": 40,
        "juz": 30,
        "hizb": 233,
        "manzil": 7,
        "ruku": 519,
        "word_number_in_verse": 2,
        "language_code": "bn",
        "text": "তোমাদেরকে আমরা সতর্ক করছি",
        "root_word": "أَنذَرۡنَٰكُمۡ",
        "global_word_sequence_number": 75281,
        "global_verse_sequence_number": 5712
    },
    {
        "chapter": 78,
        "verse": 40,
        "juz": 30,
        "hizb": 233,
        "manzil": 7,
        "ruku": 519,
        "word_number_in_verse": 3,
        "language_code": "bn",
        "text": "শাস্তির",
        "root_word": "عَذَابٗا",
        "global_word_sequence_number": 75282,
        "global_verse_sequence_number": 5712
    },
    {
        "chapter": 78,
        "verse": 40,
        "juz": 30,
        "hizb": 233,
        "manzil": 7,
        "ruku": 519,
        "word_number_in_verse": 4,
        "language_code": "bn",
        "text": "আসন্ন",
        "root_word": "قَرِيبٗا",
        "global_word_sequence_number": 75283,
        "global_verse_sequence_number": 5712
    },
    {
        "chapter": 78,
        "verse": 40,
        "juz": 30,
        "hizb": 233,
        "manzil": 7,
        "ruku": 519,
        "word_number_in_verse": 5,
        "language_code": "bn",
        "text": "সেদিন",
        "root_word": "يَوۡمَ",
        "global_word_sequence_number": 75284,
        "global_verse_sequence_number": 5712
    },
    {
        "chapter": 78,
        "verse": 40,
        "juz": 30,
        "hizb": 233,
        "manzil": 7,
        "ruku": 519,
        "word_number_in_verse": 6,
        "language_code": "bn",
        "text": "দেখবে",
        "root_word": "يَنظُرُ",
        "global_word_sequence_number": 75285,
        "global_verse_sequence_number": 5712
    },
    {
        "chapter": 78,
        "verse": 40,
        "juz": 30,
        "hizb": 233,
        "manzil": 7,
        "ruku": 519,
        "word_number_in_verse": 7,
        "language_code": "bn",
        "text": "মানুষ",
        "root_word": "الۡمَرۡءُ",
        "global_word_sequence_number": 75286,
        "global_verse_sequence_number": 5712
    },
    {
        "chapter": 78,
        "verse": 40,
        "juz": 30,
        "hizb": 233,
        "manzil": 7,
        "ruku": 519,
        "word_number_in_verse": 8,
        "language_code": "bn",
        "text": "যা",
        "root_word": "مَا",
        "global_word_sequence_number": 75287,
        "global_verse_sequence_number": 5712
    },
    {
        "chapter": 78,
        "verse": 40,
        "juz": 30,
        "hizb": 233,
        "manzil": 7,
        "ruku": 519,
        "word_number_in_verse": 9,
        "language_code": "bn",
        "text": "আগে পাঠিয়েছে",
        "root_word": "قَدَّمَتۡ",
        "global_word_sequence_number": 75288,
        "global_verse_sequence_number": 5712
    },
    {
        "chapter": 78,
        "verse": 40,
        "juz": 30,
        "hizb": 233,
        "manzil": 7,
        "ruku": 519,
        "word_number_in_verse": 10,
        "language_code": "bn",
        "text": "তার দু'হাত",
        "root_word": "يَدَاهُ",
        "global_word_sequence_number": 75289,
        "global_verse_sequence_number": 5712
    },
    {
        "chapter": 78,
        "verse": 40,
        "juz": 30,
        "hizb": 233,
        "manzil": 7,
        "ruku": 519,
        "word_number_in_verse": 11,
        "language_code": "bn",
        "text": "এবং বলবে",
        "root_word": "وَيَقُولُ",
        "global_word_sequence_number": 75290,
        "global_verse_sequence_number": 5712
    },
    {
        "chapter": 78,
        "verse": 40,
        "juz": 30,
        "hizb": 233,
        "manzil": 7,
        "ruku": 519,
        "word_number_in_verse": 12,
        "language_code": "bn",
        "text": "কাফের",
        "root_word": "الۡكَافِرُ",
        "global_word_sequence_number": 75291,
        "global_verse_sequence_number": 5712
    },
    {
        "chapter": 78,
        "verse": 40,
        "juz": 30,
        "hizb": 233,
        "manzil": 7,
        "ruku": 519,
        "word_number_in_verse": 13,
        "language_code": "bn",
        "text": "\"হায় আমার আফসোস",
        "root_word": "يَٰلَيۡتَنِي",
        "global_word_sequence_number": 75292,
        "global_verse_sequence_number": 5712
    },
    {
        "chapter": 78,
        "verse": 40,
        "juz": 30,
        "hizb": 233,
        "manzil": 7,
        "ruku": 519,
        "word_number_in_verse": 14,
        "language_code": "bn",
        "text": "যদি আমি হতাম",
        "root_word": "كُنتُ",
        "global_word_sequence_number": 75293,
        "global_verse_sequence_number": 5712
    },
    {
        "chapter": 78,
        "verse": 40,
        "juz": 30,
        "hizb": 233,
        "manzil": 7,
        "ruku": 519,
        "word_number_in_verse": 15,
        "language_code": "bn",
        "text": "মাটি\"",
        "root_word": "تُرَٰبَۢا",
        "global_word_sequence_number": 75294,
        "global_verse_sequence_number": 5712
    }
]