[
    {
        "chapter": 79,
        "verse": 1,
        "juz": 30,
        "hizb": 233,
        "manzil": 7,
        "ruku": 520,
        "word_number_in_verse": 1,
        "language_code": "bn",
        "text": "শপথ সজোরে (প্রাণ) নির্গতকারী (ফেরেশতাদের)",
        "root_word": "وَالنَّٰزِعَٰتِ",
        "global_word_sequence_number": 75295,
        "global_verse_sequence_number": 5713
    },
    {
        "chapter": 79,
        "verse": 1,
        "juz": 30,
        "hizb": 233,
        "manzil": 7,
        "ruku": 520,
        "word_number_in_verse": 2,
        "language_code": "bn",
        "text": "(যারা নির্গত করে) ডুবে",
        "root_word": "غَرۡقٗا",
        "global_word_sequence_number": 75296,
        "global_verse_sequence_number": 5713
    },
    {
        "chapter": 79,
        "verse": 2,
        "juz": 30,
        "hizb": 233,
        "manzil": 7,
        "ruku": 520,
        "word_number_in_verse": 1,
        "language_code": "bn",
        "text": "শপথ (আত্মার) বাঁধন উন্মুক্তকারী (ফেরেশতাদের)",
        "root_word": "وَالنَّٰشِطَٰتِ",
        "global_word_sequence_number": 75297,
        "global_verse_sequence_number": 5714
    },
    {
        "chapter": 79,
        "verse": 2,
        "juz": 30,
        "hizb": 233,
        "manzil": 7,
        "ruku": 520,
        "word_number_in_verse": 2,
        "language_code": "bn",
        "text": "(যারা মৃদুভাবে) উন্মুক্ত (করে)",
        "root_word": "نَشۡطٗا",
        "global_word_sequence_number": 75298,
        "global_verse_sequence_number": 5714
    },
    {
        "chapter": 79,
        "verse": 3,
        "juz": 30,
        "hizb": 233,
        "manzil": 7,
        "ruku": 520,
        "word_number_in_verse": 1,
        "language_code": "bn",
        "text": "শপথ সাঁতারকারী (ফেরেশতাদের)",
        "root_word": "وَالسَّٰبِحَٰتِ",
        "global_word_sequence_number": 75299,
        "global_verse_sequence_number": 5715
    },
    {
        "chapter": 79,
        "verse": 3,
        "juz": 30,
        "hizb": 233,
        "manzil": 7,
        "ruku": 520,
        "word_number_in_verse": 2,
        "language_code": "bn",
        "text": "(যারা তীব্র গতিতে) সাঁতরায়",
        "root_word": "سَبۡحٗا",
        "global_word_sequence_number": 75300,
        "global_verse_sequence_number": 5715
    },
    {
        "chapter": 79,
        "verse": 4,
        "juz": 30,
        "hizb": 233,
        "manzil": 7,
        "ruku": 520,
        "word_number_in_verse": 1,
        "language_code": "bn",
        "text": "অতঃপর (শপথ) অগ্রগামী (ফেরেশতাদের)",
        "root_word": "فَالسَّٰبِقَٰتِ",
        "global_word_sequence_number": 75301,
        "global_verse_sequence_number": 5716
    },
    {
        "chapter": 79,
        "verse": 4,
        "juz": 30,
        "hizb": 233,
        "manzil": 7,
        "ruku": 520,
        "word_number_in_verse": 2,
        "language_code": "bn",
        "text": "দ্রুতবেগে",
        "root_word": "سَبۡقٗا",
        "global_word_sequence_number": 75302,
        "global_verse_sequence_number": 5716
    },
    {
        "chapter": 79,
        "verse": 5,
        "juz": 30,
        "hizb": 233,
        "manzil": 7,
        "ruku": 520,
        "word_number_in_verse": 1,
        "language_code": "bn",
        "text": "অতঃপর (শপথ) কার্যনির্বাহী (ফেরেশতাদের)",
        "root_word": "فَالۡمُدَبِّرَٰتِ",
        "global_word_sequence_number": 75303,
        "global_verse_sequence_number": 5717
    },
    {
        "chapter": 79,
        "verse": 5,
        "juz": 30,
        "hizb": 233,
        "manzil": 7,
        "ruku": 520,
        "word_number_in_verse": 2,
        "language_code": "bn",
        "text": "(যারা পরিচালনা করে) কর্ম",
        "root_word": "أَمۡرٗا",
        "global_word_sequence_number": 75304,
        "global_verse_sequence_number": 5717
    },
    {
        "chapter": 79,
        "verse": 6,
        "juz": 30,
        "hizb": 233,
        "manzil": 7,
        "ruku": 520,
        "word_number_in_verse": 1,
        "language_code": "bn",
        "text": "সেদিন",
        "root_word": "يَوۡمَ",
        "global_word_sequence_number": 75305,
        "global_verse_sequence_number": 5718
    },
    {
        "chapter": 79,
        "verse": 6,
        "juz": 30,
        "hizb": 233,
        "manzil": 7,
        "ruku": 520,
        "word_number_in_verse": 2,
        "language_code": "bn",
        "text": "প্রকম্পিত করবে",
        "root_word": "تَرۡجُفُ",
        "global_word_sequence_number": 75306,
        "global_verse_sequence_number": 5718
    },
    {
        "chapter": 79,
        "verse": 6,
        "juz": 30,
        "hizb": 233,
        "manzil": 7,
        "ruku": 520,
        "word_number_in_verse": 3,
        "language_code": "bn",
        "text": "প্রথম শিংগাধ্বনি",
        "root_word": "الرَّاجِفَةُ",
        "global_word_sequence_number": 75307,
        "global_verse_sequence_number": 5718
    },
    {
        "chapter": 79,
        "verse": 7,
        "juz": 30,
        "hizb": 233,
        "manzil": 7,
        "ruku": 520,
        "word_number_in_verse": 1,
        "language_code": "bn",
        "text": "তার অনুসরণ করবে",
        "root_word": "تَتۡبَعُهَا",
        "global_word_sequence_number": 75308,
        "global_verse_sequence_number": 5719
    },
    {
        "chapter": 79,
        "verse": 7,
        "juz": 30,
        "hizb": 233,
        "manzil": 7,
        "ruku": 520,
        "word_number_in_verse": 2,
        "language_code": "bn",
        "text": "(আরো একটি) শিংগাধ্বনি",
        "root_word": "الرَّادِفَةُ",
        "global_word_sequence_number": 75309,
        "global_verse_sequence_number": 5719
    },
    {
        "chapter": 79,
        "verse": 8,
        "juz": 30,
        "hizb": 233,
        "manzil": 7,
        "ruku": 520,
        "word_number_in_verse": 1,
        "language_code": "bn",
        "text": "(কতিপয়) হৃদয়",
        "root_word": "قُلُوبٞ",
        "global_word_sequence_number": 75310,
        "global_verse_sequence_number": 5720
    },
    {
        "chapter": 79,
        "verse": 8,
        "juz": 30,
        "hizb": 233,
        "manzil": 7,
        "ruku": 520,
        "word_number_in_verse": 2,
        "language_code": "bn",
        "text": "সেদিন",
        "root_word": "يَوۡمَئِذٖ",
        "global_word_sequence_number": 75311,
        "global_verse_sequence_number": 5720
    },
    {
        "chapter": 79,
        "verse": 8,
        "juz": 30,
        "hizb": 233,
        "manzil": 7,
        "ruku": 520,
        "word_number_in_verse": 3,
        "language_code": "bn",
        "text": "ভীত-কম্পিত (হবে)",
        "root_word": "وَاجِفَةٌ",
        "global_word_sequence_number": 75312,
        "global_verse_sequence_number": 5720
    },
    {
        "chapter": 79,
        "verse": 9,
        "juz": 30,
        "hizb": 233,
        "manzil": 7,
        "ruku": 520,
        "word_number_in_verse": 1,
        "language_code": "bn",
        "text": "তার দৃষ্টি সমূহ",
        "root_word": "أَبۡصَٰرُهَا",
        "global_word_sequence_number": 75313,
        "global_verse_sequence_number": 5721
    },
    {
        "chapter": 79,
        "verse": 9,
        "juz": 30,
        "hizb": 233,
        "manzil": 7,
        "ruku": 520,
        "word_number_in_verse": 2,
        "language_code": "bn",
        "text": "ভীতসন্ত্রস্ত (হবে)",
        "root_word": "خَٰشِعَةٞ",
        "global_word_sequence_number": 75314,
        "global_verse_sequence_number": 5721
    },
    {
        "chapter": 79,
        "verse": 10,
        "juz": 30,
        "hizb": 233,
        "manzil": 7,
        "ruku": 520,
        "word_number_in_verse": 1,
        "language_code": "bn",
        "text": "তারা বলে",
        "root_word": "يَقُولُونَ",
        "global_word_sequence_number": 75315,
        "global_verse_sequence_number": 5722
    },
    {
        "chapter": 79,
        "verse": 10,
        "juz": 30,
        "hizb": 233,
        "manzil": 7,
        "ruku": 520,
        "word_number_in_verse": 2,
        "language_code": "bn",
        "text": "\"অবশ্যই কি আমরা",
        "root_word": "أَءِنَّا",
        "global_word_sequence_number": 75316,
        "global_verse_sequence_number": 5722
    },
    {
        "chapter": 79,
        "verse": 10,
        "juz": 30,
        "hizb": 233,
        "manzil": 7,
        "ruku": 520,
        "word_number_in_verse": 3,
        "language_code": "bn",
        "text": "অবশ্যই প্রত্যাবর্তিত হবো",
        "root_word": "لَمَرۡدُودُونَ",
        "global_word_sequence_number": 75317,
        "global_verse_sequence_number": 5722
    },
    {
        "chapter": 79,
        "verse": 10,
        "juz": 30,
        "hizb": 233,
        "manzil": 7,
        "ruku": 520,
        "word_number_in_verse": 4,
        "language_code": "bn",
        "text": "মধ্যে",
        "root_word": "فِي",
        "global_word_sequence_number": 75318,
        "global_verse_sequence_number": 5722
    },
    {
        "chapter": 79,
        "verse": 10,
        "juz": 30,
        "hizb": 233,
        "manzil": 7,
        "ruku": 520,
        "word_number_in_verse": 5,
        "language_code": "bn",
        "text": "পূর্বাবস্থার",
        "root_word": "الۡحَافِرَةِ",
        "global_word_sequence_number": 75319,
        "global_verse_sequence_number": 5722
    },
    {
        "chapter": 79,
        "verse": 11,
        "juz": 30,
        "hizb": 233,
        "manzil": 7,
        "ruku": 520,
        "word_number_in_verse": 1,
        "language_code": "bn",
        "text": "যখন কি",
        "root_word": "أَءِذَا",
        "global_word_sequence_number": 75320,
        "global_verse_sequence_number": 5723
    },
    {
        "chapter": 79,
        "verse": 11,
        "juz": 30,
        "hizb": 233,
        "manzil": 7,
        "ruku": 520,
        "word_number_in_verse": 2,
        "language_code": "bn",
        "text": "আমরা হবো (পরিণত)",
        "root_word": "كُنَّا",
        "global_word_sequence_number": 75321,
        "global_verse_sequence_number": 5723
    },
    {
        "chapter": 79,
        "verse": 11,
        "juz": 30,
        "hizb": 233,
        "manzil": 7,
        "ruku": 520,
        "word_number_in_verse": 3,
        "language_code": "bn",
        "text": "হাড়গুলোয়",
        "root_word": "عِظَٰمٗا",
        "global_word_sequence_number": 75322,
        "global_verse_sequence_number": 5723
    },
    {
        "chapter": 79,
        "verse": 11,
        "juz": 30,
        "hizb": 233,
        "manzil": 7,
        "ruku": 520,
        "word_number_in_verse": 4,
        "language_code": "bn",
        "text": "গলিত\"",
        "root_word": "نَّخِرَةٗ",
        "global_word_sequence_number": 75323,
        "global_verse_sequence_number": 5723
    },
    {
        "chapter": 79,
        "verse": 12,
        "juz": 30,
        "hizb": 233,
        "manzil": 7,
        "ruku": 520,
        "word_number_in_verse": 1,
        "language_code": "bn",
        "text": "তারা বলল",
        "root_word": "قَالُواْ",
        "global_word_sequence_number": 75324,
        "global_verse_sequence_number": 5724
    },
    {
        "chapter": 79,
        "verse": 12,
        "juz": 30,
        "hizb": 233,
        "manzil": 7,
        "ruku": 520,
        "word_number_in_verse": 2,
        "language_code": "bn",
        "text": "\"এটা",
        "root_word": "تِلۡكَ",
        "global_word_sequence_number": 75325,
        "global_verse_sequence_number": 5724
    },
    {
        "chapter": 79,
        "verse": 12,
        "juz": 30,
        "hizb": 233,
        "manzil": 7,
        "ruku": 520,
        "word_number_in_verse": 3,
        "language_code": "bn",
        "text": "তা হলে",
        "root_word": "إِذٗا",
        "global_word_sequence_number": 75326,
        "global_verse_sequence_number": 5724
    },
    {
        "chapter": 79,
        "verse": 12,
        "juz": 30,
        "hizb": 233,
        "manzil": 7,
        "ruku": 520,
        "word_number_in_verse": 4,
        "language_code": "bn",
        "text": "প্রত্যাবর্তন",
        "root_word": "كَرَّةٌ",
        "global_word_sequence_number": 75327,
        "global_verse_sequence_number": 5724
    },
    {
        "chapter": 79,
        "verse": 12,
        "juz": 30,
        "hizb": 233,
        "manzil": 7,
        "ruku": 520,
        "word_number_in_verse": 5,
        "language_code": "bn",
        "text": "বড়ই ক্ষতিকর (হবে)\"",
        "root_word": "خَاسِرَةٞ",
        "global_word_sequence_number": 75328,
        "global_verse_sequence_number": 5724
    },
    {
        "chapter": 79,
        "verse": 13,
        "juz": 30,
        "hizb": 233,
        "manzil": 7,
        "ruku": 520,
        "word_number_in_verse": 1,
        "language_code": "bn",
        "text": "প্রকৃতপক্ষে",
        "root_word": "فَإِنَّمَا",
        "global_word_sequence_number": 75329,
        "global_verse_sequence_number": 5725
    },
    {
        "chapter": 79,
        "verse": 13,
        "juz": 30,
        "hizb": 233,
        "manzil": 7,
        "ruku": 520,
        "word_number_in_verse": 2,
        "language_code": "bn",
        "text": "তা",
        "root_word": "هِيَ",
        "global_word_sequence_number": 75330,
        "global_verse_sequence_number": 5725
    },
    {
        "chapter": 79,
        "verse": 13,
        "juz": 30,
        "hizb": 233,
        "manzil": 7,
        "ruku": 520,
        "word_number_in_verse": 3,
        "language_code": "bn",
        "text": "বিকট আওয়াজ",
        "root_word": "زَجۡرَةٞ",
        "global_word_sequence_number": 75331,
        "global_verse_sequence_number": 5725
    },
    {
        "chapter": 79,
        "verse": 13,
        "juz": 30,
        "hizb": 233,
        "manzil": 7,
        "ruku": 520,
        "word_number_in_verse": 4,
        "language_code": "bn",
        "text": "একটি মাত্র",
        "root_word": "وَٰحِدَةٞ",
        "global_word_sequence_number": 75332,
        "global_verse_sequence_number": 5725
    },
    {
        "chapter": 79,
        "verse": 14,
        "juz": 30,
        "hizb": 233,
        "manzil": 7,
        "ruku": 520,
        "word_number_in_verse": 1,
        "language_code": "bn",
        "text": "অতঃপর তখনই",
        "root_word": "فَإِذَا",
        "global_word_sequence_number": 75333,
        "global_verse_sequence_number": 5726
    },
    {
        "chapter": 79,
        "verse": 14,
        "juz": 30,
        "hizb": 233,
        "manzil": 7,
        "ruku": 520,
        "word_number_in_verse": 2,
        "language_code": "bn",
        "text": "তারা",
        "root_word": "هُم",
        "global_word_sequence_number": 75334,
        "global_verse_sequence_number": 5726
    },
    {
        "chapter": 79,
        "verse": 14,
        "juz": 30,
        "hizb": 233,
        "manzil": 7,
        "ruku": 520,
        "word_number_in_verse": 3,
        "language_code": "bn",
        "text": "খোলা ময়দানে (হবে)",
        "root_word": "بِالسَّاهِرَةِ",
        "global_word_sequence_number": 75335,
        "global_verse_sequence_number": 5726
    },
    {
        "chapter": 79,
        "verse": 15,
        "juz": 30,
        "hizb": 233,
        "manzil": 7,
        "ruku": 520,
        "word_number_in_verse": 1,
        "language_code": "bn",
        "text": "কি",
        "root_word": "هَلۡ",
        "global_word_sequence_number": 75336,
        "global_verse_sequence_number": 5727
    },
    {
        "chapter": 79,
        "verse": 15,
        "juz": 30,
        "hizb": 233,
        "manzil": 7,
        "ruku": 520,
        "word_number_in_verse": 2,
        "language_code": "bn",
        "text": "তোমার কাছে এসেছে",
        "root_word": "أَتَىٰكَ",
        "global_word_sequence_number": 75337,
        "global_verse_sequence_number": 5727
    },
    {
        "chapter": 79,
        "verse": 15,
        "juz": 30,
        "hizb": 233,
        "manzil": 7,
        "ruku": 520,
        "word_number_in_verse": 3,
        "language_code": "bn",
        "text": "বৃত্তান্ত",
        "root_word": "حَدِيثُ",
        "global_word_sequence_number": 75338,
        "global_verse_sequence_number": 5727
    },
    {
        "chapter": 79,
        "verse": 15,
        "juz": 30,
        "hizb": 233,
        "manzil": 7,
        "ruku": 520,
        "word_number_in_verse": 4,
        "language_code": "bn",
        "text": "মূসার",
        "root_word": "مُوسَىٰٓ",
        "global_word_sequence_number": 75339,
        "global_verse_sequence_number": 5727
    },
    {
        "chapter": 79,
        "verse": 16,
        "juz": 30,
        "hizb": 233,
        "manzil": 7,
        "ruku": 520,
        "word_number_in_verse": 1,
        "language_code": "bn",
        "text": "যখন",
        "root_word": "إِذۡ",
        "global_word_sequence_number": 75340,
        "global_verse_sequence_number": 5728
    },
    {
        "chapter": 79,
        "verse": 16,
        "juz": 30,
        "hizb": 233,
        "manzil": 7,
        "ruku": 520,
        "word_number_in_verse": 2,
        "language_code": "bn",
        "text": "তাকে ডেকেছিলেন",
        "root_word": "نَادَىٰهُ",
        "global_word_sequence_number": 75341,
        "global_verse_sequence_number": 5728
    },
    {
        "chapter": 79,
        "verse": 16,
        "juz": 30,
        "hizb": 233,
        "manzil": 7,
        "ruku": 520,
        "word_number_in_verse": 3,
        "language_code": "bn",
        "text": "তার রব",
        "root_word": "رَبُّهُۥ",
        "global_word_sequence_number": 75342,
        "global_verse_sequence_number": 5728
    },
    {
        "chapter": 79,
        "verse": 16,
        "juz": 30,
        "hizb": 233,
        "manzil": 7,
        "ruku": 520,
        "word_number_in_verse": 4,
        "language_code": "bn",
        "text": "উপত্যকায়",
        "root_word": "بِالۡوَادِ",
        "global_word_sequence_number": 75343,
        "global_verse_sequence_number": 5728
    },
    {
        "chapter": 79,
        "verse": 16,
        "juz": 30,
        "hizb": 233,
        "manzil": 7,
        "ruku": 520,
        "word_number_in_verse": 5,
        "language_code": "bn",
        "text": "পবিত্র",
        "root_word": "الۡمُقَدَّسِ",
        "global_word_sequence_number": 75344,
        "global_verse_sequence_number": 5728
    },
    {
        "chapter": 79,
        "verse": 16,
        "juz": 30,
        "hizb": 233,
        "manzil": 7,
        "ruku": 520,
        "word_number_in_verse": 6,
        "language_code": "bn",
        "text": "তুয়ার",
        "root_word": "طُوًى",
        "global_word_sequence_number": 75345,
        "global_verse_sequence_number": 5728
    },
    {
        "chapter": 79,
        "verse": 17,
        "juz": 30,
        "hizb": 233,
        "manzil": 7,
        "ruku": 520,
        "word_number_in_verse": 1,
        "language_code": "bn",
        "text": "\"(আল্লাহ বললেন তাকে) যাও",
        "root_word": "اذۡهَبۡ",
        "global_word_sequence_number": 75346,
        "global_verse_sequence_number": 5729
    },
    {
        "chapter": 79,
        "verse": 17,
        "juz": 30,
        "hizb": 233,
        "manzil": 7,
        "ruku": 520,
        "word_number_in_verse": 2,
        "language_code": "bn",
        "text": "নিকট",
        "root_word": "إِلَىٰ",
        "global_word_sequence_number": 75347,
        "global_verse_sequence_number": 5729
    },
    {
        "chapter": 79,
        "verse": 17,
        "juz": 30,
        "hizb": 233,
        "manzil": 7,
        "ruku": 520,
        "word_number_in_verse": 3,
        "language_code": "bn",
        "text": "ফিরআউনের",
        "root_word": "فِرۡعَوۡنَ",
        "global_word_sequence_number": 75348,
        "global_verse_sequence_number": 5729
    },
    {
        "chapter": 79,
        "verse": 17,
        "juz": 30,
        "hizb": 233,
        "manzil": 7,
        "ruku": 520,
        "word_number_in_verse": 4,
        "language_code": "bn",
        "text": "সে নিশ্চয়ই",
        "root_word": "إِنَّهُۥ",
        "global_word_sequence_number": 75349,
        "global_verse_sequence_number": 5729
    },
    {
        "chapter": 79,
        "verse": 17,
        "juz": 30,
        "hizb": 233,
        "manzil": 7,
        "ruku": 520,
        "word_number_in_verse": 5,
        "language_code": "bn",
        "text": "সীমালঙ্ঘন করেছে",
        "root_word": "طَغَىٰ",
        "global_word_sequence_number": 75350,
        "global_verse_sequence_number": 5729
    },
    {
        "chapter": 79,
        "verse": 18,
        "juz": 30,
        "hizb": 233,
        "manzil": 7,
        "ruku": 520,
        "word_number_in_verse": 1,
        "language_code": "bn",
        "text": "অতঃপর বল",
        "root_word": "فَقُلۡ",
        "global_word_sequence_number": 75351,
        "global_verse_sequence_number": 5730
    },
    {
        "chapter": 79,
        "verse": 18,
        "juz": 30,
        "hizb": 233,
        "manzil": 7,
        "ruku": 520,
        "word_number_in_verse": 2,
        "language_code": "bn",
        "text": "\"(আছে) কি",
        "root_word": "هَل",
        "global_word_sequence_number": 75352,
        "global_verse_sequence_number": 5730
    },
    {
        "chapter": 79,
        "verse": 18,
        "juz": 30,
        "hizb": 233,
        "manzil": 7,
        "ruku": 520,
        "word_number_in_verse": 3,
        "language_code": "bn",
        "text": "তোমার (আগ্রহ)",
        "root_word": "لَّكَ",
        "global_word_sequence_number": 75353,
        "global_verse_sequence_number": 5730
    },
    {
        "chapter": 79,
        "verse": 18,
        "juz": 30,
        "hizb": 233,
        "manzil": 7,
        "ruku": 520,
        "word_number_in_verse": 4,
        "language_code": "bn",
        "text": "(এর) প্রতি",
        "root_word": "إِلَىٰٓ",
        "global_word_sequence_number": 75354,
        "global_verse_sequence_number": 5730
    },
    {
        "chapter": 79,
        "verse": 18,
        "juz": 30,
        "hizb": 233,
        "manzil": 7,
        "ruku": 520,
        "word_number_in_verse": 5,
        "language_code": "bn",
        "text": "যে",
        "root_word": "أَن",
        "global_word_sequence_number": 75355,
        "global_verse_sequence_number": 5730
    },
    {
        "chapter": 79,
        "verse": 18,
        "juz": 30,
        "hizb": 233,
        "manzil": 7,
        "ruku": 520,
        "word_number_in_verse": 6,
        "language_code": "bn",
        "text": "তুমি পবিত্র হবে",
        "root_word": "تَزَكَّىٰ",
        "global_word_sequence_number": 75356,
        "global_verse_sequence_number": 5730
    },
    {
        "chapter": 79,
        "verse": 19,
        "juz": 30,
        "hizb": 233,
        "manzil": 7,
        "ruku": 520,
        "word_number_in_verse": 1,
        "language_code": "bn",
        "text": "এবং তোমাকে আমি পথ দেখাবো",
        "root_word": "وَأَهۡدِيَكَ",
        "global_word_sequence_number": 75357,
        "global_verse_sequence_number": 5731
    },
    {
        "chapter": 79,
        "verse": 19,
        "juz": 30,
        "hizb": 233,
        "manzil": 7,
        "ruku": 520,
        "word_number_in_verse": 2,
        "language_code": "bn",
        "text": "দিকে",
        "root_word": "إِلَىٰ",
        "global_word_sequence_number": 75358,
        "global_verse_sequence_number": 5731
    },
    {
        "chapter": 79,
        "verse": 19,
        "juz": 30,
        "hizb": 233,
        "manzil": 7,
        "ruku": 520,
        "word_number_in_verse": 3,
        "language_code": "bn",
        "text": "তোমার রবের",
        "root_word": "رَبِّكَ",
        "global_word_sequence_number": 75359,
        "global_verse_sequence_number": 5731
    },
    {
        "chapter": 79,
        "verse": 19,
        "juz": 30,
        "hizb": 233,
        "manzil": 7,
        "ruku": 520,
        "word_number_in_verse": 4,
        "language_code": "bn",
        "text": "তুমি যেন ভয় করো\"",
        "root_word": "فَتَخۡشَىٰ",
        "global_word_sequence_number": 75360,
        "global_verse_sequence_number": 5731
    },
    {
        "chapter": 79,
        "verse": 20,
        "juz": 30,
        "hizb": 233,
        "manzil": 7,
        "ruku": 520,
        "word_number_in_verse": 1,
        "language_code": "bn",
        "text": "অতঃপর  সে তাকে দেখালো",
        "root_word": "فَأَرَىٰهُ",
        "global_word_sequence_number": 75361,
        "global_verse_sequence_number": 5732
    },
    {
        "chapter": 79,
        "verse": 20,
        "juz": 30,
        "hizb": 233,
        "manzil": 7,
        "ruku": 520,
        "word_number_in_verse": 2,
        "language_code": "bn",
        "text": "একটি নিদর্শন",
        "root_word": "الۡأٓيَةَ",
        "global_word_sequence_number": 75362,
        "global_verse_sequence_number": 5732
    },
    {
        "chapter": 79,
        "verse": 20,
        "juz": 30,
        "hizb": 233,
        "manzil": 7,
        "ruku": 520,
        "word_number_in_verse": 3,
        "language_code": "bn",
        "text": "বড়",
        "root_word": "الۡكُبۡرَىٰ",
        "global_word_sequence_number": 75363,
        "global_verse_sequence_number": 5732
    },
    {
        "chapter": 79,
        "verse": 21,
        "juz": 30,
        "hizb": 233,
        "manzil": 7,
        "ruku": 520,
        "word_number_in_verse": 1,
        "language_code": "bn",
        "text": "কিন্তু সে মিথ্যারোপ করলো",
        "root_word": "فَكَذَّبَ",
        "global_word_sequence_number": 75364,
        "global_verse_sequence_number": 5733
    },
    {
        "chapter": 79,
        "verse": 21,
        "juz": 30,
        "hizb": 233,
        "manzil": 7,
        "ruku": 520,
        "word_number_in_verse": 2,
        "language_code": "bn",
        "text": "এবং অবাধ্য হলো",
        "root_word": "وَعَصَىٰ",
        "global_word_sequence_number": 75365,
        "global_verse_sequence_number": 5733
    },
    {
        "chapter": 79,
        "verse": 22,
        "juz": 30,
        "hizb": 233,
        "manzil": 7,
        "ruku": 520,
        "word_number_in_verse": 1,
        "language_code": "bn",
        "text": "এর পরে",
        "root_word": "ثُمَّ",
        "global_word_sequence_number": 75366,
        "global_verse_sequence_number": 5734
    },
    {
        "chapter": 79,
        "verse": 22,
        "juz": 30,
        "hizb": 233,
        "manzil": 7,
        "ruku": 520,
        "word_number_in_verse": 2,
        "language_code": "bn",
        "text": "পিঠ ফিরালো",
        "root_word": "أَدۡبَرَ",
        "global_word_sequence_number": 75367,
        "global_verse_sequence_number": 5734
    },
    {
        "chapter": 79,
        "verse": 22,
        "juz": 30,
        "hizb": 233,
        "manzil": 7,
        "ruku": 520,
        "word_number_in_verse": 3,
        "language_code": "bn",
        "text": "(প্রতিকারে) সচেষ্ট হলো",
        "root_word": "يَسۡعَىٰ",
        "global_word_sequence_number": 75368,
        "global_verse_sequence_number": 5734
    },
    {
        "chapter": 79,
        "verse": 23,
        "juz": 30,
        "hizb": 233,
        "manzil": 7,
        "ruku": 520,
        "word_number_in_verse": 1,
        "language_code": "bn",
        "text": "পরে সমবেত করল",
        "root_word": "فَحَشَرَ",
        "global_word_sequence_number": 75369,
        "global_verse_sequence_number": 5735
    },
    {
        "chapter": 79,
        "verse": 23,
        "juz": 30,
        "hizb": 233,
        "manzil": 7,
        "ruku": 520,
        "word_number_in_verse": 2,
        "language_code": "bn",
        "text": "আর ঘোষণা করল",
        "root_word": "فَنَادَىٰ",
        "global_word_sequence_number": 75370,
        "global_verse_sequence_number": 5735
    },
    {
        "chapter": 79,
        "verse": 24,
        "juz": 30,
        "hizb": 233,
        "manzil": 7,
        "ruku": 520,
        "word_number_in_verse": 1,
        "language_code": "bn",
        "text": "অতঃপর বললো",
        "root_word": "فَقَالَ",
        "global_word_sequence_number": 75371,
        "global_verse_sequence_number": 5736
    },
    {
        "chapter": 79,
        "verse": 24,
        "juz": 30,
        "hizb": 233,
        "manzil": 7,
        "ruku": 520,
        "word_number_in_verse": 2,
        "language_code": "bn",
        "text": "\"আমি",
        "root_word": "أَنَا۠",
        "global_word_sequence_number": 75372,
        "global_verse_sequence_number": 5736
    },
    {
        "chapter": 79,
        "verse": 24,
        "juz": 30,
        "hizb": 233,
        "manzil": 7,
        "ruku": 520,
        "word_number_in_verse": 3,
        "language_code": "bn",
        "text": "তোমাদের রব",
        "root_word": "رَبُّكُمُ",
        "global_word_sequence_number": 75373,
        "global_verse_sequence_number": 5736
    },
    {
        "chapter": 79,
        "verse": 24,
        "juz": 30,
        "hizb": 233,
        "manzil": 7,
        "ruku": 520,
        "word_number_in_verse": 4,
        "language_code": "bn",
        "text": "সর্বশ্রেষ্ঠ\"",
        "root_word": "الۡأَعۡلَىٰ",
        "global_word_sequence_number": 75374,
        "global_verse_sequence_number": 5736
    },
    {
        "chapter": 79,
        "verse": 25,
        "juz": 30,
        "hizb": 233,
        "manzil": 7,
        "ruku": 520,
        "word_number_in_verse": 1,
        "language_code": "bn",
        "text": "তখন তাকে ধরলেন",
        "root_word": "فَأَخَذَهُ",
        "global_word_sequence_number": 75375,
        "global_verse_sequence_number": 5737
    },
    {
        "chapter": 79,
        "verse": 25,
        "juz": 30,
        "hizb": 233,
        "manzil": 7,
        "ruku": 520,
        "word_number_in_verse": 2,
        "language_code": "bn",
        "text": "আল্লাহ",
        "root_word": "اللَّهُ",
        "global_word_sequence_number": 75376,
        "global_verse_sequence_number": 5737
    },
    {
        "chapter": 79,
        "verse": 25,
        "juz": 30,
        "hizb": 233,
        "manzil": 7,
        "ruku": 520,
        "word_number_in_verse": 3,
        "language_code": "bn",
        "text": "শাস্তি (দিয়ে)",
        "root_word": "نَكَالَ",
        "global_word_sequence_number": 75377,
        "global_verse_sequence_number": 5737
    },
    {
        "chapter": 79,
        "verse": 25,
        "juz": 30,
        "hizb": 233,
        "manzil": 7,
        "ruku": 520,
        "word_number_in_verse": 4,
        "language_code": "bn",
        "text": "আখেরাতের",
        "root_word": "الۡأٓخِرَةِ",
        "global_word_sequence_number": 75378,
        "global_verse_sequence_number": 5737
    },
    {
        "chapter": 79,
        "verse": 25,
        "juz": 30,
        "hizb": 233,
        "manzil": 7,
        "ruku": 520,
        "word_number_in_verse": 5,
        "language_code": "bn",
        "text": "ও দুনিয়ার",
        "root_word": "وَالۡأُولَىٰٓ",
        "global_word_sequence_number": 75379,
        "global_verse_sequence_number": 5737
    },
    {
        "chapter": 79,
        "verse": 26,
        "juz": 30,
        "hizb": 233,
        "manzil": 7,
        "ruku": 520,
        "word_number_in_verse": 1,
        "language_code": "bn",
        "text": "নিশ্চয়ই",
        "root_word": "إِنَّ",
        "global_word_sequence_number": 75380,
        "global_verse_sequence_number": 5738
    },
    {
        "chapter": 79,
        "verse": 26,
        "juz": 30,
        "hizb": 233,
        "manzil": 7,
        "ruku": 520,
        "word_number_in_verse": 2,
        "language_code": "bn",
        "text": "মধ্যে আছে",
        "root_word": "فِي",
        "global_word_sequence_number": 75381,
        "global_verse_sequence_number": 5738
    },
    {
        "chapter": 79,
        "verse": 26,
        "juz": 30,
        "hizb": 233,
        "manzil": 7,
        "ruku": 520,
        "word_number_in_verse": 3,
        "language_code": "bn",
        "text": "এর",
        "root_word": "ذَٰلِكَ",
        "global_word_sequence_number": 75382,
        "global_verse_sequence_number": 5738
    },
    {
        "chapter": 79,
        "verse": 26,
        "juz": 30,
        "hizb": 233,
        "manzil": 7,
        "ruku": 520,
        "word_number_in_verse": 4,
        "language_code": "bn",
        "text": "অবশ্যই শিক্ষা",
        "root_word": "لَعِبۡرَةٗ",
        "global_word_sequence_number": 75383,
        "global_verse_sequence_number": 5738
    },
    {
        "chapter": 79,
        "verse": 26,
        "juz": 30,
        "hizb": 233,
        "manzil": 7,
        "ruku": 520,
        "word_number_in_verse": 5,
        "language_code": "bn",
        "text": "তার জন্যে যে",
        "root_word": "لِّمَن",
        "global_word_sequence_number": 75384,
        "global_verse_sequence_number": 5738
    },
    {
        "chapter": 79,
        "verse": 26,
        "juz": 30,
        "hizb": 233,
        "manzil": 7,
        "ruku": 520,
        "word_number_in_verse": 6,
        "language_code": "bn",
        "text": "ভয় করে",
        "root_word": "يَخۡشَىٰٓ",
        "global_word_sequence_number": 75385,
        "global_verse_sequence_number": 5738
    },
    {
        "chapter": 79,
        "verse": 27,
        "juz": 30,
        "hizb": 233,
        "manzil": 7,
        "ruku": 521,
        "word_number_in_verse": 1,
        "language_code": "bn",
        "text": "তোমরা কি",
        "root_word": "ءَأَنتُمۡ",
        "global_word_sequence_number": 75386,
        "global_verse_sequence_number": 5739
    },
    {
        "chapter": 79,
        "verse": 27,
        "juz": 30,
        "hizb": 233,
        "manzil": 7,
        "ruku": 521,
        "word_number_in_verse": 2,
        "language_code": "bn",
        "text": "কঠিনতর",
        "root_word": "أَشَدُّ",
        "global_word_sequence_number": 75387,
        "global_verse_sequence_number": 5739
    },
    {
        "chapter": 79,
        "verse": 27,
        "juz": 30,
        "hizb": 233,
        "manzil": 7,
        "ruku": 521,
        "word_number_in_verse": 3,
        "language_code": "bn",
        "text": "সৃষ্টি",
        "root_word": "خَلۡقًا",
        "global_word_sequence_number": 75388,
        "global_verse_sequence_number": 5739
    },
    {
        "chapter": 79,
        "verse": 27,
        "juz": 30,
        "hizb": 233,
        "manzil": 7,
        "ruku": 521,
        "word_number_in_verse": 4,
        "language_code": "bn",
        "text": "নাকি",
        "root_word": "أَمِ",
        "global_word_sequence_number": 75389,
        "global_verse_sequence_number": 5739
    },
    {
        "chapter": 79,
        "verse": 27,
        "juz": 30,
        "hizb": 233,
        "manzil": 7,
        "ruku": 521,
        "word_number_in_verse": 5,
        "language_code": "bn",
        "text": "আকাশ",
        "root_word": "السَّمَآءُۚ",
        "global_word_sequence_number": 75390,
        "global_verse_sequence_number": 5739
    },
    {
        "chapter": 79,
        "verse": 27,
        "juz": 30,
        "hizb": 233,
        "manzil": 7,
        "ruku": 521,
        "word_number_in_verse": 6,
        "language_code": "bn",
        "text": "তা তিনি নির্মাণ করেছেন",
        "root_word": "بَنَىٰهَا",
        "global_word_sequence_number": 75391,
        "global_verse_sequence_number": 5739
    },
    {
        "chapter": 79,
        "verse": 28,
        "juz": 30,
        "hizb": 233,
        "manzil": 7,
        "ruku": 521,
        "word_number_in_verse": 1,
        "language_code": "bn",
        "text": "তিনি উঁচু করেছেন",
        "root_word": "رَفَعَ",
        "global_word_sequence_number": 75392,
        "global_verse_sequence_number": 5740
    },
    {
        "chapter": 79,
        "verse": 28,
        "juz": 30,
        "hizb": 233,
        "manzil": 7,
        "ruku": 521,
        "word_number_in_verse": 2,
        "language_code": "bn",
        "text": "তার উচ্চতর স্তরকে (ছাদ)",
        "root_word": "سَمۡكَهَا",
        "global_word_sequence_number": 75393,
        "global_verse_sequence_number": 5740
    },
    {
        "chapter": 79,
        "verse": 28,
        "juz": 30,
        "hizb": 233,
        "manzil": 7,
        "ruku": 521,
        "word_number_in_verse": 3,
        "language_code": "bn",
        "text": "অতঃপর তিনি তা সুবিন্যস্ত করেছেন",
        "root_word": "فَسَوَّىٰهَا",
        "global_word_sequence_number": 75394,
        "global_verse_sequence_number": 5740
    },
    {
        "chapter": 79,
        "verse": 29,
        "juz": 30,
        "hizb": 233,
        "manzil": 7,
        "ruku": 521,
        "word_number_in_verse": 1,
        "language_code": "bn",
        "text": "এবং অন্ধকারাচ্ছন্ন করেছেন",
        "root_word": "وَأَغۡطَشَ",
        "global_word_sequence_number": 75395,
        "global_verse_sequence_number": 5741
    },
    {
        "chapter": 79,
        "verse": 29,
        "juz": 30,
        "hizb": 233,
        "manzil": 7,
        "ruku": 521,
        "word_number_in_verse": 2,
        "language_code": "bn",
        "text": "তার রাতকে",
        "root_word": "لَيۡلَهَا",
        "global_word_sequence_number": 75396,
        "global_verse_sequence_number": 5741
    },
    {
        "chapter": 79,
        "verse": 29,
        "juz": 30,
        "hizb": 233,
        "manzil": 7,
        "ruku": 521,
        "word_number_in_verse": 3,
        "language_code": "bn",
        "text": "এবং বের করেছেন",
        "root_word": "وَأَخۡرَجَ",
        "global_word_sequence_number": 75397,
        "global_verse_sequence_number": 5741
    },
    {
        "chapter": 79,
        "verse": 29,
        "juz": 30,
        "hizb": 233,
        "manzil": 7,
        "ruku": 521,
        "word_number_in_verse": 4,
        "language_code": "bn",
        "text": "তার সূর্যের আলো",
        "root_word": "ضُحَىٰهَا",
        "global_word_sequence_number": 75398,
        "global_verse_sequence_number": 5741
    },
    {
        "chapter": 79,
        "verse": 30,
        "juz": 30,
        "hizb": 233,
        "manzil": 7,
        "ruku": 521,
        "word_number_in_verse": 1,
        "language_code": "bn",
        "text": "এবং পৃথিবীকে",
        "root_word": "وَالۡأَرۡضَ",
        "global_word_sequence_number": 75399,
        "global_verse_sequence_number": 5742
    },
    {
        "chapter": 79,
        "verse": 30,
        "juz": 30,
        "hizb": 233,
        "manzil": 7,
        "ruku": 521,
        "word_number_in_verse": 2,
        "language_code": "bn",
        "text": "পরে",
        "root_word": "بَعۡدَ",
        "global_word_sequence_number": 75400,
        "global_verse_sequence_number": 5742
    },
    {
        "chapter": 79,
        "verse": 30,
        "juz": 30,
        "hizb": 233,
        "manzil": 7,
        "ruku": 521,
        "word_number_in_verse": 3,
        "language_code": "bn",
        "text": "এর",
        "root_word": "ذَٰلِكَ",
        "global_word_sequence_number": 75401,
        "global_verse_sequence_number": 5742
    },
    {
        "chapter": 79,
        "verse": 30,
        "juz": 30,
        "hizb": 233,
        "manzil": 7,
        "ruku": 521,
        "word_number_in_verse": 4,
        "language_code": "bn",
        "text": "তা বিস্তৃত করেছেন",
        "root_word": "دَحَىٰهَآ",
        "global_word_sequence_number": 75402,
        "global_verse_sequence_number": 5742
    },
    {
        "chapter": 79,
        "verse": 31,
        "juz": 30,
        "hizb": 233,
        "manzil": 7,
        "ruku": 521,
        "word_number_in_verse": 1,
        "language_code": "bn",
        "text": "বের করেছেন",
        "root_word": "أَخۡرَجَ",
        "global_word_sequence_number": 75403,
        "global_verse_sequence_number": 5743
    },
    {
        "chapter": 79,
        "verse": 31,
        "juz": 30,
        "hizb": 233,
        "manzil": 7,
        "ruku": 521,
        "word_number_in_verse": 2,
        "language_code": "bn",
        "text": "তা হতে",
        "root_word": "مِنۡهَا",
        "global_word_sequence_number": 75404,
        "global_verse_sequence_number": 5743
    },
    {
        "chapter": 79,
        "verse": 31,
        "juz": 30,
        "hizb": 233,
        "manzil": 7,
        "ruku": 521,
        "word_number_in_verse": 3,
        "language_code": "bn",
        "text": "তার পানি",
        "root_word": "مَآءَهَا",
        "global_word_sequence_number": 75405,
        "global_verse_sequence_number": 5743
    },
    {
        "chapter": 79,
        "verse": 31,
        "juz": 30,
        "hizb": 233,
        "manzil": 7,
        "ruku": 521,
        "word_number_in_verse": 4,
        "language_code": "bn",
        "text": "ও তার উদ্ভিদ/ তৃণ",
        "root_word": "وَمَرۡعَىٰهَا",
        "global_word_sequence_number": 75406,
        "global_verse_sequence_number": 5743
    },
    {
        "chapter": 79,
        "verse": 32,
        "juz": 30,
        "hizb": 233,
        "manzil": 7,
        "ruku": 521,
        "word_number_in_verse": 1,
        "language_code": "bn",
        "text": "এবং পর্বতমালাকে",
        "root_word": "وَالۡجِبَالَ",
        "global_word_sequence_number": 75407,
        "global_verse_sequence_number": 5744
    },
    {
        "chapter": 79,
        "verse": 32,
        "juz": 30,
        "hizb": 233,
        "manzil": 7,
        "ruku": 521,
        "word_number_in_verse": 2,
        "language_code": "bn",
        "text": "তা দৃঢ়ভাবে প্রোথিত করেছেন",
        "root_word": "أَرۡسَىٰهَا",
        "global_word_sequence_number": 75408,
        "global_verse_sequence_number": 5744
    },
    {
        "chapter": 79,
        "verse": 33,
        "juz": 30,
        "hizb": 233,
        "manzil": 7,
        "ruku": 521,
        "word_number_in_verse": 1,
        "language_code": "bn",
        "text": "জীবিকা সামগ্রীরূপে",
        "root_word": "مَتَٰعٗا",
        "global_word_sequence_number": 75409,
        "global_verse_sequence_number": 5745
    },
    {
        "chapter": 79,
        "verse": 33,
        "juz": 30,
        "hizb": 233,
        "manzil": 7,
        "ruku": 521,
        "word_number_in_verse": 2,
        "language_code": "bn",
        "text": "তোমাদের জন্য",
        "root_word": "لَّكُمۡ",
        "global_word_sequence_number": 75410,
        "global_verse_sequence_number": 5745
    },
    {
        "chapter": 79,
        "verse": 33,
        "juz": 30,
        "hizb": 233,
        "manzil": 7,
        "ruku": 521,
        "word_number_in_verse": 3,
        "language_code": "bn",
        "text": "এবং তোমাদের গৃহপালিত পশুর জন্য",
        "root_word": "وَلِأَنۡعَٰمِكُمۡ",
        "global_word_sequence_number": 75411,
        "global_verse_sequence_number": 5745
    },
    {
        "chapter": 79,
        "verse": 34,
        "juz": 30,
        "hizb": 233,
        "manzil": 7,
        "ruku": 521,
        "word_number_in_verse": 1,
        "language_code": "bn",
        "text": "অতঃপর যখন",
        "root_word": "فَإِذَا",
        "global_word_sequence_number": 75412,
        "global_verse_sequence_number": 5746
    },
    {
        "chapter": 79,
        "verse": 34,
        "juz": 30,
        "hizb": 233,
        "manzil": 7,
        "ruku": 521,
        "word_number_in_verse": 2,
        "language_code": "bn",
        "text": "আসবে",
        "root_word": "جَآءَتِ",
        "global_word_sequence_number": 75413,
        "global_verse_sequence_number": 5746
    },
    {
        "chapter": 79,
        "verse": 34,
        "juz": 30,
        "hizb": 233,
        "manzil": 7,
        "ruku": 521,
        "word_number_in_verse": 3,
        "language_code": "bn",
        "text": "মহাসংকট",
        "root_word": "الطَّآمَّةُ",
        "global_word_sequence_number": 75414,
        "global_verse_sequence_number": 5746
    },
    {
        "chapter": 79,
        "verse": 34,
        "juz": 30,
        "hizb": 233,
        "manzil": 7,
        "ruku": 521,
        "word_number_in_verse": 4,
        "language_code": "bn",
        "text": "মহা",
        "root_word": "الۡكُبۡرَىٰ",
        "global_word_sequence_number": 75415,
        "global_verse_sequence_number": 5746
    },
    {
        "chapter": 79,
        "verse": 35,
        "juz": 30,
        "hizb": 233,
        "manzil": 7,
        "ruku": 521,
        "word_number_in_verse": 1,
        "language_code": "bn",
        "text": "সেদিন",
        "root_word": "يَوۡمَ",
        "global_word_sequence_number": 75416,
        "global_verse_sequence_number": 5747
    },
    {
        "chapter": 79,
        "verse": 35,
        "juz": 30,
        "hizb": 233,
        "manzil": 7,
        "ruku": 521,
        "word_number_in_verse": 2,
        "language_code": "bn",
        "text": "স্মরণ করবে",
        "root_word": "يَتَذَكَّرُ",
        "global_word_sequence_number": 75417,
        "global_verse_sequence_number": 5747
    },
    {
        "chapter": 79,
        "verse": 35,
        "juz": 30,
        "hizb": 233,
        "manzil": 7,
        "ruku": 521,
        "word_number_in_verse": 3,
        "language_code": "bn",
        "text": "মানুষ",
        "root_word": "الۡإِنسَٰنُ",
        "global_word_sequence_number": 75418,
        "global_verse_sequence_number": 5747
    },
    {
        "chapter": 79,
        "verse": 35,
        "juz": 30,
        "hizb": 233,
        "manzil": 7,
        "ruku": 521,
        "word_number_in_verse": 4,
        "language_code": "bn",
        "text": "যা",
        "root_word": "مَا",
        "global_word_sequence_number": 75419,
        "global_verse_sequence_number": 5747
    },
    {
        "chapter": 79,
        "verse": 35,
        "juz": 30,
        "hizb": 233,
        "manzil": 7,
        "ruku": 521,
        "word_number_in_verse": 5,
        "language_code": "bn",
        "text": "সে চেষ্টা করেছিল",
        "root_word": "سَعَىٰ",
        "global_word_sequence_number": 75420,
        "global_verse_sequence_number": 5747
    },
    {
        "chapter": 79,
        "verse": 36,
        "juz": 30,
        "hizb": 233,
        "manzil": 7,
        "ruku": 521,
        "word_number_in_verse": 1,
        "language_code": "bn",
        "text": "এবং প্রকাশ করা হবে",
        "root_word": "وَبُرِّزَتِ",
        "global_word_sequence_number": 75421,
        "global_verse_sequence_number": 5748
    },
    {
        "chapter": 79,
        "verse": 36,
        "juz": 30,
        "hizb": 233,
        "manzil": 7,
        "ruku": 521,
        "word_number_in_verse": 2,
        "language_code": "bn",
        "text": "জাহান্নাম",
        "root_word": "الۡجَحِيمُ",
        "global_word_sequence_number": 75422,
        "global_verse_sequence_number": 5748
    },
    {
        "chapter": 79,
        "verse": 36,
        "juz": 30,
        "hizb": 233,
        "manzil": 7,
        "ruku": 521,
        "word_number_in_verse": 3,
        "language_code": "bn",
        "text": "তার জন্যে যে",
        "root_word": "لِمَن",
        "global_word_sequence_number": 75423,
        "global_verse_sequence_number": 5748
    },
    {
        "chapter": 79,
        "verse": 36,
        "juz": 30,
        "hizb": 233,
        "manzil": 7,
        "ruku": 521,
        "word_number_in_verse": 4,
        "language_code": "bn",
        "text": "দেখে",
        "root_word": "يَرَىٰ",
        "global_word_sequence_number": 75424,
        "global_verse_sequence_number": 5748
    },
    {
        "chapter": 79,
        "verse": 37,
        "juz": 30,
        "hizb": 233,
        "manzil": 7,
        "ruku": 521,
        "word_number_in_verse": 1,
        "language_code": "bn",
        "text": "অনন্তর",
        "root_word": "فَأَمَّا",
        "global_word_sequence_number": 75425,
        "global_verse_sequence_number": 5749
    },
    {
        "chapter": 79,
        "verse": 37,
        "juz": 30,
        "hizb": 233,
        "manzil": 7,
        "ruku": 521,
        "word_number_in_verse": 2,
        "language_code": "bn",
        "text": "যে",
        "root_word": "مَن",
        "global_word_sequence_number": 75426,
        "global_verse_sequence_number": 5749
    },
    {
        "chapter": 79,
        "verse": 37,
        "juz": 30,
        "hizb": 233,
        "manzil": 7,
        "ruku": 521,
        "word_number_in_verse": 3,
        "language_code": "bn",
        "text": "সীমালঙ্ঘন করেছে",
        "root_word": "طَغَىٰ",
        "global_word_sequence_number": 75427,
        "global_verse_sequence_number": 5749
    },
    {
        "chapter": 79,
        "verse": 38,
        "juz": 30,
        "hizb": 233,
        "manzil": 7,
        "ruku": 521,
        "word_number_in_verse": 1,
        "language_code": "bn",
        "text": "এবং অগ্রাধিকার দিয়েছে",
        "root_word": "وَءَاثَرَ",
        "global_word_sequence_number": 75428,
        "global_verse_sequence_number": 5750
    },
    {
        "chapter": 79,
        "verse": 38,
        "juz": 30,
        "hizb": 233,
        "manzil": 7,
        "ruku": 521,
        "word_number_in_verse": 2,
        "language_code": "bn",
        "text": "জীবনকে",
        "root_word": "الۡحَيَوٰةَ",
        "global_word_sequence_number": 75429,
        "global_verse_sequence_number": 5750
    },
    {
        "chapter": 79,
        "verse": 38,
        "juz": 30,
        "hizb": 233,
        "manzil": 7,
        "ruku": 521,
        "word_number_in_verse": 3,
        "language_code": "bn",
        "text": "দুনিয়ার",
        "root_word": "الدُّنۡيَا",
        "global_word_sequence_number": 75430,
        "global_verse_sequence_number": 5750
    },
    {
        "chapter": 79,
        "verse": 39,
        "juz": 30,
        "hizb": 233,
        "manzil": 7,
        "ruku": 521,
        "word_number_in_verse": 1,
        "language_code": "bn",
        "text": "অতঃপর নিশ্চয়ই",
        "root_word": "فَإِنَّ",
        "global_word_sequence_number": 75431,
        "global_verse_sequence_number": 5751
    },
    {
        "chapter": 79,
        "verse": 39,
        "juz": 30,
        "hizb": 233,
        "manzil": 7,
        "ruku": 521,
        "word_number_in_verse": 2,
        "language_code": "bn",
        "text": "দোযখই (হবে)",
        "root_word": "الۡجَحِيمَ",
        "global_word_sequence_number": 75432,
        "global_verse_sequence_number": 5751
    },
    {
        "chapter": 79,
        "verse": 39,
        "juz": 30,
        "hizb": 233,
        "manzil": 7,
        "ruku": 521,
        "word_number_in_verse": 3,
        "language_code": "bn",
        "text": "তাই",
        "root_word": "هِيَ",
        "global_word_sequence_number": 75433,
        "global_verse_sequence_number": 5751
    },
    {
        "chapter": 79,
        "verse": 39,
        "juz": 30,
        "hizb": 233,
        "manzil": 7,
        "ruku": 521,
        "word_number_in_verse": 4,
        "language_code": "bn",
        "text": "(তার) বাসস্থান",
        "root_word": "الۡمَأۡوَىٰ",
        "global_word_sequence_number": 75434,
        "global_verse_sequence_number": 5751
    },
    {
        "chapter": 79,
        "verse": 40,
        "juz": 30,
        "hizb": 233,
        "manzil": 7,
        "ruku": 521,
        "word_number_in_verse": 1,
        "language_code": "bn",
        "text": "অপরদিকে",
        "root_word": "وَأَمَّا",
        "global_word_sequence_number": 75435,
        "global_verse_sequence_number": 5752
    },
    {
        "chapter": 79,
        "verse": 40,
        "juz": 30,
        "hizb": 233,
        "manzil": 7,
        "ruku": 521,
        "word_number_in_verse": 2,
        "language_code": "bn",
        "text": "যে",
        "root_word": "مَنۡ",
        "global_word_sequence_number": 75436,
        "global_verse_sequence_number": 5752
    },
    {
        "chapter": 79,
        "verse": 40,
        "juz": 30,
        "hizb": 233,
        "manzil": 7,
        "ruku": 521,
        "word_number_in_verse": 3,
        "language_code": "bn",
        "text": "ভয় করেছে",
        "root_word": "خَافَ",
        "global_word_sequence_number": 75437,
        "global_verse_sequence_number": 5752
    },
    {
        "chapter": 79,
        "verse": 40,
        "juz": 30,
        "hizb": 233,
        "manzil": 7,
        "ruku": 521,
        "word_number_in_verse": 4,
        "language_code": "bn",
        "text": "দাঁড়াতে",
        "root_word": "مَقَامَ",
        "global_word_sequence_number": 75438,
        "global_verse_sequence_number": 5752
    },
    {
        "chapter": 79,
        "verse": 40,
        "juz": 30,
        "hizb": 233,
        "manzil": 7,
        "ruku": 521,
        "word_number_in_verse": 5,
        "language_code": "bn",
        "text": "তার রবের সামনে",
        "root_word": "رَبِّهِۦ",
        "global_word_sequence_number": 75439,
        "global_verse_sequence_number": 5752
    },
    {
        "chapter": 79,
        "verse": 40,
        "juz": 30,
        "hizb": 233,
        "manzil": 7,
        "ruku": 521,
        "word_number_in_verse": 6,
        "language_code": "bn",
        "text": "এবং বিরত রেখেছে",
        "root_word": "وَنَهَى",
        "global_word_sequence_number": 75440,
        "global_verse_sequence_number": 5752
    },
    {
        "chapter": 79,
        "verse": 40,
        "juz": 30,
        "hizb": 233,
        "manzil": 7,
        "ruku": 521,
        "word_number_in_verse": 7,
        "language_code": "bn",
        "text": "প্রবৃত্তিকে",
        "root_word": "النَّفۡسَ",
        "global_word_sequence_number": 75441,
        "global_verse_sequence_number": 5752
    },
    {
        "chapter": 79,
        "verse": 40,
        "juz": 30,
        "hizb": 233,
        "manzil": 7,
        "ruku": 521,
        "word_number_in_verse": 8,
        "language_code": "bn",
        "text": "হতে",
        "root_word": "عَنِ",
        "global_word_sequence_number": 75442,
        "global_verse_sequence_number": 5752
    },
    {
        "chapter": 79,
        "verse": 40,
        "juz": 30,
        "hizb": 233,
        "manzil": 7,
        "ruku": 521,
        "word_number_in_verse": 9,
        "language_code": "bn",
        "text": "খারাপ কামনা",
        "root_word": "الۡهَوَىٰ",
        "global_word_sequence_number": 75443,
        "global_verse_sequence_number": 5752
    },
    {
        "chapter": 79,
        "verse": 41,
        "juz": 30,
        "hizb": 233,
        "manzil": 7,
        "ruku": 521,
        "word_number_in_verse": 1,
        "language_code": "bn",
        "text": "অতঃপর নিশ্চয়ই",
        "root_word": "فَإِنَّ",
        "global_word_sequence_number": 75444,
        "global_verse_sequence_number": 5753
    },
    {
        "chapter": 79,
        "verse": 41,
        "juz": 30,
        "hizb": 233,
        "manzil": 7,
        "ruku": 521,
        "word_number_in_verse": 2,
        "language_code": "bn",
        "text": "জান্নাত (হবে)",
        "root_word": "الۡجَنَّةَ",
        "global_word_sequence_number": 75445,
        "global_verse_sequence_number": 5753
    },
    {
        "chapter": 79,
        "verse": 41,
        "juz": 30,
        "hizb": 233,
        "manzil": 7,
        "ruku": 521,
        "word_number_in_verse": 3,
        "language_code": "bn",
        "text": "তাই",
        "root_word": "هِيَ",
        "global_word_sequence_number": 75446,
        "global_verse_sequence_number": 5753
    },
    {
        "chapter": 79,
        "verse": 41,
        "juz": 30,
        "hizb": 233,
        "manzil": 7,
        "ruku": 521,
        "word_number_in_verse": 4,
        "language_code": "bn",
        "text": "(তার) বাসস্থান",
        "root_word": "الۡمَأۡوَىٰ",
        "global_word_sequence_number": 75447,
        "global_verse_sequence_number": 5753
    },
    {
        "chapter": 79,
        "verse": 42,
        "juz": 30,
        "hizb": 233,
        "manzil": 7,
        "ruku": 521,
        "word_number_in_verse": 1,
        "language_code": "bn",
        "text": "তারা তোমাকে জিজ্ঞাসা করে",
        "root_word": "يَسۡـَٔلُونَكَ",
        "global_word_sequence_number": 75448,
        "global_verse_sequence_number": 5754
    },
    {
        "chapter": 79,
        "verse": 42,
        "juz": 30,
        "hizb": 233,
        "manzil": 7,
        "ruku": 521,
        "word_number_in_verse": 2,
        "language_code": "bn",
        "text": "সম্পর্কে",
        "root_word": "عَنِ",
        "global_word_sequence_number": 75449,
        "global_verse_sequence_number": 5754
    },
    {
        "chapter": 79,
        "verse": 42,
        "juz": 30,
        "hizb": 233,
        "manzil": 7,
        "ruku": 521,
        "word_number_in_verse": 3,
        "language_code": "bn",
        "text": "কিয়ামত",
        "root_word": "السَّاعَةِ",
        "global_word_sequence_number": 75450,
        "global_verse_sequence_number": 5754
    },
    {
        "chapter": 79,
        "verse": 42,
        "juz": 30,
        "hizb": 233,
        "manzil": 7,
        "ruku": 521,
        "word_number_in_verse": 4,
        "language_code": "bn",
        "text": "কখন",
        "root_word": "أَيَّانَ",
        "global_word_sequence_number": 75451,
        "global_verse_sequence_number": 5754
    },
    {
        "chapter": 79,
        "verse": 42,
        "juz": 30,
        "hizb": 233,
        "manzil": 7,
        "ruku": 521,
        "word_number_in_verse": 5,
        "language_code": "bn",
        "text": "তা ঘটবে",
        "root_word": "مُرۡسَىٰهَا",
        "global_word_sequence_number": 75452,
        "global_verse_sequence_number": 5754
    },
    {
        "chapter": 79,
        "verse": 43,
        "juz": 30,
        "hizb": 233,
        "manzil": 7,
        "ruku": 521,
        "word_number_in_verse": 1,
        "language_code": "bn",
        "text": "সে ব্যাপারে",
        "root_word": "فِيمَ",
        "global_word_sequence_number": 75453,
        "global_verse_sequence_number": 5755
    },
    {
        "chapter": 79,
        "verse": 43,
        "juz": 30,
        "hizb": 233,
        "manzil": 7,
        "ruku": 521,
        "word_number_in_verse": 2,
        "language_code": "bn",
        "text": "তোমার (কী সম্পর্ক)",
        "root_word": "أَنتَ",
        "global_word_sequence_number": 75454,
        "global_verse_sequence_number": 5755
    },
    {
        "chapter": 79,
        "verse": 43,
        "juz": 30,
        "hizb": 233,
        "manzil": 7,
        "ruku": 521,
        "word_number_in_verse": 3,
        "language_code": "bn",
        "text": "সঙ্গে",
        "root_word": "مِن",
        "global_word_sequence_number": 75455,
        "global_verse_sequence_number": 5755
    },
    {
        "chapter": 79,
        "verse": 43,
        "juz": 30,
        "hizb": 233,
        "manzil": 7,
        "ruku": 521,
        "word_number_in_verse": 4,
        "language_code": "bn",
        "text": "তার উল্লেখ করার",
        "root_word": "ذِكۡرَىٰهَآ",
        "global_word_sequence_number": 75456,
        "global_verse_sequence_number": 5755
    },
    {
        "chapter": 79,
        "verse": 44,
        "juz": 30,
        "hizb": 233,
        "manzil": 7,
        "ruku": 521,
        "word_number_in_verse": 1,
        "language_code": "bn",
        "text": "নিকট",
        "root_word": "إِلَىٰ",
        "global_word_sequence_number": 75457,
        "global_verse_sequence_number": 5756
    },
    {
        "chapter": 79,
        "verse": 44,
        "juz": 30,
        "hizb": 233,
        "manzil": 7,
        "ruku": 521,
        "word_number_in_verse": 2,
        "language_code": "bn",
        "text": "তোমার রবের",
        "root_word": "رَبِّكَ",
        "global_word_sequence_number": 75458,
        "global_verse_sequence_number": 5756
    },
    {
        "chapter": 79,
        "verse": 44,
        "juz": 30,
        "hizb": 233,
        "manzil": 7,
        "ruku": 521,
        "word_number_in_verse": 3,
        "language_code": "bn",
        "text": "তার চূড়ান্ত (জ্ঞান)",
        "root_word": "مُنتَهَىٰهَآ",
        "global_word_sequence_number": 75459,
        "global_verse_sequence_number": 5756
    },
    {
        "chapter": 79,
        "verse": 45,
        "juz": 30,
        "hizb": 233,
        "manzil": 7,
        "ruku": 521,
        "word_number_in_verse": 1,
        "language_code": "bn",
        "text": "কেবল",
        "root_word": "إِنَّمَآ",
        "global_word_sequence_number": 75460,
        "global_verse_sequence_number": 5757
    },
    {
        "chapter": 79,
        "verse": 45,
        "juz": 30,
        "hizb": 233,
        "manzil": 7,
        "ruku": 521,
        "word_number_in_verse": 2,
        "language_code": "bn",
        "text": "তুমি",
        "root_word": "أَنتَ",
        "global_word_sequence_number": 75461,
        "global_verse_sequence_number": 5757
    },
    {
        "chapter": 79,
        "verse": 45,
        "juz": 30,
        "hizb": 233,
        "manzil": 7,
        "ruku": 521,
        "word_number_in_verse": 3,
        "language_code": "bn",
        "text": "সতর্ককারী (মাত্র)",
        "root_word": "مُنذِرُ",
        "global_word_sequence_number": 75462,
        "global_verse_sequence_number": 5757
    },
    {
        "chapter": 79,
        "verse": 45,
        "juz": 30,
        "hizb": 233,
        "manzil": 7,
        "ruku": 521,
        "word_number_in_verse": 4,
        "language_code": "bn",
        "text": "যে",
        "root_word": "مَن",
        "global_word_sequence_number": 75463,
        "global_verse_sequence_number": 5757
    },
    {
        "chapter": 79,
        "verse": 45,
        "juz": 30,
        "hizb": 233,
        "manzil": 7,
        "ruku": 521,
        "word_number_in_verse": 5,
        "language_code": "bn",
        "text": "তা ভয় করে",
        "root_word": "يَخۡشَىٰهَا",
        "global_word_sequence_number": 75464,
        "global_verse_sequence_number": 5757
    },
    {
        "chapter": 79,
        "verse": 46,
        "juz": 30,
        "hizb": 233,
        "manzil": 7,
        "ruku": 521,
        "word_number_in_verse": 1,
        "language_code": "bn",
        "text": "তারা যেন",
        "root_word": "كَأَنَّهُمۡ",
        "global_word_sequence_number": 75465,
        "global_verse_sequence_number": 5758
    },
    {
        "chapter": 79,
        "verse": 46,
        "juz": 30,
        "hizb": 233,
        "manzil": 7,
        "ruku": 521,
        "word_number_in_verse": 2,
        "language_code": "bn",
        "text": "যেদিন",
        "root_word": "يَوۡمَ",
        "global_word_sequence_number": 75466,
        "global_verse_sequence_number": 5758
    },
    {
        "chapter": 79,
        "verse": 46,
        "juz": 30,
        "hizb": 233,
        "manzil": 7,
        "ruku": 521,
        "word_number_in_verse": 3,
        "language_code": "bn",
        "text": "তা দেখবে (মনে করবে)",
        "root_word": "يَرَوۡنَهَا",
        "global_word_sequence_number": 75467,
        "global_verse_sequence_number": 5758
    },
    {
        "chapter": 79,
        "verse": 46,
        "juz": 30,
        "hizb": 233,
        "manzil": 7,
        "ruku": 521,
        "word_number_in_verse": 4,
        "language_code": "bn",
        "text": "করে নি",
        "root_word": "لَمۡ",
        "global_word_sequence_number": 75468,
        "global_verse_sequence_number": 5758
    },
    {
        "chapter": 79,
        "verse": 46,
        "juz": 30,
        "hizb": 233,
        "manzil": 7,
        "ruku": 521,
        "word_number_in_verse": 5,
        "language_code": "bn",
        "text": "তারা অবস্থান",
        "root_word": "يَلۡبَثُوٓاْ",
        "global_word_sequence_number": 75469,
        "global_verse_sequence_number": 5758
    },
    {
        "chapter": 79,
        "verse": 46,
        "juz": 30,
        "hizb": 233,
        "manzil": 7,
        "ruku": 521,
        "word_number_in_verse": 6,
        "language_code": "bn",
        "text": "এ ছাড়া",
        "root_word": "إِلَّا",
        "global_word_sequence_number": 75470,
        "global_verse_sequence_number": 5758
    },
    {
        "chapter": 79,
        "verse": 46,
        "juz": 30,
        "hizb": 233,
        "manzil": 7,
        "ruku": 521,
        "word_number_in_verse": 7,
        "language_code": "bn",
        "text": "এক সন্ধ্যা",
        "root_word": "عَشِيَّةً",
        "global_word_sequence_number": 75471,
        "global_verse_sequence_number": 5758
    },
    {
        "chapter": 79,
        "verse": 46,
        "juz": 30,
        "hizb": 233,
        "manzil": 7,
        "ruku": 521,
        "word_number_in_verse": 8,
        "language_code": "bn",
        "text": "অথবা",
        "root_word": "أَوۡ",
        "global_word_sequence_number": 75472,
        "global_verse_sequence_number": 5758
    },
    {
        "chapter": 79,
        "verse": 46,
        "juz": 30,
        "hizb": 233,
        "manzil": 7,
        "ruku": 521,
        "word_number_in_verse": 9,
        "language_code": "bn",
        "text": "তার এক সকাল",
        "root_word": "ضُحَىٰهَا",
        "global_word_sequence_number": 75473,
        "global_verse_sequence_number": 5758
    }
]