[
    {
        "chapter": 80,
        "verse": 1,
        "juz": 30,
        "hizb": 234,
        "manzil": 7,
        "ruku": 522,
        "word_number_in_verse": 1,
        "language_code": "bn",
        "text": "সে ভ্রুকুঞ্চিত করল",
        "root_word": "عَبَسَ",
        "global_word_sequence_number": 75474,
        "global_verse_sequence_number": 5759
    },
    {
        "chapter": 80,
        "verse": 1,
        "juz": 30,
        "hizb": 234,
        "manzil": 7,
        "ruku": 522,
        "word_number_in_verse": 2,
        "language_code": "bn",
        "text": "ও (মুখ ফিরালো) অনাগ্রহ দেখালো",
        "root_word": "وَتَوَلَّىٰٓ",
        "global_word_sequence_number": 75475,
        "global_verse_sequence_number": 5759
    },
    {
        "chapter": 80,
        "verse": 2,
        "juz": 30,
        "hizb": 234,
        "manzil": 7,
        "ruku": 522,
        "word_number_in_verse": 1,
        "language_code": "bn",
        "text": "(এ জন্যে) যে",
        "root_word": "أَن",
        "global_word_sequence_number": 75476,
        "global_verse_sequence_number": 5760
    },
    {
        "chapter": 80,
        "verse": 2,
        "juz": 30,
        "hizb": 234,
        "manzil": 7,
        "ruku": 522,
        "word_number_in_verse": 2,
        "language_code": "bn",
        "text": "তার (কাছে) এসেছে",
        "root_word": "جَآءَهُ",
        "global_word_sequence_number": 75477,
        "global_verse_sequence_number": 5760
    },
    {
        "chapter": 80,
        "verse": 2,
        "juz": 30,
        "hizb": 234,
        "manzil": 7,
        "ruku": 522,
        "word_number_in_verse": 3,
        "language_code": "bn",
        "text": "এক অন্ধ",
        "root_word": "الۡأَعۡمَىٰ",
        "global_word_sequence_number": 75478,
        "global_verse_sequence_number": 5760
    },
    {
        "chapter": 80,
        "verse": 3,
        "juz": 30,
        "hizb": 234,
        "manzil": 7,
        "ruku": 522,
        "word_number_in_verse": 1,
        "language_code": "bn",
        "text": "এবং কিসে",
        "root_word": "وَمَا",
        "global_word_sequence_number": 75479,
        "global_verse_sequence_number": 5761
    },
    {
        "chapter": 80,
        "verse": 3,
        "juz": 30,
        "hizb": 234,
        "manzil": 7,
        "ruku": 522,
        "word_number_in_verse": 2,
        "language_code": "bn",
        "text": "তোমাকে জানাবে",
        "root_word": "يُدۡرِيكَ",
        "global_word_sequence_number": 75480,
        "global_verse_sequence_number": 5761
    },
    {
        "chapter": 80,
        "verse": 3,
        "juz": 30,
        "hizb": 234,
        "manzil": 7,
        "ruku": 522,
        "word_number_in_verse": 3,
        "language_code": "bn",
        "text": "সে হয়তো",
        "root_word": "لَعَلَّهُۥ",
        "global_word_sequence_number": 75481,
        "global_verse_sequence_number": 5761
    },
    {
        "chapter": 80,
        "verse": 3,
        "juz": 30,
        "hizb": 234,
        "manzil": 7,
        "ruku": 522,
        "word_number_in_verse": 4,
        "language_code": "bn",
        "text": "পরিশুদ্ধ হতো",
        "root_word": "يَزَّكَّىٰٓ",
        "global_word_sequence_number": 75482,
        "global_verse_sequence_number": 5761
    },
    {
        "chapter": 80,
        "verse": 4,
        "juz": 30,
        "hizb": 234,
        "manzil": 7,
        "ruku": 522,
        "word_number_in_verse": 1,
        "language_code": "bn",
        "text": "বা",
        "root_word": "أَوۡ",
        "global_word_sequence_number": 75483,
        "global_verse_sequence_number": 5762
    },
    {
        "chapter": 80,
        "verse": 4,
        "juz": 30,
        "hizb": 234,
        "manzil": 7,
        "ruku": 522,
        "word_number_in_verse": 2,
        "language_code": "bn",
        "text": "উপদেশ গ্রহণ করতো",
        "root_word": "يَذَّكَّرُ",
        "global_word_sequence_number": 75484,
        "global_verse_sequence_number": 5762
    },
    {
        "chapter": 80,
        "verse": 4,
        "juz": 30,
        "hizb": 234,
        "manzil": 7,
        "ruku": 522,
        "word_number_in_verse": 3,
        "language_code": "bn",
        "text": "তাকে অতঃপর উপকার দিত",
        "root_word": "فَتَنفَعَهُ",
        "global_word_sequence_number": 75485,
        "global_verse_sequence_number": 5762
    },
    {
        "chapter": 80,
        "verse": 4,
        "juz": 30,
        "hizb": 234,
        "manzil": 7,
        "ruku": 522,
        "word_number_in_verse": 4,
        "language_code": "bn",
        "text": "উপদেশ",
        "root_word": "الذِّكۡرَىٰٓ",
        "global_word_sequence_number": 75486,
        "global_verse_sequence_number": 5762
    },
    {
        "chapter": 80,
        "verse": 5,
        "juz": 30,
        "hizb": 234,
        "manzil": 7,
        "ruku": 522,
        "word_number_in_verse": 1,
        "language_code": "bn",
        "text": "পক্ষান্তরে",
        "root_word": "أَمَّا",
        "global_word_sequence_number": 75487,
        "global_verse_sequence_number": 5763
    },
    {
        "chapter": 80,
        "verse": 5,
        "juz": 30,
        "hizb": 234,
        "manzil": 7,
        "ruku": 522,
        "word_number_in_verse": 2,
        "language_code": "bn",
        "text": "যে",
        "root_word": "مَنِ",
        "global_word_sequence_number": 75488,
        "global_verse_sequence_number": 5763
    },
    {
        "chapter": 80,
        "verse": 5,
        "juz": 30,
        "hizb": 234,
        "manzil": 7,
        "ruku": 522,
        "word_number_in_verse": 3,
        "language_code": "bn",
        "text": "বেপরোয়া হলো (উন্নাসিকতা দেখালো)",
        "root_word": "اسۡتَغۡنَىٰ",
        "global_word_sequence_number": 75489,
        "global_verse_sequence_number": 5763
    },
    {
        "chapter": 80,
        "verse": 6,
        "juz": 30,
        "hizb": 234,
        "manzil": 7,
        "ruku": 522,
        "word_number_in_verse": 1,
        "language_code": "bn",
        "text": "অথচ তুমি",
        "root_word": "فَأَنتَ",
        "global_word_sequence_number": 75490,
        "global_verse_sequence_number": 5764
    },
    {
        "chapter": 80,
        "verse": 6,
        "juz": 30,
        "hizb": 234,
        "manzil": 7,
        "ruku": 522,
        "word_number_in_verse": 2,
        "language_code": "bn",
        "text": "তার জন্যে",
        "root_word": "لَهُۥ",
        "global_word_sequence_number": 75491,
        "global_verse_sequence_number": 5764
    },
    {
        "chapter": 80,
        "verse": 6,
        "juz": 30,
        "hizb": 234,
        "manzil": 7,
        "ruku": 522,
        "word_number_in_verse": 3,
        "language_code": "bn",
        "text": "মনযোগ দিচ্ছো",
        "root_word": "تَصَدَّىٰ",
        "global_word_sequence_number": 75492,
        "global_verse_sequence_number": 5764
    },
    {
        "chapter": 80,
        "verse": 7,
        "juz": 30,
        "hizb": 234,
        "manzil": 7,
        "ruku": 522,
        "word_number_in_verse": 1,
        "language_code": "bn",
        "text": "কিন্তু নাই",
        "root_word": "وَمَا",
        "global_word_sequence_number": 75493,
        "global_verse_sequence_number": 5765
    },
    {
        "chapter": 80,
        "verse": 7,
        "juz": 30,
        "hizb": 234,
        "manzil": 7,
        "ruku": 522,
        "word_number_in_verse": 2,
        "language_code": "bn",
        "text": "তোমার উপর (দায়িত্ব)",
        "root_word": "عَلَيۡكَ",
        "global_word_sequence_number": 75494,
        "global_verse_sequence_number": 5765
    },
    {
        "chapter": 80,
        "verse": 7,
        "juz": 30,
        "hizb": 234,
        "manzil": 7,
        "ruku": 522,
        "word_number_in_verse": 3,
        "language_code": "bn",
        "text": "যদি না",
        "root_word": "أَلَّا",
        "global_word_sequence_number": 75495,
        "global_verse_sequence_number": 5765
    },
    {
        "chapter": 80,
        "verse": 7,
        "juz": 30,
        "hizb": 234,
        "manzil": 7,
        "ruku": 522,
        "word_number_in_verse": 4,
        "language_code": "bn",
        "text": "সে পরিশুদ্ধ হয়",
        "root_word": "يَزَّكَّىٰ",
        "global_word_sequence_number": 75496,
        "global_verse_sequence_number": 5765
    },
    {
        "chapter": 80,
        "verse": 8,
        "juz": 30,
        "hizb": 234,
        "manzil": 7,
        "ruku": 522,
        "word_number_in_verse": 1,
        "language_code": "bn",
        "text": "আর অন্যপক্ষে",
        "root_word": "وَأَمَّا",
        "global_word_sequence_number": 75497,
        "global_verse_sequence_number": 5766
    },
    {
        "chapter": 80,
        "verse": 8,
        "juz": 30,
        "hizb": 234,
        "manzil": 7,
        "ruku": 522,
        "word_number_in_verse": 2,
        "language_code": "bn",
        "text": "যে",
        "root_word": "مَن",
        "global_word_sequence_number": 75498,
        "global_verse_sequence_number": 5766
    },
    {
        "chapter": 80,
        "verse": 8,
        "juz": 30,
        "hizb": 234,
        "manzil": 7,
        "ruku": 522,
        "word_number_in_verse": 3,
        "language_code": "bn",
        "text": "তোমার কাছে আসল",
        "root_word": "جَآءَكَ",
        "global_word_sequence_number": 75499,
        "global_verse_sequence_number": 5766
    },
    {
        "chapter": 80,
        "verse": 8,
        "juz": 30,
        "hizb": 234,
        "manzil": 7,
        "ruku": 522,
        "word_number_in_verse": 4,
        "language_code": "bn",
        "text": "দৌড়ে",
        "root_word": "يَسۡعَىٰ",
        "global_word_sequence_number": 75500,
        "global_verse_sequence_number": 5766
    },
    {
        "chapter": 80,
        "verse": 9,
        "juz": 30,
        "hizb": 234,
        "manzil": 7,
        "ruku": 522,
        "word_number_in_verse": 1,
        "language_code": "bn",
        "text": "এবং সে",
        "root_word": "وَهُوَ",
        "global_word_sequence_number": 75501,
        "global_verse_sequence_number": 5767
    },
    {
        "chapter": 80,
        "verse": 9,
        "juz": 30,
        "hizb": 234,
        "manzil": 7,
        "ruku": 522,
        "word_number_in_verse": 2,
        "language_code": "bn",
        "text": "ভয় করে",
        "root_word": "يَخۡشَىٰ",
        "global_word_sequence_number": 75502,
        "global_verse_sequence_number": 5767
    },
    {
        "chapter": 80,
        "verse": 10,
        "juz": 30,
        "hizb": 234,
        "manzil": 7,
        "ruku": 522,
        "word_number_in_verse": 1,
        "language_code": "bn",
        "text": "অথচ তুমি",
        "root_word": "فَأَنتَ",
        "global_word_sequence_number": 75503,
        "global_verse_sequence_number": 5768
    },
    {
        "chapter": 80,
        "verse": 10,
        "juz": 30,
        "hizb": 234,
        "manzil": 7,
        "ruku": 522,
        "word_number_in_verse": 2,
        "language_code": "bn",
        "text": "তার থেকে",
        "root_word": "عَنۡهُ",
        "global_word_sequence_number": 75504,
        "global_verse_sequence_number": 5768
    },
    {
        "chapter": 80,
        "verse": 10,
        "juz": 30,
        "hizb": 234,
        "manzil": 7,
        "ruku": 522,
        "word_number_in_verse": 3,
        "language_code": "bn",
        "text": "অনীহা প্রকাশ করছ",
        "root_word": "تَلَهَّىٰ",
        "global_word_sequence_number": 75505,
        "global_verse_sequence_number": 5768
    },
    {
        "chapter": 80,
        "verse": 11,
        "juz": 30,
        "hizb": 234,
        "manzil": 7,
        "ruku": 522,
        "word_number_in_verse": 1,
        "language_code": "bn",
        "text": "কখনও না",
        "root_word": "كـَلَّآ",
        "global_word_sequence_number": 75506,
        "global_verse_sequence_number": 5769
    },
    {
        "chapter": 80,
        "verse": 11,
        "juz": 30,
        "hizb": 234,
        "manzil": 7,
        "ruku": 522,
        "word_number_in_verse": 2,
        "language_code": "bn",
        "text": "নিশ্চয়ই তা",
        "root_word": "إِنَّهَا",
        "global_word_sequence_number": 75507,
        "global_verse_sequence_number": 5769
    },
    {
        "chapter": 80,
        "verse": 11,
        "juz": 30,
        "hizb": 234,
        "manzil": 7,
        "ruku": 522,
        "word_number_in_verse": 3,
        "language_code": "bn",
        "text": "উপদেশ",
        "root_word": "تَذۡكِرَةٞ",
        "global_word_sequence_number": 75508,
        "global_verse_sequence_number": 5769
    },
    {
        "chapter": 80,
        "verse": 12,
        "juz": 30,
        "hizb": 234,
        "manzil": 7,
        "ruku": 522,
        "word_number_in_verse": 1,
        "language_code": "bn",
        "text": "অতএব যে",
        "root_word": "فَمَن",
        "global_word_sequence_number": 75509,
        "global_verse_sequence_number": 5770
    },
    {
        "chapter": 80,
        "verse": 12,
        "juz": 30,
        "hizb": 234,
        "manzil": 7,
        "ruku": 522,
        "word_number_in_verse": 2,
        "language_code": "bn",
        "text": "চায়",
        "root_word": "شَآءَ",
        "global_word_sequence_number": 75510,
        "global_verse_sequence_number": 5770
    },
    {
        "chapter": 80,
        "verse": 12,
        "juz": 30,
        "hizb": 234,
        "manzil": 7,
        "ruku": 522,
        "word_number_in_verse": 3,
        "language_code": "bn",
        "text": "(তা স্মরণ করবে) তা গ্রহণ করবে",
        "root_word": "ذَكَرَهُۥ",
        "global_word_sequence_number": 75511,
        "global_verse_sequence_number": 5770
    },
    {
        "chapter": 80,
        "verse": 13,
        "juz": 30,
        "hizb": 234,
        "manzil": 7,
        "ruku": 522,
        "word_number_in_verse": 1,
        "language_code": "bn",
        "text": "মধ্যে (লিপিবদ্ধ)",
        "root_word": "فِي",
        "global_word_sequence_number": 75512,
        "global_verse_sequence_number": 5771
    },
    {
        "chapter": 80,
        "verse": 13,
        "juz": 30,
        "hizb": 234,
        "manzil": 7,
        "ruku": 522,
        "word_number_in_verse": 2,
        "language_code": "bn",
        "text": "সহিফাসমূহের",
        "root_word": "صُحُفٖ",
        "global_word_sequence_number": 75513,
        "global_verse_sequence_number": 5771
    },
    {
        "chapter": 80,
        "verse": 13,
        "juz": 30,
        "hizb": 234,
        "manzil": 7,
        "ruku": 522,
        "word_number_in_verse": 3,
        "language_code": "bn",
        "text": "(যা) সম্মানিত",
        "root_word": "مُّكَرَّمَةٖ",
        "global_word_sequence_number": 75514,
        "global_verse_sequence_number": 5771
    },
    {
        "chapter": 80,
        "verse": 14,
        "juz": 30,
        "hizb": 234,
        "manzil": 7,
        "ruku": 522,
        "word_number_in_verse": 1,
        "language_code": "bn",
        "text": "উচ্চ মর্যাদাসম্পন্ন",
        "root_word": "مَّرۡفُوعَةٖ",
        "global_word_sequence_number": 75515,
        "global_verse_sequence_number": 5772
    },
    {
        "chapter": 80,
        "verse": 14,
        "juz": 30,
        "hizb": 234,
        "manzil": 7,
        "ruku": 522,
        "word_number_in_verse": 2,
        "language_code": "bn",
        "text": "পবিত্র",
        "root_word": "مُّطَهَّرَةِۭ",
        "global_word_sequence_number": 75516,
        "global_verse_sequence_number": 5772
    },
    {
        "chapter": 80,
        "verse": 15,
        "juz": 30,
        "hizb": 234,
        "manzil": 7,
        "ruku": 522,
        "word_number_in_verse": 1,
        "language_code": "bn",
        "text": "হাতে",
        "root_word": "بِأَيۡدِي",
        "global_word_sequence_number": 75517,
        "global_verse_sequence_number": 5773
    },
    {
        "chapter": 80,
        "verse": 15,
        "juz": 30,
        "hizb": 234,
        "manzil": 7,
        "ruku": 522,
        "word_number_in_verse": 2,
        "language_code": "bn",
        "text": "দূতদের",
        "root_word": "سَفَرَةٖ",
        "global_word_sequence_number": 75518,
        "global_verse_sequence_number": 5773
    },
    {
        "chapter": 80,
        "verse": 16,
        "juz": 30,
        "hizb": 234,
        "manzil": 7,
        "ruku": 522,
        "word_number_in_verse": 1,
        "language_code": "bn",
        "text": "সম্মানিত",
        "root_word": "كِرَامِۭ",
        "global_word_sequence_number": 75519,
        "global_verse_sequence_number": 5774
    },
    {
        "chapter": 80,
        "verse": 16,
        "juz": 30,
        "hizb": 234,
        "manzil": 7,
        "ruku": 522,
        "word_number_in_verse": 2,
        "language_code": "bn",
        "text": "সততাসম্পন্ন",
        "root_word": "بَرَرَةٖ",
        "global_word_sequence_number": 75520,
        "global_verse_sequence_number": 5774
    },
    {
        "chapter": 80,
        "verse": 17,
        "juz": 30,
        "hizb": 234,
        "manzil": 7,
        "ruku": 522,
        "word_number_in_verse": 1,
        "language_code": "bn",
        "text": "ধ্বংস হোক",
        "root_word": "قُتِلَ",
        "global_word_sequence_number": 75521,
        "global_verse_sequence_number": 5775
    },
    {
        "chapter": 80,
        "verse": 17,
        "juz": 30,
        "hizb": 234,
        "manzil": 7,
        "ruku": 522,
        "word_number_in_verse": 2,
        "language_code": "bn",
        "text": "মানুষ",
        "root_word": "الۡإِنسَٰنُ",
        "global_word_sequence_number": 75522,
        "global_verse_sequence_number": 5775
    },
    {
        "chapter": 80,
        "verse": 17,
        "juz": 30,
        "hizb": 234,
        "manzil": 7,
        "ruku": 522,
        "word_number_in_verse": 3,
        "language_code": "bn",
        "text": "কতই না",
        "root_word": "مَآ",
        "global_word_sequence_number": 75523,
        "global_verse_sequence_number": 5775
    },
    {
        "chapter": 80,
        "verse": 17,
        "juz": 30,
        "hizb": 234,
        "manzil": 7,
        "ruku": 522,
        "word_number_in_verse": 4,
        "language_code": "bn",
        "text": "তা অমান্যকারী",
        "root_word": "أَكۡفَرَهُۥ",
        "global_word_sequence_number": 75524,
        "global_verse_sequence_number": 5775
    },
    {
        "chapter": 80,
        "verse": 18,
        "juz": 30,
        "hizb": 234,
        "manzil": 7,
        "ruku": 522,
        "word_number_in_verse": 1,
        "language_code": "bn",
        "text": "থেকে",
        "root_word": "مِنۡ",
        "global_word_sequence_number": 75525,
        "global_verse_sequence_number": 5776
    },
    {
        "chapter": 80,
        "verse": 18,
        "juz": 30,
        "hizb": 234,
        "manzil": 7,
        "ruku": 522,
        "word_number_in_verse": 2,
        "language_code": "bn",
        "text": "কোন",
        "root_word": "أَيِّ",
        "global_word_sequence_number": 75526,
        "global_verse_sequence_number": 5776
    },
    {
        "chapter": 80,
        "verse": 18,
        "juz": 30,
        "hizb": 234,
        "manzil": 7,
        "ruku": 522,
        "word_number_in_verse": 3,
        "language_code": "bn",
        "text": "বস্তু",
        "root_word": "شَيۡءٍ",
        "global_word_sequence_number": 75527,
        "global_verse_sequence_number": 5776
    },
    {
        "chapter": 80,
        "verse": 18,
        "juz": 30,
        "hizb": 234,
        "manzil": 7,
        "ruku": 522,
        "word_number_in_verse": 4,
        "language_code": "bn",
        "text": "তিনি তাকে সৃষ্টি করেছেন",
        "root_word": "خَلَقَهُۥ",
        "global_word_sequence_number": 75528,
        "global_verse_sequence_number": 5776
    },
    {
        "chapter": 80,
        "verse": 19,
        "juz": 30,
        "hizb": 234,
        "manzil": 7,
        "ruku": 522,
        "word_number_in_verse": 1,
        "language_code": "bn",
        "text": "হতে",
        "root_word": "مِن",
        "global_word_sequence_number": 75529,
        "global_verse_sequence_number": 5777
    },
    {
        "chapter": 80,
        "verse": 19,
        "juz": 30,
        "hizb": 234,
        "manzil": 7,
        "ruku": 522,
        "word_number_in_verse": 2,
        "language_code": "bn",
        "text": "শুক্র ফোঁটা",
        "root_word": "نُّطۡفَةٍ",
        "global_word_sequence_number": 75530,
        "global_verse_sequence_number": 5777
    },
    {
        "chapter": 80,
        "verse": 19,
        "juz": 30,
        "hizb": 234,
        "manzil": 7,
        "ruku": 522,
        "word_number_in_verse": 3,
        "language_code": "bn",
        "text": "তিনি তাকে সৃষ্টি করেছেন",
        "root_word": "خَلَقَهُۥ",
        "global_word_sequence_number": 75531,
        "global_verse_sequence_number": 5777
    },
    {
        "chapter": 80,
        "verse": 19,
        "juz": 30,
        "hizb": 234,
        "manzil": 7,
        "ruku": 522,
        "word_number_in_verse": 4,
        "language_code": "bn",
        "text": "অতঃপর তার নিয়তি নির্দিষ্ট করেছেন",
        "root_word": "فَقَدَّرَهُۥ",
        "global_word_sequence_number": 75532,
        "global_verse_sequence_number": 5777
    },
    {
        "chapter": 80,
        "verse": 20,
        "juz": 30,
        "hizb": 234,
        "manzil": 7,
        "ruku": 522,
        "word_number_in_verse": 1,
        "language_code": "bn",
        "text": "এরপর",
        "root_word": "ثُمَّ",
        "global_word_sequence_number": 75533,
        "global_verse_sequence_number": 5778
    },
    {
        "chapter": 80,
        "verse": 20,
        "juz": 30,
        "hizb": 234,
        "manzil": 7,
        "ruku": 522,
        "word_number_in_verse": 2,
        "language_code": "bn",
        "text": "পথ",
        "root_word": "السَّبِيلَ",
        "global_word_sequence_number": 75534,
        "global_verse_sequence_number": 5778
    },
    {
        "chapter": 80,
        "verse": 20,
        "juz": 30,
        "hizb": 234,
        "manzil": 7,
        "ruku": 522,
        "word_number_in_verse": 3,
        "language_code": "bn",
        "text": "তার (জন্যে) সহজ করেছেন",
        "root_word": "يَسَّرَهُۥ",
        "global_word_sequence_number": 75535,
        "global_verse_sequence_number": 5778
    },
    {
        "chapter": 80,
        "verse": 21,
        "juz": 30,
        "hizb": 234,
        "manzil": 7,
        "ruku": 522,
        "word_number_in_verse": 1,
        "language_code": "bn",
        "text": "এরপর",
        "root_word": "ثُمَّ",
        "global_word_sequence_number": 75536,
        "global_verse_sequence_number": 5779
    },
    {
        "chapter": 80,
        "verse": 21,
        "juz": 30,
        "hizb": 234,
        "manzil": 7,
        "ruku": 522,
        "word_number_in_verse": 2,
        "language_code": "bn",
        "text": "তাকে মৃত্যু দেন",
        "root_word": "أَمَاتَهُۥ",
        "global_word_sequence_number": 75537,
        "global_verse_sequence_number": 5779
    },
    {
        "chapter": 80,
        "verse": 21,
        "juz": 30,
        "hizb": 234,
        "manzil": 7,
        "ruku": 522,
        "word_number_in_verse": 3,
        "language_code": "bn",
        "text": "অতঃপর তাকে  কবরস্থ করেন",
        "root_word": "فَأَقۡبَرَهُۥ",
        "global_word_sequence_number": 75538,
        "global_verse_sequence_number": 5779
    },
    {
        "chapter": 80,
        "verse": 22,
        "juz": 30,
        "hizb": 234,
        "manzil": 7,
        "ruku": 522,
        "word_number_in_verse": 1,
        "language_code": "bn",
        "text": "এরপর",
        "root_word": "ثُمَّ",
        "global_word_sequence_number": 75539,
        "global_verse_sequence_number": 5780
    },
    {
        "chapter": 80,
        "verse": 22,
        "juz": 30,
        "hizb": 234,
        "manzil": 7,
        "ruku": 522,
        "word_number_in_verse": 2,
        "language_code": "bn",
        "text": "যখন",
        "root_word": "إِذَا",
        "global_word_sequence_number": 75540,
        "global_verse_sequence_number": 5780
    },
    {
        "chapter": 80,
        "verse": 22,
        "juz": 30,
        "hizb": 234,
        "manzil": 7,
        "ruku": 522,
        "word_number_in_verse": 3,
        "language_code": "bn",
        "text": "চাইবেন",
        "root_word": "شَآءَ",
        "global_word_sequence_number": 75541,
        "global_verse_sequence_number": 5780
    },
    {
        "chapter": 80,
        "verse": 22,
        "juz": 30,
        "hizb": 234,
        "manzil": 7,
        "ruku": 522,
        "word_number_in_verse": 4,
        "language_code": "bn",
        "text": "তাকে পুনরায়  জীবিত করবেন",
        "root_word": "أَنشَرَهُۥ",
        "global_word_sequence_number": 75542,
        "global_verse_sequence_number": 5780
    },
    {
        "chapter": 80,
        "verse": 23,
        "juz": 30,
        "hizb": 234,
        "manzil": 7,
        "ruku": 522,
        "word_number_in_verse": 1,
        "language_code": "bn",
        "text": "কখনও না",
        "root_word": "كـَلَّا",
        "global_word_sequence_number": 75543,
        "global_verse_sequence_number": 5781
    },
    {
        "chapter": 80,
        "verse": 23,
        "juz": 30,
        "hizb": 234,
        "manzil": 7,
        "ruku": 522,
        "word_number_in_verse": 2,
        "language_code": "bn",
        "text": "না যা",
        "root_word": "لَمَّا",
        "global_word_sequence_number": 75544,
        "global_verse_sequence_number": 5781
    },
    {
        "chapter": 80,
        "verse": 23,
        "juz": 30,
        "hizb": 234,
        "manzil": 7,
        "ruku": 522,
        "word_number_in_verse": 3,
        "language_code": "bn",
        "text": "সে পালন করে",
        "root_word": "يَقۡضِ",
        "global_word_sequence_number": 75545,
        "global_verse_sequence_number": 5781
    },
    {
        "chapter": 80,
        "verse": 23,
        "juz": 30,
        "hizb": 234,
        "manzil": 7,
        "ruku": 522,
        "word_number_in_verse": 4,
        "language_code": "bn",
        "text": "যা",
        "root_word": "مَآ",
        "global_word_sequence_number": 75546,
        "global_verse_sequence_number": 5781
    },
    {
        "chapter": 80,
        "verse": 23,
        "juz": 30,
        "hizb": 234,
        "manzil": 7,
        "ruku": 522,
        "word_number_in_verse": 5,
        "language_code": "bn",
        "text": "তাকে আদেশ করেছেন তিনি",
        "root_word": "أَمَرَهُۥ",
        "global_word_sequence_number": 75547,
        "global_verse_sequence_number": 5781
    },
    {
        "chapter": 80,
        "verse": 24,
        "juz": 30,
        "hizb": 234,
        "manzil": 7,
        "ruku": 522,
        "word_number_in_verse": 1,
        "language_code": "bn",
        "text": "অতঃপর লক্ষ্য করুক",
        "root_word": "فَلۡيَنظُرِ",
        "global_word_sequence_number": 75548,
        "global_verse_sequence_number": 5782
    },
    {
        "chapter": 80,
        "verse": 24,
        "juz": 30,
        "hizb": 234,
        "manzil": 7,
        "ruku": 522,
        "word_number_in_verse": 2,
        "language_code": "bn",
        "text": "মানুষ",
        "root_word": "الۡإِنسَٰنُ",
        "global_word_sequence_number": 75549,
        "global_verse_sequence_number": 5782
    },
    {
        "chapter": 80,
        "verse": 24,
        "juz": 30,
        "hizb": 234,
        "manzil": 7,
        "ruku": 522,
        "word_number_in_verse": 3,
        "language_code": "bn",
        "text": "প্রতি",
        "root_word": "إِلَىٰ",
        "global_word_sequence_number": 75550,
        "global_verse_sequence_number": 5782
    },
    {
        "chapter": 80,
        "verse": 24,
        "juz": 30,
        "hizb": 234,
        "manzil": 7,
        "ruku": 522,
        "word_number_in_verse": 4,
        "language_code": "bn",
        "text": "তার খাদ্যের",
        "root_word": "طَعَامِهِۦٓ",
        "global_word_sequence_number": 75551,
        "global_verse_sequence_number": 5782
    },
    {
        "chapter": 80,
        "verse": 25,
        "juz": 30,
        "hizb": 234,
        "manzil": 7,
        "ruku": 522,
        "word_number_in_verse": 1,
        "language_code": "bn",
        "text": "নিশ্চয়ই আমরা",
        "root_word": "أَنَّا",
        "global_word_sequence_number": 75552,
        "global_verse_sequence_number": 5783
    },
    {
        "chapter": 80,
        "verse": 25,
        "juz": 30,
        "hizb": 234,
        "manzil": 7,
        "ruku": 522,
        "word_number_in_verse": 2,
        "language_code": "bn",
        "text": "আমরা বর্ষণ করেছি",
        "root_word": "صَبَبۡنَا",
        "global_word_sequence_number": 75553,
        "global_verse_sequence_number": 5783
    },
    {
        "chapter": 80,
        "verse": 25,
        "juz": 30,
        "hizb": 234,
        "manzil": 7,
        "ruku": 522,
        "word_number_in_verse": 3,
        "language_code": "bn",
        "text": "পানি",
        "root_word": "الۡمَآءَ",
        "global_word_sequence_number": 75554,
        "global_verse_sequence_number": 5783
    },
    {
        "chapter": 80,
        "verse": 25,
        "juz": 30,
        "hizb": 234,
        "manzil": 7,
        "ruku": 522,
        "word_number_in_verse": 4,
        "language_code": "bn",
        "text": "(প্রচুর) বর্ষণ",
        "root_word": "صَبّٗا",
        "global_word_sequence_number": 75555,
        "global_verse_sequence_number": 5783
    },
    {
        "chapter": 80,
        "verse": 26,
        "juz": 30,
        "hizb": 234,
        "manzil": 7,
        "ruku": 522,
        "word_number_in_verse": 1,
        "language_code": "bn",
        "text": "এরপর",
        "root_word": "ثُمَّ",
        "global_word_sequence_number": 75556,
        "global_verse_sequence_number": 5784
    },
    {
        "chapter": 80,
        "verse": 26,
        "juz": 30,
        "hizb": 234,
        "manzil": 7,
        "ruku": 522,
        "word_number_in_verse": 2,
        "language_code": "bn",
        "text": "আমরা বিদীর্ণ করেছি",
        "root_word": "شَقَقۡنَا",
        "global_word_sequence_number": 75557,
        "global_verse_sequence_number": 5784
    },
    {
        "chapter": 80,
        "verse": 26,
        "juz": 30,
        "hizb": 234,
        "manzil": 7,
        "ruku": 522,
        "word_number_in_verse": 3,
        "language_code": "bn",
        "text": "মাটিকে",
        "root_word": "الۡأَرۡضَ",
        "global_word_sequence_number": 75558,
        "global_verse_sequence_number": 5784
    },
    {
        "chapter": 80,
        "verse": 26,
        "juz": 30,
        "hizb": 234,
        "manzil": 7,
        "ruku": 522,
        "word_number_in_verse": 4,
        "language_code": "bn",
        "text": "(খুব) বিদীর্ণ",
        "root_word": "شَقّٗا",
        "global_word_sequence_number": 75559,
        "global_verse_sequence_number": 5784
    },
    {
        "chapter": 80,
        "verse": 27,
        "juz": 30,
        "hizb": 234,
        "manzil": 7,
        "ruku": 522,
        "word_number_in_verse": 1,
        "language_code": "bn",
        "text": "অতঃপর আমরা উৎপন্ন করেছি",
        "root_word": "فَأَنۢبَتۡنَا",
        "global_word_sequence_number": 75560,
        "global_verse_sequence_number": 5785
    },
    {
        "chapter": 80,
        "verse": 27,
        "juz": 30,
        "hizb": 234,
        "manzil": 7,
        "ruku": 522,
        "word_number_in_verse": 2,
        "language_code": "bn",
        "text": "তার মধ্যে",
        "root_word": "فِيهَا",
        "global_word_sequence_number": 75561,
        "global_verse_sequence_number": 5785
    },
    {
        "chapter": 80,
        "verse": 27,
        "juz": 30,
        "hizb": 234,
        "manzil": 7,
        "ruku": 522,
        "word_number_in_verse": 3,
        "language_code": "bn",
        "text": "শস্য",
        "root_word": "حَبّٗا",
        "global_word_sequence_number": 75562,
        "global_verse_sequence_number": 5785
    },
    {
        "chapter": 80,
        "verse": 28,
        "juz": 30,
        "hizb": 234,
        "manzil": 7,
        "ruku": 522,
        "word_number_in_verse": 1,
        "language_code": "bn",
        "text": "ও আঙুর",
        "root_word": "وَعِنَبٗا",
        "global_word_sequence_number": 75563,
        "global_verse_sequence_number": 5786
    },
    {
        "chapter": 80,
        "verse": 28,
        "juz": 30,
        "hizb": 234,
        "manzil": 7,
        "ruku": 522,
        "word_number_in_verse": 2,
        "language_code": "bn",
        "text": "ও শাকসবজি",
        "root_word": "وَقَضۡبٗا",
        "global_word_sequence_number": 75564,
        "global_verse_sequence_number": 5786
    },
    {
        "chapter": 80,
        "verse": 29,
        "juz": 30,
        "hizb": 234,
        "manzil": 7,
        "ruku": 522,
        "word_number_in_verse": 1,
        "language_code": "bn",
        "text": "এবং যয়তুন",
        "root_word": "وَزَيۡتُونٗا",
        "global_word_sequence_number": 75565,
        "global_verse_sequence_number": 5787
    },
    {
        "chapter": 80,
        "verse": 29,
        "juz": 30,
        "hizb": 234,
        "manzil": 7,
        "ruku": 522,
        "word_number_in_verse": 2,
        "language_code": "bn",
        "text": "ও খেজুর",
        "root_word": "وَنَخۡلٗا",
        "global_word_sequence_number": 75566,
        "global_verse_sequence_number": 5787
    },
    {
        "chapter": 80,
        "verse": 30,
        "juz": 30,
        "hizb": 234,
        "manzil": 7,
        "ruku": 522,
        "word_number_in_verse": 1,
        "language_code": "bn",
        "text": "এবং বাগানসমূহ",
        "root_word": "وَحَدَآئِقَ",
        "global_word_sequence_number": 75567,
        "global_verse_sequence_number": 5788
    },
    {
        "chapter": 80,
        "verse": 30,
        "juz": 30,
        "hizb": 234,
        "manzil": 7,
        "ruku": 522,
        "word_number_in_verse": 2,
        "language_code": "bn",
        "text": "ঘন গাছপালাবিশিষ্ট",
        "root_word": "غُلۡبٗا",
        "global_word_sequence_number": 75568,
        "global_verse_sequence_number": 5788
    },
    {
        "chapter": 80,
        "verse": 31,
        "juz": 30,
        "hizb": 234,
        "manzil": 7,
        "ruku": 522,
        "word_number_in_verse": 1,
        "language_code": "bn",
        "text": "এবং ফল",
        "root_word": "وَفَٰكِهَةٗ",
        "global_word_sequence_number": 75569,
        "global_verse_sequence_number": 5789
    },
    {
        "chapter": 80,
        "verse": 31,
        "juz": 30,
        "hizb": 234,
        "manzil": 7,
        "ruku": 522,
        "word_number_in_verse": 2,
        "language_code": "bn",
        "text": "গবাদি খাদ্য",
        "root_word": "وَأَبّٗا",
        "global_word_sequence_number": 75570,
        "global_verse_sequence_number": 5789
    },
    {
        "chapter": 80,
        "verse": 32,
        "juz": 30,
        "hizb": 234,
        "manzil": 7,
        "ruku": 522,
        "word_number_in_verse": 1,
        "language_code": "bn",
        "text": "ভোগ্য সামগ্রী (রূপে)",
        "root_word": "مَّتَٰعٗا",
        "global_word_sequence_number": 75571,
        "global_verse_sequence_number": 5790
    },
    {
        "chapter": 80,
        "verse": 32,
        "juz": 30,
        "hizb": 234,
        "manzil": 7,
        "ruku": 522,
        "word_number_in_verse": 2,
        "language_code": "bn",
        "text": "তোমাদের জন্যে",
        "root_word": "لَّكُمۡ",
        "global_word_sequence_number": 75572,
        "global_verse_sequence_number": 5790
    },
    {
        "chapter": 80,
        "verse": 32,
        "juz": 30,
        "hizb": 234,
        "manzil": 7,
        "ruku": 522,
        "word_number_in_verse": 3,
        "language_code": "bn",
        "text": "ও তোমাদের চতুষ্পদ জন্তুর জন্যে",
        "root_word": "وَلِأَنۡعَٰمِكُمۡ",
        "global_word_sequence_number": 75573,
        "global_verse_sequence_number": 5790
    },
    {
        "chapter": 80,
        "verse": 33,
        "juz": 30,
        "hizb": 234,
        "manzil": 7,
        "ruku": 522,
        "word_number_in_verse": 1,
        "language_code": "bn",
        "text": "অতঃপর যখন",
        "root_word": "فَإِذَا",
        "global_word_sequence_number": 75574,
        "global_verse_sequence_number": 5791
    },
    {
        "chapter": 80,
        "verse": 33,
        "juz": 30,
        "hizb": 234,
        "manzil": 7,
        "ruku": 522,
        "word_number_in_verse": 2,
        "language_code": "bn",
        "text": "আসবে",
        "root_word": "جَآءَتِ",
        "global_word_sequence_number": 75575,
        "global_verse_sequence_number": 5791
    },
    {
        "chapter": 80,
        "verse": 33,
        "juz": 30,
        "hizb": 234,
        "manzil": 7,
        "ruku": 522,
        "word_number_in_verse": 3,
        "language_code": "bn",
        "text": "কর্ণবিদারক ধ্বনি",
        "root_word": "الصَّآخَّةُ",
        "global_word_sequence_number": 75576,
        "global_verse_sequence_number": 5791
    },
    {
        "chapter": 80,
        "verse": 34,
        "juz": 30,
        "hizb": 234,
        "manzil": 7,
        "ruku": 522,
        "word_number_in_verse": 1,
        "language_code": "bn",
        "text": "সেদিন",
        "root_word": "يَوۡمَ",
        "global_word_sequence_number": 75577,
        "global_verse_sequence_number": 5792
    },
    {
        "chapter": 80,
        "verse": 34,
        "juz": 30,
        "hizb": 234,
        "manzil": 7,
        "ruku": 522,
        "word_number_in_verse": 2,
        "language_code": "bn",
        "text": "পালাবে",
        "root_word": "يَفِرُّ",
        "global_word_sequence_number": 75578,
        "global_verse_sequence_number": 5792
    },
    {
        "chapter": 80,
        "verse": 34,
        "juz": 30,
        "hizb": 234,
        "manzil": 7,
        "ruku": 522,
        "word_number_in_verse": 3,
        "language_code": "bn",
        "text": "মানুষ",
        "root_word": "الۡمَرۡءُ",
        "global_word_sequence_number": 75579,
        "global_verse_sequence_number": 5792
    },
    {
        "chapter": 80,
        "verse": 34,
        "juz": 30,
        "hizb": 234,
        "manzil": 7,
        "ruku": 522,
        "word_number_in_verse": 4,
        "language_code": "bn",
        "text": "হতে",
        "root_word": "مِنۡ",
        "global_word_sequence_number": 75580,
        "global_verse_sequence_number": 5792
    },
    {
        "chapter": 80,
        "verse": 34,
        "juz": 30,
        "hizb": 234,
        "manzil": 7,
        "ruku": 522,
        "word_number_in_verse": 5,
        "language_code": "bn",
        "text": "তার ভাই",
        "root_word": "أَخِيهِ",
        "global_word_sequence_number": 75581,
        "global_verse_sequence_number": 5792
    },
    {
        "chapter": 80,
        "verse": 35,
        "juz": 30,
        "hizb": 234,
        "manzil": 7,
        "ruku": 522,
        "word_number_in_verse": 1,
        "language_code": "bn",
        "text": "ও তার মা",
        "root_word": "وَأُمِّهِۦ",
        "global_word_sequence_number": 75582,
        "global_verse_sequence_number": 5793
    },
    {
        "chapter": 80,
        "verse": 35,
        "juz": 30,
        "hizb": 234,
        "manzil": 7,
        "ruku": 522,
        "word_number_in_verse": 2,
        "language_code": "bn",
        "text": "ও তার বাপ (হতে)",
        "root_word": "وَأَبِيهِ",
        "global_word_sequence_number": 75583,
        "global_verse_sequence_number": 5793
    },
    {
        "chapter": 80,
        "verse": 36,
        "juz": 30,
        "hizb": 234,
        "manzil": 7,
        "ruku": 522,
        "word_number_in_verse": 1,
        "language_code": "bn",
        "text": "ও তার স্ত্রী",
        "root_word": "وَصَٰحِبَتِهِۦ",
        "global_word_sequence_number": 75584,
        "global_verse_sequence_number": 5794
    },
    {
        "chapter": 80,
        "verse": 36,
        "juz": 30,
        "hizb": 234,
        "manzil": 7,
        "ruku": 522,
        "word_number_in_verse": 2,
        "language_code": "bn",
        "text": "এবং তার সন্তানদের (হতে)",
        "root_word": "وَبَنِيهِ",
        "global_word_sequence_number": 75585,
        "global_verse_sequence_number": 5794
    },
    {
        "chapter": 80,
        "verse": 37,
        "juz": 30,
        "hizb": 234,
        "manzil": 7,
        "ruku": 522,
        "word_number_in_verse": 1,
        "language_code": "bn",
        "text": "জন্যে প্রত্যেক",
        "root_word": "لِكُلِّ",
        "global_word_sequence_number": 75586,
        "global_verse_sequence_number": 5795
    },
    {
        "chapter": 80,
        "verse": 37,
        "juz": 30,
        "hizb": 234,
        "manzil": 7,
        "ruku": 522,
        "word_number_in_verse": 2,
        "language_code": "bn",
        "text": "ব্যক্তির",
        "root_word": "امۡرِيٕٖ",
        "global_word_sequence_number": 75587,
        "global_verse_sequence_number": 5795
    },
    {
        "chapter": 80,
        "verse": 37,
        "juz": 30,
        "hizb": 234,
        "manzil": 7,
        "ruku": 522,
        "word_number_in_verse": 3,
        "language_code": "bn",
        "text": "তাদের মধ্যকার",
        "root_word": "مِّنۡهُمۡ",
        "global_word_sequence_number": 75588,
        "global_verse_sequence_number": 5795
    },
    {
        "chapter": 80,
        "verse": 37,
        "juz": 30,
        "hizb": 234,
        "manzil": 7,
        "ruku": 522,
        "word_number_in_verse": 4,
        "language_code": "bn",
        "text": "সেদিন",
        "root_word": "يَوۡمَئِذٖ",
        "global_word_sequence_number": 75589,
        "global_verse_sequence_number": 5795
    },
    {
        "chapter": 80,
        "verse": 37,
        "juz": 30,
        "hizb": 234,
        "manzil": 7,
        "ruku": 522,
        "word_number_in_verse": 5,
        "language_code": "bn",
        "text": "(বিশেষ) অবস্থা",
        "root_word": "شَأۡنٞ",
        "global_word_sequence_number": 75590,
        "global_verse_sequence_number": 5795
    },
    {
        "chapter": 80,
        "verse": 37,
        "juz": 30,
        "hizb": 234,
        "manzil": 7,
        "ruku": 522,
        "word_number_in_verse": 6,
        "language_code": "bn",
        "text": "তাকে ব্যতিব্যস্ত করবে",
        "root_word": "يُغۡنِيهِ",
        "global_word_sequence_number": 75591,
        "global_verse_sequence_number": 5795
    },
    {
        "chapter": 80,
        "verse": 38,
        "juz": 30,
        "hizb": 234,
        "manzil": 7,
        "ruku": 522,
        "word_number_in_verse": 1,
        "language_code": "bn",
        "text": "(অনেক) মুখ",
        "root_word": "وُجُوهٞ",
        "global_word_sequence_number": 75592,
        "global_verse_sequence_number": 5796
    },
    {
        "chapter": 80,
        "verse": 38,
        "juz": 30,
        "hizb": 234,
        "manzil": 7,
        "ruku": 522,
        "word_number_in_verse": 2,
        "language_code": "bn",
        "text": "সেদিন",
        "root_word": "يَوۡمَئِذٖ",
        "global_word_sequence_number": 75593,
        "global_verse_sequence_number": 5796
    },
    {
        "chapter": 80,
        "verse": 38,
        "juz": 30,
        "hizb": 234,
        "manzil": 7,
        "ruku": 522,
        "word_number_in_verse": 3,
        "language_code": "bn",
        "text": "উজ্জ্বল (হবে)",
        "root_word": "مُّسۡفِرَةٞ",
        "global_word_sequence_number": 75594,
        "global_verse_sequence_number": 5796
    },
    {
        "chapter": 80,
        "verse": 39,
        "juz": 30,
        "hizb": 234,
        "manzil": 7,
        "ruku": 522,
        "word_number_in_verse": 1,
        "language_code": "bn",
        "text": "সহাস্য",
        "root_word": "ضَاحِكَةٞ",
        "global_word_sequence_number": 75595,
        "global_verse_sequence_number": 5797
    },
    {
        "chapter": 80,
        "verse": 39,
        "juz": 30,
        "hizb": 234,
        "manzil": 7,
        "ruku": 522,
        "word_number_in_verse": 2,
        "language_code": "bn",
        "text": "প্রফুল্ল (হবে)",
        "root_word": "مُّسۡتَبۡشِرَةٞ",
        "global_word_sequence_number": 75596,
        "global_verse_sequence_number": 5797
    },
    {
        "chapter": 80,
        "verse": 40,
        "juz": 30,
        "hizb": 234,
        "manzil": 7,
        "ruku": 522,
        "word_number_in_verse": 1,
        "language_code": "bn",
        "text": "এবং (অনেক) মুখ",
        "root_word": "وَوُجُوهٞ",
        "global_word_sequence_number": 75597,
        "global_verse_sequence_number": 5798
    },
    {
        "chapter": 80,
        "verse": 40,
        "juz": 30,
        "hizb": 234,
        "manzil": 7,
        "ruku": 522,
        "word_number_in_verse": 2,
        "language_code": "bn",
        "text": "সেদিন",
        "root_word": "يَوۡمَئِذٍ",
        "global_word_sequence_number": 75598,
        "global_verse_sequence_number": 5798
    },
    {
        "chapter": 80,
        "verse": 40,
        "juz": 30,
        "hizb": 234,
        "manzil": 7,
        "ruku": 522,
        "word_number_in_verse": 3,
        "language_code": "bn",
        "text": "তার উপর",
        "root_word": "عَلَيۡهَا",
        "global_word_sequence_number": 75599,
        "global_verse_sequence_number": 5798
    },
    {
        "chapter": 80,
        "verse": 40,
        "juz": 30,
        "hizb": 234,
        "manzil": 7,
        "ruku": 522,
        "word_number_in_verse": 4,
        "language_code": "bn",
        "text": "মলিনতা (আসবে)",
        "root_word": "غَبَرَةٞ",
        "global_word_sequence_number": 75600,
        "global_verse_sequence_number": 5798
    },
    {
        "chapter": 80,
        "verse": 41,
        "juz": 30,
        "hizb": 234,
        "manzil": 7,
        "ruku": 522,
        "word_number_in_verse": 1,
        "language_code": "bn",
        "text": "তাকে আচ্ছন্ন করবে",
        "root_word": "تَرۡهَقُهَا",
        "global_word_sequence_number": 75601,
        "global_verse_sequence_number": 5799
    },
    {
        "chapter": 80,
        "verse": 41,
        "juz": 30,
        "hizb": 234,
        "manzil": 7,
        "ruku": 522,
        "word_number_in_verse": 2,
        "language_code": "bn",
        "text": "অন্ধকার",
        "root_word": "قَتَرَةٌ",
        "global_word_sequence_number": 75602,
        "global_verse_sequence_number": 5799
    },
    {
        "chapter": 80,
        "verse": 42,
        "juz": 30,
        "hizb": 234,
        "manzil": 7,
        "ruku": 522,
        "word_number_in_verse": 1,
        "language_code": "bn",
        "text": "ঐসব লোক",
        "root_word": "أُوْلَٰٓئِكَ",
        "global_word_sequence_number": 75603,
        "global_verse_sequence_number": 5800
    },
    {
        "chapter": 80,
        "verse": 42,
        "juz": 30,
        "hizb": 234,
        "manzil": 7,
        "ruku": 522,
        "word_number_in_verse": 2,
        "language_code": "bn",
        "text": "তারাই (যারা)",
        "root_word": "هُمُ",
        "global_word_sequence_number": 75604,
        "global_verse_sequence_number": 5800
    },
    {
        "chapter": 80,
        "verse": 42,
        "juz": 30,
        "hizb": 234,
        "manzil": 7,
        "ruku": 522,
        "word_number_in_verse": 3,
        "language_code": "bn",
        "text": "কাফের",
        "root_word": "الۡكَفَرَةُ",
        "global_word_sequence_number": 75605,
        "global_verse_sequence_number": 5800
    },
    {
        "chapter": 80,
        "verse": 42,
        "juz": 30,
        "hizb": 234,
        "manzil": 7,
        "ruku": 522,
        "word_number_in_verse": 4,
        "language_code": "bn",
        "text": "পাপী",
        "root_word": "الۡفَجَرَةُ",
        "global_word_sequence_number": 75606,
        "global_verse_sequence_number": 5800
    }
]