[
    {
        "chapter": 82,
        "verse": 1,
        "juz": 30,
        "hizb": 235,
        "manzil": 7,
        "ruku": 524,
        "word_number_in_verse": 1,
        "language_code": "bn",
        "text": "যখন",
        "root_word": "إِذَا",
        "global_word_sequence_number": 75711,
        "global_verse_sequence_number": 5830
    },
    {
        "chapter": 82,
        "verse": 1,
        "juz": 30,
        "hizb": 235,
        "manzil": 7,
        "ruku": 524,
        "word_number_in_verse": 2,
        "language_code": "bn",
        "text": "আকাশ",
        "root_word": "السَّمَآءُ",
        "global_word_sequence_number": 75712,
        "global_verse_sequence_number": 5830
    },
    {
        "chapter": 82,
        "verse": 1,
        "juz": 30,
        "hizb": 235,
        "manzil": 7,
        "ruku": 524,
        "word_number_in_verse": 3,
        "language_code": "bn",
        "text": "ফেটে যাবে",
        "root_word": "انفَطَرَتۡ",
        "global_word_sequence_number": 75713,
        "global_verse_sequence_number": 5830
    },
    {
        "chapter": 82,
        "verse": 2,
        "juz": 30,
        "hizb": 235,
        "manzil": 7,
        "ruku": 524,
        "word_number_in_verse": 1,
        "language_code": "bn",
        "text": "এবং যখন",
        "root_word": "وَإِذَا",
        "global_word_sequence_number": 75714,
        "global_verse_sequence_number": 5831
    },
    {
        "chapter": 82,
        "verse": 2,
        "juz": 30,
        "hizb": 235,
        "manzil": 7,
        "ruku": 524,
        "word_number_in_verse": 2,
        "language_code": "bn",
        "text": "তারাগুলো",
        "root_word": "الۡكَوَاكِبُ",
        "global_word_sequence_number": 75715,
        "global_verse_sequence_number": 5831
    },
    {
        "chapter": 82,
        "verse": 2,
        "juz": 30,
        "hizb": 235,
        "manzil": 7,
        "ruku": 524,
        "word_number_in_verse": 3,
        "language_code": "bn",
        "text": "বিক্ষিপ্ত হবে",
        "root_word": "انتَثَرَتۡ",
        "global_word_sequence_number": 75716,
        "global_verse_sequence_number": 5831
    },
    {
        "chapter": 82,
        "verse": 3,
        "juz": 30,
        "hizb": 235,
        "manzil": 7,
        "ruku": 524,
        "word_number_in_verse": 1,
        "language_code": "bn",
        "text": "এবং যখন",
        "root_word": "وَإِذَا",
        "global_word_sequence_number": 75717,
        "global_verse_sequence_number": 5832
    },
    {
        "chapter": 82,
        "verse": 3,
        "juz": 30,
        "hizb": 235,
        "manzil": 7,
        "ruku": 524,
        "word_number_in_verse": 2,
        "language_code": "bn",
        "text": "সাগরগুলো",
        "root_word": "الۡبِحَارُ",
        "global_word_sequence_number": 75718,
        "global_verse_sequence_number": 5832
    },
    {
        "chapter": 82,
        "verse": 3,
        "juz": 30,
        "hizb": 235,
        "manzil": 7,
        "ruku": 524,
        "word_number_in_verse": 3,
        "language_code": "bn",
        "text": "উথলে উঠবে",
        "root_word": "فُجِّرَتۡ",
        "global_word_sequence_number": 75719,
        "global_verse_sequence_number": 5832
    },
    {
        "chapter": 82,
        "verse": 4,
        "juz": 30,
        "hizb": 235,
        "manzil": 7,
        "ruku": 524,
        "word_number_in_verse": 1,
        "language_code": "bn",
        "text": "এবং যখন",
        "root_word": "وَإِذَا",
        "global_word_sequence_number": 75720,
        "global_verse_sequence_number": 5833
    },
    {
        "chapter": 82,
        "verse": 4,
        "juz": 30,
        "hizb": 235,
        "manzil": 7,
        "ruku": 524,
        "word_number_in_verse": 2,
        "language_code": "bn",
        "text": "কবরগুলো",
        "root_word": "الۡقُبُورُ",
        "global_word_sequence_number": 75721,
        "global_verse_sequence_number": 5833
    },
    {
        "chapter": 82,
        "verse": 4,
        "juz": 30,
        "hizb": 235,
        "manzil": 7,
        "ruku": 524,
        "word_number_in_verse": 3,
        "language_code": "bn",
        "text": "উন্মোচিত হবে",
        "root_word": "بُعۡثِرَتۡ",
        "global_word_sequence_number": 75722,
        "global_verse_sequence_number": 5833
    },
    {
        "chapter": 82,
        "verse": 5,
        "juz": 30,
        "hizb": 235,
        "manzil": 7,
        "ruku": 524,
        "word_number_in_verse": 1,
        "language_code": "bn",
        "text": "জানবে",
        "root_word": "عَلِمَتۡ",
        "global_word_sequence_number": 75723,
        "global_verse_sequence_number": 5834
    },
    {
        "chapter": 82,
        "verse": 5,
        "juz": 30,
        "hizb": 235,
        "manzil": 7,
        "ruku": 524,
        "word_number_in_verse": 2,
        "language_code": "bn",
        "text": "প্রত্যেক ব্যক্তি",
        "root_word": "نَفۡسٞ",
        "global_word_sequence_number": 75724,
        "global_verse_sequence_number": 5834
    },
    {
        "chapter": 82,
        "verse": 5,
        "juz": 30,
        "hizb": 235,
        "manzil": 7,
        "ruku": 524,
        "word_number_in_verse": 3,
        "language_code": "bn",
        "text": "যা",
        "root_word": "مَّا",
        "global_word_sequence_number": 75725,
        "global_verse_sequence_number": 5834
    },
    {
        "chapter": 82,
        "verse": 5,
        "juz": 30,
        "hizb": 235,
        "manzil": 7,
        "ruku": 524,
        "word_number_in_verse": 4,
        "language_code": "bn",
        "text": "সে আগে পাঠিয়েছে",
        "root_word": "قَدَّمَتۡ",
        "global_word_sequence_number": 75726,
        "global_verse_sequence_number": 5834
    },
    {
        "chapter": 82,
        "verse": 5,
        "juz": 30,
        "hizb": 235,
        "manzil": 7,
        "ruku": 524,
        "word_number_in_verse": 5,
        "language_code": "bn",
        "text": "এবং পিছনে ছেড়েছে",
        "root_word": "وَأَخَّرَتۡ",
        "global_word_sequence_number": 75727,
        "global_verse_sequence_number": 5834
    },
    {
        "chapter": 82,
        "verse": 6,
        "juz": 30,
        "hizb": 235,
        "manzil": 7,
        "ruku": 524,
        "word_number_in_verse": 1,
        "language_code": "bn",
        "text": "হে",
        "root_word": "يَٰٓأَيُّهَا",
        "global_word_sequence_number": 75728,
        "global_verse_sequence_number": 5835
    },
    {
        "chapter": 82,
        "verse": 6,
        "juz": 30,
        "hizb": 235,
        "manzil": 7,
        "ruku": 524,
        "word_number_in_verse": 2,
        "language_code": "bn",
        "text": "মানুষ",
        "root_word": "الۡإِنسَٰنُ",
        "global_word_sequence_number": 75729,
        "global_verse_sequence_number": 5835
    },
    {
        "chapter": 82,
        "verse": 6,
        "juz": 30,
        "hizb": 235,
        "manzil": 7,
        "ruku": 524,
        "word_number_in_verse": 3,
        "language_code": "bn",
        "text": "কিসে",
        "root_word": "مَا",
        "global_word_sequence_number": 75730,
        "global_verse_sequence_number": 5835
    },
    {
        "chapter": 82,
        "verse": 6,
        "juz": 30,
        "hizb": 235,
        "manzil": 7,
        "ruku": 524,
        "word_number_in_verse": 4,
        "language_code": "bn",
        "text": "তোমাকে ধোঁকা দিয়েছে",
        "root_word": "غَرَّكَ",
        "global_word_sequence_number": 75731,
        "global_verse_sequence_number": 5835
    },
    {
        "chapter": 82,
        "verse": 6,
        "juz": 30,
        "hizb": 235,
        "manzil": 7,
        "ruku": 524,
        "word_number_in_verse": 5,
        "language_code": "bn",
        "text": "তোমার রবের ব্যাপারে",
        "root_word": "بِرَبِّكَ",
        "global_word_sequence_number": 75732,
        "global_verse_sequence_number": 5835
    },
    {
        "chapter": 82,
        "verse": 6,
        "juz": 30,
        "hizb": 235,
        "manzil": 7,
        "ruku": 524,
        "word_number_in_verse": 6,
        "language_code": "bn",
        "text": "মহান",
        "root_word": "الۡكَرِيمِ",
        "global_word_sequence_number": 75733,
        "global_verse_sequence_number": 5835
    },
    {
        "chapter": 82,
        "verse": 7,
        "juz": 30,
        "hizb": 235,
        "manzil": 7,
        "ruku": 524,
        "word_number_in_verse": 1,
        "language_code": "bn",
        "text": "যিনি",
        "root_word": "الَّذِي",
        "global_word_sequence_number": 75734,
        "global_verse_sequence_number": 5836
    },
    {
        "chapter": 82,
        "verse": 7,
        "juz": 30,
        "hizb": 235,
        "manzil": 7,
        "ruku": 524,
        "word_number_in_verse": 2,
        "language_code": "bn",
        "text": "তোমাকে সৃষ্টি করেছেন",
        "root_word": "خَلَقَكَ",
        "global_word_sequence_number": 75735,
        "global_verse_sequence_number": 5836
    },
    {
        "chapter": 82,
        "verse": 7,
        "juz": 30,
        "hizb": 235,
        "manzil": 7,
        "ruku": 524,
        "word_number_in_verse": 3,
        "language_code": "bn",
        "text": "অতঃপর তোমাকে সুঠাম করেছেন",
        "root_word": "فَسَوَّىٰكَ",
        "global_word_sequence_number": 75736,
        "global_verse_sequence_number": 5836
    },
    {
        "chapter": 82,
        "verse": 7,
        "juz": 30,
        "hizb": 235,
        "manzil": 7,
        "ruku": 524,
        "word_number_in_verse": 4,
        "language_code": "bn",
        "text": "অতঃপর তোমাকে  সুসামঞ্জস্য করেছেন",
        "root_word": "فَعَدَلَكَ",
        "global_word_sequence_number": 75737,
        "global_verse_sequence_number": 5836
    },
    {
        "chapter": 82,
        "verse": 8,
        "juz": 30,
        "hizb": 235,
        "manzil": 7,
        "ruku": 524,
        "word_number_in_verse": 1,
        "language_code": "bn",
        "text": "মধ্যে",
        "root_word": "فِيٓ",
        "global_word_sequence_number": 75738,
        "global_verse_sequence_number": 5837
    },
    {
        "chapter": 82,
        "verse": 8,
        "juz": 30,
        "hizb": 235,
        "manzil": 7,
        "ruku": 524,
        "word_number_in_verse": 2,
        "language_code": "bn",
        "text": "যে",
        "root_word": "أَيِّ",
        "global_word_sequence_number": 75739,
        "global_verse_sequence_number": 5837
    },
    {
        "chapter": 82,
        "verse": 8,
        "juz": 30,
        "hizb": 235,
        "manzil": 7,
        "ruku": 524,
        "word_number_in_verse": 3,
        "language_code": "bn",
        "text": "আকৃতিতে",
        "root_word": "صُورَةٖ",
        "global_word_sequence_number": 75740,
        "global_verse_sequence_number": 5837
    },
    {
        "chapter": 82,
        "verse": 8,
        "juz": 30,
        "hizb": 235,
        "manzil": 7,
        "ruku": 524,
        "word_number_in_verse": 4,
        "language_code": "bn",
        "text": "(যা) যেমন",
        "root_word": "مَّا",
        "global_word_sequence_number": 75741,
        "global_verse_sequence_number": 5837
    },
    {
        "chapter": 82,
        "verse": 8,
        "juz": 30,
        "hizb": 235,
        "manzil": 7,
        "ruku": 524,
        "word_number_in_verse": 5,
        "language_code": "bn",
        "text": "তিনি চেয়েছেন",
        "root_word": "شَآءَ",
        "global_word_sequence_number": 75742,
        "global_verse_sequence_number": 5837
    },
    {
        "chapter": 82,
        "verse": 8,
        "juz": 30,
        "hizb": 235,
        "manzil": 7,
        "ruku": 524,
        "word_number_in_verse": 6,
        "language_code": "bn",
        "text": "তোমাকে গঠন করেছেন",
        "root_word": "رَكَّبَكَ",
        "global_word_sequence_number": 75743,
        "global_verse_sequence_number": 5837
    },
    {
        "chapter": 82,
        "verse": 9,
        "juz": 30,
        "hizb": 235,
        "manzil": 7,
        "ruku": 524,
        "word_number_in_verse": 1,
        "language_code": "bn",
        "text": "কখনও নয়",
        "root_word": "كـَلَّا",
        "global_word_sequence_number": 75744,
        "global_verse_sequence_number": 5838
    },
    {
        "chapter": 82,
        "verse": 9,
        "juz": 30,
        "hizb": 235,
        "manzil": 7,
        "ruku": 524,
        "word_number_in_verse": 2,
        "language_code": "bn",
        "text": "বরং",
        "root_word": "بَلۡ",
        "global_word_sequence_number": 75745,
        "global_verse_sequence_number": 5838
    },
    {
        "chapter": 82,
        "verse": 9,
        "juz": 30,
        "hizb": 235,
        "manzil": 7,
        "ruku": 524,
        "word_number_in_verse": 3,
        "language_code": "bn",
        "text": "তোমারা মিথ্যা মনে করছ",
        "root_word": "تُكَذِّبُونَ",
        "global_word_sequence_number": 75746,
        "global_verse_sequence_number": 5838
    },
    {
        "chapter": 82,
        "verse": 9,
        "juz": 30,
        "hizb": 235,
        "manzil": 7,
        "ruku": 524,
        "word_number_in_verse": 4,
        "language_code": "bn",
        "text": "শেষ বিচারকে",
        "root_word": "بِالدِّينِ",
        "global_word_sequence_number": 75747,
        "global_verse_sequence_number": 5838
    },
    {
        "chapter": 82,
        "verse": 10,
        "juz": 30,
        "hizb": 235,
        "manzil": 7,
        "ruku": 524,
        "word_number_in_verse": 1,
        "language_code": "bn",
        "text": "এবং নিশ্চয়ই",
        "root_word": "وَإِنَّ",
        "global_word_sequence_number": 75748,
        "global_verse_sequence_number": 5839
    },
    {
        "chapter": 82,
        "verse": 10,
        "juz": 30,
        "hizb": 235,
        "manzil": 7,
        "ruku": 524,
        "word_number_in_verse": 2,
        "language_code": "bn",
        "text": "তোমাদের উপর",
        "root_word": "عَلَيۡكُمۡ",
        "global_word_sequence_number": 75749,
        "global_verse_sequence_number": 5839
    },
    {
        "chapter": 82,
        "verse": 10,
        "juz": 30,
        "hizb": 235,
        "manzil": 7,
        "ruku": 524,
        "word_number_in_verse": 3,
        "language_code": "bn",
        "text": "সংরক্ষক দল অবশ্যই (আছে)",
        "root_word": "لَحَٰفِظِينَ",
        "global_word_sequence_number": 75750,
        "global_verse_sequence_number": 5839
    },
    {
        "chapter": 82,
        "verse": 11,
        "juz": 30,
        "hizb": 235,
        "manzil": 7,
        "ruku": 524,
        "word_number_in_verse": 1,
        "language_code": "bn",
        "text": "সম্মানিত",
        "root_word": "كِرَامٗا",
        "global_word_sequence_number": 75751,
        "global_verse_sequence_number": 5840
    },
    {
        "chapter": 82,
        "verse": 11,
        "juz": 30,
        "hizb": 235,
        "manzil": 7,
        "ruku": 524,
        "word_number_in_verse": 2,
        "language_code": "bn",
        "text": "লেখকবৃন্দ",
        "root_word": "كَٰتِبِينَ",
        "global_word_sequence_number": 75752,
        "global_verse_sequence_number": 5840
    },
    {
        "chapter": 82,
        "verse": 12,
        "juz": 30,
        "hizb": 235,
        "manzil": 7,
        "ruku": 524,
        "word_number_in_verse": 1,
        "language_code": "bn",
        "text": "তারা জানে",
        "root_word": "يَعۡلَمُونَ",
        "global_word_sequence_number": 75753,
        "global_verse_sequence_number": 5841
    },
    {
        "chapter": 82,
        "verse": 12,
        "juz": 30,
        "hizb": 235,
        "manzil": 7,
        "ruku": 524,
        "word_number_in_verse": 2,
        "language_code": "bn",
        "text": "যা",
        "root_word": "مَا",
        "global_word_sequence_number": 75754,
        "global_verse_sequence_number": 5841
    },
    {
        "chapter": 82,
        "verse": 12,
        "juz": 30,
        "hizb": 235,
        "manzil": 7,
        "ruku": 524,
        "word_number_in_verse": 3,
        "language_code": "bn",
        "text": "তোমরা কর",
        "root_word": "تَفۡعَلُونَ",
        "global_word_sequence_number": 75755,
        "global_verse_sequence_number": 5841
    },
    {
        "chapter": 82,
        "verse": 13,
        "juz": 30,
        "hizb": 235,
        "manzil": 7,
        "ruku": 524,
        "word_number_in_verse": 1,
        "language_code": "bn",
        "text": "নিশ্চয়ই",
        "root_word": "إِنَّ",
        "global_word_sequence_number": 75756,
        "global_verse_sequence_number": 5842
    },
    {
        "chapter": 82,
        "verse": 13,
        "juz": 30,
        "hizb": 235,
        "manzil": 7,
        "ruku": 524,
        "word_number_in_verse": 2,
        "language_code": "bn",
        "text": "সৎ ব্যক্তিরা",
        "root_word": "الۡأَبۡرَارَ",
        "global_word_sequence_number": 75757,
        "global_verse_sequence_number": 5842
    },
    {
        "chapter": 82,
        "verse": 13,
        "juz": 30,
        "hizb": 235,
        "manzil": 7,
        "ruku": 524,
        "word_number_in_verse": 3,
        "language_code": "bn",
        "text": "অবশ্যই মধ্যে(থাকবে)",
        "root_word": "لَفِي",
        "global_word_sequence_number": 75758,
        "global_verse_sequence_number": 5842
    },
    {
        "chapter": 82,
        "verse": 13,
        "juz": 30,
        "hizb": 235,
        "manzil": 7,
        "ruku": 524,
        "word_number_in_verse": 4,
        "language_code": "bn",
        "text": "স্বাচ্ছন্দ্যে (সুখে-শান্তিতে)",
        "root_word": "نَعِيمٖ",
        "global_word_sequence_number": 75759,
        "global_verse_sequence_number": 5842
    },
    {
        "chapter": 82,
        "verse": 14,
        "juz": 30,
        "hizb": 235,
        "manzil": 7,
        "ruku": 524,
        "word_number_in_verse": 1,
        "language_code": "bn",
        "text": "এবং নিশ্চয়ই",
        "root_word": "وَإِنَّ",
        "global_word_sequence_number": 75760,
        "global_verse_sequence_number": 5843
    },
    {
        "chapter": 82,
        "verse": 14,
        "juz": 30,
        "hizb": 235,
        "manzil": 7,
        "ruku": 524,
        "word_number_in_verse": 2,
        "language_code": "bn",
        "text": "পাপাচারীরা",
        "root_word": "الۡفُجَّارَ",
        "global_word_sequence_number": 75761,
        "global_verse_sequence_number": 5843
    },
    {
        "chapter": 82,
        "verse": 14,
        "juz": 30,
        "hizb": 235,
        "manzil": 7,
        "ruku": 524,
        "word_number_in_verse": 3,
        "language_code": "bn",
        "text": "অবশ্যই মধ্যে (যাবে)",
        "root_word": "لَفِي",
        "global_word_sequence_number": 75762,
        "global_verse_sequence_number": 5843
    },
    {
        "chapter": 82,
        "verse": 14,
        "juz": 30,
        "hizb": 235,
        "manzil": 7,
        "ruku": 524,
        "word_number_in_verse": 4,
        "language_code": "bn",
        "text": "দোজখের",
        "root_word": "جَحِيمٖ",
        "global_word_sequence_number": 75763,
        "global_verse_sequence_number": 5843
    },
    {
        "chapter": 82,
        "verse": 15,
        "juz": 30,
        "hizb": 235,
        "manzil": 7,
        "ruku": 524,
        "word_number_in_verse": 1,
        "language_code": "bn",
        "text": "সেখানে তারা প্রবেশ করবে",
        "root_word": "يَصۡلَوۡنَهَا",
        "global_word_sequence_number": 75764,
        "global_verse_sequence_number": 5844
    },
    {
        "chapter": 82,
        "verse": 15,
        "juz": 30,
        "hizb": 235,
        "manzil": 7,
        "ruku": 524,
        "word_number_in_verse": 2,
        "language_code": "bn",
        "text": "দিনে",
        "root_word": "يَوۡمَ",
        "global_word_sequence_number": 75765,
        "global_verse_sequence_number": 5844
    },
    {
        "chapter": 82,
        "verse": 15,
        "juz": 30,
        "hizb": 235,
        "manzil": 7,
        "ruku": 524,
        "word_number_in_verse": 3,
        "language_code": "bn",
        "text": "বিচার",
        "root_word": "الدِّينِ",
        "global_word_sequence_number": 75766,
        "global_verse_sequence_number": 5844
    },
    {
        "chapter": 82,
        "verse": 16,
        "juz": 30,
        "hizb": 235,
        "manzil": 7,
        "ruku": 524,
        "word_number_in_verse": 1,
        "language_code": "bn",
        "text": "এবং না",
        "root_word": "وَمَا",
        "global_word_sequence_number": 75767,
        "global_verse_sequence_number": 5845
    },
    {
        "chapter": 82,
        "verse": 16,
        "juz": 30,
        "hizb": 235,
        "manzil": 7,
        "ruku": 524,
        "word_number_in_verse": 2,
        "language_code": "bn",
        "text": "তারা",
        "root_word": "هُمۡ",
        "global_word_sequence_number": 75768,
        "global_verse_sequence_number": 5845
    },
    {
        "chapter": 82,
        "verse": 16,
        "juz": 30,
        "hizb": 235,
        "manzil": 7,
        "ruku": 524,
        "word_number_in_verse": 3,
        "language_code": "bn",
        "text": "তা থেকে",
        "root_word": "عَنۡهَا",
        "global_word_sequence_number": 75769,
        "global_verse_sequence_number": 5845
    },
    {
        "chapter": 82,
        "verse": 16,
        "juz": 30,
        "hizb": 235,
        "manzil": 7,
        "ruku": 524,
        "word_number_in_verse": 4,
        "language_code": "bn",
        "text": "অনুপস্থিত (থাকতে সক্ষম হবে)",
        "root_word": "بِغَآئِبِينَ",
        "global_word_sequence_number": 75770,
        "global_verse_sequence_number": 5845
    },
    {
        "chapter": 82,
        "verse": 17,
        "juz": 30,
        "hizb": 235,
        "manzil": 7,
        "ruku": 524,
        "word_number_in_verse": 1,
        "language_code": "bn",
        "text": "এবং কিসে",
        "root_word": "وَمَآ",
        "global_word_sequence_number": 75771,
        "global_verse_sequence_number": 5846
    },
    {
        "chapter": 82,
        "verse": 17,
        "juz": 30,
        "hizb": 235,
        "manzil": 7,
        "ruku": 524,
        "word_number_in_verse": 2,
        "language_code": "bn",
        "text": "তোমাকে জানাবে",
        "root_word": "أَدۡرَىٰكَ",
        "global_word_sequence_number": 75772,
        "global_verse_sequence_number": 5846
    },
    {
        "chapter": 82,
        "verse": 17,
        "juz": 30,
        "hizb": 235,
        "manzil": 7,
        "ruku": 524,
        "word_number_in_verse": 3,
        "language_code": "bn",
        "text": "কি (সেই)",
        "root_word": "مَا",
        "global_word_sequence_number": 75773,
        "global_verse_sequence_number": 5846
    },
    {
        "chapter": 82,
        "verse": 17,
        "juz": 30,
        "hizb": 235,
        "manzil": 7,
        "ruku": 524,
        "word_number_in_verse": 4,
        "language_code": "bn",
        "text": "দিন",
        "root_word": "يَوۡمُ",
        "global_word_sequence_number": 75774,
        "global_verse_sequence_number": 5846
    },
    {
        "chapter": 82,
        "verse": 17,
        "juz": 30,
        "hizb": 235,
        "manzil": 7,
        "ruku": 524,
        "word_number_in_verse": 5,
        "language_code": "bn",
        "text": "বিচারের",
        "root_word": "الدِّينِ",
        "global_word_sequence_number": 75775,
        "global_verse_sequence_number": 5846
    },
    {
        "chapter": 82,
        "verse": 18,
        "juz": 30,
        "hizb": 235,
        "manzil": 7,
        "ruku": 524,
        "word_number_in_verse": 1,
        "language_code": "bn",
        "text": "অতঃপর",
        "root_word": "ثُمَّ",
        "global_word_sequence_number": 75776,
        "global_verse_sequence_number": 5847
    },
    {
        "chapter": 82,
        "verse": 18,
        "juz": 30,
        "hizb": 235,
        "manzil": 7,
        "ruku": 524,
        "word_number_in_verse": 2,
        "language_code": "bn",
        "text": "কিসে",
        "root_word": "مَآ",
        "global_word_sequence_number": 75777,
        "global_verse_sequence_number": 5847
    },
    {
        "chapter": 82,
        "verse": 18,
        "juz": 30,
        "hizb": 235,
        "manzil": 7,
        "ruku": 524,
        "word_number_in_verse": 3,
        "language_code": "bn",
        "text": "তোমাকে জানাবে",
        "root_word": "أَدۡرَىٰكَ",
        "global_word_sequence_number": 75778,
        "global_verse_sequence_number": 5847
    },
    {
        "chapter": 82,
        "verse": 18,
        "juz": 30,
        "hizb": 235,
        "manzil": 7,
        "ruku": 524,
        "word_number_in_verse": 4,
        "language_code": "bn",
        "text": "কি সেই",
        "root_word": "مَا",
        "global_word_sequence_number": 75779,
        "global_verse_sequence_number": 5847
    },
    {
        "chapter": 82,
        "verse": 18,
        "juz": 30,
        "hizb": 235,
        "manzil": 7,
        "ruku": 524,
        "word_number_in_verse": 5,
        "language_code": "bn",
        "text": "দিন",
        "root_word": "يَوۡمُ",
        "global_word_sequence_number": 75780,
        "global_verse_sequence_number": 5847
    },
    {
        "chapter": 82,
        "verse": 18,
        "juz": 30,
        "hizb": 235,
        "manzil": 7,
        "ruku": 524,
        "word_number_in_verse": 6,
        "language_code": "bn",
        "text": "বিচারের",
        "root_word": "الدِّينِ",
        "global_word_sequence_number": 75781,
        "global_verse_sequence_number": 5847
    },
    {
        "chapter": 82,
        "verse": 19,
        "juz": 30,
        "hizb": 235,
        "manzil": 7,
        "ruku": 524,
        "word_number_in_verse": 1,
        "language_code": "bn",
        "text": "সেদিন",
        "root_word": "يَوۡمَ",
        "global_word_sequence_number": 75782,
        "global_verse_sequence_number": 5848
    },
    {
        "chapter": 82,
        "verse": 19,
        "juz": 30,
        "hizb": 235,
        "manzil": 7,
        "ruku": 524,
        "word_number_in_verse": 2,
        "language_code": "bn",
        "text": "না",
        "root_word": "لَا",
        "global_word_sequence_number": 75783,
        "global_verse_sequence_number": 5848
    },
    {
        "chapter": 82,
        "verse": 19,
        "juz": 30,
        "hizb": 235,
        "manzil": 7,
        "ruku": 524,
        "word_number_in_verse": 3,
        "language_code": "bn",
        "text": "সক্ষম হবে",
        "root_word": "تَمۡلِكُ",
        "global_word_sequence_number": 75784,
        "global_verse_sequence_number": 5848
    },
    {
        "chapter": 82,
        "verse": 19,
        "juz": 30,
        "hizb": 235,
        "manzil": 7,
        "ruku": 524,
        "word_number_in_verse": 4,
        "language_code": "bn",
        "text": "কেউ",
        "root_word": "نَفۡسٞ",
        "global_word_sequence_number": 75785,
        "global_verse_sequence_number": 5848
    },
    {
        "chapter": 82,
        "verse": 19,
        "juz": 30,
        "hizb": 235,
        "manzil": 7,
        "ruku": 524,
        "word_number_in_verse": 5,
        "language_code": "bn",
        "text": "কারও জন্যে",
        "root_word": "لِّنَفۡسٖ",
        "global_word_sequence_number": 75786,
        "global_verse_sequence_number": 5848
    },
    {
        "chapter": 82,
        "verse": 19,
        "juz": 30,
        "hizb": 235,
        "manzil": 7,
        "ruku": 524,
        "word_number_in_verse": 6,
        "language_code": "bn",
        "text": "কিছু (করতে)",
        "root_word": "شَيۡـٔٗاۖ",
        "global_word_sequence_number": 75787,
        "global_verse_sequence_number": 5848
    },
    {
        "chapter": 82,
        "verse": 19,
        "juz": 30,
        "hizb": 235,
        "manzil": 7,
        "ruku": 524,
        "word_number_in_verse": 7,
        "language_code": "bn",
        "text": "এবং কর্তৃত্ব",
        "root_word": "وَالۡأَمۡرُ",
        "global_word_sequence_number": 75788,
        "global_verse_sequence_number": 5848
    },
    {
        "chapter": 82,
        "verse": 19,
        "juz": 30,
        "hizb": 235,
        "manzil": 7,
        "ruku": 524,
        "word_number_in_verse": 8,
        "language_code": "bn",
        "text": "সেদিন (হবে কেবল)",
        "root_word": "يَوۡمَئِذٖ",
        "global_word_sequence_number": 75789,
        "global_verse_sequence_number": 5848
    },
    {
        "chapter": 82,
        "verse": 19,
        "juz": 30,
        "hizb": 235,
        "manzil": 7,
        "ruku": 524,
        "word_number_in_verse": 9,
        "language_code": "bn",
        "text": "আল্লাহর জন্যে",
        "root_word": "لِّلَّهِ",
        "global_word_sequence_number": 75790,
        "global_verse_sequence_number": 5848
    }
]