[
    {
        "chapter": 83,
        "verse": 1,
        "juz": 30,
        "hizb": 235,
        "manzil": 7,
        "ruku": 525,
        "word_number_in_verse": 1,
        "language_code": "bn",
        "text": "দুর্ভোগ",
        "root_word": "وَيۡلٞ",
        "global_word_sequence_number": 75791,
        "global_verse_sequence_number": 5849
    },
    {
        "chapter": 83,
        "verse": 1,
        "juz": 30,
        "hizb": 235,
        "manzil": 7,
        "ruku": 525,
        "word_number_in_verse": 2,
        "language_code": "bn",
        "text": "যারা ওজনে/ মাপে কম দেয়",
        "root_word": "لِّلۡمُطَفِّفِينَ",
        "global_word_sequence_number": 75792,
        "global_verse_sequence_number": 5849
    },
    {
        "chapter": 83,
        "verse": 2,
        "juz": 30,
        "hizb": 235,
        "manzil": 7,
        "ruku": 525,
        "word_number_in_verse": 1,
        "language_code": "bn",
        "text": "যারা",
        "root_word": "الَّذِينَ",
        "global_word_sequence_number": 75793,
        "global_verse_sequence_number": 5850
    },
    {
        "chapter": 83,
        "verse": 2,
        "juz": 30,
        "hizb": 235,
        "manzil": 7,
        "ruku": 525,
        "word_number_in_verse": 2,
        "language_code": "bn",
        "text": "যখন",
        "root_word": "إِذَا",
        "global_word_sequence_number": 75794,
        "global_verse_sequence_number": 5850
    },
    {
        "chapter": 83,
        "verse": 2,
        "juz": 30,
        "hizb": 235,
        "manzil": 7,
        "ruku": 525,
        "word_number_in_verse": 3,
        "language_code": "bn",
        "text": "মেপে নেয়",
        "root_word": "اكۡتَالُواْ",
        "global_word_sequence_number": 75795,
        "global_verse_sequence_number": 5850
    },
    {
        "chapter": 83,
        "verse": 2,
        "juz": 30,
        "hizb": 235,
        "manzil": 7,
        "ruku": 525,
        "word_number_in_verse": 4,
        "language_code": "bn",
        "text": "থেকে",
        "root_word": "عَلَى",
        "global_word_sequence_number": 75796,
        "global_verse_sequence_number": 5850
    },
    {
        "chapter": 83,
        "verse": 2,
        "juz": 30,
        "hizb": 235,
        "manzil": 7,
        "ruku": 525,
        "word_number_in_verse": 5,
        "language_code": "bn",
        "text": "লোকদের",
        "root_word": "النَّاسِ",
        "global_word_sequence_number": 75797,
        "global_verse_sequence_number": 5850
    },
    {
        "chapter": 83,
        "verse": 2,
        "juz": 30,
        "hizb": 235,
        "manzil": 7,
        "ruku": 525,
        "word_number_in_verse": 6,
        "language_code": "bn",
        "text": "তারা পূর্ণমাত্রায় নেয়",
        "root_word": "يَسۡتَوۡفُونَ",
        "global_word_sequence_number": 75798,
        "global_verse_sequence_number": 5850
    },
    {
        "chapter": 83,
        "verse": 3,
        "juz": 30,
        "hizb": 235,
        "manzil": 7,
        "ruku": 525,
        "word_number_in_verse": 1,
        "language_code": "bn",
        "text": "কিন্তু যখন",
        "root_word": "وَإِذَا",
        "global_word_sequence_number": 75799,
        "global_verse_sequence_number": 5851
    },
    {
        "chapter": 83,
        "verse": 3,
        "juz": 30,
        "hizb": 235,
        "manzil": 7,
        "ruku": 525,
        "word_number_in_verse": 2,
        "language_code": "bn",
        "text": "তাদের মেপে দেয়",
        "root_word": "كَالُوهُمۡ",
        "global_word_sequence_number": 75800,
        "global_verse_sequence_number": 5851
    },
    {
        "chapter": 83,
        "verse": 3,
        "juz": 30,
        "hizb": 235,
        "manzil": 7,
        "ruku": 525,
        "word_number_in_verse": 3,
        "language_code": "bn",
        "text": "বা",
        "root_word": "أَو",
        "global_word_sequence_number": 75801,
        "global_verse_sequence_number": 5851
    },
    {
        "chapter": 83,
        "verse": 3,
        "juz": 30,
        "hizb": 235,
        "manzil": 7,
        "ruku": 525,
        "word_number_in_verse": 4,
        "language_code": "bn",
        "text": "তাদের ওজন করে দেয়",
        "root_word": "وَّزَنُوهُمۡ",
        "global_word_sequence_number": 75802,
        "global_verse_sequence_number": 5851
    },
    {
        "chapter": 83,
        "verse": 3,
        "juz": 30,
        "hizb": 235,
        "manzil": 7,
        "ruku": 525,
        "word_number_in_verse": 5,
        "language_code": "bn",
        "text": "তারা কম করে দেয়",
        "root_word": "يُخۡسِرُونَ",
        "global_word_sequence_number": 75803,
        "global_verse_sequence_number": 5851
    },
    {
        "chapter": 83,
        "verse": 4,
        "juz": 30,
        "hizb": 235,
        "manzil": 7,
        "ruku": 525,
        "word_number_in_verse": 1,
        "language_code": "bn",
        "text": "না কি",
        "root_word": "أَلَا",
        "global_word_sequence_number": 75804,
        "global_verse_sequence_number": 5852
    },
    {
        "chapter": 83,
        "verse": 4,
        "juz": 30,
        "hizb": 235,
        "manzil": 7,
        "ruku": 525,
        "word_number_in_verse": 2,
        "language_code": "bn",
        "text": "চিন্তা করে",
        "root_word": "يَظُنُّ",
        "global_word_sequence_number": 75805,
        "global_verse_sequence_number": 5852
    },
    {
        "chapter": 83,
        "verse": 4,
        "juz": 30,
        "hizb": 235,
        "manzil": 7,
        "ruku": 525,
        "word_number_in_verse": 3,
        "language_code": "bn",
        "text": "ঐসব লোকেরা",
        "root_word": "أُوْلَٰٓئِكَ",
        "global_word_sequence_number": 75806,
        "global_verse_sequence_number": 5852
    },
    {
        "chapter": 83,
        "verse": 4,
        "juz": 30,
        "hizb": 235,
        "manzil": 7,
        "ruku": 525,
        "word_number_in_verse": 4,
        "language_code": "bn",
        "text": "যে তারা",
        "root_word": "أَنَّهُم",
        "global_word_sequence_number": 75807,
        "global_verse_sequence_number": 5852
    },
    {
        "chapter": 83,
        "verse": 4,
        "juz": 30,
        "hizb": 235,
        "manzil": 7,
        "ruku": 525,
        "word_number_in_verse": 5,
        "language_code": "bn",
        "text": "আবার ওঠানো হবে",
        "root_word": "مَّبۡعُوثُونَ",
        "global_word_sequence_number": 75808,
        "global_verse_sequence_number": 5852
    },
    {
        "chapter": 83,
        "verse": 5,
        "juz": 30,
        "hizb": 235,
        "manzil": 7,
        "ruku": 525,
        "word_number_in_verse": 1,
        "language_code": "bn",
        "text": "দিনের জন্যে",
        "root_word": "لِيَوۡمٍ",
        "global_word_sequence_number": 75809,
        "global_verse_sequence_number": 5853
    },
    {
        "chapter": 83,
        "verse": 5,
        "juz": 30,
        "hizb": 235,
        "manzil": 7,
        "ruku": 525,
        "word_number_in_verse": 2,
        "language_code": "bn",
        "text": "এক মহা",
        "root_word": "عَظِيمٖ",
        "global_word_sequence_number": 75810,
        "global_verse_sequence_number": 5853
    },
    {
        "chapter": 83,
        "verse": 6,
        "juz": 30,
        "hizb": 235,
        "manzil": 7,
        "ruku": 525,
        "word_number_in_verse": 1,
        "language_code": "bn",
        "text": "যেদিন",
        "root_word": "يَوۡمَ",
        "global_word_sequence_number": 75811,
        "global_verse_sequence_number": 5854
    },
    {
        "chapter": 83,
        "verse": 6,
        "juz": 30,
        "hizb": 235,
        "manzil": 7,
        "ruku": 525,
        "word_number_in_verse": 2,
        "language_code": "bn",
        "text": "দাঁড়াবে",
        "root_word": "يَقُومُ",
        "global_word_sequence_number": 75812,
        "global_verse_sequence_number": 5854
    },
    {
        "chapter": 83,
        "verse": 6,
        "juz": 30,
        "hizb": 235,
        "manzil": 7,
        "ruku": 525,
        "word_number_in_verse": 3,
        "language_code": "bn",
        "text": "মানুষ",
        "root_word": "النَّاسُ",
        "global_word_sequence_number": 75813,
        "global_verse_sequence_number": 5854
    },
    {
        "chapter": 83,
        "verse": 6,
        "juz": 30,
        "hizb": 235,
        "manzil": 7,
        "ruku": 525,
        "word_number_in_verse": 4,
        "language_code": "bn",
        "text": "রবের সামনে",
        "root_word": "لِرَبِّ",
        "global_word_sequence_number": 75814,
        "global_verse_sequence_number": 5854
    },
    {
        "chapter": 83,
        "verse": 6,
        "juz": 30,
        "hizb": 235,
        "manzil": 7,
        "ruku": 525,
        "word_number_in_verse": 5,
        "language_code": "bn",
        "text": "বিশ্বজগতের",
        "root_word": "الۡعَٰلَمِينَ",
        "global_word_sequence_number": 75815,
        "global_verse_sequence_number": 5854
    },
    {
        "chapter": 83,
        "verse": 7,
        "juz": 30,
        "hizb": 235,
        "manzil": 7,
        "ruku": 525,
        "word_number_in_verse": 1,
        "language_code": "bn",
        "text": "কখনও না",
        "root_word": "كـَلَّآ",
        "global_word_sequence_number": 75816,
        "global_verse_sequence_number": 5855
    },
    {
        "chapter": 83,
        "verse": 7,
        "juz": 30,
        "hizb": 235,
        "manzil": 7,
        "ruku": 525,
        "word_number_in_verse": 2,
        "language_code": "bn",
        "text": "নিশ্চয়ই",
        "root_word": "إِنَّ",
        "global_word_sequence_number": 75817,
        "global_verse_sequence_number": 5855
    },
    {
        "chapter": 83,
        "verse": 7,
        "juz": 30,
        "hizb": 235,
        "manzil": 7,
        "ruku": 525,
        "word_number_in_verse": 3,
        "language_code": "bn",
        "text": "আমলনামা",
        "root_word": "كِتَٰبَ",
        "global_word_sequence_number": 75818,
        "global_verse_sequence_number": 5855
    },
    {
        "chapter": 83,
        "verse": 7,
        "juz": 30,
        "hizb": 235,
        "manzil": 7,
        "ruku": 525,
        "word_number_in_verse": 4,
        "language_code": "bn",
        "text": "পাপীদের",
        "root_word": "الۡفُجَّارِ",
        "global_word_sequence_number": 75819,
        "global_verse_sequence_number": 5855
    },
    {
        "chapter": 83,
        "verse": 7,
        "juz": 30,
        "hizb": 235,
        "manzil": 7,
        "ruku": 525,
        "word_number_in_verse": 5,
        "language_code": "bn",
        "text": "অবশ্যই মধ্যে (আছে)",
        "root_word": "لَفِي",
        "global_word_sequence_number": 75820,
        "global_verse_sequence_number": 5855
    },
    {
        "chapter": 83,
        "verse": 7,
        "juz": 30,
        "hizb": 235,
        "manzil": 7,
        "ruku": 525,
        "word_number_in_verse": 6,
        "language_code": "bn",
        "text": "কয়েদখানার",
        "root_word": "سِجِّينٖ",
        "global_word_sequence_number": 75821,
        "global_verse_sequence_number": 5855
    },
    {
        "chapter": 83,
        "verse": 8,
        "juz": 30,
        "hizb": 235,
        "manzil": 7,
        "ruku": 525,
        "word_number_in_verse": 1,
        "language_code": "bn",
        "text": "এবং কিসে",
        "root_word": "وَمَآ",
        "global_word_sequence_number": 75822,
        "global_verse_sequence_number": 5856
    },
    {
        "chapter": 83,
        "verse": 8,
        "juz": 30,
        "hizb": 235,
        "manzil": 7,
        "ruku": 525,
        "word_number_in_verse": 2,
        "language_code": "bn",
        "text": "তোমাকে বুঝাবে/ জানাবে",
        "root_word": "أَدۡرَىٰكَ",
        "global_word_sequence_number": 75823,
        "global_verse_sequence_number": 5856
    },
    {
        "chapter": 83,
        "verse": 8,
        "juz": 30,
        "hizb": 235,
        "manzil": 7,
        "ruku": 525,
        "word_number_in_verse": 3,
        "language_code": "bn",
        "text": "(কি) সেই",
        "root_word": "مَا",
        "global_word_sequence_number": 75824,
        "global_verse_sequence_number": 5856
    },
    {
        "chapter": 83,
        "verse": 8,
        "juz": 30,
        "hizb": 235,
        "manzil": 7,
        "ruku": 525,
        "word_number_in_verse": 4,
        "language_code": "bn",
        "text": "কয়েদখানা",
        "root_word": "سِجِّينٞ",
        "global_word_sequence_number": 75825,
        "global_verse_sequence_number": 5856
    },
    {
        "chapter": 83,
        "verse": 9,
        "juz": 30,
        "hizb": 235,
        "manzil": 7,
        "ruku": 525,
        "word_number_in_verse": 1,
        "language_code": "bn",
        "text": "খাতা/ আমলনামা",
        "root_word": "كِتَٰبٞ",
        "global_word_sequence_number": 75826,
        "global_verse_sequence_number": 5857
    },
    {
        "chapter": 83,
        "verse": 9,
        "juz": 30,
        "hizb": 235,
        "manzil": 7,
        "ruku": 525,
        "word_number_in_verse": 2,
        "language_code": "bn",
        "text": "চিহ্নিত",
        "root_word": "مَّرۡقُومٞ",
        "global_word_sequence_number": 75827,
        "global_verse_sequence_number": 5857
    },
    {
        "chapter": 83,
        "verse": 10,
        "juz": 30,
        "hizb": 235,
        "manzil": 7,
        "ruku": 525,
        "word_number_in_verse": 1,
        "language_code": "bn",
        "text": "ধ্বংস",
        "root_word": "وَيۡلٞ",
        "global_word_sequence_number": 75828,
        "global_verse_sequence_number": 5858
    },
    {
        "chapter": 83,
        "verse": 10,
        "juz": 30,
        "hizb": 235,
        "manzil": 7,
        "ruku": 525,
        "word_number_in_verse": 2,
        "language_code": "bn",
        "text": "সেদিন",
        "root_word": "يَوۡمَئِذٖ",
        "global_word_sequence_number": 75829,
        "global_verse_sequence_number": 5858
    },
    {
        "chapter": 83,
        "verse": 10,
        "juz": 30,
        "hizb": 235,
        "manzil": 7,
        "ruku": 525,
        "word_number_in_verse": 3,
        "language_code": "bn",
        "text": "মিথ্যারোপকারীদের জন্যে",
        "root_word": "لِّلۡمُكَذِّبِينَ",
        "global_word_sequence_number": 75830,
        "global_verse_sequence_number": 5858
    },
    {
        "chapter": 83,
        "verse": 11,
        "juz": 30,
        "hizb": 235,
        "manzil": 7,
        "ruku": 525,
        "word_number_in_verse": 1,
        "language_code": "bn",
        "text": "যারা",
        "root_word": "الَّذِينَ",
        "global_word_sequence_number": 75831,
        "global_verse_sequence_number": 5859
    },
    {
        "chapter": 83,
        "verse": 11,
        "juz": 30,
        "hizb": 235,
        "manzil": 7,
        "ruku": 525,
        "word_number_in_verse": 2,
        "language_code": "bn",
        "text": "মিথ্যারোপ করে",
        "root_word": "يُكَذِّبُونَ",
        "global_word_sequence_number": 75832,
        "global_verse_sequence_number": 5859
    },
    {
        "chapter": 83,
        "verse": 11,
        "juz": 30,
        "hizb": 235,
        "manzil": 7,
        "ruku": 525,
        "word_number_in_verse": 3,
        "language_code": "bn",
        "text": "দিন সম্পর্কে",
        "root_word": "بِيَوۡمِ",
        "global_word_sequence_number": 75833,
        "global_verse_sequence_number": 5859
    },
    {
        "chapter": 83,
        "verse": 11,
        "juz": 30,
        "hizb": 235,
        "manzil": 7,
        "ruku": 525,
        "word_number_in_verse": 4,
        "language_code": "bn",
        "text": "বিচারের",
        "root_word": "الدِّينِ",
        "global_word_sequence_number": 75834,
        "global_verse_sequence_number": 5859
    },
    {
        "chapter": 83,
        "verse": 12,
        "juz": 30,
        "hizb": 235,
        "manzil": 7,
        "ruku": 525,
        "word_number_in_verse": 1,
        "language_code": "bn",
        "text": "এবং না",
        "root_word": "وَمَا",
        "global_word_sequence_number": 75835,
        "global_verse_sequence_number": 5860
    },
    {
        "chapter": 83,
        "verse": 12,
        "juz": 30,
        "hizb": 235,
        "manzil": 7,
        "ruku": 525,
        "word_number_in_verse": 2,
        "language_code": "bn",
        "text": "মিথ্যারোপ করে",
        "root_word": "يُكَذِّبُ",
        "global_word_sequence_number": 75836,
        "global_verse_sequence_number": 5860
    },
    {
        "chapter": 83,
        "verse": 12,
        "juz": 30,
        "hizb": 235,
        "manzil": 7,
        "ruku": 525,
        "word_number_in_verse": 3,
        "language_code": "bn",
        "text": "এতে",
        "root_word": "بِهِۦٓ",
        "global_word_sequence_number": 75837,
        "global_verse_sequence_number": 5860
    },
    {
        "chapter": 83,
        "verse": 12,
        "juz": 30,
        "hizb": 235,
        "manzil": 7,
        "ruku": 525,
        "word_number_in_verse": 4,
        "language_code": "bn",
        "text": "এ ছাড়া",
        "root_word": "إِلَّا",
        "global_word_sequence_number": 75838,
        "global_verse_sequence_number": 5860
    },
    {
        "chapter": 83,
        "verse": 12,
        "juz": 30,
        "hizb": 235,
        "manzil": 7,
        "ruku": 525,
        "word_number_in_verse": 5,
        "language_code": "bn",
        "text": "প্রত্যেক",
        "root_word": "كُلُّ",
        "global_word_sequence_number": 75839,
        "global_verse_sequence_number": 5860
    },
    {
        "chapter": 83,
        "verse": 12,
        "juz": 30,
        "hizb": 235,
        "manzil": 7,
        "ruku": 525,
        "word_number_in_verse": 6,
        "language_code": "bn",
        "text": "সীমালঙ্ঘনকারী",
        "root_word": "مُعۡتَدٍ",
        "global_word_sequence_number": 75840,
        "global_verse_sequence_number": 5860
    },
    {
        "chapter": 83,
        "verse": 12,
        "juz": 30,
        "hizb": 235,
        "manzil": 7,
        "ruku": 525,
        "word_number_in_verse": 7,
        "language_code": "bn",
        "text": "পাপী",
        "root_word": "أَثِيمٍ",
        "global_word_sequence_number": 75841,
        "global_verse_sequence_number": 5860
    },
    {
        "chapter": 83,
        "verse": 13,
        "juz": 30,
        "hizb": 235,
        "manzil": 7,
        "ruku": 525,
        "word_number_in_verse": 1,
        "language_code": "bn",
        "text": "যখন",
        "root_word": "إِذَا",
        "global_word_sequence_number": 75842,
        "global_verse_sequence_number": 5861
    },
    {
        "chapter": 83,
        "verse": 13,
        "juz": 30,
        "hizb": 235,
        "manzil": 7,
        "ruku": 525,
        "word_number_in_verse": 2,
        "language_code": "bn",
        "text": "পাঠ করা হয়",
        "root_word": "تُتۡلَىٰ",
        "global_word_sequence_number": 75843,
        "global_verse_sequence_number": 5861
    },
    {
        "chapter": 83,
        "verse": 13,
        "juz": 30,
        "hizb": 235,
        "manzil": 7,
        "ruku": 525,
        "word_number_in_verse": 3,
        "language_code": "bn",
        "text": "তার উপর",
        "root_word": "عَلَيۡهِ",
        "global_word_sequence_number": 75844,
        "global_verse_sequence_number": 5861
    },
    {
        "chapter": 83,
        "verse": 13,
        "juz": 30,
        "hizb": 235,
        "manzil": 7,
        "ruku": 525,
        "word_number_in_verse": 4,
        "language_code": "bn",
        "text": "আমাদের আয়াতসমূহ",
        "root_word": "ءَايَٰتُنَا",
        "global_word_sequence_number": 75845,
        "global_verse_sequence_number": 5861
    },
    {
        "chapter": 83,
        "verse": 13,
        "juz": 30,
        "hizb": 235,
        "manzil": 7,
        "ruku": 525,
        "word_number_in_verse": 5,
        "language_code": "bn",
        "text": "সে বলে",
        "root_word": "قَالَ",
        "global_word_sequence_number": 75846,
        "global_verse_sequence_number": 5861
    },
    {
        "chapter": 83,
        "verse": 13,
        "juz": 30,
        "hizb": 235,
        "manzil": 7,
        "ruku": 525,
        "word_number_in_verse": 6,
        "language_code": "bn",
        "text": "\"(এসব) উপকথা",
        "root_word": "أَسَٰطِيرُ",
        "global_word_sequence_number": 75847,
        "global_verse_sequence_number": 5861
    },
    {
        "chapter": 83,
        "verse": 13,
        "juz": 30,
        "hizb": 235,
        "manzil": 7,
        "ruku": 525,
        "word_number_in_verse": 7,
        "language_code": "bn",
        "text": "পূর্ববর্তীদের\"",
        "root_word": "الۡأَوَّلِينَ",
        "global_word_sequence_number": 75848,
        "global_verse_sequence_number": 5861
    },
    {
        "chapter": 83,
        "verse": 14,
        "juz": 30,
        "hizb": 235,
        "manzil": 7,
        "ruku": 525,
        "word_number_in_verse": 1,
        "language_code": "bn",
        "text": "কখনও না",
        "root_word": "كـَلَّاۖ",
        "global_word_sequence_number": 75849,
        "global_verse_sequence_number": 5862
    },
    {
        "chapter": 83,
        "verse": 14,
        "juz": 30,
        "hizb": 235,
        "manzil": 7,
        "ruku": 525,
        "word_number_in_verse": 2,
        "language_code": "bn",
        "text": "বরং",
        "root_word": "بَلۡۜ",
        "global_word_sequence_number": 75850,
        "global_verse_sequence_number": 5862
    },
    {
        "chapter": 83,
        "verse": 14,
        "juz": 30,
        "hizb": 235,
        "manzil": 7,
        "ruku": 525,
        "word_number_in_verse": 3,
        "language_code": "bn",
        "text": "মরচে ধরিয়েছে",
        "root_word": "رَانَ",
        "global_word_sequence_number": 75851,
        "global_verse_sequence_number": 5862
    },
    {
        "chapter": 83,
        "verse": 14,
        "juz": 30,
        "hizb": 235,
        "manzil": 7,
        "ruku": 525,
        "word_number_in_verse": 4,
        "language_code": "bn",
        "text": "উপর",
        "root_word": "عَلَىٰ",
        "global_word_sequence_number": 75852,
        "global_verse_sequence_number": 5862
    },
    {
        "chapter": 83,
        "verse": 14,
        "juz": 30,
        "hizb": 235,
        "manzil": 7,
        "ruku": 525,
        "word_number_in_verse": 5,
        "language_code": "bn",
        "text": "তাদের অন্তরগুলোর",
        "root_word": "قُلُوبِهِم",
        "global_word_sequence_number": 75853,
        "global_verse_sequence_number": 5862
    },
    {
        "chapter": 83,
        "verse": 14,
        "juz": 30,
        "hizb": 235,
        "manzil": 7,
        "ruku": 525,
        "word_number_in_verse": 6,
        "language_code": "bn",
        "text": "যা",
        "root_word": "مَّا",
        "global_word_sequence_number": 75854,
        "global_verse_sequence_number": 5862
    },
    {
        "chapter": 83,
        "verse": 14,
        "juz": 30,
        "hizb": 235,
        "manzil": 7,
        "ruku": 525,
        "word_number_in_verse": 7,
        "language_code": "bn",
        "text": "করছিল",
        "root_word": "كَانُواْ",
        "global_word_sequence_number": 75855,
        "global_verse_sequence_number": 5862
    },
    {
        "chapter": 83,
        "verse": 14,
        "juz": 30,
        "hizb": 235,
        "manzil": 7,
        "ruku": 525,
        "word_number_in_verse": 8,
        "language_code": "bn",
        "text": "তারা অর্জন",
        "root_word": "يَكۡسِبُونَ",
        "global_word_sequence_number": 75856,
        "global_verse_sequence_number": 5862
    },
    {
        "chapter": 83,
        "verse": 15,
        "juz": 30,
        "hizb": 235,
        "manzil": 7,
        "ruku": 525,
        "word_number_in_verse": 1,
        "language_code": "bn",
        "text": "কখনও না",
        "root_word": "كـَلَّآ",
        "global_word_sequence_number": 75857,
        "global_verse_sequence_number": 5863
    },
    {
        "chapter": 83,
        "verse": 15,
        "juz": 30,
        "hizb": 235,
        "manzil": 7,
        "ruku": 525,
        "word_number_in_verse": 2,
        "language_code": "bn",
        "text": "নিশ্চয়ই তারা",
        "root_word": "إِنَّهُمۡ",
        "global_word_sequence_number": 75858,
        "global_verse_sequence_number": 5863
    },
    {
        "chapter": 83,
        "verse": 15,
        "juz": 30,
        "hizb": 235,
        "manzil": 7,
        "ruku": 525,
        "word_number_in_verse": 3,
        "language_code": "bn",
        "text": "থেকে",
        "root_word": "عَن",
        "global_word_sequence_number": 75859,
        "global_verse_sequence_number": 5863
    },
    {
        "chapter": 83,
        "verse": 15,
        "juz": 30,
        "hizb": 235,
        "manzil": 7,
        "ruku": 525,
        "word_number_in_verse": 4,
        "language_code": "bn",
        "text": "তাদের রবের",
        "root_word": "رَّبِّهِمۡ",
        "global_word_sequence_number": 75860,
        "global_verse_sequence_number": 5863
    },
    {
        "chapter": 83,
        "verse": 15,
        "juz": 30,
        "hizb": 235,
        "manzil": 7,
        "ruku": 525,
        "word_number_in_verse": 5,
        "language_code": "bn",
        "text": "সেদিন",
        "root_word": "يَوۡمَئِذٖ",
        "global_word_sequence_number": 75861,
        "global_verse_sequence_number": 5863
    },
    {
        "chapter": 83,
        "verse": 15,
        "juz": 30,
        "hizb": 235,
        "manzil": 7,
        "ruku": 525,
        "word_number_in_verse": 6,
        "language_code": "bn",
        "text": "তারা দর্শন বঞ্চিত হবেই",
        "root_word": "لَّمَحۡجُوبُونَ",
        "global_word_sequence_number": 75862,
        "global_verse_sequence_number": 5863
    },
    {
        "chapter": 83,
        "verse": 16,
        "juz": 30,
        "hizb": 235,
        "manzil": 7,
        "ruku": 525,
        "word_number_in_verse": 1,
        "language_code": "bn",
        "text": "অতঃপর",
        "root_word": "ثُمَّ",
        "global_word_sequence_number": 75863,
        "global_verse_sequence_number": 5864
    },
    {
        "chapter": 83,
        "verse": 16,
        "juz": 30,
        "hizb": 235,
        "manzil": 7,
        "ruku": 525,
        "word_number_in_verse": 2,
        "language_code": "bn",
        "text": "নিশ্চয়ই তারা",
        "root_word": "إِنَّهُمۡ",
        "global_word_sequence_number": 75864,
        "global_verse_sequence_number": 5864
    },
    {
        "chapter": 83,
        "verse": 16,
        "juz": 30,
        "hizb": 235,
        "manzil": 7,
        "ruku": 525,
        "word_number_in_verse": 3,
        "language_code": "bn",
        "text": "অবশ্যই প্রবেশ করবে",
        "root_word": "لَصَالُواْ",
        "global_word_sequence_number": 75865,
        "global_verse_sequence_number": 5864
    },
    {
        "chapter": 83,
        "verse": 16,
        "juz": 30,
        "hizb": 235,
        "manzil": 7,
        "ruku": 525,
        "word_number_in_verse": 4,
        "language_code": "bn",
        "text": "জাহান্নামে",
        "root_word": "الۡجَحِيمِ",
        "global_word_sequence_number": 75866,
        "global_verse_sequence_number": 5864
    },
    {
        "chapter": 83,
        "verse": 17,
        "juz": 30,
        "hizb": 235,
        "manzil": 7,
        "ruku": 525,
        "word_number_in_verse": 1,
        "language_code": "bn",
        "text": "অতঃপর",
        "root_word": "ثُمَّ",
        "global_word_sequence_number": 75867,
        "global_verse_sequence_number": 5865
    },
    {
        "chapter": 83,
        "verse": 17,
        "juz": 30,
        "hizb": 235,
        "manzil": 7,
        "ruku": 525,
        "word_number_in_verse": 2,
        "language_code": "bn",
        "text": "(তাদেরকে) বলা হবে",
        "root_word": "يُقَالُ",
        "global_word_sequence_number": 75868,
        "global_verse_sequence_number": 5865
    },
    {
        "chapter": 83,
        "verse": 17,
        "juz": 30,
        "hizb": 235,
        "manzil": 7,
        "ruku": 525,
        "word_number_in_verse": 3,
        "language_code": "bn",
        "text": "\"এই",
        "root_word": "هَٰذَا",
        "global_word_sequence_number": 75869,
        "global_verse_sequence_number": 5865
    },
    {
        "chapter": 83,
        "verse": 17,
        "juz": 30,
        "hizb": 235,
        "manzil": 7,
        "ruku": 525,
        "word_number_in_verse": 4,
        "language_code": "bn",
        "text": "সেই (দিন)",
        "root_word": "الَّذِي",
        "global_word_sequence_number": 75870,
        "global_verse_sequence_number": 5865
    },
    {
        "chapter": 83,
        "verse": 17,
        "juz": 30,
        "hizb": 235,
        "manzil": 7,
        "ruku": 525,
        "word_number_in_verse": 5,
        "language_code": "bn",
        "text": "তোমরা ছিলে",
        "root_word": "كُنتُم",
        "global_word_sequence_number": 75871,
        "global_verse_sequence_number": 5865
    },
    {
        "chapter": 83,
        "verse": 17,
        "juz": 30,
        "hizb": 235,
        "manzil": 7,
        "ruku": 525,
        "word_number_in_verse": 6,
        "language_code": "bn",
        "text": "যে ব্যাপারে",
        "root_word": "بِهِۦ",
        "global_word_sequence_number": 75872,
        "global_verse_sequence_number": 5865
    },
    {
        "chapter": 83,
        "verse": 17,
        "juz": 30,
        "hizb": 235,
        "manzil": 7,
        "ruku": 525,
        "word_number_in_verse": 7,
        "language_code": "bn",
        "text": "মিথ্যারোপ করতে\"",
        "root_word": "تُكَذِّبُونَ",
        "global_word_sequence_number": 75873,
        "global_verse_sequence_number": 5865
    },
    {
        "chapter": 83,
        "verse": 18,
        "juz": 30,
        "hizb": 235,
        "manzil": 7,
        "ruku": 525,
        "word_number_in_verse": 1,
        "language_code": "bn",
        "text": "কখনও না",
        "root_word": "كـَلَّآ",
        "global_word_sequence_number": 75874,
        "global_verse_sequence_number": 5866
    },
    {
        "chapter": 83,
        "verse": 18,
        "juz": 30,
        "hizb": 235,
        "manzil": 7,
        "ruku": 525,
        "word_number_in_verse": 2,
        "language_code": "bn",
        "text": "নিশ্চয়ই",
        "root_word": "إِنَّ",
        "global_word_sequence_number": 75875,
        "global_verse_sequence_number": 5866
    },
    {
        "chapter": 83,
        "verse": 18,
        "juz": 30,
        "hizb": 235,
        "manzil": 7,
        "ruku": 525,
        "word_number_in_verse": 3,
        "language_code": "bn",
        "text": "আমলনামা",
        "root_word": "كِتَٰبَ",
        "global_word_sequence_number": 75876,
        "global_verse_sequence_number": 5866
    },
    {
        "chapter": 83,
        "verse": 18,
        "juz": 30,
        "hizb": 235,
        "manzil": 7,
        "ruku": 525,
        "word_number_in_verse": 4,
        "language_code": "bn",
        "text": "সৎ লোকদের",
        "root_word": "الۡأَبۡرَارِ",
        "global_word_sequence_number": 75877,
        "global_verse_sequence_number": 5866
    },
    {
        "chapter": 83,
        "verse": 18,
        "juz": 30,
        "hizb": 235,
        "manzil": 7,
        "ruku": 525,
        "word_number_in_verse": 5,
        "language_code": "bn",
        "text": "অবশ্যই মধ্যে",
        "root_word": "لَفِي",
        "global_word_sequence_number": 75878,
        "global_verse_sequence_number": 5866
    },
    {
        "chapter": 83,
        "verse": 18,
        "juz": 30,
        "hizb": 235,
        "manzil": 7,
        "ruku": 525,
        "word_number_in_verse": 6,
        "language_code": "bn",
        "text": "উচ্চ মর্যাদাসম্পন্ন (দফতরে)",
        "root_word": "عِلِّيِّينَ",
        "global_word_sequence_number": 75879,
        "global_verse_sequence_number": 5866
    },
    {
        "chapter": 83,
        "verse": 19,
        "juz": 30,
        "hizb": 235,
        "manzil": 7,
        "ruku": 525,
        "word_number_in_verse": 1,
        "language_code": "bn",
        "text": "এবং কিসে",
        "root_word": "وَمَآ",
        "global_word_sequence_number": 75880,
        "global_verse_sequence_number": 5867
    },
    {
        "chapter": 83,
        "verse": 19,
        "juz": 30,
        "hizb": 235,
        "manzil": 7,
        "ruku": 525,
        "word_number_in_verse": 2,
        "language_code": "bn",
        "text": "তোমাকে বুঝাবে",
        "root_word": "أَدۡرَىٰكَ",
        "global_word_sequence_number": 75881,
        "global_verse_sequence_number": 5867
    },
    {
        "chapter": 83,
        "verse": 19,
        "juz": 30,
        "hizb": 235,
        "manzil": 7,
        "ruku": 525,
        "word_number_in_verse": 3,
        "language_code": "bn",
        "text": "কি সেই",
        "root_word": "مَا",
        "global_word_sequence_number": 75882,
        "global_verse_sequence_number": 5867
    },
    {
        "chapter": 83,
        "verse": 19,
        "juz": 30,
        "hizb": 235,
        "manzil": 7,
        "ruku": 525,
        "word_number_in_verse": 4,
        "language_code": "bn",
        "text": "উচ্চ মর্যাদাসম্পন্ন (দফতর)",
        "root_word": "عِلِّيُّونَ",
        "global_word_sequence_number": 75883,
        "global_verse_sequence_number": 5867
    },
    {
        "chapter": 83,
        "verse": 20,
        "juz": 30,
        "hizb": 235,
        "manzil": 7,
        "ruku": 525,
        "word_number_in_verse": 1,
        "language_code": "bn",
        "text": "খাতা/ আমলনামা",
        "root_word": "كِتَٰبٞ",
        "global_word_sequence_number": 75884,
        "global_verse_sequence_number": 5868
    },
    {
        "chapter": 83,
        "verse": 20,
        "juz": 30,
        "hizb": 235,
        "manzil": 7,
        "ruku": 525,
        "word_number_in_verse": 2,
        "language_code": "bn",
        "text": "চিহ্নিত",
        "root_word": "مَّرۡقُومٞ",
        "global_word_sequence_number": 75885,
        "global_verse_sequence_number": 5868
    },
    {
        "chapter": 83,
        "verse": 21,
        "juz": 30,
        "hizb": 235,
        "manzil": 7,
        "ruku": 525,
        "word_number_in_verse": 1,
        "language_code": "bn",
        "text": "তা অবলোকন করছে",
        "root_word": "يَشۡهَدُهُ",
        "global_word_sequence_number": 75886,
        "global_verse_sequence_number": 5869
    },
    {
        "chapter": 83,
        "verse": 21,
        "juz": 30,
        "hizb": 235,
        "manzil": 7,
        "ruku": 525,
        "word_number_in_verse": 2,
        "language_code": "bn",
        "text": "নৈকট্যপ্রাপ্ত (ফেরেশতারা)",
        "root_word": "الۡمُقَرَّبُونَ",
        "global_word_sequence_number": 75887,
        "global_verse_sequence_number": 5869
    },
    {
        "chapter": 83,
        "verse": 22,
        "juz": 30,
        "hizb": 235,
        "manzil": 7,
        "ruku": 525,
        "word_number_in_verse": 1,
        "language_code": "bn",
        "text": "নিশ্চয়ই",
        "root_word": "إِنَّ",
        "global_word_sequence_number": 75888,
        "global_verse_sequence_number": 5870
    },
    {
        "chapter": 83,
        "verse": 22,
        "juz": 30,
        "hizb": 235,
        "manzil": 7,
        "ruku": 525,
        "word_number_in_verse": 2,
        "language_code": "bn",
        "text": "সৎ লোকেরা",
        "root_word": "الۡأَبۡرَارَ",
        "global_word_sequence_number": 75889,
        "global_verse_sequence_number": 5870
    },
    {
        "chapter": 83,
        "verse": 22,
        "juz": 30,
        "hizb": 235,
        "manzil": 7,
        "ruku": 525,
        "word_number_in_verse": 3,
        "language_code": "bn",
        "text": "অবশ্যই মধ্যে (থাকবে)",
        "root_word": "لَفِي",
        "global_word_sequence_number": 75890,
        "global_verse_sequence_number": 5870
    },
    {
        "chapter": 83,
        "verse": 22,
        "juz": 30,
        "hizb": 235,
        "manzil": 7,
        "ruku": 525,
        "word_number_in_verse": 4,
        "language_code": "bn",
        "text": "স্বাচ্ছন্দ্যের",
        "root_word": "نَعِيمٍ",
        "global_word_sequence_number": 75891,
        "global_verse_sequence_number": 5870
    },
    {
        "chapter": 83,
        "verse": 23,
        "juz": 30,
        "hizb": 235,
        "manzil": 7,
        "ruku": 525,
        "word_number_in_verse": 1,
        "language_code": "bn",
        "text": "উপর",
        "root_word": "عَلَى",
        "global_word_sequence_number": 75892,
        "global_verse_sequence_number": 5871
    },
    {
        "chapter": 83,
        "verse": 23,
        "juz": 30,
        "hizb": 235,
        "manzil": 7,
        "ruku": 525,
        "word_number_in_verse": 2,
        "language_code": "bn",
        "text": "সুসজ্জিত আসন",
        "root_word": "الۡأَرَآئِكِ",
        "global_word_sequence_number": 75893,
        "global_verse_sequence_number": 5871
    },
    {
        "chapter": 83,
        "verse": 23,
        "juz": 30,
        "hizb": 235,
        "manzil": 7,
        "ruku": 525,
        "word_number_in_verse": 3,
        "language_code": "bn",
        "text": "তারা দেখবে",
        "root_word": "يَنظُرُونَ",
        "global_word_sequence_number": 75894,
        "global_verse_sequence_number": 5871
    },
    {
        "chapter": 83,
        "verse": 24,
        "juz": 30,
        "hizb": 235,
        "manzil": 7,
        "ruku": 525,
        "word_number_in_verse": 1,
        "language_code": "bn",
        "text": "তুমি চিনবে",
        "root_word": "تَعۡرِفُ",
        "global_word_sequence_number": 75895,
        "global_verse_sequence_number": 5872
    },
    {
        "chapter": 83,
        "verse": 24,
        "juz": 30,
        "hizb": 235,
        "manzil": 7,
        "ruku": 525,
        "word_number_in_verse": 2,
        "language_code": "bn",
        "text": "মধ্যে",
        "root_word": "فِي",
        "global_word_sequence_number": 75896,
        "global_verse_sequence_number": 5872
    },
    {
        "chapter": 83,
        "verse": 24,
        "juz": 30,
        "hizb": 235,
        "manzil": 7,
        "ruku": 525,
        "word_number_in_verse": 3,
        "language_code": "bn",
        "text": "তাদের চেহারার",
        "root_word": "وُجُوهِهِمۡ",
        "global_word_sequence_number": 75897,
        "global_verse_sequence_number": 5872
    },
    {
        "chapter": 83,
        "verse": 24,
        "juz": 30,
        "hizb": 235,
        "manzil": 7,
        "ruku": 525,
        "word_number_in_verse": 4,
        "language_code": "bn",
        "text": "দীপ্তি",
        "root_word": "نَضۡرَةَ",
        "global_word_sequence_number": 75898,
        "global_verse_sequence_number": 5872
    },
    {
        "chapter": 83,
        "verse": 24,
        "juz": 30,
        "hizb": 235,
        "manzil": 7,
        "ruku": 525,
        "word_number_in_verse": 5,
        "language_code": "bn",
        "text": "স্বাচ্ছন্দ্যের",
        "root_word": "النَّعِيمِ",
        "global_word_sequence_number": 75899,
        "global_verse_sequence_number": 5872
    },
    {
        "chapter": 83,
        "verse": 25,
        "juz": 30,
        "hizb": 235,
        "manzil": 7,
        "ruku": 525,
        "word_number_in_verse": 1,
        "language_code": "bn",
        "text": "তাদের পান করানো হবে",
        "root_word": "يُسۡقَوۡنَ",
        "global_word_sequence_number": 75900,
        "global_verse_sequence_number": 5873
    },
    {
        "chapter": 83,
        "verse": 25,
        "juz": 30,
        "hizb": 235,
        "manzil": 7,
        "ruku": 525,
        "word_number_in_verse": 2,
        "language_code": "bn",
        "text": "হতে",
        "root_word": "مِن",
        "global_word_sequence_number": 75901,
        "global_verse_sequence_number": 5873
    },
    {
        "chapter": 83,
        "verse": 25,
        "juz": 30,
        "hizb": 235,
        "manzil": 7,
        "ruku": 525,
        "word_number_in_verse": 3,
        "language_code": "bn",
        "text": "বিশুদ্ধ পানীয়",
        "root_word": "رَّحِيقٖ",
        "global_word_sequence_number": 75902,
        "global_verse_sequence_number": 5873
    },
    {
        "chapter": 83,
        "verse": 25,
        "juz": 30,
        "hizb": 235,
        "manzil": 7,
        "ruku": 525,
        "word_number_in_verse": 4,
        "language_code": "bn",
        "text": "মোহর করা",
        "root_word": "مَّخۡتُومٍ",
        "global_word_sequence_number": 75903,
        "global_verse_sequence_number": 5873
    },
    {
        "chapter": 83,
        "verse": 26,
        "juz": 30,
        "hizb": 235,
        "manzil": 7,
        "ruku": 525,
        "word_number_in_verse": 1,
        "language_code": "bn",
        "text": "তার মোহর (হবে)",
        "root_word": "خِتَٰمُهُۥ",
        "global_word_sequence_number": 75904,
        "global_verse_sequence_number": 5874
    },
    {
        "chapter": 83,
        "verse": 26,
        "juz": 30,
        "hizb": 235,
        "manzil": 7,
        "ruku": 525,
        "word_number_in_verse": 2,
        "language_code": "bn",
        "text": "কস্তুরির",
        "root_word": "مِسۡكٞۚ",
        "global_word_sequence_number": 75905,
        "global_verse_sequence_number": 5874
    },
    {
        "chapter": 83,
        "verse": 26,
        "juz": 30,
        "hizb": 235,
        "manzil": 7,
        "ruku": 525,
        "word_number_in_verse": 3,
        "language_code": "bn",
        "text": "এবং ক্ষেত্রে",
        "root_word": "وَفِي",
        "global_word_sequence_number": 75906,
        "global_verse_sequence_number": 5874
    },
    {
        "chapter": 83,
        "verse": 26,
        "juz": 30,
        "hizb": 235,
        "manzil": 7,
        "ruku": 525,
        "word_number_in_verse": 4,
        "language_code": "bn",
        "text": "এই",
        "root_word": "ذَٰلِكَ",
        "global_word_sequence_number": 75907,
        "global_verse_sequence_number": 5874
    },
    {
        "chapter": 83,
        "verse": 26,
        "juz": 30,
        "hizb": 235,
        "manzil": 7,
        "ruku": 525,
        "word_number_in_verse": 5,
        "language_code": "bn",
        "text": "প্রতিযোগিতা করুক",
        "root_word": "فَلۡيَتَنَافَسِ",
        "global_word_sequence_number": 75908,
        "global_verse_sequence_number": 5874
    },
    {
        "chapter": 83,
        "verse": 26,
        "juz": 30,
        "hizb": 235,
        "manzil": 7,
        "ruku": 525,
        "word_number_in_verse": 6,
        "language_code": "bn",
        "text": "প্রতিযোগীরা",
        "root_word": "الۡمُتَنَٰفِسُونَ",
        "global_word_sequence_number": 75909,
        "global_verse_sequence_number": 5874
    },
    {
        "chapter": 83,
        "verse": 27,
        "juz": 30,
        "hizb": 235,
        "manzil": 7,
        "ruku": 525,
        "word_number_in_verse": 1,
        "language_code": "bn",
        "text": "এবং তার মিশ্রণ হবে",
        "root_word": "وَمِزَاجُهُۥ",
        "global_word_sequence_number": 75910,
        "global_verse_sequence_number": 5875
    },
    {
        "chapter": 83,
        "verse": 27,
        "juz": 30,
        "hizb": 235,
        "manzil": 7,
        "ruku": 525,
        "word_number_in_verse": 2,
        "language_code": "bn",
        "text": "এর",
        "root_word": "مِن",
        "global_word_sequence_number": 75911,
        "global_verse_sequence_number": 5875
    },
    {
        "chapter": 83,
        "verse": 27,
        "juz": 30,
        "hizb": 235,
        "manzil": 7,
        "ruku": 525,
        "word_number_in_verse": 3,
        "language_code": "bn",
        "text": "তাসনীম",
        "root_word": "تَسۡنِيمٍ",
        "global_word_sequence_number": 75912,
        "global_verse_sequence_number": 5875
    },
    {
        "chapter": 83,
        "verse": 28,
        "juz": 30,
        "hizb": 235,
        "manzil": 7,
        "ruku": 525,
        "word_number_in_verse": 1,
        "language_code": "bn",
        "text": "(এই তাসনীম) একটি ঝর্ণা",
        "root_word": "عَيۡنٗا",
        "global_word_sequence_number": 75913,
        "global_verse_sequence_number": 5876
    },
    {
        "chapter": 83,
        "verse": 28,
        "juz": 30,
        "hizb": 235,
        "manzil": 7,
        "ruku": 525,
        "word_number_in_verse": 2,
        "language_code": "bn",
        "text": "পান করবে",
        "root_word": "يَشۡرَبُ",
        "global_word_sequence_number": 75914,
        "global_verse_sequence_number": 5876
    },
    {
        "chapter": 83,
        "verse": 28,
        "juz": 30,
        "hizb": 235,
        "manzil": 7,
        "ruku": 525,
        "word_number_in_verse": 3,
        "language_code": "bn",
        "text": "তা থেকে",
        "root_word": "بِهَا",
        "global_word_sequence_number": 75915,
        "global_verse_sequence_number": 5876
    },
    {
        "chapter": 83,
        "verse": 28,
        "juz": 30,
        "hizb": 235,
        "manzil": 7,
        "ruku": 525,
        "word_number_in_verse": 4,
        "language_code": "bn",
        "text": "নৈকট্যপ্রাপ্তগণ",
        "root_word": "الۡمُقَرَّبُونَ",
        "global_word_sequence_number": 75916,
        "global_verse_sequence_number": 5876
    },
    {
        "chapter": 83,
        "verse": 29,
        "juz": 30,
        "hizb": 235,
        "manzil": 7,
        "ruku": 525,
        "word_number_in_verse": 1,
        "language_code": "bn",
        "text": "নিশ্চয়ই",
        "root_word": "إِنَّ",
        "global_word_sequence_number": 75917,
        "global_verse_sequence_number": 5877
    },
    {
        "chapter": 83,
        "verse": 29,
        "juz": 30,
        "hizb": 235,
        "manzil": 7,
        "ruku": 525,
        "word_number_in_verse": 2,
        "language_code": "bn",
        "text": "যারা",
        "root_word": "الَّذِينَ",
        "global_word_sequence_number": 75918,
        "global_verse_sequence_number": 5877
    },
    {
        "chapter": 83,
        "verse": 29,
        "juz": 30,
        "hizb": 235,
        "manzil": 7,
        "ruku": 525,
        "word_number_in_verse": 3,
        "language_code": "bn",
        "text": "অপরাধ করেছে",
        "root_word": "أَجۡرَمُواْ",
        "global_word_sequence_number": 75919,
        "global_verse_sequence_number": 5877
    },
    {
        "chapter": 83,
        "verse": 29,
        "juz": 30,
        "hizb": 235,
        "manzil": 7,
        "ruku": 525,
        "word_number_in_verse": 4,
        "language_code": "bn",
        "text": "তারা ছিলো",
        "root_word": "كَانُواْ",
        "global_word_sequence_number": 75920,
        "global_verse_sequence_number": 5877
    },
    {
        "chapter": 83,
        "verse": 29,
        "juz": 30,
        "hizb": 235,
        "manzil": 7,
        "ruku": 525,
        "word_number_in_verse": 5,
        "language_code": "bn",
        "text": "সাথে",
        "root_word": "مِنَ",
        "global_word_sequence_number": 75921,
        "global_verse_sequence_number": 5877
    },
    {
        "chapter": 83,
        "verse": 29,
        "juz": 30,
        "hizb": 235,
        "manzil": 7,
        "ruku": 525,
        "word_number_in_verse": 6,
        "language_code": "bn",
        "text": "যারা",
        "root_word": "الَّذِينَ",
        "global_word_sequence_number": 75922,
        "global_verse_sequence_number": 5877
    },
    {
        "chapter": 83,
        "verse": 29,
        "juz": 30,
        "hizb": 235,
        "manzil": 7,
        "ruku": 525,
        "word_number_in_verse": 7,
        "language_code": "bn",
        "text": "ঈমান এনেছে",
        "root_word": "ءَامَنُواْ",
        "global_word_sequence_number": 75923,
        "global_verse_sequence_number": 5877
    },
    {
        "chapter": 83,
        "verse": 29,
        "juz": 30,
        "hizb": 235,
        "manzil": 7,
        "ruku": 525,
        "word_number_in_verse": 8,
        "language_code": "bn",
        "text": "বিদ্রুপ করত (তাদের সাথে)",
        "root_word": "يَضۡحَكُونَ",
        "global_word_sequence_number": 75924,
        "global_verse_sequence_number": 5877
    },
    {
        "chapter": 83,
        "verse": 30,
        "juz": 30,
        "hizb": 235,
        "manzil": 7,
        "ruku": 525,
        "word_number_in_verse": 1,
        "language_code": "bn",
        "text": "এবং যখন",
        "root_word": "وَإِذَا",
        "global_word_sequence_number": 75925,
        "global_verse_sequence_number": 5878
    },
    {
        "chapter": 83,
        "verse": 30,
        "juz": 30,
        "hizb": 235,
        "manzil": 7,
        "ruku": 525,
        "word_number_in_verse": 2,
        "language_code": "bn",
        "text": "অতিক্রম করত",
        "root_word": "مَرُّواْ",
        "global_word_sequence_number": 75926,
        "global_verse_sequence_number": 5878
    },
    {
        "chapter": 83,
        "verse": 30,
        "juz": 30,
        "hizb": 235,
        "manzil": 7,
        "ruku": 525,
        "word_number_in_verse": 3,
        "language_code": "bn",
        "text": "তাদের কাছ দিয়ে",
        "root_word": "بِهِمۡ",
        "global_word_sequence_number": 75927,
        "global_verse_sequence_number": 5878
    },
    {
        "chapter": 83,
        "verse": 30,
        "juz": 30,
        "hizb": 235,
        "manzil": 7,
        "ruku": 525,
        "word_number_in_verse": 4,
        "language_code": "bn",
        "text": "তারা কটাক্ষ করতো",
        "root_word": "يَتَغَامَزُونَ",
        "global_word_sequence_number": 75928,
        "global_verse_sequence_number": 5878
    },
    {
        "chapter": 83,
        "verse": 31,
        "juz": 30,
        "hizb": 235,
        "manzil": 7,
        "ruku": 525,
        "word_number_in_verse": 1,
        "language_code": "bn",
        "text": "এবং যখন",
        "root_word": "وَإِذَا",
        "global_word_sequence_number": 75929,
        "global_verse_sequence_number": 5879
    },
    {
        "chapter": 83,
        "verse": 31,
        "juz": 30,
        "hizb": 235,
        "manzil": 7,
        "ruku": 525,
        "word_number_in_verse": 2,
        "language_code": "bn",
        "text": "ফিরে যেতো",
        "root_word": "انقَلَبُوٓاْ",
        "global_word_sequence_number": 75930,
        "global_verse_sequence_number": 5879
    },
    {
        "chapter": 83,
        "verse": 31,
        "juz": 30,
        "hizb": 235,
        "manzil": 7,
        "ruku": 525,
        "word_number_in_verse": 3,
        "language_code": "bn",
        "text": "কাছে",
        "root_word": "إِلَىٰٓ",
        "global_word_sequence_number": 75931,
        "global_verse_sequence_number": 5879
    },
    {
        "chapter": 83,
        "verse": 31,
        "juz": 30,
        "hizb": 235,
        "manzil": 7,
        "ruku": 525,
        "word_number_in_verse": 4,
        "language_code": "bn",
        "text": "তাদের পরিজনের",
        "root_word": "أَهۡلِهِمُ",
        "global_word_sequence_number": 75932,
        "global_verse_sequence_number": 5879
    },
    {
        "chapter": 83,
        "verse": 31,
        "juz": 30,
        "hizb": 235,
        "manzil": 7,
        "ruku": 525,
        "word_number_in_verse": 5,
        "language_code": "bn",
        "text": "তারা ফিরে যেতো",
        "root_word": "انقَلَبُواْ",
        "global_word_sequence_number": 75933,
        "global_verse_sequence_number": 5879
    },
    {
        "chapter": 83,
        "verse": 31,
        "juz": 30,
        "hizb": 235,
        "manzil": 7,
        "ruku": 525,
        "word_number_in_verse": 6,
        "language_code": "bn",
        "text": "উৎফুল্ল হয়ে",
        "root_word": "فَكِهِينَ",
        "global_word_sequence_number": 75934,
        "global_verse_sequence_number": 5879
    },
    {
        "chapter": 83,
        "verse": 32,
        "juz": 30,
        "hizb": 235,
        "manzil": 7,
        "ruku": 525,
        "word_number_in_verse": 1,
        "language_code": "bn",
        "text": "এবং যখন",
        "root_word": "وَإِذَا",
        "global_word_sequence_number": 75935,
        "global_verse_sequence_number": 5880
    },
    {
        "chapter": 83,
        "verse": 32,
        "juz": 30,
        "hizb": 235,
        "manzil": 7,
        "ruku": 525,
        "word_number_in_verse": 2,
        "language_code": "bn",
        "text": "তাদেরকে দেখত",
        "root_word": "رَأَوۡهُمۡ",
        "global_word_sequence_number": 75936,
        "global_verse_sequence_number": 5880
    },
    {
        "chapter": 83,
        "verse": 32,
        "juz": 30,
        "hizb": 235,
        "manzil": 7,
        "ruku": 525,
        "word_number_in_verse": 3,
        "language_code": "bn",
        "text": "তারা বলত",
        "root_word": "قَالُوٓاْ",
        "global_word_sequence_number": 75937,
        "global_verse_sequence_number": 5880
    },
    {
        "chapter": 83,
        "verse": 32,
        "juz": 30,
        "hizb": 235,
        "manzil": 7,
        "ruku": 525,
        "word_number_in_verse": 4,
        "language_code": "bn",
        "text": "\"নিশ্চয়ই",
        "root_word": "إِنَّ",
        "global_word_sequence_number": 75938,
        "global_verse_sequence_number": 5880
    },
    {
        "chapter": 83,
        "verse": 32,
        "juz": 30,
        "hizb": 235,
        "manzil": 7,
        "ruku": 525,
        "word_number_in_verse": 5,
        "language_code": "bn",
        "text": "এসব লোক",
        "root_word": "هَٰٓؤُلَآءِ",
        "global_word_sequence_number": 75939,
        "global_verse_sequence_number": 5880
    },
    {
        "chapter": 83,
        "verse": 32,
        "juz": 30,
        "hizb": 235,
        "manzil": 7,
        "ruku": 525,
        "word_number_in_verse": 6,
        "language_code": "bn",
        "text": "অবশ্যই বিভ্রান্ত\"",
        "root_word": "لَضَآلُّونَ",
        "global_word_sequence_number": 75940,
        "global_verse_sequence_number": 5880
    },
    {
        "chapter": 83,
        "verse": 33,
        "juz": 30,
        "hizb": 235,
        "manzil": 7,
        "ruku": 525,
        "word_number_in_verse": 1,
        "language_code": "bn",
        "text": "এবং না",
        "root_word": "وَمَآ",
        "global_word_sequence_number": 75941,
        "global_verse_sequence_number": 5881
    },
    {
        "chapter": 83,
        "verse": 33,
        "juz": 30,
        "hizb": 235,
        "manzil": 7,
        "ruku": 525,
        "word_number_in_verse": 2,
        "language_code": "bn",
        "text": "পাঠানো হয়েছে (কাফেরদেরকে)",
        "root_word": "أُرۡسِلُواْ",
        "global_word_sequence_number": 75942,
        "global_verse_sequence_number": 5881
    },
    {
        "chapter": 83,
        "verse": 33,
        "juz": 30,
        "hizb": 235,
        "manzil": 7,
        "ruku": 525,
        "word_number_in_verse": 3,
        "language_code": "bn",
        "text": "তাদের উপর",
        "root_word": "عَلَيۡهِمۡ",
        "global_word_sequence_number": 75943,
        "global_verse_sequence_number": 5881
    },
    {
        "chapter": 83,
        "verse": 33,
        "juz": 30,
        "hizb": 235,
        "manzil": 7,
        "ruku": 525,
        "word_number_in_verse": 4,
        "language_code": "bn",
        "text": "তত্ত্বাবধায়ক রূপে",
        "root_word": "حَٰفِظِينَ",
        "global_word_sequence_number": 75944,
        "global_verse_sequence_number": 5881
    },
    {
        "chapter": 83,
        "verse": 34,
        "juz": 30,
        "hizb": 235,
        "manzil": 7,
        "ruku": 525,
        "word_number_in_verse": 1,
        "language_code": "bn",
        "text": "অতএব আজ",
        "root_word": "فَالۡيَوۡمَ",
        "global_word_sequence_number": 75945,
        "global_verse_sequence_number": 5882
    },
    {
        "chapter": 83,
        "verse": 34,
        "juz": 30,
        "hizb": 235,
        "manzil": 7,
        "ruku": 525,
        "word_number_in_verse": 2,
        "language_code": "bn",
        "text": "(সেদিন) যারা",
        "root_word": "الَّذِينَ",
        "global_word_sequence_number": 75946,
        "global_verse_sequence_number": 5882
    },
    {
        "chapter": 83,
        "verse": 34,
        "juz": 30,
        "hizb": 235,
        "manzil": 7,
        "ruku": 525,
        "word_number_in_verse": 3,
        "language_code": "bn",
        "text": "ঈমান এনেছিলো",
        "root_word": "ءَامَنُواْ",
        "global_word_sequence_number": 75947,
        "global_verse_sequence_number": 5882
    },
    {
        "chapter": 83,
        "verse": 34,
        "juz": 30,
        "hizb": 235,
        "manzil": 7,
        "ruku": 525,
        "word_number_in_verse": 4,
        "language_code": "bn",
        "text": "সাথে",
        "root_word": "مِنَ",
        "global_word_sequence_number": 75948,
        "global_verse_sequence_number": 5882
    },
    {
        "chapter": 83,
        "verse": 34,
        "juz": 30,
        "hizb": 235,
        "manzil": 7,
        "ruku": 525,
        "word_number_in_verse": 5,
        "language_code": "bn",
        "text": "কাফেরদের",
        "root_word": "ٱلۡكُفَّارِ",
        "global_word_sequence_number": 75949,
        "global_verse_sequence_number": 5882
    },
    {
        "chapter": 83,
        "verse": 34,
        "juz": 30,
        "hizb": 235,
        "manzil": 7,
        "ruku": 525,
        "word_number_in_verse": 6,
        "language_code": "bn",
        "text": "উপহাস করবে",
        "root_word": "يَضۡحَكُونَ",
        "global_word_sequence_number": 75950,
        "global_verse_sequence_number": 5882
    },
    {
        "chapter": 83,
        "verse": 35,
        "juz": 30,
        "hizb": 235,
        "manzil": 7,
        "ruku": 525,
        "word_number_in_verse": 1,
        "language_code": "bn",
        "text": "উপর",
        "root_word": "عَلَى",
        "global_word_sequence_number": 75951,
        "global_verse_sequence_number": 5883
    },
    {
        "chapter": 83,
        "verse": 35,
        "juz": 30,
        "hizb": 235,
        "manzil": 7,
        "ruku": 525,
        "word_number_in_verse": 2,
        "language_code": "bn",
        "text": "সুসজ্জিত আসন সমূহের (বসে)",
        "root_word": "ٱلۡأَرَآئِكِ",
        "global_word_sequence_number": 75952,
        "global_verse_sequence_number": 5883
    },
    {
        "chapter": 83,
        "verse": 35,
        "juz": 30,
        "hizb": 235,
        "manzil": 7,
        "ruku": 525,
        "word_number_in_verse": 3,
        "language_code": "bn",
        "text": "তারা দেখবে",
        "root_word": "يَنظُرُونَ",
        "global_word_sequence_number": 75953,
        "global_verse_sequence_number": 5883
    },
    {
        "chapter": 83,
        "verse": 36,
        "juz": 30,
        "hizb": 235,
        "manzil": 7,
        "ruku": 525,
        "word_number_in_verse": 1,
        "language_code": "bn",
        "text": "কি",
        "root_word": "هَلۡ",
        "global_word_sequence_number": 75954,
        "global_verse_sequence_number": 5884
    },
    {
        "chapter": 83,
        "verse": 36,
        "juz": 30,
        "hizb": 235,
        "manzil": 7,
        "ruku": 525,
        "word_number_in_verse": 2,
        "language_code": "bn",
        "text": "ফল দেয়া হলো",
        "root_word": "ثُوِّبَ",
        "global_word_sequence_number": 75955,
        "global_verse_sequence_number": 5884
    },
    {
        "chapter": 83,
        "verse": 36,
        "juz": 30,
        "hizb": 235,
        "manzil": 7,
        "ruku": 525,
        "word_number_in_verse": 3,
        "language_code": "bn",
        "text": "কাফেরদের",
        "root_word": "ٱلۡكُفَّارُ",
        "global_word_sequence_number": 75956,
        "global_verse_sequence_number": 5884
    },
    {
        "chapter": 83,
        "verse": 36,
        "juz": 30,
        "hizb": 235,
        "manzil": 7,
        "ruku": 525,
        "word_number_in_verse": 4,
        "language_code": "bn",
        "text": "যা",
        "root_word": "مَا",
        "global_word_sequence_number": 75957,
        "global_verse_sequence_number": 5884
    },
    {
        "chapter": 83,
        "verse": 36,
        "juz": 30,
        "hizb": 235,
        "manzil": 7,
        "ruku": 525,
        "word_number_in_verse": 5,
        "language_code": "bn",
        "text": "(ছিল)",
        "root_word": "كَانُواْ",
        "global_word_sequence_number": 75958,
        "global_verse_sequence_number": 5884
    },
    {
        "chapter": 83,
        "verse": 36,
        "juz": 30,
        "hizb": 235,
        "manzil": 7,
        "ruku": 525,
        "word_number_in_verse": 6,
        "language_code": "bn",
        "text": "তারা করছিল",
        "root_word": "يَفۡعَلُونَ",
        "global_word_sequence_number": 75959,
        "global_verse_sequence_number": 5884
    }
]