[
    {
        "chapter": 84,
        "verse": 1,
        "juz": 30,
        "hizb": 236,
        "manzil": 7,
        "ruku": 526,
        "word_number_in_verse": 1,
        "language_code": "bn",
        "text": "যখন",
        "root_word": "إِذَا",
        "global_word_sequence_number": 75960,
        "global_verse_sequence_number": 5885
    },
    {
        "chapter": 84,
        "verse": 1,
        "juz": 30,
        "hizb": 236,
        "manzil": 7,
        "ruku": 526,
        "word_number_in_verse": 2,
        "language_code": "bn",
        "text": "আকাশ",
        "root_word": "السَّمَآءُ",
        "global_word_sequence_number": 75961,
        "global_verse_sequence_number": 5885
    },
    {
        "chapter": 84,
        "verse": 1,
        "juz": 30,
        "hizb": 236,
        "manzil": 7,
        "ruku": 526,
        "word_number_in_verse": 3,
        "language_code": "bn",
        "text": "ফেটে পড়বে",
        "root_word": "انشَقَّتۡ",
        "global_word_sequence_number": 75962,
        "global_verse_sequence_number": 5885
    },
    {
        "chapter": 84,
        "verse": 2,
        "juz": 30,
        "hizb": 236,
        "manzil": 7,
        "ruku": 526,
        "word_number_in_verse": 1,
        "language_code": "bn",
        "text": "এবং সে নির্দেশ পালন করবে",
        "root_word": "وَأَذِنَتۡ",
        "global_word_sequence_number": 75963,
        "global_verse_sequence_number": 5886
    },
    {
        "chapter": 84,
        "verse": 2,
        "juz": 30,
        "hizb": 236,
        "manzil": 7,
        "ruku": 526,
        "word_number_in_verse": 2,
        "language_code": "bn",
        "text": "তার রবের",
        "root_word": "لِرَبِّهَا",
        "global_word_sequence_number": 75964,
        "global_verse_sequence_number": 5886
    },
    {
        "chapter": 84,
        "verse": 2,
        "juz": 30,
        "hizb": 236,
        "manzil": 7,
        "ruku": 526,
        "word_number_in_verse": 3,
        "language_code": "bn",
        "text": "ও এটাই তার করণীয়",
        "root_word": "وَحُقَّتۡ",
        "global_word_sequence_number": 75965,
        "global_verse_sequence_number": 5886
    },
    {
        "chapter": 84,
        "verse": 3,
        "juz": 30,
        "hizb": 236,
        "manzil": 7,
        "ruku": 526,
        "word_number_in_verse": 1,
        "language_code": "bn",
        "text": "এবং যখন",
        "root_word": "وَإِذَا",
        "global_word_sequence_number": 75966,
        "global_verse_sequence_number": 5887
    },
    {
        "chapter": 84,
        "verse": 3,
        "juz": 30,
        "hizb": 236,
        "manzil": 7,
        "ruku": 526,
        "word_number_in_verse": 2,
        "language_code": "bn",
        "text": "পৃথিবী",
        "root_word": "الۡأَرۡضُ",
        "global_word_sequence_number": 75967,
        "global_verse_sequence_number": 5887
    },
    {
        "chapter": 84,
        "verse": 3,
        "juz": 30,
        "hizb": 236,
        "manzil": 7,
        "ruku": 526,
        "word_number_in_verse": 3,
        "language_code": "bn",
        "text": "সম্প্রসারিত করা হবে",
        "root_word": "مُدَّتۡ",
        "global_word_sequence_number": 75968,
        "global_verse_sequence_number": 5887
    },
    {
        "chapter": 84,
        "verse": 4,
        "juz": 30,
        "hizb": 236,
        "manzil": 7,
        "ruku": 526,
        "word_number_in_verse": 1,
        "language_code": "bn",
        "text": "এবং নিক্ষেপ করবে",
        "root_word": "وَأَلۡقَتۡ",
        "global_word_sequence_number": 75969,
        "global_verse_sequence_number": 5888
    },
    {
        "chapter": 84,
        "verse": 4,
        "juz": 30,
        "hizb": 236,
        "manzil": 7,
        "ruku": 526,
        "word_number_in_verse": 2,
        "language_code": "bn",
        "text": "যা",
        "root_word": "مَا",
        "global_word_sequence_number": 75970,
        "global_verse_sequence_number": 5888
    },
    {
        "chapter": 84,
        "verse": 4,
        "juz": 30,
        "hizb": 236,
        "manzil": 7,
        "ruku": 526,
        "word_number_in_verse": 3,
        "language_code": "bn",
        "text": "তার মধ্যে আছে",
        "root_word": "فِيهَا",
        "global_word_sequence_number": 75971,
        "global_verse_sequence_number": 5888
    },
    {
        "chapter": 84,
        "verse": 4,
        "juz": 30,
        "hizb": 236,
        "manzil": 7,
        "ruku": 526,
        "word_number_in_verse": 4,
        "language_code": "bn",
        "text": "এবং তা শূন্য হয়ে যাবে",
        "root_word": "وَتَخَلَّتۡ",
        "global_word_sequence_number": 75972,
        "global_verse_sequence_number": 5888
    },
    {
        "chapter": 84,
        "verse": 5,
        "juz": 30,
        "hizb": 236,
        "manzil": 7,
        "ruku": 526,
        "word_number_in_verse": 1,
        "language_code": "bn",
        "text": "এবং সে নির্দেশ পালন করবে",
        "root_word": "وَأَذِنَتۡ",
        "global_word_sequence_number": 75973,
        "global_verse_sequence_number": 5889
    },
    {
        "chapter": 84,
        "verse": 5,
        "juz": 30,
        "hizb": 236,
        "manzil": 7,
        "ruku": 526,
        "word_number_in_verse": 2,
        "language_code": "bn",
        "text": "তার রবের",
        "root_word": "لِرَبِّهَا",
        "global_word_sequence_number": 75974,
        "global_verse_sequence_number": 5889
    },
    {
        "chapter": 84,
        "verse": 5,
        "juz": 30,
        "hizb": 236,
        "manzil": 7,
        "ruku": 526,
        "word_number_in_verse": 3,
        "language_code": "bn",
        "text": "এবং এটাই তার জন্য করণীয়",
        "root_word": "وَحُقَّتۡ",
        "global_word_sequence_number": 75975,
        "global_verse_sequence_number": 5889
    },
    {
        "chapter": 84,
        "verse": 6,
        "juz": 30,
        "hizb": 236,
        "manzil": 7,
        "ruku": 526,
        "word_number_in_verse": 1,
        "language_code": "bn",
        "text": "হে",
        "root_word": "يَٰٓأَيُّهَا",
        "global_word_sequence_number": 75976,
        "global_verse_sequence_number": 5890
    },
    {
        "chapter": 84,
        "verse": 6,
        "juz": 30,
        "hizb": 236,
        "manzil": 7,
        "ruku": 526,
        "word_number_in_verse": 2,
        "language_code": "bn",
        "text": "মানুষ",
        "root_word": "الۡإِنسَٰنُ",
        "global_word_sequence_number": 75977,
        "global_verse_sequence_number": 5890
    },
    {
        "chapter": 84,
        "verse": 6,
        "juz": 30,
        "hizb": 236,
        "manzil": 7,
        "ruku": 526,
        "word_number_in_verse": 3,
        "language_code": "bn",
        "text": "নিশ্চয়ই তুমি",
        "root_word": "إِنَّكَ",
        "global_word_sequence_number": 75978,
        "global_verse_sequence_number": 5890
    },
    {
        "chapter": 84,
        "verse": 6,
        "juz": 30,
        "hizb": 236,
        "manzil": 7,
        "ruku": 526,
        "word_number_in_verse": 4,
        "language_code": "bn",
        "text": "পরিশ্রমকারী",
        "root_word": "كَادِحٌ",
        "global_word_sequence_number": 75979,
        "global_verse_sequence_number": 5890
    },
    {
        "chapter": 84,
        "verse": 6,
        "juz": 30,
        "hizb": 236,
        "manzil": 7,
        "ruku": 526,
        "word_number_in_verse": 5,
        "language_code": "bn",
        "text": "দিকে",
        "root_word": "إِلَىٰ",
        "global_word_sequence_number": 75980,
        "global_verse_sequence_number": 5890
    },
    {
        "chapter": 84,
        "verse": 6,
        "juz": 30,
        "hizb": 236,
        "manzil": 7,
        "ruku": 526,
        "word_number_in_verse": 6,
        "language_code": "bn",
        "text": "তোমার রবের",
        "root_word": "رَبِّكَ",
        "global_word_sequence_number": 75981,
        "global_verse_sequence_number": 5890
    },
    {
        "chapter": 84,
        "verse": 6,
        "juz": 30,
        "hizb": 236,
        "manzil": 7,
        "ruku": 526,
        "word_number_in_verse": 7,
        "language_code": "bn",
        "text": "কঠোর পরিশ্রম",
        "root_word": "كَدۡحٗا",
        "global_word_sequence_number": 75982,
        "global_verse_sequence_number": 5890
    },
    {
        "chapter": 84,
        "verse": 6,
        "juz": 30,
        "hizb": 236,
        "manzil": 7,
        "ruku": 526,
        "word_number_in_verse": 8,
        "language_code": "bn",
        "text": "অতঃপর তাঁর (সাথে) সাক্ষাত করবে",
        "root_word": "فَمُلَٰقِيهِ",
        "global_word_sequence_number": 75983,
        "global_verse_sequence_number": 5890
    },
    {
        "chapter": 84,
        "verse": 7,
        "juz": 30,
        "hizb": 236,
        "manzil": 7,
        "ruku": 526,
        "word_number_in_verse": 1,
        "language_code": "bn",
        "text": "অতঃপর (তার) ব্যাপার",
        "root_word": "فَأَمَّا",
        "global_word_sequence_number": 75984,
        "global_verse_sequence_number": 5891
    },
    {
        "chapter": 84,
        "verse": 7,
        "juz": 30,
        "hizb": 236,
        "manzil": 7,
        "ruku": 526,
        "word_number_in_verse": 2,
        "language_code": "bn",
        "text": "যাকে",
        "root_word": "مَنۡ",
        "global_word_sequence_number": 75985,
        "global_verse_sequence_number": 5891
    },
    {
        "chapter": 84,
        "verse": 7,
        "juz": 30,
        "hizb": 236,
        "manzil": 7,
        "ruku": 526,
        "word_number_in_verse": 3,
        "language_code": "bn",
        "text": "দেয়া হবে",
        "root_word": "أُوتِيَ",
        "global_word_sequence_number": 75986,
        "global_verse_sequence_number": 5891
    },
    {
        "chapter": 84,
        "verse": 7,
        "juz": 30,
        "hizb": 236,
        "manzil": 7,
        "ruku": 526,
        "word_number_in_verse": 4,
        "language_code": "bn",
        "text": "তার আমলনামা",
        "root_word": "كِتَٰبَهُۥ",
        "global_word_sequence_number": 75987,
        "global_verse_sequence_number": 5891
    },
    {
        "chapter": 84,
        "verse": 7,
        "juz": 30,
        "hizb": 236,
        "manzil": 7,
        "ruku": 526,
        "word_number_in_verse": 5,
        "language_code": "bn",
        "text": "তার ডান হাতে",
        "root_word": "بِيَمِينِهِۦ",
        "global_word_sequence_number": 75988,
        "global_verse_sequence_number": 5891
    },
    {
        "chapter": 84,
        "verse": 8,
        "juz": 30,
        "hizb": 236,
        "manzil": 7,
        "ruku": 526,
        "word_number_in_verse": 1,
        "language_code": "bn",
        "text": "অতঃপর শীঘ্র",
        "root_word": "فَسَوۡفَ",
        "global_word_sequence_number": 75989,
        "global_verse_sequence_number": 5892
    },
    {
        "chapter": 84,
        "verse": 8,
        "juz": 30,
        "hizb": 236,
        "manzil": 7,
        "ruku": 526,
        "word_number_in_verse": 2,
        "language_code": "bn",
        "text": "হিসাব নেয়া হবে (তার)",
        "root_word": "يُحَاسَبُ",
        "global_word_sequence_number": 75990,
        "global_verse_sequence_number": 5892
    },
    {
        "chapter": 84,
        "verse": 8,
        "juz": 30,
        "hizb": 236,
        "manzil": 7,
        "ruku": 526,
        "word_number_in_verse": 3,
        "language_code": "bn",
        "text": "হিসাব",
        "root_word": "حِسَابٗا",
        "global_word_sequence_number": 75991,
        "global_verse_sequence_number": 5892
    },
    {
        "chapter": 84,
        "verse": 8,
        "juz": 30,
        "hizb": 236,
        "manzil": 7,
        "ruku": 526,
        "word_number_in_verse": 4,
        "language_code": "bn",
        "text": "সহজ",
        "root_word": "يَسِيرٗا",
        "global_word_sequence_number": 75992,
        "global_verse_sequence_number": 5892
    },
    {
        "chapter": 84,
        "verse": 9,
        "juz": 30,
        "hizb": 236,
        "manzil": 7,
        "ruku": 526,
        "word_number_in_verse": 1,
        "language_code": "bn",
        "text": "এবং ফিরবে",
        "root_word": "وَيَنقَلِبُ",
        "global_word_sequence_number": 75993,
        "global_verse_sequence_number": 5893
    },
    {
        "chapter": 84,
        "verse": 9,
        "juz": 30,
        "hizb": 236,
        "manzil": 7,
        "ruku": 526,
        "word_number_in_verse": 2,
        "language_code": "bn",
        "text": "কাছে",
        "root_word": "إِلَىٰٓ",
        "global_word_sequence_number": 75994,
        "global_verse_sequence_number": 5893
    },
    {
        "chapter": 84,
        "verse": 9,
        "juz": 30,
        "hizb": 236,
        "manzil": 7,
        "ruku": 526,
        "word_number_in_verse": 3,
        "language_code": "bn",
        "text": "তার আপনজনের",
        "root_word": "أَهۡلِهِۦ",
        "global_word_sequence_number": 75995,
        "global_verse_sequence_number": 5893
    },
    {
        "chapter": 84,
        "verse": 9,
        "juz": 30,
        "hizb": 236,
        "manzil": 7,
        "ruku": 526,
        "word_number_in_verse": 4,
        "language_code": "bn",
        "text": "আনন্দচিত্তে",
        "root_word": "مَسۡرُورٗا",
        "global_word_sequence_number": 75996,
        "global_verse_sequence_number": 5893
    },
    {
        "chapter": 84,
        "verse": 10,
        "juz": 30,
        "hizb": 236,
        "manzil": 7,
        "ruku": 526,
        "word_number_in_verse": 1,
        "language_code": "bn",
        "text": "আর (তার) ব্যাপার",
        "root_word": "وَأَمَّا",
        "global_word_sequence_number": 75997,
        "global_verse_sequence_number": 5894
    },
    {
        "chapter": 84,
        "verse": 10,
        "juz": 30,
        "hizb": 236,
        "manzil": 7,
        "ruku": 526,
        "word_number_in_verse": 2,
        "language_code": "bn",
        "text": "যাকে",
        "root_word": "مَنۡ",
        "global_word_sequence_number": 75998,
        "global_verse_sequence_number": 5894
    },
    {
        "chapter": 84,
        "verse": 10,
        "juz": 30,
        "hizb": 236,
        "manzil": 7,
        "ruku": 526,
        "word_number_in_verse": 3,
        "language_code": "bn",
        "text": "দেয়া হবে",
        "root_word": "أُوتِيَ",
        "global_word_sequence_number": 75999,
        "global_verse_sequence_number": 5894
    },
    {
        "chapter": 84,
        "verse": 10,
        "juz": 30,
        "hizb": 236,
        "manzil": 7,
        "ruku": 526,
        "word_number_in_verse": 4,
        "language_code": "bn",
        "text": "তার আমলনামা",
        "root_word": "كِتَٰبَهُۥ",
        "global_word_sequence_number": 76000,
        "global_verse_sequence_number": 5894
    },
    {
        "chapter": 84,
        "verse": 10,
        "juz": 30,
        "hizb": 236,
        "manzil": 7,
        "ruku": 526,
        "word_number_in_verse": 5,
        "language_code": "bn",
        "text": "পিছনে",
        "root_word": "وَرَآءَ",
        "global_word_sequence_number": 76001,
        "global_verse_sequence_number": 5894
    },
    {
        "chapter": 84,
        "verse": 10,
        "juz": 30,
        "hizb": 236,
        "manzil": 7,
        "ruku": 526,
        "word_number_in_verse": 6,
        "language_code": "bn",
        "text": "তার পিঠের",
        "root_word": "ظَهۡرِهِۦ",
        "global_word_sequence_number": 76002,
        "global_verse_sequence_number": 5894
    },
    {
        "chapter": 84,
        "verse": 11,
        "juz": 30,
        "hizb": 236,
        "manzil": 7,
        "ruku": 526,
        "word_number_in_verse": 1,
        "language_code": "bn",
        "text": "শীঘ্র অতঃপর",
        "root_word": "فَسَوۡفَ",
        "global_word_sequence_number": 76003,
        "global_verse_sequence_number": 5895
    },
    {
        "chapter": 84,
        "verse": 11,
        "juz": 30,
        "hizb": 236,
        "manzil": 7,
        "ruku": 526,
        "word_number_in_verse": 2,
        "language_code": "bn",
        "text": "সে ডাকবে",
        "root_word": "يَدۡعُواْ",
        "global_word_sequence_number": 76004,
        "global_verse_sequence_number": 5895
    },
    {
        "chapter": 84,
        "verse": 11,
        "juz": 30,
        "hizb": 236,
        "manzil": 7,
        "ruku": 526,
        "word_number_in_verse": 3,
        "language_code": "bn",
        "text": "ধ্বংস (মৃত্যু)",
        "root_word": "ثُبُورٗا",
        "global_word_sequence_number": 76005,
        "global_verse_sequence_number": 5895
    },
    {
        "chapter": 84,
        "verse": 12,
        "juz": 30,
        "hizb": 236,
        "manzil": 7,
        "ruku": 526,
        "word_number_in_verse": 1,
        "language_code": "bn",
        "text": "এবং প্রবেশ করবে",
        "root_word": "وَيَصۡلَىٰ",
        "global_word_sequence_number": 76006,
        "global_verse_sequence_number": 5896
    },
    {
        "chapter": 84,
        "verse": 12,
        "juz": 30,
        "hizb": 236,
        "manzil": 7,
        "ruku": 526,
        "word_number_in_verse": 2,
        "language_code": "bn",
        "text": "জ্বলন্ত আগুনে",
        "root_word": "سَعِيرًا",
        "global_word_sequence_number": 76007,
        "global_verse_sequence_number": 5896
    },
    {
        "chapter": 84,
        "verse": 13,
        "juz": 30,
        "hizb": 236,
        "manzil": 7,
        "ruku": 526,
        "word_number_in_verse": 1,
        "language_code": "bn",
        "text": "নিশ্চয়ই সে",
        "root_word": "إِنَّهُۥ",
        "global_word_sequence_number": 76008,
        "global_verse_sequence_number": 5897
    },
    {
        "chapter": 84,
        "verse": 13,
        "juz": 30,
        "hizb": 236,
        "manzil": 7,
        "ruku": 526,
        "word_number_in_verse": 2,
        "language_code": "bn",
        "text": "ছিল",
        "root_word": "كَانَ",
        "global_word_sequence_number": 76009,
        "global_verse_sequence_number": 5897
    },
    {
        "chapter": 84,
        "verse": 13,
        "juz": 30,
        "hizb": 236,
        "manzil": 7,
        "ruku": 526,
        "word_number_in_verse": 3,
        "language_code": "bn",
        "text": "মধ্যে",
        "root_word": "فِيٓ",
        "global_word_sequence_number": 76010,
        "global_verse_sequence_number": 5897
    },
    {
        "chapter": 84,
        "verse": 13,
        "juz": 30,
        "hizb": 236,
        "manzil": 7,
        "ruku": 526,
        "word_number_in_verse": 4,
        "language_code": "bn",
        "text": "তার স্বজনদের",
        "root_word": "أَهۡلِهِۦ",
        "global_word_sequence_number": 76011,
        "global_verse_sequence_number": 5897
    },
    {
        "chapter": 84,
        "verse": 13,
        "juz": 30,
        "hizb": 236,
        "manzil": 7,
        "ruku": 526,
        "word_number_in_verse": 5,
        "language_code": "bn",
        "text": "আনন্দে",
        "root_word": "مَسۡرُورًا",
        "global_word_sequence_number": 76012,
        "global_verse_sequence_number": 5897
    },
    {
        "chapter": 84,
        "verse": 14,
        "juz": 30,
        "hizb": 236,
        "manzil": 7,
        "ruku": 526,
        "word_number_in_verse": 1,
        "language_code": "bn",
        "text": "নিশ্চয়ই সে",
        "root_word": "إِنَّهُۥ",
        "global_word_sequence_number": 76013,
        "global_verse_sequence_number": 5898
    },
    {
        "chapter": 84,
        "verse": 14,
        "juz": 30,
        "hizb": 236,
        "manzil": 7,
        "ruku": 526,
        "word_number_in_verse": 2,
        "language_code": "bn",
        "text": "মনে করেছিল",
        "root_word": "ظَنَّ",
        "global_word_sequence_number": 76014,
        "global_verse_sequence_number": 5898
    },
    {
        "chapter": 84,
        "verse": 14,
        "juz": 30,
        "hizb": 236,
        "manzil": 7,
        "ruku": 526,
        "word_number_in_verse": 3,
        "language_code": "bn",
        "text": "যে",
        "root_word": "أَن",
        "global_word_sequence_number": 76015,
        "global_verse_sequence_number": 5898
    },
    {
        "chapter": 84,
        "verse": 14,
        "juz": 30,
        "hizb": 236,
        "manzil": 7,
        "ruku": 526,
        "word_number_in_verse": 4,
        "language_code": "bn",
        "text": "কখনও না",
        "root_word": "لَّن",
        "global_word_sequence_number": 76016,
        "global_verse_sequence_number": 5898
    },
    {
        "chapter": 84,
        "verse": 14,
        "juz": 30,
        "hizb": 236,
        "manzil": 7,
        "ruku": 526,
        "word_number_in_verse": 5,
        "language_code": "bn",
        "text": "ফিরবে",
        "root_word": "يَحُورَ",
        "global_word_sequence_number": 76017,
        "global_verse_sequence_number": 5898
    },
    {
        "chapter": 84,
        "verse": 15,
        "juz": 30,
        "hizb": 236,
        "manzil": 7,
        "ruku": 526,
        "word_number_in_verse": 1,
        "language_code": "bn",
        "text": "হ্যাঁ",
        "root_word": "بَلَىٰٓۚ",
        "global_word_sequence_number": 76018,
        "global_verse_sequence_number": 5899
    },
    {
        "chapter": 84,
        "verse": 15,
        "juz": 30,
        "hizb": 236,
        "manzil": 7,
        "ruku": 526,
        "word_number_in_verse": 2,
        "language_code": "bn",
        "text": "নিশ্চয়ই",
        "root_word": "إِنَّ",
        "global_word_sequence_number": 76019,
        "global_verse_sequence_number": 5899
    },
    {
        "chapter": 84,
        "verse": 15,
        "juz": 30,
        "hizb": 236,
        "manzil": 7,
        "ruku": 526,
        "word_number_in_verse": 3,
        "language_code": "bn",
        "text": "তার রব",
        "root_word": "رَبَّهُۥ",
        "global_word_sequence_number": 76020,
        "global_verse_sequence_number": 5899
    },
    {
        "chapter": 84,
        "verse": 15,
        "juz": 30,
        "hizb": 236,
        "manzil": 7,
        "ruku": 526,
        "word_number_in_verse": 4,
        "language_code": "bn",
        "text": "ছিলেন",
        "root_word": "كَانَ",
        "global_word_sequence_number": 76021,
        "global_verse_sequence_number": 5899
    },
    {
        "chapter": 84,
        "verse": 15,
        "juz": 30,
        "hizb": 236,
        "manzil": 7,
        "ruku": 526,
        "word_number_in_verse": 5,
        "language_code": "bn",
        "text": "তার উপর",
        "root_word": "بِهِۦ",
        "global_word_sequence_number": 76022,
        "global_verse_sequence_number": 5899
    },
    {
        "chapter": 84,
        "verse": 15,
        "juz": 30,
        "hizb": 236,
        "manzil": 7,
        "ruku": 526,
        "word_number_in_verse": 6,
        "language_code": "bn",
        "text": "দৃষ্টিবান",
        "root_word": "بَصِيرٗا",
        "global_word_sequence_number": 76023,
        "global_verse_sequence_number": 5899
    },
    {
        "chapter": 84,
        "verse": 16,
        "juz": 30,
        "hizb": 236,
        "manzil": 7,
        "ruku": 526,
        "word_number_in_verse": 1,
        "language_code": "bn",
        "text": "অতএব না",
        "root_word": "فَلَآ",
        "global_word_sequence_number": 76024,
        "global_verse_sequence_number": 5900
    },
    {
        "chapter": 84,
        "verse": 16,
        "juz": 30,
        "hizb": 236,
        "manzil": 7,
        "ruku": 526,
        "word_number_in_verse": 2,
        "language_code": "bn",
        "text": "আমি শপথ করছি",
        "root_word": "أُقۡسِمُ",
        "global_word_sequence_number": 76025,
        "global_verse_sequence_number": 5900
    },
    {
        "chapter": 84,
        "verse": 16,
        "juz": 30,
        "hizb": 236,
        "manzil": 7,
        "ruku": 526,
        "word_number_in_verse": 3,
        "language_code": "bn",
        "text": "পশ্চিম দিগন্তের সান্ধ্য লালিমার",
        "root_word": "بِالشَّفَقِ",
        "global_word_sequence_number": 76026,
        "global_verse_sequence_number": 5900
    },
    {
        "chapter": 84,
        "verse": 17,
        "juz": 30,
        "hizb": 236,
        "manzil": 7,
        "ruku": 526,
        "word_number_in_verse": 1,
        "language_code": "bn",
        "text": "এবং শপথ রাতের",
        "root_word": "وَالَّيۡلِ",
        "global_word_sequence_number": 76027,
        "global_verse_sequence_number": 5901
    },
    {
        "chapter": 84,
        "verse": 17,
        "juz": 30,
        "hizb": 236,
        "manzil": 7,
        "ruku": 526,
        "word_number_in_verse": 2,
        "language_code": "bn",
        "text": "ও যা",
        "root_word": "وَمَا",
        "global_word_sequence_number": 76028,
        "global_verse_sequence_number": 5901
    },
    {
        "chapter": 84,
        "verse": 17,
        "juz": 30,
        "hizb": 236,
        "manzil": 7,
        "ruku": 526,
        "word_number_in_verse": 3,
        "language_code": "bn",
        "text": "সমাবেশ ঘটায়",
        "root_word": "وَسَقَ",
        "global_word_sequence_number": 76029,
        "global_verse_sequence_number": 5901
    },
    {
        "chapter": 84,
        "verse": 18,
        "juz": 30,
        "hizb": 236,
        "manzil": 7,
        "ruku": 526,
        "word_number_in_verse": 1,
        "language_code": "bn",
        "text": "এবং শপথ চাঁদের",
        "root_word": "وَالۡقَمَرِ",
        "global_word_sequence_number": 76030,
        "global_verse_sequence_number": 5902
    },
    {
        "chapter": 84,
        "verse": 18,
        "juz": 30,
        "hizb": 236,
        "manzil": 7,
        "ruku": 526,
        "word_number_in_verse": 2,
        "language_code": "bn",
        "text": "যখন",
        "root_word": "إِذَا",
        "global_word_sequence_number": 76031,
        "global_verse_sequence_number": 5902
    },
    {
        "chapter": 84,
        "verse": 18,
        "juz": 30,
        "hizb": 236,
        "manzil": 7,
        "ruku": 526,
        "word_number_in_verse": 3,
        "language_code": "bn",
        "text": "পূর্ণ হয়",
        "root_word": "اتَّسَقَ",
        "global_word_sequence_number": 76032,
        "global_verse_sequence_number": 5902
    },
    {
        "chapter": 84,
        "verse": 19,
        "juz": 30,
        "hizb": 236,
        "manzil": 7,
        "ruku": 526,
        "word_number_in_verse": 1,
        "language_code": "bn",
        "text": "তোমরা অবশ্যই আরোহণ করবে",
        "root_word": "لَتَرۡكَبُنَّ",
        "global_word_sequence_number": 76033,
        "global_verse_sequence_number": 5903
    },
    {
        "chapter": 84,
        "verse": 19,
        "juz": 30,
        "hizb": 236,
        "manzil": 7,
        "ruku": 526,
        "word_number_in_verse": 2,
        "language_code": "bn",
        "text": "স্তর",
        "root_word": "طَبَقًا",
        "global_word_sequence_number": 76034,
        "global_verse_sequence_number": 5903
    },
    {
        "chapter": 84,
        "verse": 19,
        "juz": 30,
        "hizb": 236,
        "manzil": 7,
        "ruku": 526,
        "word_number_in_verse": 3,
        "language_code": "bn",
        "text": "থেকে",
        "root_word": "عَن",
        "global_word_sequence_number": 76035,
        "global_verse_sequence_number": 5903
    },
    {
        "chapter": 84,
        "verse": 19,
        "juz": 30,
        "hizb": 236,
        "manzil": 7,
        "ruku": 526,
        "word_number_in_verse": 4,
        "language_code": "bn",
        "text": "স্তরে",
        "root_word": "طَبَقٖ",
        "global_word_sequence_number": 76036,
        "global_verse_sequence_number": 5903
    },
    {
        "chapter": 84,
        "verse": 20,
        "juz": 30,
        "hizb": 236,
        "manzil": 7,
        "ruku": 526,
        "word_number_in_verse": 1,
        "language_code": "bn",
        "text": "অতএব হলো কি",
        "root_word": "فَمَا",
        "global_word_sequence_number": 76037,
        "global_verse_sequence_number": 5904
    },
    {
        "chapter": 84,
        "verse": 20,
        "juz": 30,
        "hizb": 236,
        "manzil": 7,
        "ruku": 526,
        "word_number_in_verse": 2,
        "language_code": "bn",
        "text": "তাদের",
        "root_word": "لَهُمۡ",
        "global_word_sequence_number": 76038,
        "global_verse_sequence_number": 5904
    },
    {
        "chapter": 84,
        "verse": 20,
        "juz": 30,
        "hizb": 236,
        "manzil": 7,
        "ruku": 526,
        "word_number_in_verse": 3,
        "language_code": "bn",
        "text": "না",
        "root_word": "لَا",
        "global_word_sequence_number": 76039,
        "global_verse_sequence_number": 5904
    },
    {
        "chapter": 84,
        "verse": 20,
        "juz": 30,
        "hizb": 236,
        "manzil": 7,
        "ruku": 526,
        "word_number_in_verse": 4,
        "language_code": "bn",
        "text": "তারা ঈমান আনে",
        "root_word": "يُؤۡمِنُونَ",
        "global_word_sequence_number": 76040,
        "global_verse_sequence_number": 5904
    },
    {
        "chapter": 84,
        "verse": 21,
        "juz": 30,
        "hizb": 236,
        "manzil": 7,
        "ruku": 526,
        "word_number_in_verse": 1,
        "language_code": "bn",
        "text": "এবং যখন",
        "root_word": "وَإِذَا",
        "global_word_sequence_number": 76041,
        "global_verse_sequence_number": 5905
    },
    {
        "chapter": 84,
        "verse": 21,
        "juz": 30,
        "hizb": 236,
        "manzil": 7,
        "ruku": 526,
        "word_number_in_verse": 2,
        "language_code": "bn",
        "text": "পাঠ করা হয়",
        "root_word": "قُرِئَ",
        "global_word_sequence_number": 76042,
        "global_verse_sequence_number": 5905
    },
    {
        "chapter": 84,
        "verse": 21,
        "juz": 30,
        "hizb": 236,
        "manzil": 7,
        "ruku": 526,
        "word_number_in_verse": 3,
        "language_code": "bn",
        "text": "তাদের কাছে",
        "root_word": "عَلَيۡهِمُ",
        "global_word_sequence_number": 76043,
        "global_verse_sequence_number": 5905
    },
    {
        "chapter": 84,
        "verse": 21,
        "juz": 30,
        "hizb": 236,
        "manzil": 7,
        "ruku": 526,
        "word_number_in_verse": 4,
        "language_code": "bn",
        "text": "কুর'আন",
        "root_word": "الۡقُرۡءَانُ",
        "global_word_sequence_number": 76044,
        "global_verse_sequence_number": 5905
    },
    {
        "chapter": 84,
        "verse": 21,
        "juz": 30,
        "hizb": 236,
        "manzil": 7,
        "ruku": 526,
        "word_number_in_verse": 5,
        "language_code": "bn",
        "text": "না",
        "root_word": "لَا",
        "global_word_sequence_number": 76045,
        "global_verse_sequence_number": 5905
    },
    {
        "chapter": 84,
        "verse": 21,
        "juz": 30,
        "hizb": 236,
        "manzil": 7,
        "ruku": 526,
        "word_number_in_verse": 6,
        "language_code": "bn",
        "text": "তারা সিজদা করে",
        "root_word": "يَسۡجُدُونَۤ۩",
        "global_word_sequence_number": 76046,
        "global_verse_sequence_number": 5905
    },
    {
        "chapter": 84,
        "verse": 22,
        "juz": 30,
        "hizb": 236,
        "manzil": 7,
        "ruku": 526,
        "word_number_in_verse": 1,
        "language_code": "bn",
        "text": "বরং",
        "root_word": "بَلِ",
        "global_word_sequence_number": 76047,
        "global_verse_sequence_number": 5906
    },
    {
        "chapter": 84,
        "verse": 22,
        "juz": 30,
        "hizb": 236,
        "manzil": 7,
        "ruku": 526,
        "word_number_in_verse": 2,
        "language_code": "bn",
        "text": "যারা",
        "root_word": "الَّذِينَ",
        "global_word_sequence_number": 76048,
        "global_verse_sequence_number": 5906
    },
    {
        "chapter": 84,
        "verse": 22,
        "juz": 30,
        "hizb": 236,
        "manzil": 7,
        "ruku": 526,
        "word_number_in_verse": 3,
        "language_code": "bn",
        "text": "কুফরি করেছে",
        "root_word": "كَفَرُواْ",
        "global_word_sequence_number": 76049,
        "global_verse_sequence_number": 5906
    },
    {
        "chapter": 84,
        "verse": 22,
        "juz": 30,
        "hizb": 236,
        "manzil": 7,
        "ruku": 526,
        "word_number_in_verse": 4,
        "language_code": "bn",
        "text": "মিথ্যারোপ করছে",
        "root_word": "يُكَذِّبُونَ",
        "global_word_sequence_number": 76050,
        "global_verse_sequence_number": 5906
    },
    {
        "chapter": 84,
        "verse": 23,
        "juz": 30,
        "hizb": 236,
        "manzil": 7,
        "ruku": 526,
        "word_number_in_verse": 1,
        "language_code": "bn",
        "text": "এবং আল্লাহ",
        "root_word": "وَاللَّهُ",
        "global_word_sequence_number": 76051,
        "global_verse_sequence_number": 5907
    },
    {
        "chapter": 84,
        "verse": 23,
        "juz": 30,
        "hizb": 236,
        "manzil": 7,
        "ruku": 526,
        "word_number_in_verse": 2,
        "language_code": "bn",
        "text": "ভালো জানেন",
        "root_word": "أَعۡلَمُ",
        "global_word_sequence_number": 76052,
        "global_verse_sequence_number": 5907
    },
    {
        "chapter": 84,
        "verse": 23,
        "juz": 30,
        "hizb": 236,
        "manzil": 7,
        "ruku": 526,
        "word_number_in_verse": 3,
        "language_code": "bn",
        "text": "ঐ বিষয়ে যা",
        "root_word": "بِمَا",
        "global_word_sequence_number": 76053,
        "global_verse_sequence_number": 5907
    },
    {
        "chapter": 84,
        "verse": 23,
        "juz": 30,
        "hizb": 236,
        "manzil": 7,
        "ruku": 526,
        "word_number_in_verse": 4,
        "language_code": "bn",
        "text": "তারা পোষণ করছে",
        "root_word": "يُوعُونَ",
        "global_word_sequence_number": 76054,
        "global_verse_sequence_number": 5907
    },
    {
        "chapter": 84,
        "verse": 24,
        "juz": 30,
        "hizb": 236,
        "manzil": 7,
        "ruku": 526,
        "word_number_in_verse": 1,
        "language_code": "bn",
        "text": "কাজেই তাদের সুসংবাদ দাও",
        "root_word": "فَبَشِّرۡهُم",
        "global_word_sequence_number": 76055,
        "global_verse_sequence_number": 5908
    },
    {
        "chapter": 84,
        "verse": 24,
        "juz": 30,
        "hizb": 236,
        "manzil": 7,
        "ruku": 526,
        "word_number_in_verse": 2,
        "language_code": "bn",
        "text": "শাস্তির",
        "root_word": "بِعَذَابٍ",
        "global_word_sequence_number": 76056,
        "global_verse_sequence_number": 5908
    },
    {
        "chapter": 84,
        "verse": 24,
        "juz": 30,
        "hizb": 236,
        "manzil": 7,
        "ruku": 526,
        "word_number_in_verse": 3,
        "language_code": "bn",
        "text": "যন্ত্রণাদায়ক",
        "root_word": "أَلِيمٍ",
        "global_word_sequence_number": 76057,
        "global_verse_sequence_number": 5908
    },
    {
        "chapter": 84,
        "verse": 25,
        "juz": 30,
        "hizb": 236,
        "manzil": 7,
        "ruku": 526,
        "word_number_in_verse": 1,
        "language_code": "bn",
        "text": "তার ব্যতিক্রম",
        "root_word": "إِلَّا",
        "global_word_sequence_number": 76058,
        "global_verse_sequence_number": 5909
    },
    {
        "chapter": 84,
        "verse": 25,
        "juz": 30,
        "hizb": 236,
        "manzil": 7,
        "ruku": 526,
        "word_number_in_verse": 2,
        "language_code": "bn",
        "text": "(ঐসব লোক) যারা",
        "root_word": "الَّذِينَ",
        "global_word_sequence_number": 76059,
        "global_verse_sequence_number": 5909
    },
    {
        "chapter": 84,
        "verse": 25,
        "juz": 30,
        "hizb": 236,
        "manzil": 7,
        "ruku": 526,
        "word_number_in_verse": 3,
        "language_code": "bn",
        "text": "ঈমান এনেছে",
        "root_word": "ءَامَنُواْ",
        "global_word_sequence_number": 76060,
        "global_verse_sequence_number": 5909
    },
    {
        "chapter": 84,
        "verse": 25,
        "juz": 30,
        "hizb": 236,
        "manzil": 7,
        "ruku": 526,
        "word_number_in_verse": 4,
        "language_code": "bn",
        "text": "ও করেছে",
        "root_word": "وَعَمِلُواْ",
        "global_word_sequence_number": 76061,
        "global_verse_sequence_number": 5909
    },
    {
        "chapter": 84,
        "verse": 25,
        "juz": 30,
        "hizb": 236,
        "manzil": 7,
        "ruku": 526,
        "word_number_in_verse": 5,
        "language_code": "bn",
        "text": "সৎকর্ম",
        "root_word": "الصَّٰلِحَٰتِ",
        "global_word_sequence_number": 76062,
        "global_verse_sequence_number": 5909
    },
    {
        "chapter": 84,
        "verse": 25,
        "juz": 30,
        "hizb": 236,
        "manzil": 7,
        "ruku": 526,
        "word_number_in_verse": 6,
        "language_code": "bn",
        "text": "তাদের জন্য রয়েছে",
        "root_word": "لَهُمۡ",
        "global_word_sequence_number": 76063,
        "global_verse_sequence_number": 5909
    },
    {
        "chapter": 84,
        "verse": 25,
        "juz": 30,
        "hizb": 236,
        "manzil": 7,
        "ruku": 526,
        "word_number_in_verse": 7,
        "language_code": "bn",
        "text": "পুরস্কার",
        "root_word": "أَجۡرٌ",
        "global_word_sequence_number": 76064,
        "global_verse_sequence_number": 5909
    },
    {
        "chapter": 84,
        "verse": 25,
        "juz": 30,
        "hizb": 236,
        "manzil": 7,
        "ruku": 526,
        "word_number_in_verse": 8,
        "language_code": "bn",
        "text": "অশেষ",
        "root_word": "غَيۡرُ",
        "global_word_sequence_number": 76065,
        "global_verse_sequence_number": 5909
    },
    {
        "chapter": 84,
        "verse": 25,
        "juz": 30,
        "hizb": 236,
        "manzil": 7,
        "ruku": 526,
        "word_number_in_verse": 9,
        "language_code": "bn",
        "text": "অশেষ",
        "root_word": "مَمۡنُونِۭ",
        "global_word_sequence_number": 76066,
        "global_verse_sequence_number": 5909
    }
]