[
    {
        "chapter": 85,
        "verse": 1,
        "juz": 30,
        "hizb": 236,
        "manzil": 7,
        "ruku": 527,
        "word_number_in_verse": 1,
        "language_code": "bn",
        "text": "শপথ আকাশের",
        "root_word": "وَالسَّمَآءِ",
        "global_word_sequence_number": 76067,
        "global_verse_sequence_number": 5910
    },
    {
        "chapter": 85,
        "verse": 1,
        "juz": 30,
        "hizb": 236,
        "manzil": 7,
        "ruku": 527,
        "word_number_in_verse": 2,
        "language_code": "bn",
        "text": "বিশিষ্ট",
        "root_word": "ذَاتِ",
        "global_word_sequence_number": 76068,
        "global_verse_sequence_number": 5910
    },
    {
        "chapter": 85,
        "verse": 1,
        "juz": 30,
        "hizb": 236,
        "manzil": 7,
        "ruku": 527,
        "word_number_in_verse": 3,
        "language_code": "bn",
        "text": "বুরুজ/ গ্রহ-নক্ষত্র",
        "root_word": "الۡبُرُوجِ",
        "global_word_sequence_number": 76069,
        "global_verse_sequence_number": 5910
    },
    {
        "chapter": 85,
        "verse": 2,
        "juz": 30,
        "hizb": 236,
        "manzil": 7,
        "ruku": 527,
        "word_number_in_verse": 1,
        "language_code": "bn",
        "text": "এবং দিনের",
        "root_word": "وَالۡيَوۡمِ",
        "global_word_sequence_number": 76070,
        "global_verse_sequence_number": 5911
    },
    {
        "chapter": 85,
        "verse": 2,
        "juz": 30,
        "hizb": 236,
        "manzil": 7,
        "ruku": 527,
        "word_number_in_verse": 2,
        "language_code": "bn",
        "text": "প্রতিশ্রুত",
        "root_word": "الۡمَوۡعُودِ",
        "global_word_sequence_number": 76071,
        "global_verse_sequence_number": 5911
    },
    {
        "chapter": 85,
        "verse": 3,
        "juz": 30,
        "hizb": 236,
        "manzil": 7,
        "ruku": 527,
        "word_number_in_verse": 1,
        "language_code": "bn",
        "text": "শপথ দর্শকের",
        "root_word": "وَشَاهِدٖ",
        "global_word_sequence_number": 76072,
        "global_verse_sequence_number": 5912
    },
    {
        "chapter": 85,
        "verse": 3,
        "juz": 30,
        "hizb": 236,
        "manzil": 7,
        "ruku": 527,
        "word_number_in_verse": 2,
        "language_code": "bn",
        "text": "ও যা পরিদৃষ্ট হয়",
        "root_word": "وَمَشۡهُودٖ",
        "global_word_sequence_number": 76073,
        "global_verse_sequence_number": 5912
    },
    {
        "chapter": 85,
        "verse": 4,
        "juz": 30,
        "hizb": 236,
        "manzil": 7,
        "ruku": 527,
        "word_number_in_verse": 1,
        "language_code": "bn",
        "text": "ধ্বংস হয়েছে",
        "root_word": "قُتِلَ",
        "global_word_sequence_number": 76074,
        "global_verse_sequence_number": 5913
    },
    {
        "chapter": 85,
        "verse": 4,
        "juz": 30,
        "hizb": 236,
        "manzil": 7,
        "ruku": 527,
        "word_number_in_verse": 2,
        "language_code": "bn",
        "text": "কর্তারা/ অধিপতিরা",
        "root_word": "أَصۡحَٰبُ",
        "global_word_sequence_number": 76075,
        "global_verse_sequence_number": 5913
    },
    {
        "chapter": 85,
        "verse": 4,
        "juz": 30,
        "hizb": 236,
        "manzil": 7,
        "ruku": 527,
        "word_number_in_verse": 3,
        "language_code": "bn",
        "text": "গর্তের",
        "root_word": "الۡأُخۡدُودِ",
        "global_word_sequence_number": 76076,
        "global_verse_sequence_number": 5913
    },
    {
        "chapter": 85,
        "verse": 5,
        "juz": 30,
        "hizb": 236,
        "manzil": 7,
        "ruku": 527,
        "word_number_in_verse": 1,
        "language_code": "bn",
        "text": "আগুনের",
        "root_word": "النَّارِ",
        "global_word_sequence_number": 76077,
        "global_verse_sequence_number": 5914
    },
    {
        "chapter": 85,
        "verse": 5,
        "juz": 30,
        "hizb": 236,
        "manzil": 7,
        "ruku": 527,
        "word_number_in_verse": 2,
        "language_code": "bn",
        "text": "বিশিষ্ট",
        "root_word": "ذَاتِ",
        "global_word_sequence_number": 76078,
        "global_verse_sequence_number": 5914
    },
    {
        "chapter": 85,
        "verse": 5,
        "juz": 30,
        "hizb": 236,
        "manzil": 7,
        "ruku": 527,
        "word_number_in_verse": 3,
        "language_code": "bn",
        "text": "(প্রজ্জ্বলিত) ইন্ধন",
        "root_word": "الۡوَقُودِ",
        "global_word_sequence_number": 76079,
        "global_verse_sequence_number": 5914
    },
    {
        "chapter": 85,
        "verse": 6,
        "juz": 30,
        "hizb": 236,
        "manzil": 7,
        "ruku": 527,
        "word_number_in_verse": 1,
        "language_code": "bn",
        "text": "যখন",
        "root_word": "إِذۡ",
        "global_word_sequence_number": 76080,
        "global_verse_sequence_number": 5915
    },
    {
        "chapter": 85,
        "verse": 6,
        "juz": 30,
        "hizb": 236,
        "manzil": 7,
        "ruku": 527,
        "word_number_in_verse": 2,
        "language_code": "bn",
        "text": "তারা (ছিল)",
        "root_word": "هُمۡ",
        "global_word_sequence_number": 76081,
        "global_verse_sequence_number": 5915
    },
    {
        "chapter": 85,
        "verse": 6,
        "juz": 30,
        "hizb": 236,
        "manzil": 7,
        "ruku": 527,
        "word_number_in_verse": 3,
        "language_code": "bn",
        "text": "তার পাশে",
        "root_word": "عَلَيۡهَا",
        "global_word_sequence_number": 76082,
        "global_verse_sequence_number": 5915
    },
    {
        "chapter": 85,
        "verse": 6,
        "juz": 30,
        "hizb": 236,
        "manzil": 7,
        "ruku": 527,
        "word_number_in_verse": 4,
        "language_code": "bn",
        "text": "উপবিষ্ট",
        "root_word": "قُعُودٞ",
        "global_word_sequence_number": 76083,
        "global_verse_sequence_number": 5915
    },
    {
        "chapter": 85,
        "verse": 7,
        "juz": 30,
        "hizb": 236,
        "manzil": 7,
        "ruku": 527,
        "word_number_in_verse": 1,
        "language_code": "bn",
        "text": "এবং তারা (ছিল)",
        "root_word": "وَهُمۡ",
        "global_word_sequence_number": 76084,
        "global_verse_sequence_number": 5916
    },
    {
        "chapter": 85,
        "verse": 7,
        "juz": 30,
        "hizb": 236,
        "manzil": 7,
        "ruku": 527,
        "word_number_in_verse": 2,
        "language_code": "bn",
        "text": "ঐ সম্পর্কে",
        "root_word": "عَلَىٰ",
        "global_word_sequence_number": 76085,
        "global_verse_sequence_number": 5916
    },
    {
        "chapter": 85,
        "verse": 7,
        "juz": 30,
        "hizb": 236,
        "manzil": 7,
        "ruku": 527,
        "word_number_in_verse": 3,
        "language_code": "bn",
        "text": "যা",
        "root_word": "مَا",
        "global_word_sequence_number": 76086,
        "global_verse_sequence_number": 5916
    },
    {
        "chapter": 85,
        "verse": 7,
        "juz": 30,
        "hizb": 236,
        "manzil": 7,
        "ruku": 527,
        "word_number_in_verse": 4,
        "language_code": "bn",
        "text": "তারা করছিল",
        "root_word": "يَفۡعَلُونَ",
        "global_word_sequence_number": 76087,
        "global_verse_sequence_number": 5916
    },
    {
        "chapter": 85,
        "verse": 7,
        "juz": 30,
        "hizb": 236,
        "manzil": 7,
        "ruku": 527,
        "word_number_in_verse": 5,
        "language_code": "bn",
        "text": "মু'মিনদের সাথে",
        "root_word": "بِالۡمُؤۡمِنِينَ",
        "global_word_sequence_number": 76088,
        "global_verse_sequence_number": 5916
    },
    {
        "chapter": 85,
        "verse": 7,
        "juz": 30,
        "hizb": 236,
        "manzil": 7,
        "ruku": 527,
        "word_number_in_verse": 6,
        "language_code": "bn",
        "text": "প্রত্যক্ষকারী",
        "root_word": "شُهُودٞ",
        "global_word_sequence_number": 76089,
        "global_verse_sequence_number": 5916
    },
    {
        "chapter": 85,
        "verse": 8,
        "juz": 30,
        "hizb": 236,
        "manzil": 7,
        "ruku": 527,
        "word_number_in_verse": 1,
        "language_code": "bn",
        "text": "এবং না",
        "root_word": "وَمَا",
        "global_word_sequence_number": 76090,
        "global_verse_sequence_number": 5917
    },
    {
        "chapter": 85,
        "verse": 8,
        "juz": 30,
        "hizb": 236,
        "manzil": 7,
        "ruku": 527,
        "word_number_in_verse": 2,
        "language_code": "bn",
        "text": "তারা প্রতিশোধ নিয়েছিল",
        "root_word": "نَقَمُواْ",
        "global_word_sequence_number": 76091,
        "global_verse_sequence_number": 5917
    },
    {
        "chapter": 85,
        "verse": 8,
        "juz": 30,
        "hizb": 236,
        "manzil": 7,
        "ruku": 527,
        "word_number_in_verse": 3,
        "language_code": "bn",
        "text": "তাদের থেকে (অন্য কারণে)",
        "root_word": "مِنۡهُمۡ",
        "global_word_sequence_number": 76092,
        "global_verse_sequence_number": 5917
    },
    {
        "chapter": 85,
        "verse": 8,
        "juz": 30,
        "hizb": 236,
        "manzil": 7,
        "ruku": 527,
        "word_number_in_verse": 4,
        "language_code": "bn",
        "text": "এ ছাড়া",
        "root_word": "إِلَّآ",
        "global_word_sequence_number": 76093,
        "global_verse_sequence_number": 5917
    },
    {
        "chapter": 85,
        "verse": 8,
        "juz": 30,
        "hizb": 236,
        "manzil": 7,
        "ruku": 527,
        "word_number_in_verse": 5,
        "language_code": "bn",
        "text": "যে",
        "root_word": "أَن",
        "global_word_sequence_number": 76094,
        "global_verse_sequence_number": 5917
    },
    {
        "chapter": 85,
        "verse": 8,
        "juz": 30,
        "hizb": 236,
        "manzil": 7,
        "ruku": 527,
        "word_number_in_verse": 6,
        "language_code": "bn",
        "text": "তারা ঈমান এনেছে",
        "root_word": "يُؤۡمِنُواْ",
        "global_word_sequence_number": 76095,
        "global_verse_sequence_number": 5917
    },
    {
        "chapter": 85,
        "verse": 8,
        "juz": 30,
        "hizb": 236,
        "manzil": 7,
        "ruku": 527,
        "word_number_in_verse": 7,
        "language_code": "bn",
        "text": "আল্লাহর উপর",
        "root_word": "بِاللَّهِ",
        "global_word_sequence_number": 76096,
        "global_verse_sequence_number": 5917
    },
    {
        "chapter": 85,
        "verse": 8,
        "juz": 30,
        "hizb": 236,
        "manzil": 7,
        "ruku": 527,
        "word_number_in_verse": 8,
        "language_code": "bn",
        "text": "পরাক্রমশালী",
        "root_word": "الۡعَزِيزِ",
        "global_word_sequence_number": 76097,
        "global_verse_sequence_number": 5917
    },
    {
        "chapter": 85,
        "verse": 8,
        "juz": 30,
        "hizb": 236,
        "manzil": 7,
        "ruku": 527,
        "word_number_in_verse": 9,
        "language_code": "bn",
        "text": "প্রশংসিত",
        "root_word": "الۡحَمِيدِ",
        "global_word_sequence_number": 76098,
        "global_verse_sequence_number": 5917
    },
    {
        "chapter": 85,
        "verse": 9,
        "juz": 30,
        "hizb": 236,
        "manzil": 7,
        "ruku": 527,
        "word_number_in_verse": 1,
        "language_code": "bn",
        "text": "যিনি (এমন সত্তা যে)",
        "root_word": "الَّذِي",
        "global_word_sequence_number": 76099,
        "global_verse_sequence_number": 5918
    },
    {
        "chapter": 85,
        "verse": 9,
        "juz": 30,
        "hizb": 236,
        "manzil": 7,
        "ruku": 527,
        "word_number_in_verse": 2,
        "language_code": "bn",
        "text": "তাঁরই জন্য",
        "root_word": "لَهُۥ",
        "global_word_sequence_number": 76100,
        "global_verse_sequence_number": 5918
    },
    {
        "chapter": 85,
        "verse": 9,
        "juz": 30,
        "hizb": 236,
        "manzil": 7,
        "ruku": 527,
        "word_number_in_verse": 3,
        "language_code": "bn",
        "text": "রাজত্ব",
        "root_word": "مُلۡكُ",
        "global_word_sequence_number": 76101,
        "global_verse_sequence_number": 5918
    },
    {
        "chapter": 85,
        "verse": 9,
        "juz": 30,
        "hizb": 236,
        "manzil": 7,
        "ruku": 527,
        "word_number_in_verse": 4,
        "language_code": "bn",
        "text": "আকাশমণ্ডলীর",
        "root_word": "السَّمَٰوَٰتِ",
        "global_word_sequence_number": 76102,
        "global_verse_sequence_number": 5918
    },
    {
        "chapter": 85,
        "verse": 9,
        "juz": 30,
        "hizb": 236,
        "manzil": 7,
        "ruku": 527,
        "word_number_in_verse": 5,
        "language_code": "bn",
        "text": "ও পৃথিবীর",
        "root_word": "وَالۡأَرۡضِۚ",
        "global_word_sequence_number": 76103,
        "global_verse_sequence_number": 5918
    },
    {
        "chapter": 85,
        "verse": 9,
        "juz": 30,
        "hizb": 236,
        "manzil": 7,
        "ruku": 527,
        "word_number_in_verse": 6,
        "language_code": "bn",
        "text": "এবং আল্লাহই",
        "root_word": "وَاللَّهُ",
        "global_word_sequence_number": 76104,
        "global_verse_sequence_number": 5918
    },
    {
        "chapter": 85,
        "verse": 9,
        "juz": 30,
        "hizb": 236,
        "manzil": 7,
        "ruku": 527,
        "word_number_in_verse": 7,
        "language_code": "bn",
        "text": "উপর",
        "root_word": "عَلَىٰ",
        "global_word_sequence_number": 76105,
        "global_verse_sequence_number": 5918
    },
    {
        "chapter": 85,
        "verse": 9,
        "juz": 30,
        "hizb": 236,
        "manzil": 7,
        "ruku": 527,
        "word_number_in_verse": 8,
        "language_code": "bn",
        "text": "সব",
        "root_word": "كُلِّ",
        "global_word_sequence_number": 76106,
        "global_verse_sequence_number": 5918
    },
    {
        "chapter": 85,
        "verse": 9,
        "juz": 30,
        "hizb": 236,
        "manzil": 7,
        "ruku": 527,
        "word_number_in_verse": 9,
        "language_code": "bn",
        "text": "কিছুর",
        "root_word": "شَيۡءٖ",
        "global_word_sequence_number": 76107,
        "global_verse_sequence_number": 5918
    },
    {
        "chapter": 85,
        "verse": 9,
        "juz": 30,
        "hizb": 236,
        "manzil": 7,
        "ruku": 527,
        "word_number_in_verse": 10,
        "language_code": "bn",
        "text": "সূক্ষ্মদর্শী",
        "root_word": "شَهِيدٌ",
        "global_word_sequence_number": 76108,
        "global_verse_sequence_number": 5918
    },
    {
        "chapter": 85,
        "verse": 10,
        "juz": 30,
        "hizb": 236,
        "manzil": 7,
        "ruku": 527,
        "word_number_in_verse": 1,
        "language_code": "bn",
        "text": "নিশ্চয়ই",
        "root_word": "إِنَّ",
        "global_word_sequence_number": 76109,
        "global_verse_sequence_number": 5919
    },
    {
        "chapter": 85,
        "verse": 10,
        "juz": 30,
        "hizb": 236,
        "manzil": 7,
        "ruku": 527,
        "word_number_in_verse": 2,
        "language_code": "bn",
        "text": "যারা",
        "root_word": "الَّذِينَ",
        "global_word_sequence_number": 76110,
        "global_verse_sequence_number": 5919
    },
    {
        "chapter": 85,
        "verse": 10,
        "juz": 30,
        "hizb": 236,
        "manzil": 7,
        "ruku": 527,
        "word_number_in_verse": 3,
        "language_code": "bn",
        "text": "নির্যাতন করেছিল",
        "root_word": "فَتَنُواْ",
        "global_word_sequence_number": 76111,
        "global_verse_sequence_number": 5919
    },
    {
        "chapter": 85,
        "verse": 10,
        "juz": 30,
        "hizb": 236,
        "manzil": 7,
        "ruku": 527,
        "word_number_in_verse": 4,
        "language_code": "bn",
        "text": "মু'মিনদের",
        "root_word": "الۡمُؤۡمِنِينَ",
        "global_word_sequence_number": 76112,
        "global_verse_sequence_number": 5919
    },
    {
        "chapter": 85,
        "verse": 10,
        "juz": 30,
        "hizb": 236,
        "manzil": 7,
        "ruku": 527,
        "word_number_in_verse": 5,
        "language_code": "bn",
        "text": "ও মু'মিনাদের (উপর)",
        "root_word": "وَالۡمُؤۡمِنَٰتِ",
        "global_word_sequence_number": 76113,
        "global_verse_sequence_number": 5919
    },
    {
        "chapter": 85,
        "verse": 10,
        "juz": 30,
        "hizb": 236,
        "manzil": 7,
        "ruku": 527,
        "word_number_in_verse": 6,
        "language_code": "bn",
        "text": "অতঃপর",
        "root_word": "ثُمَّ",
        "global_word_sequence_number": 76114,
        "global_verse_sequence_number": 5919
    },
    {
        "chapter": 85,
        "verse": 10,
        "juz": 30,
        "hizb": 236,
        "manzil": 7,
        "ruku": 527,
        "word_number_in_verse": 7,
        "language_code": "bn",
        "text": "নি",
        "root_word": "لَمۡ",
        "global_word_sequence_number": 76115,
        "global_verse_sequence_number": 5919
    },
    {
        "chapter": 85,
        "verse": 10,
        "juz": 30,
        "hizb": 236,
        "manzil": 7,
        "ruku": 527,
        "word_number_in_verse": 8,
        "language_code": "bn",
        "text": "তওবা করে",
        "root_word": "يَتُوبُواْ",
        "global_word_sequence_number": 76116,
        "global_verse_sequence_number": 5919
    },
    {
        "chapter": 85,
        "verse": 10,
        "juz": 30,
        "hizb": 236,
        "manzil": 7,
        "ruku": 527,
        "word_number_in_verse": 9,
        "language_code": "bn",
        "text": "তাদের জন্যে (রয়েছে) তাই",
        "root_word": "فَلَهُمۡ",
        "global_word_sequence_number": 76117,
        "global_verse_sequence_number": 5919
    },
    {
        "chapter": 85,
        "verse": 10,
        "juz": 30,
        "hizb": 236,
        "manzil": 7,
        "ruku": 527,
        "word_number_in_verse": 10,
        "language_code": "bn",
        "text": "শাস্তি",
        "root_word": "عَذَابُ",
        "global_word_sequence_number": 76118,
        "global_verse_sequence_number": 5919
    },
    {
        "chapter": 85,
        "verse": 10,
        "juz": 30,
        "hizb": 236,
        "manzil": 7,
        "ruku": 527,
        "word_number_in_verse": 11,
        "language_code": "bn",
        "text": "জাহান্নামের",
        "root_word": "جَهَنَّمَ",
        "global_word_sequence_number": 76119,
        "global_verse_sequence_number": 5919
    },
    {
        "chapter": 85,
        "verse": 10,
        "juz": 30,
        "hizb": 236,
        "manzil": 7,
        "ruku": 527,
        "word_number_in_verse": 12,
        "language_code": "bn",
        "text": "ও তাদের জন্যে (রয়েছে)",
        "root_word": "وَلَهُمۡ",
        "global_word_sequence_number": 76120,
        "global_verse_sequence_number": 5919
    },
    {
        "chapter": 85,
        "verse": 10,
        "juz": 30,
        "hizb": 236,
        "manzil": 7,
        "ruku": 527,
        "word_number_in_verse": 13,
        "language_code": "bn",
        "text": "শাস্তি",
        "root_word": "عَذَابُ",
        "global_word_sequence_number": 76121,
        "global_verse_sequence_number": 5919
    },
    {
        "chapter": 85,
        "verse": 10,
        "juz": 30,
        "hizb": 236,
        "manzil": 7,
        "ruku": 527,
        "word_number_in_verse": 14,
        "language_code": "bn",
        "text": "দহনের",
        "root_word": "الۡحَرِيقِ",
        "global_word_sequence_number": 76122,
        "global_verse_sequence_number": 5919
    },
    {
        "chapter": 85,
        "verse": 11,
        "juz": 30,
        "hizb": 236,
        "manzil": 7,
        "ruku": 527,
        "word_number_in_verse": 1,
        "language_code": "bn",
        "text": "নিশ্চয়ই",
        "root_word": "إِنَّ",
        "global_word_sequence_number": 76123,
        "global_verse_sequence_number": 5920
    },
    {
        "chapter": 85,
        "verse": 11,
        "juz": 30,
        "hizb": 236,
        "manzil": 7,
        "ruku": 527,
        "word_number_in_verse": 2,
        "language_code": "bn",
        "text": "যারা",
        "root_word": "الَّذِينَ",
        "global_word_sequence_number": 76124,
        "global_verse_sequence_number": 5920
    },
    {
        "chapter": 85,
        "verse": 11,
        "juz": 30,
        "hizb": 236,
        "manzil": 7,
        "ruku": 527,
        "word_number_in_verse": 3,
        "language_code": "bn",
        "text": "ঈমান এনেছে",
        "root_word": "ءَامَنُواْ",
        "global_word_sequence_number": 76125,
        "global_verse_sequence_number": 5920
    },
    {
        "chapter": 85,
        "verse": 11,
        "juz": 30,
        "hizb": 236,
        "manzil": 7,
        "ruku": 527,
        "word_number_in_verse": 4,
        "language_code": "bn",
        "text": "এবং করেছে",
        "root_word": "وَعَمِلُواْ",
        "global_word_sequence_number": 76126,
        "global_verse_sequence_number": 5920
    },
    {
        "chapter": 85,
        "verse": 11,
        "juz": 30,
        "hizb": 236,
        "manzil": 7,
        "ruku": 527,
        "word_number_in_verse": 5,
        "language_code": "bn",
        "text": "সৎকর্ম",
        "root_word": "الصَّٰلِحَٰتِ",
        "global_word_sequence_number": 76127,
        "global_verse_sequence_number": 5920
    },
    {
        "chapter": 85,
        "verse": 11,
        "juz": 30,
        "hizb": 236,
        "manzil": 7,
        "ruku": 527,
        "word_number_in_verse": 6,
        "language_code": "bn",
        "text": "তাদের জন্য (রয়েছে)",
        "root_word": "لَهُمۡ",
        "global_word_sequence_number": 76128,
        "global_verse_sequence_number": 5920
    },
    {
        "chapter": 85,
        "verse": 11,
        "juz": 30,
        "hizb": 236,
        "manzil": 7,
        "ruku": 527,
        "word_number_in_verse": 7,
        "language_code": "bn",
        "text": "জান্নাত",
        "root_word": "جَنَّٰتٞ",
        "global_word_sequence_number": 76129,
        "global_verse_sequence_number": 5920
    },
    {
        "chapter": 85,
        "verse": 11,
        "juz": 30,
        "hizb": 236,
        "manzil": 7,
        "ruku": 527,
        "word_number_in_verse": 8,
        "language_code": "bn",
        "text": "প্রবাহিত হচ্ছে",
        "root_word": "تَجۡرِي",
        "global_word_sequence_number": 76130,
        "global_verse_sequence_number": 5920
    },
    {
        "chapter": 85,
        "verse": 11,
        "juz": 30,
        "hizb": 236,
        "manzil": 7,
        "ruku": 527,
        "word_number_in_verse": 9,
        "language_code": "bn",
        "text": "হতে",
        "root_word": "مِن",
        "global_word_sequence_number": 76131,
        "global_verse_sequence_number": 5920
    },
    {
        "chapter": 85,
        "verse": 11,
        "juz": 30,
        "hizb": 236,
        "manzil": 7,
        "ruku": 527,
        "word_number_in_verse": 10,
        "language_code": "bn",
        "text": "তার নীচ",
        "root_word": "تَحۡتِهَا",
        "global_word_sequence_number": 76132,
        "global_verse_sequence_number": 5920
    },
    {
        "chapter": 85,
        "verse": 11,
        "juz": 30,
        "hizb": 236,
        "manzil": 7,
        "ruku": 527,
        "word_number_in_verse": 11,
        "language_code": "bn",
        "text": "ঝর্ণাসমূহ",
        "root_word": "الۡأَنۡهَٰرُۚ",
        "global_word_sequence_number": 76133,
        "global_verse_sequence_number": 5920
    },
    {
        "chapter": 85,
        "verse": 11,
        "juz": 30,
        "hizb": 236,
        "manzil": 7,
        "ruku": 527,
        "word_number_in_verse": 12,
        "language_code": "bn",
        "text": "সেটাই",
        "root_word": "ذَٰلِكَ",
        "global_word_sequence_number": 76134,
        "global_verse_sequence_number": 5920
    },
    {
        "chapter": 85,
        "verse": 11,
        "juz": 30,
        "hizb": 236,
        "manzil": 7,
        "ruku": 527,
        "word_number_in_verse": 13,
        "language_code": "bn",
        "text": "সাফল্য",
        "root_word": "الۡفَوۡزُ",
        "global_word_sequence_number": 76135,
        "global_verse_sequence_number": 5920
    },
    {
        "chapter": 85,
        "verse": 11,
        "juz": 30,
        "hizb": 236,
        "manzil": 7,
        "ruku": 527,
        "word_number_in_verse": 14,
        "language_code": "bn",
        "text": "মহা",
        "root_word": "الۡكَبِيرُ",
        "global_word_sequence_number": 76136,
        "global_verse_sequence_number": 5920
    },
    {
        "chapter": 85,
        "verse": 12,
        "juz": 30,
        "hizb": 236,
        "manzil": 7,
        "ruku": 527,
        "word_number_in_verse": 1,
        "language_code": "bn",
        "text": "নিশ্চয়",
        "root_word": "إِنَّ",
        "global_word_sequence_number": 76137,
        "global_verse_sequence_number": 5921
    },
    {
        "chapter": 85,
        "verse": 12,
        "juz": 30,
        "hizb": 236,
        "manzil": 7,
        "ruku": 527,
        "word_number_in_verse": 2,
        "language_code": "bn",
        "text": "পাকড়াও",
        "root_word": "بَطۡشَ",
        "global_word_sequence_number": 76138,
        "global_verse_sequence_number": 5921
    },
    {
        "chapter": 85,
        "verse": 12,
        "juz": 30,
        "hizb": 236,
        "manzil": 7,
        "ruku": 527,
        "word_number_in_verse": 3,
        "language_code": "bn",
        "text": "তোমার রবের",
        "root_word": "رَبِّكَ",
        "global_word_sequence_number": 76139,
        "global_verse_sequence_number": 5921
    },
    {
        "chapter": 85,
        "verse": 12,
        "juz": 30,
        "hizb": 236,
        "manzil": 7,
        "ruku": 527,
        "word_number_in_verse": 4,
        "language_code": "bn",
        "text": "অবশ্যই কঠিন",
        "root_word": "لَشَدِيدٌ",
        "global_word_sequence_number": 76140,
        "global_verse_sequence_number": 5921
    },
    {
        "chapter": 85,
        "verse": 13,
        "juz": 30,
        "hizb": 236,
        "manzil": 7,
        "ruku": 527,
        "word_number_in_verse": 1,
        "language_code": "bn",
        "text": "নিশ্চয়ই তিনি",
        "root_word": "إِنَّهُۥ",
        "global_word_sequence_number": 76141,
        "global_verse_sequence_number": 5922
    },
    {
        "chapter": 85,
        "verse": 13,
        "juz": 30,
        "hizb": 236,
        "manzil": 7,
        "ruku": 527,
        "word_number_in_verse": 2,
        "language_code": "bn",
        "text": "তিনিই",
        "root_word": "هُوَ",
        "global_word_sequence_number": 76142,
        "global_verse_sequence_number": 5922
    },
    {
        "chapter": 85,
        "verse": 13,
        "juz": 30,
        "hizb": 236,
        "manzil": 7,
        "ruku": 527,
        "word_number_in_verse": 3,
        "language_code": "bn",
        "text": "অস্তিত্ব দান করেন",
        "root_word": "يُبۡدِئُ",
        "global_word_sequence_number": 76143,
        "global_verse_sequence_number": 5922
    },
    {
        "chapter": 85,
        "verse": 13,
        "juz": 30,
        "hizb": 236,
        "manzil": 7,
        "ruku": 527,
        "word_number_in_verse": 4,
        "language_code": "bn",
        "text": "ও তিনি পুনরাবর্তন ঘটান",
        "root_word": "وَيُعِيدُ",
        "global_word_sequence_number": 76144,
        "global_verse_sequence_number": 5922
    },
    {
        "chapter": 85,
        "verse": 14,
        "juz": 30,
        "hizb": 236,
        "manzil": 7,
        "ruku": 527,
        "word_number_in_verse": 1,
        "language_code": "bn",
        "text": "এবং তিনিই",
        "root_word": "وَهُوَ",
        "global_word_sequence_number": 76145,
        "global_verse_sequence_number": 5923
    },
    {
        "chapter": 85,
        "verse": 14,
        "juz": 30,
        "hizb": 236,
        "manzil": 7,
        "ruku": 527,
        "word_number_in_verse": 2,
        "language_code": "bn",
        "text": "ক্ষমাশীল",
        "root_word": "الۡغَفُورُ",
        "global_word_sequence_number": 76146,
        "global_verse_sequence_number": 5923
    },
    {
        "chapter": 85,
        "verse": 14,
        "juz": 30,
        "hizb": 236,
        "manzil": 7,
        "ruku": 527,
        "word_number_in_verse": 3,
        "language_code": "bn",
        "text": "প্রেমময়",
        "root_word": "الۡوَدُودُ",
        "global_word_sequence_number": 76147,
        "global_verse_sequence_number": 5923
    },
    {
        "chapter": 85,
        "verse": 15,
        "juz": 30,
        "hizb": 236,
        "manzil": 7,
        "ruku": 527,
        "word_number_in_verse": 1,
        "language_code": "bn",
        "text": "অধিকারী",
        "root_word": "ذُو",
        "global_word_sequence_number": 76148,
        "global_verse_sequence_number": 5924
    },
    {
        "chapter": 85,
        "verse": 15,
        "juz": 30,
        "hizb": 236,
        "manzil": 7,
        "ruku": 527,
        "word_number_in_verse": 2,
        "language_code": "bn",
        "text": "আরশের",
        "root_word": "الۡعَرۡشِ",
        "global_word_sequence_number": 76149,
        "global_verse_sequence_number": 5924
    },
    {
        "chapter": 85,
        "verse": 15,
        "juz": 30,
        "hizb": 236,
        "manzil": 7,
        "ruku": 527,
        "word_number_in_verse": 3,
        "language_code": "bn",
        "text": "সম্মানিত",
        "root_word": "الۡمَجِيدُ",
        "global_word_sequence_number": 76150,
        "global_verse_sequence_number": 5924
    },
    {
        "chapter": 85,
        "verse": 16,
        "juz": 30,
        "hizb": 236,
        "manzil": 7,
        "ruku": 527,
        "word_number_in_verse": 1,
        "language_code": "bn",
        "text": "সম্পন্নকারী",
        "root_word": "فَعَّالٞ",
        "global_word_sequence_number": 76151,
        "global_verse_sequence_number": 5925
    },
    {
        "chapter": 85,
        "verse": 16,
        "juz": 30,
        "hizb": 236,
        "manzil": 7,
        "ruku": 527,
        "word_number_in_verse": 2,
        "language_code": "bn",
        "text": "যা",
        "root_word": "لِّمَا",
        "global_word_sequence_number": 76152,
        "global_verse_sequence_number": 5925
    },
    {
        "chapter": 85,
        "verse": 16,
        "juz": 30,
        "hizb": 236,
        "manzil": 7,
        "ruku": 527,
        "word_number_in_verse": 3,
        "language_code": "bn",
        "text": "তিনি চান",
        "root_word": "يُرِيدُ",
        "global_word_sequence_number": 76153,
        "global_verse_sequence_number": 5925
    },
    {
        "chapter": 85,
        "verse": 17,
        "juz": 30,
        "hizb": 236,
        "manzil": 7,
        "ruku": 527,
        "word_number_in_verse": 1,
        "language_code": "bn",
        "text": "কি",
        "root_word": "هَلۡ",
        "global_word_sequence_number": 76154,
        "global_verse_sequence_number": 5926
    },
    {
        "chapter": 85,
        "verse": 17,
        "juz": 30,
        "hizb": 236,
        "manzil": 7,
        "ruku": 527,
        "word_number_in_verse": 2,
        "language_code": "bn",
        "text": "তোমার কাছে পৌঁছেছে",
        "root_word": "أَتَىٰكَ",
        "global_word_sequence_number": 76155,
        "global_verse_sequence_number": 5926
    },
    {
        "chapter": 85,
        "verse": 17,
        "juz": 30,
        "hizb": 236,
        "manzil": 7,
        "ruku": 527,
        "word_number_in_verse": 3,
        "language_code": "bn",
        "text": "বৃত্তান্ত",
        "root_word": "حَدِيثُ",
        "global_word_sequence_number": 76156,
        "global_verse_sequence_number": 5926
    },
    {
        "chapter": 85,
        "verse": 17,
        "juz": 30,
        "hizb": 236,
        "manzil": 7,
        "ruku": 527,
        "word_number_in_verse": 4,
        "language_code": "bn",
        "text": "সৈন্যদের",
        "root_word": "الۡجُنُودِ",
        "global_word_sequence_number": 76157,
        "global_verse_sequence_number": 5926
    },
    {
        "chapter": 85,
        "verse": 18,
        "juz": 30,
        "hizb": 236,
        "manzil": 7,
        "ruku": 527,
        "word_number_in_verse": 1,
        "language_code": "bn",
        "text": "ফিরআউনের",
        "root_word": "فِرۡعَوۡنَ",
        "global_word_sequence_number": 76158,
        "global_verse_sequence_number": 5927
    },
    {
        "chapter": 85,
        "verse": 18,
        "juz": 30,
        "hizb": 236,
        "manzil": 7,
        "ruku": 527,
        "word_number_in_verse": 2,
        "language_code": "bn",
        "text": "ও সামূদের",
        "root_word": "وَثَمُودَ",
        "global_word_sequence_number": 76159,
        "global_verse_sequence_number": 5927
    },
    {
        "chapter": 85,
        "verse": 19,
        "juz": 30,
        "hizb": 236,
        "manzil": 7,
        "ruku": 527,
        "word_number_in_verse": 1,
        "language_code": "bn",
        "text": "বরং",
        "root_word": "بَلِ",
        "global_word_sequence_number": 76160,
        "global_verse_sequence_number": 5928
    },
    {
        "chapter": 85,
        "verse": 19,
        "juz": 30,
        "hizb": 236,
        "manzil": 7,
        "ruku": 527,
        "word_number_in_verse": 2,
        "language_code": "bn",
        "text": "যারা",
        "root_word": "الَّذِينَ",
        "global_word_sequence_number": 76161,
        "global_verse_sequence_number": 5928
    },
    {
        "chapter": 85,
        "verse": 19,
        "juz": 30,
        "hizb": 236,
        "manzil": 7,
        "ruku": 527,
        "word_number_in_verse": 3,
        "language_code": "bn",
        "text": "অবিশ্বাস করেছে",
        "root_word": "كَفَرُواْ",
        "global_word_sequence_number": 76162,
        "global_verse_sequence_number": 5928
    },
    {
        "chapter": 85,
        "verse": 19,
        "juz": 30,
        "hizb": 236,
        "manzil": 7,
        "ruku": 527,
        "word_number_in_verse": 4,
        "language_code": "bn",
        "text": "মধ্যে (রত)",
        "root_word": "فِي",
        "global_word_sequence_number": 76163,
        "global_verse_sequence_number": 5928
    },
    {
        "chapter": 85,
        "verse": 19,
        "juz": 30,
        "hizb": 236,
        "manzil": 7,
        "ruku": 527,
        "word_number_in_verse": 5,
        "language_code": "bn",
        "text": "মিথ্যারোপে",
        "root_word": "تَكۡذِيبٖ",
        "global_word_sequence_number": 76164,
        "global_verse_sequence_number": 5928
    },
    {
        "chapter": 85,
        "verse": 20,
        "juz": 30,
        "hizb": 236,
        "manzil": 7,
        "ruku": 527,
        "word_number_in_verse": 1,
        "language_code": "bn",
        "text": "অথচ আল্লাহ",
        "root_word": "وَاللَّهُ",
        "global_word_sequence_number": 76165,
        "global_verse_sequence_number": 5929
    },
    {
        "chapter": 85,
        "verse": 20,
        "juz": 30,
        "hizb": 236,
        "manzil": 7,
        "ruku": 527,
        "word_number_in_verse": 2,
        "language_code": "bn",
        "text": "হতে",
        "root_word": "مِن",
        "global_word_sequence_number": 76166,
        "global_verse_sequence_number": 5929
    },
    {
        "chapter": 85,
        "verse": 20,
        "juz": 30,
        "hizb": 236,
        "manzil": 7,
        "ruku": 527,
        "word_number_in_verse": 3,
        "language_code": "bn",
        "text": "তাদের অলক্ষ্য",
        "root_word": "وَرَآئِهِم",
        "global_word_sequence_number": 76167,
        "global_verse_sequence_number": 5929
    },
    {
        "chapter": 85,
        "verse": 20,
        "juz": 30,
        "hizb": 236,
        "manzil": 7,
        "ruku": 527,
        "word_number_in_verse": 4,
        "language_code": "bn",
        "text": "(তাদেরকে) পরিবেষ্টনকারী",
        "root_word": "مُّحِيطُۢ",
        "global_word_sequence_number": 76168,
        "global_verse_sequence_number": 5929
    },
    {
        "chapter": 85,
        "verse": 21,
        "juz": 30,
        "hizb": 236,
        "manzil": 7,
        "ruku": 527,
        "word_number_in_verse": 1,
        "language_code": "bn",
        "text": "বরং",
        "root_word": "بَلۡ",
        "global_word_sequence_number": 76169,
        "global_verse_sequence_number": 5930
    },
    {
        "chapter": 85,
        "verse": 21,
        "juz": 30,
        "hizb": 236,
        "manzil": 7,
        "ruku": 527,
        "word_number_in_verse": 2,
        "language_code": "bn",
        "text": "তা",
        "root_word": "هُوَ",
        "global_word_sequence_number": 76170,
        "global_verse_sequence_number": 5930
    },
    {
        "chapter": 85,
        "verse": 21,
        "juz": 30,
        "hizb": 236,
        "manzil": 7,
        "ruku": 527,
        "word_number_in_verse": 3,
        "language_code": "bn",
        "text": "কুর'আন",
        "root_word": "قُرۡءَانٞ",
        "global_word_sequence_number": 76171,
        "global_verse_sequence_number": 5930
    },
    {
        "chapter": 85,
        "verse": 21,
        "juz": 30,
        "hizb": 236,
        "manzil": 7,
        "ruku": 527,
        "word_number_in_verse": 4,
        "language_code": "bn",
        "text": "সম্মানিত",
        "root_word": "مَّجِيدٞ",
        "global_word_sequence_number": 76172,
        "global_verse_sequence_number": 5930
    },
    {
        "chapter": 85,
        "verse": 22,
        "juz": 30,
        "hizb": 236,
        "manzil": 7,
        "ruku": 527,
        "word_number_in_verse": 1,
        "language_code": "bn",
        "text": "মধ্যে",
        "root_word": "فِي",
        "global_word_sequence_number": 76173,
        "global_verse_sequence_number": 5931
    },
    {
        "chapter": 85,
        "verse": 22,
        "juz": 30,
        "hizb": 236,
        "manzil": 7,
        "ruku": 527,
        "word_number_in_verse": 2,
        "language_code": "bn",
        "text": "ফলকের",
        "root_word": "لَوۡحٖ",
        "global_word_sequence_number": 76174,
        "global_verse_sequence_number": 5931
    },
    {
        "chapter": 85,
        "verse": 22,
        "juz": 30,
        "hizb": 236,
        "manzil": 7,
        "ruku": 527,
        "word_number_in_verse": 3,
        "language_code": "bn",
        "text": "সুরক্ষিত",
        "root_word": "مَّحۡفُوظِۭ",
        "global_word_sequence_number": 76175,
        "global_verse_sequence_number": 5931
    }
]