[
    {
        "chapter": 86,
        "verse": 1,
        "juz": 30,
        "hizb": 236,
        "manzil": 7,
        "ruku": 528,
        "word_number_in_verse": 1,
        "language_code": "bn",
        "text": "শপথ আকাশের",
        "root_word": "وَالسَّمَآءِ",
        "global_word_sequence_number": 76176,
        "global_verse_sequence_number": 5932
    },
    {
        "chapter": 86,
        "verse": 1,
        "juz": 30,
        "hizb": 236,
        "manzil": 7,
        "ruku": 528,
        "word_number_in_verse": 2,
        "language_code": "bn",
        "text": "এবং রাত্রে আত্মপ্রকাশকারী (নক্ষত্রের)",
        "root_word": "وَالطَّارِقِ",
        "global_word_sequence_number": 76177,
        "global_verse_sequence_number": 5932
    },
    {
        "chapter": 86,
        "verse": 2,
        "juz": 30,
        "hizb": 236,
        "manzil": 7,
        "ruku": 528,
        "word_number_in_verse": 1,
        "language_code": "bn",
        "text": "এবং কিসে",
        "root_word": "وَمَآ",
        "global_word_sequence_number": 76178,
        "global_verse_sequence_number": 5933
    },
    {
        "chapter": 86,
        "verse": 2,
        "juz": 30,
        "hizb": 236,
        "manzil": 7,
        "ruku": 528,
        "word_number_in_verse": 2,
        "language_code": "bn",
        "text": "তোমাকে জানাবে",
        "root_word": "أَدۡرَىٰكَ",
        "global_word_sequence_number": 76179,
        "global_verse_sequence_number": 5933
    },
    {
        "chapter": 86,
        "verse": 2,
        "juz": 30,
        "hizb": 236,
        "manzil": 7,
        "ruku": 528,
        "word_number_in_verse": 3,
        "language_code": "bn",
        "text": "কি সেই",
        "root_word": "مَا",
        "global_word_sequence_number": 76180,
        "global_verse_sequence_number": 5933
    },
    {
        "chapter": 86,
        "verse": 2,
        "juz": 30,
        "hizb": 236,
        "manzil": 7,
        "ruku": 528,
        "word_number_in_verse": 4,
        "language_code": "bn",
        "text": "রাতে আত্মপ্রকাশকারী",
        "root_word": "الطَّارِقُ",
        "global_word_sequence_number": 76181,
        "global_verse_sequence_number": 5933
    },
    {
        "chapter": 86,
        "verse": 3,
        "juz": 30,
        "hizb": 236,
        "manzil": 7,
        "ruku": 528,
        "word_number_in_verse": 1,
        "language_code": "bn",
        "text": "নক্ষত্র",
        "root_word": "النَّجۡمُ",
        "global_word_sequence_number": 76182,
        "global_verse_sequence_number": 5934
    },
    {
        "chapter": 86,
        "verse": 3,
        "juz": 30,
        "hizb": 236,
        "manzil": 7,
        "ruku": 528,
        "word_number_in_verse": 2,
        "language_code": "bn",
        "text": "উজ্জ্বল",
        "root_word": "الثَّاقِبُ",
        "global_word_sequence_number": 76183,
        "global_verse_sequence_number": 5934
    },
    {
        "chapter": 86,
        "verse": 4,
        "juz": 30,
        "hizb": 236,
        "manzil": 7,
        "ruku": 528,
        "word_number_in_verse": 1,
        "language_code": "bn",
        "text": "নেই",
        "root_word": "إِن",
        "global_word_sequence_number": 76184,
        "global_verse_sequence_number": 5935
    },
    {
        "chapter": 86,
        "verse": 4,
        "juz": 30,
        "hizb": 236,
        "manzil": 7,
        "ruku": 528,
        "word_number_in_verse": 2,
        "language_code": "bn",
        "text": "কোন",
        "root_word": "كُلُّ",
        "global_word_sequence_number": 76185,
        "global_verse_sequence_number": 5935
    },
    {
        "chapter": 86,
        "verse": 4,
        "juz": 30,
        "hizb": 236,
        "manzil": 7,
        "ruku": 528,
        "word_number_in_verse": 3,
        "language_code": "bn",
        "text": "ব্যক্তি",
        "root_word": "نَفۡسٖ",
        "global_word_sequence_number": 76186,
        "global_verse_sequence_number": 5935
    },
    {
        "chapter": 86,
        "verse": 4,
        "juz": 30,
        "hizb": 236,
        "manzil": 7,
        "ruku": 528,
        "word_number_in_verse": 4,
        "language_code": "bn",
        "text": "এ ছাড়া যে",
        "root_word": "لَّمَّا",
        "global_word_sequence_number": 76187,
        "global_verse_sequence_number": 5935
    },
    {
        "chapter": 86,
        "verse": 4,
        "juz": 30,
        "hizb": 236,
        "manzil": 7,
        "ruku": 528,
        "word_number_in_verse": 5,
        "language_code": "bn",
        "text": "তার উপর",
        "root_word": "عَلَيۡهَا",
        "global_word_sequence_number": 76188,
        "global_verse_sequence_number": 5935
    },
    {
        "chapter": 86,
        "verse": 4,
        "juz": 30,
        "hizb": 236,
        "manzil": 7,
        "ruku": 528,
        "word_number_in_verse": 6,
        "language_code": "bn",
        "text": "তত্ত্বাবধায়ক",
        "root_word": "حَافِظٞ",
        "global_word_sequence_number": 76189,
        "global_verse_sequence_number": 5935
    },
    {
        "chapter": 86,
        "verse": 5,
        "juz": 30,
        "hizb": 236,
        "manzil": 7,
        "ruku": 528,
        "word_number_in_verse": 1,
        "language_code": "bn",
        "text": "অতএব লক্ষ করা উচিৎ",
        "root_word": "فَلۡيَنظُرِ",
        "global_word_sequence_number": 76190,
        "global_verse_sequence_number": 5936
    },
    {
        "chapter": 86,
        "verse": 5,
        "juz": 30,
        "hizb": 236,
        "manzil": 7,
        "ruku": 528,
        "word_number_in_verse": 2,
        "language_code": "bn",
        "text": "মানুষের",
        "root_word": "الۡإِنسَٰنُ",
        "global_word_sequence_number": 76191,
        "global_verse_sequence_number": 5936
    },
    {
        "chapter": 86,
        "verse": 5,
        "juz": 30,
        "hizb": 236,
        "manzil": 7,
        "ruku": 528,
        "word_number_in_verse": 3,
        "language_code": "bn",
        "text": "কি থেকে",
        "root_word": "مِمَّ",
        "global_word_sequence_number": 76192,
        "global_verse_sequence_number": 5936
    },
    {
        "chapter": 86,
        "verse": 5,
        "juz": 30,
        "hizb": 236,
        "manzil": 7,
        "ruku": 528,
        "word_number_in_verse": 4,
        "language_code": "bn",
        "text": "সৃষ্টি করা হয়েছে (তাকে)",
        "root_word": "خُلِقَ",
        "global_word_sequence_number": 76193,
        "global_verse_sequence_number": 5936
    },
    {
        "chapter": 86,
        "verse": 6,
        "juz": 30,
        "hizb": 236,
        "manzil": 7,
        "ruku": 528,
        "word_number_in_verse": 1,
        "language_code": "bn",
        "text": "সৃষ্টি করা হয়েছে",
        "root_word": "خُلِقَ",
        "global_word_sequence_number": 76194,
        "global_verse_sequence_number": 5937
    },
    {
        "chapter": 86,
        "verse": 6,
        "juz": 30,
        "hizb": 236,
        "manzil": 7,
        "ruku": 528,
        "word_number_in_verse": 2,
        "language_code": "bn",
        "text": "থেকে",
        "root_word": "مِن",
        "global_word_sequence_number": 76195,
        "global_verse_sequence_number": 5937
    },
    {
        "chapter": 86,
        "verse": 6,
        "juz": 30,
        "hizb": 236,
        "manzil": 7,
        "ruku": 528,
        "word_number_in_verse": 3,
        "language_code": "bn",
        "text": "পানি",
        "root_word": "مَّآءٖ",
        "global_word_sequence_number": 76196,
        "global_verse_sequence_number": 5937
    },
    {
        "chapter": 86,
        "verse": 6,
        "juz": 30,
        "hizb": 236,
        "manzil": 7,
        "ruku": 528,
        "word_number_in_verse": 4,
        "language_code": "bn",
        "text": "সবেগে স্খলিত",
        "root_word": "دَافِقٖ",
        "global_word_sequence_number": 76197,
        "global_verse_sequence_number": 5937
    },
    {
        "chapter": 86,
        "verse": 7,
        "juz": 30,
        "hizb": 236,
        "manzil": 7,
        "ruku": 528,
        "word_number_in_verse": 1,
        "language_code": "bn",
        "text": "যা বের হয়",
        "root_word": "يَخۡرُجُ",
        "global_word_sequence_number": 76198,
        "global_verse_sequence_number": 5938
    },
    {
        "chapter": 86,
        "verse": 7,
        "juz": 30,
        "hizb": 236,
        "manzil": 7,
        "ruku": 528,
        "word_number_in_verse": 2,
        "language_code": "bn",
        "text": "থেকে",
        "root_word": "مِنۢ",
        "global_word_sequence_number": 76199,
        "global_verse_sequence_number": 5938
    },
    {
        "chapter": 86,
        "verse": 7,
        "juz": 30,
        "hizb": 236,
        "manzil": 7,
        "ruku": 528,
        "word_number_in_verse": 3,
        "language_code": "bn",
        "text": "মাঝ",
        "root_word": "بَيۡنِ",
        "global_word_sequence_number": 76200,
        "global_verse_sequence_number": 5938
    },
    {
        "chapter": 86,
        "verse": 7,
        "juz": 30,
        "hizb": 236,
        "manzil": 7,
        "ruku": 528,
        "word_number_in_verse": 4,
        "language_code": "bn",
        "text": "মেরুদণ্ড",
        "root_word": "الصُّلۡبِ",
        "global_word_sequence_number": 76201,
        "global_verse_sequence_number": 5938
    },
    {
        "chapter": 86,
        "verse": 7,
        "juz": 30,
        "hizb": 236,
        "manzil": 7,
        "ruku": 528,
        "word_number_in_verse": 5,
        "language_code": "bn",
        "text": "ও বক্ষপিঞ্জরের",
        "root_word": "وَالتَّرَآئِبِ",
        "global_word_sequence_number": 76202,
        "global_verse_sequence_number": 5938
    },
    {
        "chapter": 86,
        "verse": 8,
        "juz": 30,
        "hizb": 236,
        "manzil": 7,
        "ruku": 528,
        "word_number_in_verse": 1,
        "language_code": "bn",
        "text": "নিশ্চয়ই তিনি",
        "root_word": "إِنَّهُۥ",
        "global_word_sequence_number": 76203,
        "global_verse_sequence_number": 5939
    },
    {
        "chapter": 86,
        "verse": 8,
        "juz": 30,
        "hizb": 236,
        "manzil": 7,
        "ruku": 528,
        "word_number_in_verse": 2,
        "language_code": "bn",
        "text": "ব্যাপারে",
        "root_word": "عَلَىٰ",
        "global_word_sequence_number": 76204,
        "global_verse_sequence_number": 5939
    },
    {
        "chapter": 86,
        "verse": 8,
        "juz": 30,
        "hizb": 236,
        "manzil": 7,
        "ruku": 528,
        "word_number_in_verse": 3,
        "language_code": "bn",
        "text": "তার প্রত্যাবর্তনে",
        "root_word": "رَجۡعِهِۦ",
        "global_word_sequence_number": 76205,
        "global_verse_sequence_number": 5939
    },
    {
        "chapter": 86,
        "verse": 8,
        "juz": 30,
        "hizb": 236,
        "manzil": 7,
        "ruku": 528,
        "word_number_in_verse": 4,
        "language_code": "bn",
        "text": "অবশ্যই সক্ষম",
        "root_word": "لَقَادِرٞ",
        "global_word_sequence_number": 76206,
        "global_verse_sequence_number": 5939
    },
    {
        "chapter": 86,
        "verse": 9,
        "juz": 30,
        "hizb": 236,
        "manzil": 7,
        "ruku": 528,
        "word_number_in_verse": 1,
        "language_code": "bn",
        "text": "সেদিন",
        "root_word": "يَوۡمَ",
        "global_word_sequence_number": 76207,
        "global_verse_sequence_number": 5940
    },
    {
        "chapter": 86,
        "verse": 9,
        "juz": 30,
        "hizb": 236,
        "manzil": 7,
        "ruku": 528,
        "word_number_in_verse": 2,
        "language_code": "bn",
        "text": "পরীক্ষা করা হবে",
        "root_word": "تُبۡلَى",
        "global_word_sequence_number": 76208,
        "global_verse_sequence_number": 5940
    },
    {
        "chapter": 86,
        "verse": 9,
        "juz": 30,
        "hizb": 236,
        "manzil": 7,
        "ruku": 528,
        "word_number_in_verse": 3,
        "language_code": "bn",
        "text": "গোপন বিষয়াবলী",
        "root_word": "السَّرَآئِرُ",
        "global_word_sequence_number": 76209,
        "global_verse_sequence_number": 5940
    },
    {
        "chapter": 86,
        "verse": 10,
        "juz": 30,
        "hizb": 236,
        "manzil": 7,
        "ruku": 528,
        "word_number_in_verse": 1,
        "language_code": "bn",
        "text": "অতঃপর না",
        "root_word": "فَمَا",
        "global_word_sequence_number": 76210,
        "global_verse_sequence_number": 5941
    },
    {
        "chapter": 86,
        "verse": 10,
        "juz": 30,
        "hizb": 236,
        "manzil": 7,
        "ruku": 528,
        "word_number_in_verse": 2,
        "language_code": "bn",
        "text": "তার জন্য (থাকবে)",
        "root_word": "لَهُۥ",
        "global_word_sequence_number": 76211,
        "global_verse_sequence_number": 5941
    },
    {
        "chapter": 86,
        "verse": 10,
        "juz": 30,
        "hizb": 236,
        "manzil": 7,
        "ruku": 528,
        "word_number_in_verse": 3,
        "language_code": "bn",
        "text": "কোন",
        "root_word": "مِن",
        "global_word_sequence_number": 76212,
        "global_verse_sequence_number": 5941
    },
    {
        "chapter": 86,
        "verse": 10,
        "juz": 30,
        "hizb": 236,
        "manzil": 7,
        "ruku": 528,
        "word_number_in_verse": 4,
        "language_code": "bn",
        "text": "শক্তি",
        "root_word": "قُوَّةٖ",
        "global_word_sequence_number": 76213,
        "global_verse_sequence_number": 5941
    },
    {
        "chapter": 86,
        "verse": 10,
        "juz": 30,
        "hizb": 236,
        "manzil": 7,
        "ruku": 528,
        "word_number_in_verse": 5,
        "language_code": "bn",
        "text": "আর না",
        "root_word": "وَلَا",
        "global_word_sequence_number": 76214,
        "global_verse_sequence_number": 5941
    },
    {
        "chapter": 86,
        "verse": 10,
        "juz": 30,
        "hizb": 236,
        "manzil": 7,
        "ruku": 528,
        "word_number_in_verse": 6,
        "language_code": "bn",
        "text": "কোনো সাহায্যকারী",
        "root_word": "نَاصِرٖ",
        "global_word_sequence_number": 76215,
        "global_verse_sequence_number": 5941
    },
    {
        "chapter": 86,
        "verse": 11,
        "juz": 30,
        "hizb": 236,
        "manzil": 7,
        "ruku": 528,
        "word_number_in_verse": 1,
        "language_code": "bn",
        "text": "শপথ আকাশের",
        "root_word": "وَالسَّمَآءِ",
        "global_word_sequence_number": 76216,
        "global_verse_sequence_number": 5942
    },
    {
        "chapter": 86,
        "verse": 11,
        "juz": 30,
        "hizb": 236,
        "manzil": 7,
        "ruku": 528,
        "word_number_in_verse": 2,
        "language_code": "bn",
        "text": "ধারণকারী",
        "root_word": "ذَاتِ",
        "global_word_sequence_number": 76217,
        "global_verse_sequence_number": 5942
    },
    {
        "chapter": 86,
        "verse": 11,
        "juz": 30,
        "hizb": 236,
        "manzil": 7,
        "ruku": 528,
        "word_number_in_verse": 3,
        "language_code": "bn",
        "text": "বৃষ্টির",
        "root_word": "الرَّجۡعِ",
        "global_word_sequence_number": 76218,
        "global_verse_sequence_number": 5942
    },
    {
        "chapter": 86,
        "verse": 12,
        "juz": 30,
        "hizb": 236,
        "manzil": 7,
        "ruku": 528,
        "word_number_in_verse": 1,
        "language_code": "bn",
        "text": "শপথ পৃথিবীর (যা)",
        "root_word": "وَالۡأَرۡضِ",
        "global_word_sequence_number": 76219,
        "global_verse_sequence_number": 5943
    },
    {
        "chapter": 86,
        "verse": 12,
        "juz": 30,
        "hizb": 236,
        "manzil": 7,
        "ruku": 528,
        "word_number_in_verse": 2,
        "language_code": "bn",
        "text": "বিশিষ্ট",
        "root_word": "ذَاتِ",
        "global_word_sequence_number": 76220,
        "global_verse_sequence_number": 5943
    },
    {
        "chapter": 86,
        "verse": 12,
        "juz": 30,
        "hizb": 236,
        "manzil": 7,
        "ruku": 528,
        "word_number_in_verse": 3,
        "language_code": "bn",
        "text": "বিদীর্ণ (বক্ষ)",
        "root_word": "الصَّدۡعِ",
        "global_word_sequence_number": 76221,
        "global_verse_sequence_number": 5943
    },
    {
        "chapter": 86,
        "verse": 13,
        "juz": 30,
        "hizb": 236,
        "manzil": 7,
        "ruku": 528,
        "word_number_in_verse": 1,
        "language_code": "bn",
        "text": "নিশ্চয় তা",
        "root_word": "إِنَّهُۥ",
        "global_word_sequence_number": 76222,
        "global_verse_sequence_number": 5944
    },
    {
        "chapter": 86,
        "verse": 13,
        "juz": 30,
        "hizb": 236,
        "manzil": 7,
        "ruku": 528,
        "word_number_in_verse": 2,
        "language_code": "bn",
        "text": "অবশ্যই বাণী",
        "root_word": "لَقَوۡلٞ",
        "global_word_sequence_number": 76223,
        "global_verse_sequence_number": 5944
    },
    {
        "chapter": 86,
        "verse": 13,
        "juz": 30,
        "hizb": 236,
        "manzil": 7,
        "ruku": 528,
        "word_number_in_verse": 3,
        "language_code": "bn",
        "text": "মীমাংসাকারী",
        "root_word": "فَصۡلٞ",
        "global_word_sequence_number": 76224,
        "global_verse_sequence_number": 5944
    },
    {
        "chapter": 86,
        "verse": 14,
        "juz": 30,
        "hizb": 236,
        "manzil": 7,
        "ruku": 528,
        "word_number_in_verse": 1,
        "language_code": "bn",
        "text": "এবং না",
        "root_word": "وَمَا",
        "global_word_sequence_number": 76225,
        "global_verse_sequence_number": 5945
    },
    {
        "chapter": 86,
        "verse": 14,
        "juz": 30,
        "hizb": 236,
        "manzil": 7,
        "ruku": 528,
        "word_number_in_verse": 2,
        "language_code": "bn",
        "text": "তা",
        "root_word": "هُوَ",
        "global_word_sequence_number": 76226,
        "global_verse_sequence_number": 5945
    },
    {
        "chapter": 86,
        "verse": 14,
        "juz": 30,
        "hizb": 236,
        "manzil": 7,
        "ruku": 528,
        "word_number_in_verse": 3,
        "language_code": "bn",
        "text": "হাসি-ঠাট্টার কথা",
        "root_word": "بِالۡهَزۡلِ",
        "global_word_sequence_number": 76227,
        "global_verse_sequence_number": 5945
    },
    {
        "chapter": 86,
        "verse": 15,
        "juz": 30,
        "hizb": 236,
        "manzil": 7,
        "ruku": 528,
        "word_number_in_verse": 1,
        "language_code": "bn",
        "text": "নিশ্চয়ই তারা",
        "root_word": "إِنَّهُمۡ",
        "global_word_sequence_number": 76228,
        "global_verse_sequence_number": 5946
    },
    {
        "chapter": 86,
        "verse": 15,
        "juz": 30,
        "hizb": 236,
        "manzil": 7,
        "ruku": 528,
        "word_number_in_verse": 2,
        "language_code": "bn",
        "text": "ষড়যন্ত্র করছে",
        "root_word": "يَكِيدُونَ",
        "global_word_sequence_number": 76229,
        "global_verse_sequence_number": 5946
    },
    {
        "chapter": 86,
        "verse": 15,
        "juz": 30,
        "hizb": 236,
        "manzil": 7,
        "ruku": 528,
        "word_number_in_verse": 3,
        "language_code": "bn",
        "text": "ভীষণ ষড়যন্ত্র",
        "root_word": "كَيۡدٗا",
        "global_word_sequence_number": 76230,
        "global_verse_sequence_number": 5946
    },
    {
        "chapter": 86,
        "verse": 16,
        "juz": 30,
        "hizb": 236,
        "manzil": 7,
        "ruku": 528,
        "word_number_in_verse": 1,
        "language_code": "bn",
        "text": "এবং আমি কৌশল করছি",
        "root_word": "وَأَكِيدُ",
        "global_word_sequence_number": 76231,
        "global_verse_sequence_number": 5947
    },
    {
        "chapter": 86,
        "verse": 16,
        "juz": 30,
        "hizb": 236,
        "manzil": 7,
        "ruku": 528,
        "word_number_in_verse": 2,
        "language_code": "bn",
        "text": "ভীষণ কৌশল",
        "root_word": "كَيۡدٗا",
        "global_word_sequence_number": 76232,
        "global_verse_sequence_number": 5947
    },
    {
        "chapter": 86,
        "verse": 17,
        "juz": 30,
        "hizb": 236,
        "manzil": 7,
        "ruku": 528,
        "word_number_in_verse": 1,
        "language_code": "bn",
        "text": "তাই অবকাশ দাও",
        "root_word": "فَمَهِّلِ",
        "global_word_sequence_number": 76233,
        "global_verse_sequence_number": 5948
    },
    {
        "chapter": 86,
        "verse": 17,
        "juz": 30,
        "hizb": 236,
        "manzil": 7,
        "ruku": 528,
        "word_number_in_verse": 2,
        "language_code": "bn",
        "text": "কাফেরদেরকে",
        "root_word": "الۡكَٰفِرِينَ",
        "global_word_sequence_number": 76234,
        "global_verse_sequence_number": 5948
    },
    {
        "chapter": 86,
        "verse": 17,
        "juz": 30,
        "hizb": 236,
        "manzil": 7,
        "ruku": 528,
        "word_number_in_verse": 3,
        "language_code": "bn",
        "text": "তাদের অবকাশ দাও",
        "root_word": "أَمۡهِلۡهُمۡ",
        "global_word_sequence_number": 76235,
        "global_verse_sequence_number": 5948
    },
    {
        "chapter": 86,
        "verse": 17,
        "juz": 30,
        "hizb": 236,
        "manzil": 7,
        "ruku": 528,
        "word_number_in_verse": 4,
        "language_code": "bn",
        "text": "কিছুক্ষণের",
        "root_word": "رُوَيۡدَۢا",
        "global_word_sequence_number": 76236,
        "global_verse_sequence_number": 5948
    }
]