[
    {
        "chapter": 88,
        "verse": 1,
        "juz": 30,
        "hizb": 237,
        "manzil": 7,
        "ruku": 530,
        "word_number_in_verse": 1,
        "language_code": "bn",
        "text": "কি",
        "root_word": "هَلۡ",
        "global_word_sequence_number": 76309,
        "global_verse_sequence_number": 5968
    },
    {
        "chapter": 88,
        "verse": 1,
        "juz": 30,
        "hizb": 237,
        "manzil": 7,
        "ruku": 530,
        "word_number_in_verse": 2,
        "language_code": "bn",
        "text": "তোমার কাছে পৌঁছেছে",
        "root_word": "أَتَىٰكَ",
        "global_word_sequence_number": 76310,
        "global_verse_sequence_number": 5968
    },
    {
        "chapter": 88,
        "verse": 1,
        "juz": 30,
        "hizb": 237,
        "manzil": 7,
        "ruku": 530,
        "word_number_in_verse": 3,
        "language_code": "bn",
        "text": "সংবাদ",
        "root_word": "حَدِيثُ",
        "global_word_sequence_number": 76311,
        "global_verse_sequence_number": 5968
    },
    {
        "chapter": 88,
        "verse": 1,
        "juz": 30,
        "hizb": 237,
        "manzil": 7,
        "ruku": 530,
        "word_number_in_verse": 4,
        "language_code": "bn",
        "text": "আচ্ছন্নকারী (ক্বিয়ামাতের)",
        "root_word": "الۡغَٰشِيَةِ",
        "global_word_sequence_number": 76312,
        "global_verse_sequence_number": 5968
    },
    {
        "chapter": 88,
        "verse": 2,
        "juz": 30,
        "hizb": 237,
        "manzil": 7,
        "ruku": 530,
        "word_number_in_verse": 1,
        "language_code": "bn",
        "text": "(অনেকের) মুখমণ্ডল",
        "root_word": "وُجُوهٞ",
        "global_word_sequence_number": 76313,
        "global_verse_sequence_number": 5969
    },
    {
        "chapter": 88,
        "verse": 2,
        "juz": 30,
        "hizb": 237,
        "manzil": 7,
        "ruku": 530,
        "word_number_in_verse": 2,
        "language_code": "bn",
        "text": "সেদিন",
        "root_word": "يَوۡمَئِذٍ",
        "global_word_sequence_number": 76314,
        "global_verse_sequence_number": 5969
    },
    {
        "chapter": 88,
        "verse": 2,
        "juz": 30,
        "hizb": 237,
        "manzil": 7,
        "ruku": 530,
        "word_number_in_verse": 3,
        "language_code": "bn",
        "text": "অবনত (হবে)",
        "root_word": "خَٰشِعَةٌ",
        "global_word_sequence_number": 76315,
        "global_verse_sequence_number": 5969
    },
    {
        "chapter": 88,
        "verse": 3,
        "juz": 30,
        "hizb": 237,
        "manzil": 7,
        "ruku": 530,
        "word_number_in_verse": 1,
        "language_code": "bn",
        "text": "ক্লিষ্ট (হবে)",
        "root_word": "عَامِلَةٞ",
        "global_word_sequence_number": 76316,
        "global_verse_sequence_number": 5970
    },
    {
        "chapter": 88,
        "verse": 3,
        "juz": 30,
        "hizb": 237,
        "manzil": 7,
        "ruku": 530,
        "word_number_in_verse": 2,
        "language_code": "bn",
        "text": "ক্লান্ত (হবে)",
        "root_word": "نَّاصِبَةٞ",
        "global_word_sequence_number": 76317,
        "global_verse_sequence_number": 5970
    },
    {
        "chapter": 88,
        "verse": 4,
        "juz": 30,
        "hizb": 237,
        "manzil": 7,
        "ruku": 530,
        "word_number_in_verse": 1,
        "language_code": "bn",
        "text": "প্রবেশ করবে",
        "root_word": "تَصۡلَىٰ",
        "global_word_sequence_number": 76318,
        "global_verse_sequence_number": 5971
    },
    {
        "chapter": 88,
        "verse": 4,
        "juz": 30,
        "hizb": 237,
        "manzil": 7,
        "ruku": 530,
        "word_number_in_verse": 2,
        "language_code": "bn",
        "text": "আগুনে",
        "root_word": "نَارًا",
        "global_word_sequence_number": 76319,
        "global_verse_sequence_number": 5971
    },
    {
        "chapter": 88,
        "verse": 4,
        "juz": 30,
        "hizb": 237,
        "manzil": 7,
        "ruku": 530,
        "word_number_in_verse": 3,
        "language_code": "bn",
        "text": "উত্তপ্ত",
        "root_word": "حَامِيَةٗ",
        "global_word_sequence_number": 76320,
        "global_verse_sequence_number": 5971
    },
    {
        "chapter": 88,
        "verse": 5,
        "juz": 30,
        "hizb": 237,
        "manzil": 7,
        "ruku": 530,
        "word_number_in_verse": 1,
        "language_code": "bn",
        "text": "পান করানো হবে (পানি)",
        "root_word": "تُسۡقَىٰ",
        "global_word_sequence_number": 76321,
        "global_verse_sequence_number": 5972
    },
    {
        "chapter": 88,
        "verse": 5,
        "juz": 30,
        "hizb": 237,
        "manzil": 7,
        "ruku": 530,
        "word_number_in_verse": 2,
        "language_code": "bn",
        "text": "থেকে",
        "root_word": "مِنۡ",
        "global_word_sequence_number": 76322,
        "global_verse_sequence_number": 5972
    },
    {
        "chapter": 88,
        "verse": 5,
        "juz": 30,
        "hizb": 237,
        "manzil": 7,
        "ruku": 530,
        "word_number_in_verse": 3,
        "language_code": "bn",
        "text": "ঝর্ণা",
        "root_word": "عَيۡنٍ",
        "global_word_sequence_number": 76323,
        "global_verse_sequence_number": 5972
    },
    {
        "chapter": 88,
        "verse": 5,
        "juz": 30,
        "hizb": 237,
        "manzil": 7,
        "ruku": 530,
        "word_number_in_verse": 4,
        "language_code": "bn",
        "text": "ফুটন্ত",
        "root_word": "ءَانِيَةٖ",
        "global_word_sequence_number": 76324,
        "global_verse_sequence_number": 5972
    },
    {
        "chapter": 88,
        "verse": 6,
        "juz": 30,
        "hizb": 237,
        "manzil": 7,
        "ruku": 530,
        "word_number_in_verse": 1,
        "language_code": "bn",
        "text": "নেই",
        "root_word": "لَّيۡسَ",
        "global_word_sequence_number": 76325,
        "global_verse_sequence_number": 5973
    },
    {
        "chapter": 88,
        "verse": 6,
        "juz": 30,
        "hizb": 237,
        "manzil": 7,
        "ruku": 530,
        "word_number_in_verse": 2,
        "language_code": "bn",
        "text": "তাদের জন্যে",
        "root_word": "لَهُمۡ",
        "global_word_sequence_number": 76326,
        "global_verse_sequence_number": 5973
    },
    {
        "chapter": 88,
        "verse": 6,
        "juz": 30,
        "hizb": 237,
        "manzil": 7,
        "ruku": 530,
        "word_number_in_verse": 3,
        "language_code": "bn",
        "text": "(অন্য কোনো) খাদ্য",
        "root_word": "طَعَامٌ",
        "global_word_sequence_number": 76327,
        "global_verse_sequence_number": 5973
    },
    {
        "chapter": 88,
        "verse": 6,
        "juz": 30,
        "hizb": 237,
        "manzil": 7,
        "ruku": 530,
        "word_number_in_verse": 4,
        "language_code": "bn",
        "text": "এ ছাড়া",
        "root_word": "إِلَّا",
        "global_word_sequence_number": 76328,
        "global_verse_sequence_number": 5973
    },
    {
        "chapter": 88,
        "verse": 6,
        "juz": 30,
        "hizb": 237,
        "manzil": 7,
        "ruku": 530,
        "word_number_in_verse": 5,
        "language_code": "bn",
        "text": "থেকে",
        "root_word": "مِن",
        "global_word_sequence_number": 76329,
        "global_verse_sequence_number": 5973
    },
    {
        "chapter": 88,
        "verse": 6,
        "juz": 30,
        "hizb": 237,
        "manzil": 7,
        "ruku": 530,
        "word_number_in_verse": 6,
        "language_code": "bn",
        "text": "শুকনো কাঁটাযুক্ত ঝাড়",
        "root_word": "ضَرِيعٖ",
        "global_word_sequence_number": 76330,
        "global_verse_sequence_number": 5973
    },
    {
        "chapter": 88,
        "verse": 7,
        "juz": 30,
        "hizb": 237,
        "manzil": 7,
        "ruku": 530,
        "word_number_in_verse": 1,
        "language_code": "bn",
        "text": "না",
        "root_word": "لَّا",
        "global_word_sequence_number": 76331,
        "global_verse_sequence_number": 5974
    },
    {
        "chapter": 88,
        "verse": 7,
        "juz": 30,
        "hizb": 237,
        "manzil": 7,
        "ruku": 530,
        "word_number_in_verse": 2,
        "language_code": "bn",
        "text": "পুষ্ট করবে (তা)",
        "root_word": "يُسۡمِنُ",
        "global_word_sequence_number": 76332,
        "global_verse_sequence_number": 5974
    },
    {
        "chapter": 88,
        "verse": 7,
        "juz": 30,
        "hizb": 237,
        "manzil": 7,
        "ruku": 530,
        "word_number_in_verse": 3,
        "language_code": "bn",
        "text": "আর না",
        "root_word": "وَلَا",
        "global_word_sequence_number": 76333,
        "global_verse_sequence_number": 5974
    },
    {
        "chapter": 88,
        "verse": 7,
        "juz": 30,
        "hizb": 237,
        "manzil": 7,
        "ruku": 530,
        "word_number_in_verse": 4,
        "language_code": "bn",
        "text": "মেটাবে",
        "root_word": "يُغۡنِي",
        "global_word_sequence_number": 76334,
        "global_verse_sequence_number": 5974
    },
    {
        "chapter": 88,
        "verse": 7,
        "juz": 30,
        "hizb": 237,
        "manzil": 7,
        "ruku": 530,
        "word_number_in_verse": 5,
        "language_code": "bn",
        "text": "থেকে",
        "root_word": "مِن",
        "global_word_sequence_number": 76335,
        "global_verse_sequence_number": 5974
    },
    {
        "chapter": 88,
        "verse": 7,
        "juz": 30,
        "hizb": 237,
        "manzil": 7,
        "ruku": 530,
        "word_number_in_verse": 6,
        "language_code": "bn",
        "text": "ক্ষুধা",
        "root_word": "جُوعٖ",
        "global_word_sequence_number": 76336,
        "global_verse_sequence_number": 5974
    },
    {
        "chapter": 88,
        "verse": 8,
        "juz": 30,
        "hizb": 237,
        "manzil": 7,
        "ruku": 530,
        "word_number_in_verse": 1,
        "language_code": "bn",
        "text": "(অনেকের) মুখমণ্ডল",
        "root_word": "وُجُوهٞ",
        "global_word_sequence_number": 76337,
        "global_verse_sequence_number": 5975
    },
    {
        "chapter": 88,
        "verse": 8,
        "juz": 30,
        "hizb": 237,
        "manzil": 7,
        "ruku": 530,
        "word_number_in_verse": 2,
        "language_code": "bn",
        "text": "সেদিন",
        "root_word": "يَوۡمَئِذٖ",
        "global_word_sequence_number": 76338,
        "global_verse_sequence_number": 5975
    },
    {
        "chapter": 88,
        "verse": 8,
        "juz": 30,
        "hizb": 237,
        "manzil": 7,
        "ruku": 530,
        "word_number_in_verse": 3,
        "language_code": "bn",
        "text": "উজ্জ্বল হবে",
        "root_word": "نَّاعِمَةٞ",
        "global_word_sequence_number": 76339,
        "global_verse_sequence_number": 5975
    },
    {
        "chapter": 88,
        "verse": 9,
        "juz": 30,
        "hizb": 237,
        "manzil": 7,
        "ruku": 530,
        "word_number_in_verse": 1,
        "language_code": "bn",
        "text": "তার প্রচেষ্টার জন্যে",
        "root_word": "لِّسَعۡيِهَا",
        "global_word_sequence_number": 76340,
        "global_verse_sequence_number": 5976
    },
    {
        "chapter": 88,
        "verse": 9,
        "juz": 30,
        "hizb": 237,
        "manzil": 7,
        "ruku": 530,
        "word_number_in_verse": 2,
        "language_code": "bn",
        "text": "পরিতৃপ্ত হবে",
        "root_word": "رَاضِيَةٞ",
        "global_word_sequence_number": 76341,
        "global_verse_sequence_number": 5976
    },
    {
        "chapter": 88,
        "verse": 10,
        "juz": 30,
        "hizb": 237,
        "manzil": 7,
        "ruku": 530,
        "word_number_in_verse": 1,
        "language_code": "bn",
        "text": "(তারা থাকবে) মধ্যে",
        "root_word": "فِي",
        "global_word_sequence_number": 76342,
        "global_verse_sequence_number": 5977
    },
    {
        "chapter": 88,
        "verse": 10,
        "juz": 30,
        "hizb": 237,
        "manzil": 7,
        "ruku": 530,
        "word_number_in_verse": 2,
        "language_code": "bn",
        "text": "জান্নাতের",
        "root_word": "جَنَّةٍ",
        "global_word_sequence_number": 76343,
        "global_verse_sequence_number": 5977
    },
    {
        "chapter": 88,
        "verse": 10,
        "juz": 30,
        "hizb": 237,
        "manzil": 7,
        "ruku": 530,
        "word_number_in_verse": 3,
        "language_code": "bn",
        "text": "সুমহান",
        "root_word": "عَالِيَةٖ",
        "global_word_sequence_number": 76344,
        "global_verse_sequence_number": 5977
    },
    {
        "chapter": 88,
        "verse": 11,
        "juz": 30,
        "hizb": 237,
        "manzil": 7,
        "ruku": 530,
        "word_number_in_verse": 1,
        "language_code": "bn",
        "text": "না",
        "root_word": "لَّا",
        "global_word_sequence_number": 76345,
        "global_verse_sequence_number": 5978
    },
    {
        "chapter": 88,
        "verse": 11,
        "juz": 30,
        "hizb": 237,
        "manzil": 7,
        "ruku": 530,
        "word_number_in_verse": 2,
        "language_code": "bn",
        "text": "শুনবে",
        "root_word": "تَسۡمَعُ",
        "global_word_sequence_number": 76346,
        "global_verse_sequence_number": 5978
    },
    {
        "chapter": 88,
        "verse": 11,
        "juz": 30,
        "hizb": 237,
        "manzil": 7,
        "ruku": 530,
        "word_number_in_verse": 3,
        "language_code": "bn",
        "text": "তার মধ্যে",
        "root_word": "فِيهَا",
        "global_word_sequence_number": 76347,
        "global_verse_sequence_number": 5978
    },
    {
        "chapter": 88,
        "verse": 11,
        "juz": 30,
        "hizb": 237,
        "manzil": 7,
        "ruku": 530,
        "word_number_in_verse": 4,
        "language_code": "bn",
        "text": "কোনো অর্থহীন কথা",
        "root_word": "لَٰغِيَةٗ",
        "global_word_sequence_number": 76348,
        "global_verse_sequence_number": 5978
    },
    {
        "chapter": 88,
        "verse": 12,
        "juz": 30,
        "hizb": 237,
        "manzil": 7,
        "ruku": 530,
        "word_number_in_verse": 1,
        "language_code": "bn",
        "text": "তার মধ্যে (থাকবে)",
        "root_word": "فِيهَا",
        "global_word_sequence_number": 76349,
        "global_verse_sequence_number": 5979
    },
    {
        "chapter": 88,
        "verse": 12,
        "juz": 30,
        "hizb": 237,
        "manzil": 7,
        "ruku": 530,
        "word_number_in_verse": 2,
        "language_code": "bn",
        "text": "ঝর্ণা",
        "root_word": "عَيۡنٞ",
        "global_word_sequence_number": 76350,
        "global_verse_sequence_number": 5979
    },
    {
        "chapter": 88,
        "verse": 12,
        "juz": 30,
        "hizb": 237,
        "manzil": 7,
        "ruku": 530,
        "word_number_in_verse": 3,
        "language_code": "bn",
        "text": "প্রবহমান",
        "root_word": "جَارِيَةٞ",
        "global_word_sequence_number": 76351,
        "global_verse_sequence_number": 5979
    },
    {
        "chapter": 88,
        "verse": 13,
        "juz": 30,
        "hizb": 237,
        "manzil": 7,
        "ruku": 530,
        "word_number_in_verse": 1,
        "language_code": "bn",
        "text": "তার মধ্যে (থাকবে)",
        "root_word": "فِيهَا",
        "global_word_sequence_number": 76352,
        "global_verse_sequence_number": 5980
    },
    {
        "chapter": 88,
        "verse": 13,
        "juz": 30,
        "hizb": 237,
        "manzil": 7,
        "ruku": 530,
        "word_number_in_verse": 2,
        "language_code": "bn",
        "text": "আসন সমূহ",
        "root_word": "سُرُرٞ",
        "global_word_sequence_number": 76353,
        "global_verse_sequence_number": 5980
    },
    {
        "chapter": 88,
        "verse": 13,
        "juz": 30,
        "hizb": 237,
        "manzil": 7,
        "ruku": 530,
        "word_number_in_verse": 3,
        "language_code": "bn",
        "text": "সুউচ্চ",
        "root_word": "مَّرۡفُوعَةٞ",
        "global_word_sequence_number": 76354,
        "global_verse_sequence_number": 5980
    },
    {
        "chapter": 88,
        "verse": 14,
        "juz": 30,
        "hizb": 237,
        "manzil": 7,
        "ruku": 530,
        "word_number_in_verse": 1,
        "language_code": "bn",
        "text": "এবং পানপাত্রগুলো (হবে)",
        "root_word": "وَأَكۡوَابٞ",
        "global_word_sequence_number": 76355,
        "global_verse_sequence_number": 5981
    },
    {
        "chapter": 88,
        "verse": 14,
        "juz": 30,
        "hizb": 237,
        "manzil": 7,
        "ruku": 530,
        "word_number_in_verse": 2,
        "language_code": "bn",
        "text": "সুসজ্জিত/ প্রস্তুত",
        "root_word": "مَّوۡضُوعَةٞ",
        "global_word_sequence_number": 76356,
        "global_verse_sequence_number": 5981
    },
    {
        "chapter": 88,
        "verse": 15,
        "juz": 30,
        "hizb": 237,
        "manzil": 7,
        "ruku": 530,
        "word_number_in_verse": 1,
        "language_code": "bn",
        "text": "এবং তাকিয়াসমূহ (থাকবে)",
        "root_word": "وَنَمَارِقُ",
        "global_word_sequence_number": 76357,
        "global_verse_sequence_number": 5982
    },
    {
        "chapter": 88,
        "verse": 15,
        "juz": 30,
        "hizb": 237,
        "manzil": 7,
        "ruku": 530,
        "word_number_in_verse": 2,
        "language_code": "bn",
        "text": "সারি সারি",
        "root_word": "مَصۡفُوفَةٞ",
        "global_word_sequence_number": 76358,
        "global_verse_sequence_number": 5982
    },
    {
        "chapter": 88,
        "verse": 16,
        "juz": 30,
        "hizb": 237,
        "manzil": 7,
        "ruku": 530,
        "word_number_in_verse": 1,
        "language_code": "bn",
        "text": "এবং গালিচা",
        "root_word": "وَزَرَابِيُّ",
        "global_word_sequence_number": 76359,
        "global_verse_sequence_number": 5983
    },
    {
        "chapter": 88,
        "verse": 16,
        "juz": 30,
        "hizb": 237,
        "manzil": 7,
        "ruku": 530,
        "word_number_in_verse": 2,
        "language_code": "bn",
        "text": "বিছানো (থাকবে)",
        "root_word": "مَبۡثُوثَةٌ",
        "global_word_sequence_number": 76360,
        "global_verse_sequence_number": 5983
    },
    {
        "chapter": 88,
        "verse": 17,
        "juz": 30,
        "hizb": 237,
        "manzil": 7,
        "ruku": 530,
        "word_number_in_verse": 1,
        "language_code": "bn",
        "text": "তবে কি না",
        "root_word": "أَفَلَا",
        "global_word_sequence_number": 76361,
        "global_verse_sequence_number": 5984
    },
    {
        "chapter": 88,
        "verse": 17,
        "juz": 30,
        "hizb": 237,
        "manzil": 7,
        "ruku": 530,
        "word_number_in_verse": 2,
        "language_code": "bn",
        "text": "তারা লক্ষ করে",
        "root_word": "يَنظُرُونَ",
        "global_word_sequence_number": 76362,
        "global_verse_sequence_number": 5984
    },
    {
        "chapter": 88,
        "verse": 17,
        "juz": 30,
        "hizb": 237,
        "manzil": 7,
        "ruku": 530,
        "word_number_in_verse": 3,
        "language_code": "bn",
        "text": "প্রতি",
        "root_word": "إِلَى",
        "global_word_sequence_number": 76363,
        "global_verse_sequence_number": 5984
    },
    {
        "chapter": 88,
        "verse": 17,
        "juz": 30,
        "hizb": 237,
        "manzil": 7,
        "ruku": 530,
        "word_number_in_verse": 4,
        "language_code": "bn",
        "text": "উটের",
        "root_word": "الۡإِبِلِ",
        "global_word_sequence_number": 76364,
        "global_verse_sequence_number": 5984
    },
    {
        "chapter": 88,
        "verse": 17,
        "juz": 30,
        "hizb": 237,
        "manzil": 7,
        "ruku": 530,
        "word_number_in_verse": 5,
        "language_code": "bn",
        "text": "কীভাবে",
        "root_word": "كَيۡفَ",
        "global_word_sequence_number": 76365,
        "global_verse_sequence_number": 5984
    },
    {
        "chapter": 88,
        "verse": 17,
        "juz": 30,
        "hizb": 237,
        "manzil": 7,
        "ruku": 530,
        "word_number_in_verse": 6,
        "language_code": "bn",
        "text": "সৃষ্টি করা হয়েছে",
        "root_word": "خُلِقَتۡ",
        "global_word_sequence_number": 76366,
        "global_verse_sequence_number": 5984
    },
    {
        "chapter": 88,
        "verse": 18,
        "juz": 30,
        "hizb": 237,
        "manzil": 7,
        "ruku": 530,
        "word_number_in_verse": 1,
        "language_code": "bn",
        "text": "এবং দিকে",
        "root_word": "وَإِلَى",
        "global_word_sequence_number": 76367,
        "global_verse_sequence_number": 5985
    },
    {
        "chapter": 88,
        "verse": 18,
        "juz": 30,
        "hizb": 237,
        "manzil": 7,
        "ruku": 530,
        "word_number_in_verse": 2,
        "language_code": "bn",
        "text": "আকাশের",
        "root_word": "السَّمَآءِ",
        "global_word_sequence_number": 76368,
        "global_verse_sequence_number": 5985
    },
    {
        "chapter": 88,
        "verse": 18,
        "juz": 30,
        "hizb": 237,
        "manzil": 7,
        "ruku": 530,
        "word_number_in_verse": 3,
        "language_code": "bn",
        "text": "কীভাবে",
        "root_word": "كَيۡفَ",
        "global_word_sequence_number": 76369,
        "global_verse_sequence_number": 5985
    },
    {
        "chapter": 88,
        "verse": 18,
        "juz": 30,
        "hizb": 237,
        "manzil": 7,
        "ruku": 530,
        "word_number_in_verse": 4,
        "language_code": "bn",
        "text": "উঁচু করা হয়েছে",
        "root_word": "رُفِعَتۡ",
        "global_word_sequence_number": 76370,
        "global_verse_sequence_number": 5985
    },
    {
        "chapter": 88,
        "verse": 19,
        "juz": 30,
        "hizb": 237,
        "manzil": 7,
        "ruku": 530,
        "word_number_in_verse": 1,
        "language_code": "bn",
        "text": "এবং দিকে",
        "root_word": "وَإِلَى",
        "global_word_sequence_number": 76371,
        "global_verse_sequence_number": 5986
    },
    {
        "chapter": 88,
        "verse": 19,
        "juz": 30,
        "hizb": 237,
        "manzil": 7,
        "ruku": 530,
        "word_number_in_verse": 2,
        "language_code": "bn",
        "text": "পর্বতমালার",
        "root_word": "الۡجِبَالِ",
        "global_word_sequence_number": 76372,
        "global_verse_sequence_number": 5986
    },
    {
        "chapter": 88,
        "verse": 19,
        "juz": 30,
        "hizb": 237,
        "manzil": 7,
        "ruku": 530,
        "word_number_in_verse": 3,
        "language_code": "bn",
        "text": "কীভাবে",
        "root_word": "كَيۡفَ",
        "global_word_sequence_number": 76373,
        "global_verse_sequence_number": 5986
    },
    {
        "chapter": 88,
        "verse": 19,
        "juz": 30,
        "hizb": 237,
        "manzil": 7,
        "ruku": 530,
        "word_number_in_verse": 4,
        "language_code": "bn",
        "text": "স্থাপন করা হয়েছে",
        "root_word": "نُصِبَتۡ",
        "global_word_sequence_number": 76374,
        "global_verse_sequence_number": 5986
    },
    {
        "chapter": 88,
        "verse": 20,
        "juz": 30,
        "hizb": 237,
        "manzil": 7,
        "ruku": 530,
        "word_number_in_verse": 1,
        "language_code": "bn",
        "text": "এবং দিকে",
        "root_word": "وَإِلَى",
        "global_word_sequence_number": 76375,
        "global_verse_sequence_number": 5987
    },
    {
        "chapter": 88,
        "verse": 20,
        "juz": 30,
        "hizb": 237,
        "manzil": 7,
        "ruku": 530,
        "word_number_in_verse": 2,
        "language_code": "bn",
        "text": "পৃথিবীর",
        "root_word": "الۡأَرۡضِ",
        "global_word_sequence_number": 76376,
        "global_verse_sequence_number": 5987
    },
    {
        "chapter": 88,
        "verse": 20,
        "juz": 30,
        "hizb": 237,
        "manzil": 7,
        "ruku": 530,
        "word_number_in_verse": 3,
        "language_code": "bn",
        "text": "কীভাবে",
        "root_word": "كَيۡفَ",
        "global_word_sequence_number": 76377,
        "global_verse_sequence_number": 5987
    },
    {
        "chapter": 88,
        "verse": 20,
        "juz": 30,
        "hizb": 237,
        "manzil": 7,
        "ruku": 530,
        "word_number_in_verse": 4,
        "language_code": "bn",
        "text": "বিস্তৃত করা হয়েছে",
        "root_word": "سُطِحَتۡ",
        "global_word_sequence_number": 76378,
        "global_verse_sequence_number": 5987
    },
    {
        "chapter": 88,
        "verse": 21,
        "juz": 30,
        "hizb": 237,
        "manzil": 7,
        "ruku": 530,
        "word_number_in_verse": 1,
        "language_code": "bn",
        "text": "অতএব উপদেশ দাও",
        "root_word": "فَذَكِّرۡ",
        "global_word_sequence_number": 76379,
        "global_verse_sequence_number": 5988
    },
    {
        "chapter": 88,
        "verse": 21,
        "juz": 30,
        "hizb": 237,
        "manzil": 7,
        "ruku": 530,
        "word_number_in_verse": 2,
        "language_code": "bn",
        "text": "মূলতঃ",
        "root_word": "إِنَّمَآ",
        "global_word_sequence_number": 76380,
        "global_verse_sequence_number": 5988
    },
    {
        "chapter": 88,
        "verse": 21,
        "juz": 30,
        "hizb": 237,
        "manzil": 7,
        "ruku": 530,
        "word_number_in_verse": 3,
        "language_code": "bn",
        "text": "তুমি",
        "root_word": "أَنتَ",
        "global_word_sequence_number": 76381,
        "global_verse_sequence_number": 5988
    },
    {
        "chapter": 88,
        "verse": 21,
        "juz": 30,
        "hizb": 237,
        "manzil": 7,
        "ruku": 530,
        "word_number_in_verse": 4,
        "language_code": "bn",
        "text": "উপদেশদাতা (মাত্র)",
        "root_word": "مُذَكِّرٞ",
        "global_word_sequence_number": 76382,
        "global_verse_sequence_number": 5988
    },
    {
        "chapter": 88,
        "verse": 22,
        "juz": 30,
        "hizb": 237,
        "manzil": 7,
        "ruku": 530,
        "word_number_in_verse": 1,
        "language_code": "bn",
        "text": "তুমি নও",
        "root_word": "لَّسۡتَ",
        "global_word_sequence_number": 76383,
        "global_verse_sequence_number": 5989
    },
    {
        "chapter": 88,
        "verse": 22,
        "juz": 30,
        "hizb": 237,
        "manzil": 7,
        "ruku": 530,
        "word_number_in_verse": 2,
        "language_code": "bn",
        "text": "তাদের উপর",
        "root_word": "عَلَيۡهِم",
        "global_word_sequence_number": 76384,
        "global_verse_sequence_number": 5989
    },
    {
        "chapter": 88,
        "verse": 22,
        "juz": 30,
        "hizb": 237,
        "manzil": 7,
        "ruku": 530,
        "word_number_in_verse": 3,
        "language_code": "bn",
        "text": "কর্মের নিয়ন্তা",
        "root_word": "بِمُصَيۡطِرٍ",
        "global_word_sequence_number": 76385,
        "global_verse_sequence_number": 5989
    },
    {
        "chapter": 88,
        "verse": 23,
        "juz": 30,
        "hizb": 237,
        "manzil": 7,
        "ruku": 530,
        "word_number_in_verse": 1,
        "language_code": "bn",
        "text": "তবে",
        "root_word": "إِلَّا",
        "global_word_sequence_number": 76386,
        "global_verse_sequence_number": 5990
    },
    {
        "chapter": 88,
        "verse": 23,
        "juz": 30,
        "hizb": 237,
        "manzil": 7,
        "ruku": 530,
        "word_number_in_verse": 2,
        "language_code": "bn",
        "text": "যে",
        "root_word": "مَن",
        "global_word_sequence_number": 76387,
        "global_verse_sequence_number": 5990
    },
    {
        "chapter": 88,
        "verse": 23,
        "juz": 30,
        "hizb": 237,
        "manzil": 7,
        "ruku": 530,
        "word_number_in_verse": 3,
        "language_code": "bn",
        "text": "মুখ ফিরায়",
        "root_word": "تَوَلَّىٰ",
        "global_word_sequence_number": 76388,
        "global_verse_sequence_number": 5990
    },
    {
        "chapter": 88,
        "verse": 23,
        "juz": 30,
        "hizb": 237,
        "manzil": 7,
        "ruku": 530,
        "word_number_in_verse": 4,
        "language_code": "bn",
        "text": "ও অবিশ্বাস করে",
        "root_word": "وَكَفَرَ",
        "global_word_sequence_number": 76389,
        "global_verse_sequence_number": 5990
    },
    {
        "chapter": 88,
        "verse": 24,
        "juz": 30,
        "hizb": 237,
        "manzil": 7,
        "ruku": 530,
        "word_number_in_verse": 1,
        "language_code": "bn",
        "text": "অতঃপর তাকে শাস্তি দেবেন",
        "root_word": "فَيُعَذِّبُهُ",
        "global_word_sequence_number": 76390,
        "global_verse_sequence_number": 5991
    },
    {
        "chapter": 88,
        "verse": 24,
        "juz": 30,
        "hizb": 237,
        "manzil": 7,
        "ruku": 530,
        "word_number_in_verse": 2,
        "language_code": "bn",
        "text": "আল্লাহ্‌",
        "root_word": "اللَّهُ",
        "global_word_sequence_number": 76391,
        "global_verse_sequence_number": 5991
    },
    {
        "chapter": 88,
        "verse": 24,
        "juz": 30,
        "hizb": 237,
        "manzil": 7,
        "ruku": 530,
        "word_number_in_verse": 3,
        "language_code": "bn",
        "text": "শাস্তি",
        "root_word": "الۡعَذَابَ",
        "global_word_sequence_number": 76392,
        "global_verse_sequence_number": 5991
    },
    {
        "chapter": 88,
        "verse": 24,
        "juz": 30,
        "hizb": 237,
        "manzil": 7,
        "ruku": 530,
        "word_number_in_verse": 4,
        "language_code": "bn",
        "text": "মহা",
        "root_word": "الۡأَكۡبَرَ",
        "global_word_sequence_number": 76393,
        "global_verse_sequence_number": 5991
    },
    {
        "chapter": 88,
        "verse": 25,
        "juz": 30,
        "hizb": 237,
        "manzil": 7,
        "ruku": 530,
        "word_number_in_verse": 1,
        "language_code": "bn",
        "text": "নিশ্চয়ই",
        "root_word": "إِنَّ",
        "global_word_sequence_number": 76394,
        "global_verse_sequence_number": 5992
    },
    {
        "chapter": 88,
        "verse": 25,
        "juz": 30,
        "hizb": 237,
        "manzil": 7,
        "ruku": 530,
        "word_number_in_verse": 2,
        "language_code": "bn",
        "text": "আমাদের দিকে",
        "root_word": "إِلَيۡنَآ",
        "global_word_sequence_number": 76395,
        "global_verse_sequence_number": 5992
    },
    {
        "chapter": 88,
        "verse": 25,
        "juz": 30,
        "hizb": 237,
        "manzil": 7,
        "ruku": 530,
        "word_number_in_verse": 3,
        "language_code": "bn",
        "text": "তাদের প্রত্যাবর্তন হবে",
        "root_word": "إِيَابَهُمۡ",
        "global_word_sequence_number": 76396,
        "global_verse_sequence_number": 5992
    },
    {
        "chapter": 88,
        "verse": 26,
        "juz": 30,
        "hizb": 237,
        "manzil": 7,
        "ruku": 530,
        "word_number_in_verse": 1,
        "language_code": "bn",
        "text": "অতঃপর",
        "root_word": "ثُمَّ",
        "global_word_sequence_number": 76397,
        "global_verse_sequence_number": 5993
    },
    {
        "chapter": 88,
        "verse": 26,
        "juz": 30,
        "hizb": 237,
        "manzil": 7,
        "ruku": 530,
        "word_number_in_verse": 2,
        "language_code": "bn",
        "text": "নিশ্চয়ই",
        "root_word": "إِنَّ",
        "global_word_sequence_number": 76398,
        "global_verse_sequence_number": 5993
    },
    {
        "chapter": 88,
        "verse": 26,
        "juz": 30,
        "hizb": 237,
        "manzil": 7,
        "ruku": 530,
        "word_number_in_verse": 3,
        "language_code": "bn",
        "text": "আমাদের উপর (দায়িত্ব)",
        "root_word": "عَلَيۡنَا",
        "global_word_sequence_number": 76399,
        "global_verse_sequence_number": 5993
    },
    {
        "chapter": 88,
        "verse": 26,
        "juz": 30,
        "hizb": 237,
        "manzil": 7,
        "ruku": 530,
        "word_number_in_verse": 4,
        "language_code": "bn",
        "text": "তাদের হিসাবের",
        "root_word": "حِسَابَهُم",
        "global_word_sequence_number": 76400,
        "global_verse_sequence_number": 5993
    }
]