[
    {
        "chapter": 90,
        "verse": 1,
        "juz": 30,
        "hizb": 238,
        "manzil": 7,
        "ruku": 532,
        "word_number_in_verse": 1,
        "language_code": "bn",
        "text": "না",
        "root_word": "لَآ",
        "global_word_sequence_number": 76538,
        "global_verse_sequence_number": 6024
    },
    {
        "chapter": 90,
        "verse": 1,
        "juz": 30,
        "hizb": 238,
        "manzil": 7,
        "ruku": 532,
        "word_number_in_verse": 2,
        "language_code": "bn",
        "text": "আমি শপথ করছি",
        "root_word": "أُقۡسِمُ",
        "global_word_sequence_number": 76539,
        "global_verse_sequence_number": 6024
    },
    {
        "chapter": 90,
        "verse": 1,
        "juz": 30,
        "hizb": 238,
        "manzil": 7,
        "ruku": 532,
        "word_number_in_verse": 3,
        "language_code": "bn",
        "text": "এই",
        "root_word": "بِهَٰذَا",
        "global_word_sequence_number": 76540,
        "global_verse_sequence_number": 6024
    },
    {
        "chapter": 90,
        "verse": 1,
        "juz": 30,
        "hizb": 238,
        "manzil": 7,
        "ruku": 532,
        "word_number_in_verse": 4,
        "language_code": "bn",
        "text": "নগরের (অর্থাৎ মক্কার)",
        "root_word": "الۡبَلَدِ",
        "global_word_sequence_number": 76541,
        "global_verse_sequence_number": 6024
    },
    {
        "chapter": 90,
        "verse": 2,
        "juz": 30,
        "hizb": 238,
        "manzil": 7,
        "ruku": 532,
        "word_number_in_verse": 1,
        "language_code": "bn",
        "text": "আর তুমি",
        "root_word": "وَأَنتَ",
        "global_word_sequence_number": 76542,
        "global_verse_sequence_number": 6025
    },
    {
        "chapter": 90,
        "verse": 2,
        "juz": 30,
        "hizb": 238,
        "manzil": 7,
        "ruku": 532,
        "word_number_in_verse": 2,
        "language_code": "bn",
        "text": "হালাল/অধিবাসী (হয়েছে)",
        "root_word": "حِلُّۢ",
        "global_word_sequence_number": 76543,
        "global_verse_sequence_number": 6025
    },
    {
        "chapter": 90,
        "verse": 2,
        "juz": 30,
        "hizb": 238,
        "manzil": 7,
        "ruku": 532,
        "word_number_in_verse": 3,
        "language_code": "bn",
        "text": "এই",
        "root_word": "بِهَٰذَا",
        "global_word_sequence_number": 76544,
        "global_verse_sequence_number": 6025
    },
    {
        "chapter": 90,
        "verse": 2,
        "juz": 30,
        "hizb": 238,
        "manzil": 7,
        "ruku": 532,
        "word_number_in_verse": 4,
        "language_code": "bn",
        "text": "নগরের",
        "root_word": "الۡبَلَدِ",
        "global_word_sequence_number": 76545,
        "global_verse_sequence_number": 6025
    },
    {
        "chapter": 90,
        "verse": 3,
        "juz": 30,
        "hizb": 238,
        "manzil": 7,
        "ruku": 532,
        "word_number_in_verse": 1,
        "language_code": "bn",
        "text": "(আরও) শপথ পিতার (আদম আঃ)",
        "root_word": "وَوَالِدٖ",
        "global_word_sequence_number": 76546,
        "global_verse_sequence_number": 6026
    },
    {
        "chapter": 90,
        "verse": 3,
        "juz": 30,
        "hizb": 238,
        "manzil": 7,
        "ruku": 532,
        "word_number_in_verse": 2,
        "language_code": "bn",
        "text": "এবং যা",
        "root_word": "وَمَا",
        "global_word_sequence_number": 76547,
        "global_verse_sequence_number": 6026
    },
    {
        "chapter": 90,
        "verse": 3,
        "juz": 30,
        "hizb": 238,
        "manzil": 7,
        "ruku": 532,
        "word_number_in_verse": 3,
        "language_code": "bn",
        "text": "জন্ম দিয়েছেন (সেই সন্তানের)",
        "root_word": "وَلَدَ",
        "global_word_sequence_number": 76548,
        "global_verse_sequence_number": 6026
    },
    {
        "chapter": 90,
        "verse": 4,
        "juz": 30,
        "hizb": 238,
        "manzil": 7,
        "ruku": 532,
        "word_number_in_verse": 1,
        "language_code": "bn",
        "text": "নিশ্চয়ই",
        "root_word": "لَقَدۡ",
        "global_word_sequence_number": 76549,
        "global_verse_sequence_number": 6027
    },
    {
        "chapter": 90,
        "verse": 4,
        "juz": 30,
        "hizb": 238,
        "manzil": 7,
        "ruku": 532,
        "word_number_in_verse": 2,
        "language_code": "bn",
        "text": "আমরা সৃষ্টি করেছি",
        "root_word": "خَلَقۡنَا",
        "global_word_sequence_number": 76550,
        "global_verse_sequence_number": 6027
    },
    {
        "chapter": 90,
        "verse": 4,
        "juz": 30,
        "hizb": 238,
        "manzil": 7,
        "ruku": 532,
        "word_number_in_verse": 3,
        "language_code": "bn",
        "text": "মানুষকে",
        "root_word": "الۡإِنسَٰنَ",
        "global_word_sequence_number": 76551,
        "global_verse_sequence_number": 6027
    },
    {
        "chapter": 90,
        "verse": 4,
        "juz": 30,
        "hizb": 238,
        "manzil": 7,
        "ruku": 532,
        "word_number_in_verse": 4,
        "language_code": "bn",
        "text": "মধ্যে",
        "root_word": "فِي",
        "global_word_sequence_number": 76552,
        "global_verse_sequence_number": 6027
    },
    {
        "chapter": 90,
        "verse": 4,
        "juz": 30,
        "hizb": 238,
        "manzil": 7,
        "ruku": 532,
        "word_number_in_verse": 5,
        "language_code": "bn",
        "text": "কষ্টের",
        "root_word": "كَبَدٍ",
        "global_word_sequence_number": 76553,
        "global_verse_sequence_number": 6027
    },
    {
        "chapter": 90,
        "verse": 5,
        "juz": 30,
        "hizb": 238,
        "manzil": 7,
        "ruku": 532,
        "word_number_in_verse": 1,
        "language_code": "bn",
        "text": "মনে করে কি সে",
        "root_word": "أَيَحۡسَبُ",
        "global_word_sequence_number": 76554,
        "global_verse_sequence_number": 6028
    },
    {
        "chapter": 90,
        "verse": 5,
        "juz": 30,
        "hizb": 238,
        "manzil": 7,
        "ruku": 532,
        "word_number_in_verse": 2,
        "language_code": "bn",
        "text": "যে",
        "root_word": "أَن",
        "global_word_sequence_number": 76555,
        "global_verse_sequence_number": 6028
    },
    {
        "chapter": 90,
        "verse": 5,
        "juz": 30,
        "hizb": 238,
        "manzil": 7,
        "ruku": 532,
        "word_number_in_verse": 3,
        "language_code": "bn",
        "text": "কখনও না",
        "root_word": "لَّن",
        "global_word_sequence_number": 76556,
        "global_verse_sequence_number": 6028
    },
    {
        "chapter": 90,
        "verse": 5,
        "juz": 30,
        "hizb": 238,
        "manzil": 7,
        "ruku": 532,
        "word_number_in_verse": 4,
        "language_code": "bn",
        "text": "ক্ষমতাবান হবে",
        "root_word": "يَقۡدِرَ",
        "global_word_sequence_number": 76557,
        "global_verse_sequence_number": 6028
    },
    {
        "chapter": 90,
        "verse": 5,
        "juz": 30,
        "hizb": 238,
        "manzil": 7,
        "ruku": 532,
        "word_number_in_verse": 5,
        "language_code": "bn",
        "text": "তার উপর",
        "root_word": "عَلَيۡهِ",
        "global_word_sequence_number": 76558,
        "global_verse_sequence_number": 6028
    },
    {
        "chapter": 90,
        "verse": 5,
        "juz": 30,
        "hizb": 238,
        "manzil": 7,
        "ruku": 532,
        "word_number_in_verse": 6,
        "language_code": "bn",
        "text": "কেউ",
        "root_word": "أَحَدٞ",
        "global_word_sequence_number": 76559,
        "global_verse_sequence_number": 6028
    },
    {
        "chapter": 90,
        "verse": 6,
        "juz": 30,
        "hizb": 238,
        "manzil": 7,
        "ruku": 532,
        "word_number_in_verse": 1,
        "language_code": "bn",
        "text": "সে বলে",
        "root_word": "يَقُولُ",
        "global_word_sequence_number": 76560,
        "global_verse_sequence_number": 6029
    },
    {
        "chapter": 90,
        "verse": 6,
        "juz": 30,
        "hizb": 238,
        "manzil": 7,
        "ruku": 532,
        "word_number_in_verse": 2,
        "language_code": "bn",
        "text": "\"আমি নিঃশেষ করেছি",
        "root_word": "أَهۡلَكۡتُ",
        "global_word_sequence_number": 76561,
        "global_verse_sequence_number": 6029
    },
    {
        "chapter": 90,
        "verse": 6,
        "juz": 30,
        "hizb": 238,
        "manzil": 7,
        "ruku": 532,
        "word_number_in_verse": 3,
        "language_code": "bn",
        "text": "ধনসম্পদ",
        "root_word": "مَالٗا",
        "global_word_sequence_number": 76562,
        "global_verse_sequence_number": 6029
    },
    {
        "chapter": 90,
        "verse": 6,
        "juz": 30,
        "hizb": 238,
        "manzil": 7,
        "ruku": 532,
        "word_number_in_verse": 4,
        "language_code": "bn",
        "text": "বিপুল (পরিমাণ)\"",
        "root_word": "لُّبَدًا",
        "global_word_sequence_number": 76563,
        "global_verse_sequence_number": 6029
    },
    {
        "chapter": 90,
        "verse": 7,
        "juz": 30,
        "hizb": 238,
        "manzil": 7,
        "ruku": 532,
        "word_number_in_verse": 1,
        "language_code": "bn",
        "text": "সে মনে করে কি",
        "root_word": "أَيَحۡسَبُ",
        "global_word_sequence_number": 76564,
        "global_verse_sequence_number": 6030
    },
    {
        "chapter": 90,
        "verse": 7,
        "juz": 30,
        "hizb": 238,
        "manzil": 7,
        "ruku": 532,
        "word_number_in_verse": 2,
        "language_code": "bn",
        "text": "যে",
        "root_word": "أَن",
        "global_word_sequence_number": 76565,
        "global_verse_sequence_number": 6030
    },
    {
        "chapter": 90,
        "verse": 7,
        "juz": 30,
        "hizb": 238,
        "manzil": 7,
        "ruku": 532,
        "word_number_in_verse": 3,
        "language_code": "bn",
        "text": "নি",
        "root_word": "لَّمۡ",
        "global_word_sequence_number": 76566,
        "global_verse_sequence_number": 6030
    },
    {
        "chapter": 90,
        "verse": 7,
        "juz": 30,
        "hizb": 238,
        "manzil": 7,
        "ruku": 532,
        "word_number_in_verse": 4,
        "language_code": "bn",
        "text": "তাকে দেখে",
        "root_word": "يَرَهُۥٓ",
        "global_word_sequence_number": 76567,
        "global_verse_sequence_number": 6030
    },
    {
        "chapter": 90,
        "verse": 7,
        "juz": 30,
        "hizb": 238,
        "manzil": 7,
        "ruku": 532,
        "word_number_in_verse": 5,
        "language_code": "bn",
        "text": "কেউ",
        "root_word": "أَحَدٌ",
        "global_word_sequence_number": 76568,
        "global_verse_sequence_number": 6030
    },
    {
        "chapter": 90,
        "verse": 8,
        "juz": 30,
        "hizb": 238,
        "manzil": 7,
        "ruku": 532,
        "word_number_in_verse": 1,
        "language_code": "bn",
        "text": "নি কি",
        "root_word": "أَلَمۡ",
        "global_word_sequence_number": 76569,
        "global_verse_sequence_number": 6031
    },
    {
        "chapter": 90,
        "verse": 8,
        "juz": 30,
        "hizb": 238,
        "manzil": 7,
        "ruku": 532,
        "word_number_in_verse": 2,
        "language_code": "bn",
        "text": "আমরা দিই",
        "root_word": "نَجۡعَل",
        "global_word_sequence_number": 76570,
        "global_verse_sequence_number": 6031
    },
    {
        "chapter": 90,
        "verse": 8,
        "juz": 30,
        "hizb": 238,
        "manzil": 7,
        "ruku": 532,
        "word_number_in_verse": 3,
        "language_code": "bn",
        "text": "তার জন্য",
        "root_word": "لَّهُۥ",
        "global_word_sequence_number": 76571,
        "global_verse_sequence_number": 6031
    },
    {
        "chapter": 90,
        "verse": 8,
        "juz": 30,
        "hizb": 238,
        "manzil": 7,
        "ruku": 532,
        "word_number_in_verse": 4,
        "language_code": "bn",
        "text": "দু'চোখ",
        "root_word": "عَيۡنَيۡنِ",
        "global_word_sequence_number": 76572,
        "global_verse_sequence_number": 6031
    },
    {
        "chapter": 90,
        "verse": 9,
        "juz": 30,
        "hizb": 238,
        "manzil": 7,
        "ruku": 532,
        "word_number_in_verse": 1,
        "language_code": "bn",
        "text": "এবং জিহ্বা",
        "root_word": "وَلِسَانٗا",
        "global_word_sequence_number": 76573,
        "global_verse_sequence_number": 6032
    },
    {
        "chapter": 90,
        "verse": 9,
        "juz": 30,
        "hizb": 238,
        "manzil": 7,
        "ruku": 532,
        "word_number_in_verse": 2,
        "language_code": "bn",
        "text": "ও দু'ঠোট",
        "root_word": "وَشَفَتَيۡنِ",
        "global_word_sequence_number": 76574,
        "global_verse_sequence_number": 6032
    },
    {
        "chapter": 90,
        "verse": 10,
        "juz": 30,
        "hizb": 238,
        "manzil": 7,
        "ruku": 532,
        "word_number_in_verse": 1,
        "language_code": "bn",
        "text": "এবং আমরা তাকে  দেখিয়েছি",
        "root_word": "وَهَدَيۡنَٰهُ",
        "global_word_sequence_number": 76575,
        "global_verse_sequence_number": 6033
    },
    {
        "chapter": 90,
        "verse": 10,
        "juz": 30,
        "hizb": 238,
        "manzil": 7,
        "ruku": 532,
        "word_number_in_verse": 2,
        "language_code": "bn",
        "text": "(ভাল মন্দ) দুই পথের",
        "root_word": "النَّجۡدَيۡنِ",
        "global_word_sequence_number": 76576,
        "global_verse_sequence_number": 6033
    },
    {
        "chapter": 90,
        "verse": 11,
        "juz": 30,
        "hizb": 238,
        "manzil": 7,
        "ruku": 532,
        "word_number_in_verse": 1,
        "language_code": "bn",
        "text": "কিন্তু না",
        "root_word": "فَلَا",
        "global_word_sequence_number": 76577,
        "global_verse_sequence_number": 6034
    },
    {
        "chapter": 90,
        "verse": 11,
        "juz": 30,
        "hizb": 238,
        "manzil": 7,
        "ruku": 532,
        "word_number_in_verse": 2,
        "language_code": "bn",
        "text": "সে অবলম্বন করেছে",
        "root_word": "اقۡتَحَمَ",
        "global_word_sequence_number": 76578,
        "global_verse_sequence_number": 6034
    },
    {
        "chapter": 90,
        "verse": 11,
        "juz": 30,
        "hizb": 238,
        "manzil": 7,
        "ruku": 532,
        "word_number_in_verse": 3,
        "language_code": "bn",
        "text": "কষ্টসাধ্য গিরিপথ",
        "root_word": "الۡعَقَبَةَ",
        "global_word_sequence_number": 76579,
        "global_verse_sequence_number": 6034
    },
    {
        "chapter": 90,
        "verse": 12,
        "juz": 30,
        "hizb": 238,
        "manzil": 7,
        "ruku": 532,
        "word_number_in_verse": 1,
        "language_code": "bn",
        "text": "এবং কিসে",
        "root_word": "وَمَآ",
        "global_word_sequence_number": 76580,
        "global_verse_sequence_number": 6035
    },
    {
        "chapter": 90,
        "verse": 12,
        "juz": 30,
        "hizb": 238,
        "manzil": 7,
        "ruku": 532,
        "word_number_in_verse": 2,
        "language_code": "bn",
        "text": "তোমাকে জানাবে",
        "root_word": "أَدۡرَىٰكَ",
        "global_word_sequence_number": 76581,
        "global_verse_sequence_number": 6035
    },
    {
        "chapter": 90,
        "verse": 12,
        "juz": 30,
        "hizb": 238,
        "manzil": 7,
        "ruku": 532,
        "word_number_in_verse": 3,
        "language_code": "bn",
        "text": "কি",
        "root_word": "مَا",
        "global_word_sequence_number": 76582,
        "global_verse_sequence_number": 6035
    },
    {
        "chapter": 90,
        "verse": 12,
        "juz": 30,
        "hizb": 238,
        "manzil": 7,
        "ruku": 532,
        "word_number_in_verse": 4,
        "language_code": "bn",
        "text": "সেই কষ্টসাধ্য গিরিপথ",
        "root_word": "الۡعَقَبَةُ",
        "global_word_sequence_number": 76583,
        "global_verse_sequence_number": 6035
    },
    {
        "chapter": 90,
        "verse": 13,
        "juz": 30,
        "hizb": 238,
        "manzil": 7,
        "ruku": 532,
        "word_number_in_verse": 1,
        "language_code": "bn",
        "text": "মুক্তি",
        "root_word": "فَكُّ",
        "global_word_sequence_number": 76584,
        "global_verse_sequence_number": 6036
    },
    {
        "chapter": 90,
        "verse": 13,
        "juz": 30,
        "hizb": 238,
        "manzil": 7,
        "ruku": 532,
        "word_number_in_verse": 2,
        "language_code": "bn",
        "text": "দাস",
        "root_word": "رَقَبَةٍ",
        "global_word_sequence_number": 76585,
        "global_verse_sequence_number": 6036
    },
    {
        "chapter": 90,
        "verse": 14,
        "juz": 30,
        "hizb": 238,
        "manzil": 7,
        "ruku": 532,
        "word_number_in_verse": 1,
        "language_code": "bn",
        "text": "অথবা",
        "root_word": "أَوۡ",
        "global_word_sequence_number": 76586,
        "global_verse_sequence_number": 6037
    },
    {
        "chapter": 90,
        "verse": 14,
        "juz": 30,
        "hizb": 238,
        "manzil": 7,
        "ruku": 532,
        "word_number_in_verse": 2,
        "language_code": "bn",
        "text": "খানা খাওয়ানো",
        "root_word": "إِطۡعَٰمٞ",
        "global_word_sequence_number": 76587,
        "global_verse_sequence_number": 6037
    },
    {
        "chapter": 90,
        "verse": 14,
        "juz": 30,
        "hizb": 238,
        "manzil": 7,
        "ruku": 532,
        "word_number_in_verse": 3,
        "language_code": "bn",
        "text": "মধ্যে",
        "root_word": "فِي",
        "global_word_sequence_number": 76588,
        "global_verse_sequence_number": 6037
    },
    {
        "chapter": 90,
        "verse": 14,
        "juz": 30,
        "hizb": 238,
        "manzil": 7,
        "ruku": 532,
        "word_number_in_verse": 4,
        "language_code": "bn",
        "text": "দিনে",
        "root_word": "يَوۡمٖ",
        "global_word_sequence_number": 76589,
        "global_verse_sequence_number": 6037
    },
    {
        "chapter": 90,
        "verse": 14,
        "juz": 30,
        "hizb": 238,
        "manzil": 7,
        "ruku": 532,
        "word_number_in_verse": 5,
        "language_code": "bn",
        "text": "এর",
        "root_word": "ذِي",
        "global_word_sequence_number": 76590,
        "global_verse_sequence_number": 6037
    },
    {
        "chapter": 90,
        "verse": 14,
        "juz": 30,
        "hizb": 238,
        "manzil": 7,
        "ruku": 532,
        "word_number_in_verse": 6,
        "language_code": "bn",
        "text": "দুর্ভিক্ষ",
        "root_word": "مَسۡغَبَةٖ",
        "global_word_sequence_number": 76591,
        "global_verse_sequence_number": 6037
    },
    {
        "chapter": 90,
        "verse": 15,
        "juz": 30,
        "hizb": 238,
        "manzil": 7,
        "ruku": 532,
        "word_number_in_verse": 1,
        "language_code": "bn",
        "text": "ইয়াতীমকে",
        "root_word": "يَتِيمٗا",
        "global_word_sequence_number": 76592,
        "global_verse_sequence_number": 6038
    },
    {
        "chapter": 90,
        "verse": 15,
        "juz": 30,
        "hizb": 238,
        "manzil": 7,
        "ruku": 532,
        "word_number_in_verse": 2,
        "language_code": "bn",
        "text": "এর",
        "root_word": "ذَا",
        "global_word_sequence_number": 76593,
        "global_verse_sequence_number": 6038
    },
    {
        "chapter": 90,
        "verse": 15,
        "juz": 30,
        "hizb": 238,
        "manzil": 7,
        "ruku": 532,
        "word_number_in_verse": 3,
        "language_code": "bn",
        "text": "নিকট আত্মীয় সম্পর্ক",
        "root_word": "مَقۡرَبَةٍ",
        "global_word_sequence_number": 76594,
        "global_verse_sequence_number": 6038
    },
    {
        "chapter": 90,
        "verse": 16,
        "juz": 30,
        "hizb": 238,
        "manzil": 7,
        "ruku": 532,
        "word_number_in_verse": 1,
        "language_code": "bn",
        "text": "অথবা",
        "root_word": "أَوۡ",
        "global_word_sequence_number": 76595,
        "global_verse_sequence_number": 6039
    },
    {
        "chapter": 90,
        "verse": 16,
        "juz": 30,
        "hizb": 238,
        "manzil": 7,
        "ruku": 532,
        "word_number_in_verse": 2,
        "language_code": "bn",
        "text": "নিঃস্বকে",
        "root_word": "مِسۡكِينٗا",
        "global_word_sequence_number": 76596,
        "global_verse_sequence_number": 6039
    },
    {
        "chapter": 90,
        "verse": 16,
        "juz": 30,
        "hizb": 238,
        "manzil": 7,
        "ruku": 532,
        "word_number_in_verse": 3,
        "language_code": "bn",
        "text": "মাখা/ যুক্ত",
        "root_word": "ذَا",
        "global_word_sequence_number": 76597,
        "global_verse_sequence_number": 6039
    },
    {
        "chapter": 90,
        "verse": 16,
        "juz": 30,
        "hizb": 238,
        "manzil": 7,
        "ruku": 532,
        "word_number_in_verse": 4,
        "language_code": "bn",
        "text": "ধুলি/ দারিদ্র-নিষ্পেষিত",
        "root_word": "مَتۡرَبَةٖ",
        "global_word_sequence_number": 76598,
        "global_verse_sequence_number": 6039
    },
    {
        "chapter": 90,
        "verse": 17,
        "juz": 30,
        "hizb": 238,
        "manzil": 7,
        "ruku": 532,
        "word_number_in_verse": 1,
        "language_code": "bn",
        "text": "তদুপরি (এর সাথে)",
        "root_word": "ثُمَّ",
        "global_word_sequence_number": 76599,
        "global_verse_sequence_number": 6040
    },
    {
        "chapter": 90,
        "verse": 17,
        "juz": 30,
        "hizb": 238,
        "manzil": 7,
        "ruku": 532,
        "word_number_in_verse": 2,
        "language_code": "bn",
        "text": "সে হলো",
        "root_word": "كَانَ",
        "global_word_sequence_number": 76600,
        "global_verse_sequence_number": 6040
    },
    {
        "chapter": 90,
        "verse": 17,
        "juz": 30,
        "hizb": 238,
        "manzil": 7,
        "ruku": 532,
        "word_number_in_verse": 3,
        "language_code": "bn",
        "text": "শামিলও",
        "root_word": "مِنَ",
        "global_word_sequence_number": 76601,
        "global_verse_sequence_number": 6040
    },
    {
        "chapter": 90,
        "verse": 17,
        "juz": 30,
        "hizb": 238,
        "manzil": 7,
        "ruku": 532,
        "word_number_in_verse": 4,
        "language_code": "bn",
        "text": "(তাদের মধ্য) যারা",
        "root_word": "الَّذِينَ",
        "global_word_sequence_number": 76602,
        "global_verse_sequence_number": 6040
    },
    {
        "chapter": 90,
        "verse": 17,
        "juz": 30,
        "hizb": 238,
        "manzil": 7,
        "ruku": 532,
        "word_number_in_verse": 5,
        "language_code": "bn",
        "text": "ঈমান এনেছে",
        "root_word": "ءَامَنُواْ",
        "global_word_sequence_number": 76603,
        "global_verse_sequence_number": 6040
    },
    {
        "chapter": 90,
        "verse": 17,
        "juz": 30,
        "hizb": 238,
        "manzil": 7,
        "ruku": 532,
        "word_number_in_verse": 6,
        "language_code": "bn",
        "text": "ও তারা পরস্পরকে উপদেশ দিয়েছে",
        "root_word": "وَتَوَاصَوۡاْ",
        "global_word_sequence_number": 76604,
        "global_verse_sequence_number": 6040
    },
    {
        "chapter": 90,
        "verse": 17,
        "juz": 30,
        "hizb": 238,
        "manzil": 7,
        "ruku": 532,
        "word_number_in_verse": 7,
        "language_code": "bn",
        "text": "ধৈর্যধারণের",
        "root_word": "بِالصَّبۡرِ",
        "global_word_sequence_number": 76605,
        "global_verse_sequence_number": 6040
    },
    {
        "chapter": 90,
        "verse": 17,
        "juz": 30,
        "hizb": 238,
        "manzil": 7,
        "ruku": 532,
        "word_number_in_verse": 8,
        "language_code": "bn",
        "text": "ও তারা পরস্পরকে উপদেশ দিয়েছে",
        "root_word": "وَتَوَاصَوۡاْ",
        "global_word_sequence_number": 76606,
        "global_verse_sequence_number": 6040
    },
    {
        "chapter": 90,
        "verse": 17,
        "juz": 30,
        "hizb": 238,
        "manzil": 7,
        "ruku": 532,
        "word_number_in_verse": 9,
        "language_code": "bn",
        "text": "দয়া প্রদর্শনের",
        "root_word": "بِالۡمَرۡحَمَةِ",
        "global_word_sequence_number": 76607,
        "global_verse_sequence_number": 6040
    },
    {
        "chapter": 90,
        "verse": 18,
        "juz": 30,
        "hizb": 238,
        "manzil": 7,
        "ruku": 532,
        "word_number_in_verse": 1,
        "language_code": "bn",
        "text": "ঐসব",
        "root_word": "أُوْلَٰٓئِكَ",
        "global_word_sequence_number": 76608,
        "global_verse_sequence_number": 6041
    },
    {
        "chapter": 90,
        "verse": 18,
        "juz": 30,
        "hizb": 238,
        "manzil": 7,
        "ruku": 532,
        "word_number_in_verse": 2,
        "language_code": "bn",
        "text": "লোক",
        "root_word": "أَصۡحَٰبُ",
        "global_word_sequence_number": 76609,
        "global_verse_sequence_number": 6041
    },
    {
        "chapter": 90,
        "verse": 18,
        "juz": 30,
        "hizb": 238,
        "manzil": 7,
        "ruku": 532,
        "word_number_in_verse": 3,
        "language_code": "bn",
        "text": "ডান দিকের (অর্থাৎ সৌভাগ্যশীল)",
        "root_word": "الۡمَيۡمَنَةِ",
        "global_word_sequence_number": 76610,
        "global_verse_sequence_number": 6041
    },
    {
        "chapter": 90,
        "verse": 19,
        "juz": 30,
        "hizb": 238,
        "manzil": 7,
        "ruku": 532,
        "word_number_in_verse": 1,
        "language_code": "bn",
        "text": "এবং যারা",
        "root_word": "وَالَّذِينَ",
        "global_word_sequence_number": 76611,
        "global_verse_sequence_number": 6042
    },
    {
        "chapter": 90,
        "verse": 19,
        "juz": 30,
        "hizb": 238,
        "manzil": 7,
        "ruku": 532,
        "word_number_in_verse": 2,
        "language_code": "bn",
        "text": "অস্বীকার করেছে",
        "root_word": "كَفَرُواْ",
        "global_word_sequence_number": 76612,
        "global_verse_sequence_number": 6042
    },
    {
        "chapter": 90,
        "verse": 19,
        "juz": 30,
        "hizb": 238,
        "manzil": 7,
        "ruku": 532,
        "word_number_in_verse": 3,
        "language_code": "bn",
        "text": "আমাদের আয়াতগুলোকে",
        "root_word": "بِـَٔايَٰتِنَا",
        "global_word_sequence_number": 76613,
        "global_verse_sequence_number": 6042
    },
    {
        "chapter": 90,
        "verse": 19,
        "juz": 30,
        "hizb": 238,
        "manzil": 7,
        "ruku": 532,
        "word_number_in_verse": 4,
        "language_code": "bn",
        "text": "তারাই",
        "root_word": "هُمۡ",
        "global_word_sequence_number": 76614,
        "global_verse_sequence_number": 6042
    },
    {
        "chapter": 90,
        "verse": 19,
        "juz": 30,
        "hizb": 238,
        "manzil": 7,
        "ruku": 532,
        "word_number_in_verse": 5,
        "language_code": "bn",
        "text": "লোক",
        "root_word": "أَصۡحَٰبُ",
        "global_word_sequence_number": 76615,
        "global_verse_sequence_number": 6042
    },
    {
        "chapter": 90,
        "verse": 19,
        "juz": 30,
        "hizb": 238,
        "manzil": 7,
        "ruku": 532,
        "word_number_in_verse": 6,
        "language_code": "bn",
        "text": "বাম দিকের (অর্থাৎ হতভাগ্য)",
        "root_word": "الۡمَشۡـَٔمَةِ",
        "global_word_sequence_number": 76616,
        "global_verse_sequence_number": 6042
    },
    {
        "chapter": 90,
        "verse": 20,
        "juz": 30,
        "hizb": 238,
        "manzil": 7,
        "ruku": 532,
        "word_number_in_verse": 1,
        "language_code": "bn",
        "text": "তাদের উপর",
        "root_word": "عَلَيۡهِمۡ",
        "global_word_sequence_number": 76617,
        "global_verse_sequence_number": 6043
    },
    {
        "chapter": 90,
        "verse": 20,
        "juz": 30,
        "hizb": 238,
        "manzil": 7,
        "ruku": 532,
        "word_number_in_verse": 2,
        "language_code": "bn",
        "text": "আগুন",
        "root_word": "نَارٞ",
        "global_word_sequence_number": 76618,
        "global_verse_sequence_number": 6043
    },
    {
        "chapter": 90,
        "verse": 20,
        "juz": 30,
        "hizb": 238,
        "manzil": 7,
        "ruku": 532,
        "word_number_in_verse": 3,
        "language_code": "bn",
        "text": "পরিবেষ্টনকারী (হয়ে থাকবে)",
        "root_word": "مُّؤۡصَدَةُۢ",
        "global_word_sequence_number": 76619,
        "global_verse_sequence_number": 6043
    }
]