[
    {
        "chapter": 91,
        "verse": 1,
        "juz": 30,
        "hizb": 238,
        "manzil": 7,
        "ruku": 533,
        "word_number_in_verse": 1,
        "language_code": "bn",
        "text": "শপথ সূর্যের",
        "root_word": "وَالشَّمۡسِ",
        "global_word_sequence_number": 76620,
        "global_verse_sequence_number": 6044
    },
    {
        "chapter": 91,
        "verse": 1,
        "juz": 30,
        "hizb": 238,
        "manzil": 7,
        "ruku": 533,
        "word_number_in_verse": 2,
        "language_code": "bn",
        "text": "এবং তার কিরণের",
        "root_word": "وَضُحَىٰهَا",
        "global_word_sequence_number": 76621,
        "global_verse_sequence_number": 6044
    },
    {
        "chapter": 91,
        "verse": 2,
        "juz": 30,
        "hizb": 238,
        "manzil": 7,
        "ruku": 533,
        "word_number_in_verse": 1,
        "language_code": "bn",
        "text": "শপথ চাঁদের",
        "root_word": "وَالۡقَمَرِ",
        "global_word_sequence_number": 76622,
        "global_verse_sequence_number": 6045
    },
    {
        "chapter": 91,
        "verse": 2,
        "juz": 30,
        "hizb": 238,
        "manzil": 7,
        "ruku": 533,
        "word_number_in_verse": 2,
        "language_code": "bn",
        "text": "যখন",
        "root_word": "إِذَا",
        "global_word_sequence_number": 76623,
        "global_verse_sequence_number": 6045
    },
    {
        "chapter": 91,
        "verse": 2,
        "juz": 30,
        "hizb": 238,
        "manzil": 7,
        "ruku": 533,
        "word_number_in_verse": 3,
        "language_code": "bn",
        "text": "তার পিছে আসে",
        "root_word": "تَلَىٰهَا",
        "global_word_sequence_number": 76624,
        "global_verse_sequence_number": 6045
    },
    {
        "chapter": 91,
        "verse": 3,
        "juz": 30,
        "hizb": 238,
        "manzil": 7,
        "ruku": 533,
        "word_number_in_verse": 1,
        "language_code": "bn",
        "text": "শপথ দিনের",
        "root_word": "وَالنَّهَارِ",
        "global_word_sequence_number": 76625,
        "global_verse_sequence_number": 6046
    },
    {
        "chapter": 91,
        "verse": 3,
        "juz": 30,
        "hizb": 238,
        "manzil": 7,
        "ruku": 533,
        "word_number_in_verse": 2,
        "language_code": "bn",
        "text": "যখন",
        "root_word": "إِذَا",
        "global_word_sequence_number": 76626,
        "global_verse_sequence_number": 6046
    },
    {
        "chapter": 91,
        "verse": 3,
        "juz": 30,
        "hizb": 238,
        "manzil": 7,
        "ruku": 533,
        "word_number_in_verse": 3,
        "language_code": "bn",
        "text": "তাকে প্রকাশ করে",
        "root_word": "جَلَّىٰهَا",
        "global_word_sequence_number": 76627,
        "global_verse_sequence_number": 6046
    },
    {
        "chapter": 91,
        "verse": 4,
        "juz": 30,
        "hizb": 238,
        "manzil": 7,
        "ruku": 533,
        "word_number_in_verse": 1,
        "language_code": "bn",
        "text": "শপথ রাতের",
        "root_word": "وَالَّيۡلِ",
        "global_word_sequence_number": 76628,
        "global_verse_sequence_number": 6047
    },
    {
        "chapter": 91,
        "verse": 4,
        "juz": 30,
        "hizb": 238,
        "manzil": 7,
        "ruku": 533,
        "word_number_in_verse": 2,
        "language_code": "bn",
        "text": "যখন",
        "root_word": "إِذَا",
        "global_word_sequence_number": 76629,
        "global_verse_sequence_number": 6047
    },
    {
        "chapter": 91,
        "verse": 4,
        "juz": 30,
        "hizb": 238,
        "manzil": 7,
        "ruku": 533,
        "word_number_in_verse": 3,
        "language_code": "bn",
        "text": "তাকে ঢেকে ফেলে",
        "root_word": "يَغۡشَىٰهَا",
        "global_word_sequence_number": 76630,
        "global_verse_sequence_number": 6047
    },
    {
        "chapter": 91,
        "verse": 5,
        "juz": 30,
        "hizb": 238,
        "manzil": 7,
        "ruku": 533,
        "word_number_in_verse": 1,
        "language_code": "bn",
        "text": "শপথ আকাশের",
        "root_word": "وَالسَّمَآءِ",
        "global_word_sequence_number": 76631,
        "global_verse_sequence_number": 6048
    },
    {
        "chapter": 91,
        "verse": 5,
        "juz": 30,
        "hizb": 238,
        "manzil": 7,
        "ruku": 533,
        "word_number_in_verse": 2,
        "language_code": "bn",
        "text": "এবং যিনি",
        "root_word": "وَمَا",
        "global_word_sequence_number": 76632,
        "global_verse_sequence_number": 6048
    },
    {
        "chapter": 91,
        "verse": 5,
        "juz": 30,
        "hizb": 238,
        "manzil": 7,
        "ruku": 533,
        "word_number_in_verse": 3,
        "language_code": "bn",
        "text": "তা তৈরি করেছেন",
        "root_word": "بَنَىٰهَا",
        "global_word_sequence_number": 76633,
        "global_verse_sequence_number": 6048
    },
    {
        "chapter": 91,
        "verse": 6,
        "juz": 30,
        "hizb": 238,
        "manzil": 7,
        "ruku": 533,
        "word_number_in_verse": 1,
        "language_code": "bn",
        "text": "শপথ পৃথিবীর",
        "root_word": "وَالۡأَرۡضِ",
        "global_word_sequence_number": 76634,
        "global_verse_sequence_number": 6049
    },
    {
        "chapter": 91,
        "verse": 6,
        "juz": 30,
        "hizb": 238,
        "manzil": 7,
        "ruku": 533,
        "word_number_in_verse": 2,
        "language_code": "bn",
        "text": "এবং যিনি",
        "root_word": "وَمَا",
        "global_word_sequence_number": 76635,
        "global_verse_sequence_number": 6049
    },
    {
        "chapter": 91,
        "verse": 6,
        "juz": 30,
        "hizb": 238,
        "manzil": 7,
        "ruku": 533,
        "word_number_in_verse": 3,
        "language_code": "bn",
        "text": "তা বিস্তৃত করেছেন",
        "root_word": "طَحَىٰهَا",
        "global_word_sequence_number": 76636,
        "global_verse_sequence_number": 6049
    },
    {
        "chapter": 91,
        "verse": 7,
        "juz": 30,
        "hizb": 238,
        "manzil": 7,
        "ruku": 533,
        "word_number_in_verse": 1,
        "language_code": "bn",
        "text": "শপথ মানুষের",
        "root_word": "وَنَفۡسٖ",
        "global_word_sequence_number": 76637,
        "global_verse_sequence_number": 6050
    },
    {
        "chapter": 91,
        "verse": 7,
        "juz": 30,
        "hizb": 238,
        "manzil": 7,
        "ruku": 533,
        "word_number_in_verse": 2,
        "language_code": "bn",
        "text": "এবং যিনি",
        "root_word": "وَمَا",
        "global_word_sequence_number": 76638,
        "global_verse_sequence_number": 6050
    },
    {
        "chapter": 91,
        "verse": 7,
        "juz": 30,
        "hizb": 238,
        "manzil": 7,
        "ruku": 533,
        "word_number_in_verse": 3,
        "language_code": "bn",
        "text": "তাকে সুঠাম করেছেন",
        "root_word": "سَوَّىٰهَا",
        "global_word_sequence_number": 76639,
        "global_verse_sequence_number": 6050
    },
    {
        "chapter": 91,
        "verse": 8,
        "juz": 30,
        "hizb": 238,
        "manzil": 7,
        "ruku": 533,
        "word_number_in_verse": 1,
        "language_code": "bn",
        "text": "অতঃপর তাকে জ্ঞান দিয়েছেন",
        "root_word": "فَأَلۡهَمَهَا",
        "global_word_sequence_number": 76640,
        "global_verse_sequence_number": 6051
    },
    {
        "chapter": 91,
        "verse": 8,
        "juz": 30,
        "hizb": 238,
        "manzil": 7,
        "ruku": 533,
        "word_number_in_verse": 2,
        "language_code": "bn",
        "text": "তার মন্দকাজ",
        "root_word": "فُجُورَهَا",
        "global_word_sequence_number": 76641,
        "global_verse_sequence_number": 6051
    },
    {
        "chapter": 91,
        "verse": 8,
        "juz": 30,
        "hizb": 238,
        "manzil": 7,
        "ruku": 533,
        "word_number_in_verse": 3,
        "language_code": "bn",
        "text": "ও তার তাকওয়া (সম্পর্কে )",
        "root_word": "وَتَقۡوَىٰهَا",
        "global_word_sequence_number": 76642,
        "global_verse_sequence_number": 6051
    },
    {
        "chapter": 91,
        "verse": 9,
        "juz": 30,
        "hizb": 238,
        "manzil": 7,
        "ruku": 533,
        "word_number_in_verse": 1,
        "language_code": "bn",
        "text": "নিশ্চয়ই",
        "root_word": "قَدۡ",
        "global_word_sequence_number": 76643,
        "global_verse_sequence_number": 6052
    },
    {
        "chapter": 91,
        "verse": 9,
        "juz": 30,
        "hizb": 238,
        "manzil": 7,
        "ruku": 533,
        "word_number_in_verse": 2,
        "language_code": "bn",
        "text": "সফল হলো",
        "root_word": "أَفۡلَحَ",
        "global_word_sequence_number": 76644,
        "global_verse_sequence_number": 6052
    },
    {
        "chapter": 91,
        "verse": 9,
        "juz": 30,
        "hizb": 238,
        "manzil": 7,
        "ruku": 533,
        "word_number_in_verse": 3,
        "language_code": "bn",
        "text": "যে",
        "root_word": "مَن",
        "global_word_sequence_number": 76645,
        "global_verse_sequence_number": 6052
    },
    {
        "chapter": 91,
        "verse": 9,
        "juz": 30,
        "hizb": 238,
        "manzil": 7,
        "ruku": 533,
        "word_number_in_verse": 4,
        "language_code": "bn",
        "text": "তাকে পবিত্র করলো",
        "root_word": "زَكَّىٰهَا",
        "global_word_sequence_number": 76646,
        "global_verse_sequence_number": 6052
    },
    {
        "chapter": 91,
        "verse": 10,
        "juz": 30,
        "hizb": 238,
        "manzil": 7,
        "ruku": 533,
        "word_number_in_verse": 1,
        "language_code": "bn",
        "text": "এবং নিশ্চয়ই",
        "root_word": "وَقَدۡ",
        "global_word_sequence_number": 76647,
        "global_verse_sequence_number": 6053
    },
    {
        "chapter": 91,
        "verse": 10,
        "juz": 30,
        "hizb": 238,
        "manzil": 7,
        "ruku": 533,
        "word_number_in_verse": 2,
        "language_code": "bn",
        "text": "ব্যর্থ হলো",
        "root_word": "خَابَ",
        "global_word_sequence_number": 76648,
        "global_verse_sequence_number": 6053
    },
    {
        "chapter": 91,
        "verse": 10,
        "juz": 30,
        "hizb": 238,
        "manzil": 7,
        "ruku": 533,
        "word_number_in_verse": 3,
        "language_code": "bn",
        "text": "যে",
        "root_word": "مَن",
        "global_word_sequence_number": 76649,
        "global_verse_sequence_number": 6053
    },
    {
        "chapter": 91,
        "verse": 10,
        "juz": 30,
        "hizb": 238,
        "manzil": 7,
        "ruku": 533,
        "word_number_in_verse": 4,
        "language_code": "bn",
        "text": "তাকে কলুষিত করলো",
        "root_word": "دَسَّىٰهَا",
        "global_word_sequence_number": 76650,
        "global_verse_sequence_number": 6053
    },
    {
        "chapter": 91,
        "verse": 11,
        "juz": 30,
        "hizb": 238,
        "manzil": 7,
        "ruku": 533,
        "word_number_in_verse": 1,
        "language_code": "bn",
        "text": "মিথ্যারোপ করেছিল",
        "root_word": "كَذَّبَتۡ",
        "global_word_sequence_number": 76651,
        "global_verse_sequence_number": 6054
    },
    {
        "chapter": 91,
        "verse": 11,
        "juz": 30,
        "hizb": 238,
        "manzil": 7,
        "ruku": 533,
        "word_number_in_verse": 2,
        "language_code": "bn",
        "text": "সামূদ জাতি",
        "root_word": "ثَمُودُ",
        "global_word_sequence_number": 76652,
        "global_verse_sequence_number": 6054
    },
    {
        "chapter": 91,
        "verse": 11,
        "juz": 30,
        "hizb": 238,
        "manzil": 7,
        "ruku": 533,
        "word_number_in_verse": 3,
        "language_code": "bn",
        "text": "তার অবাধ্যতাবশতঃ",
        "root_word": "بِطَغۡوَىٰهَآ",
        "global_word_sequence_number": 76653,
        "global_verse_sequence_number": 6054
    },
    {
        "chapter": 91,
        "verse": 12,
        "juz": 30,
        "hizb": 238,
        "manzil": 7,
        "ruku": 533,
        "word_number_in_verse": 1,
        "language_code": "bn",
        "text": "যখন",
        "root_word": "إِذِ",
        "global_word_sequence_number": 76654,
        "global_verse_sequence_number": 6055
    },
    {
        "chapter": 91,
        "verse": 12,
        "juz": 30,
        "hizb": 238,
        "manzil": 7,
        "ruku": 533,
        "word_number_in_verse": 2,
        "language_code": "bn",
        "text": "(তৎপর হয়ে)উঠলো",
        "root_word": "انۢبَعَثَ",
        "global_word_sequence_number": 76655,
        "global_verse_sequence_number": 6055
    },
    {
        "chapter": 91,
        "verse": 12,
        "juz": 30,
        "hizb": 238,
        "manzil": 7,
        "ruku": 533,
        "word_number_in_verse": 3,
        "language_code": "bn",
        "text": "তার সবচেয়ে হতভাগা ব্যক্তি",
        "root_word": "أَشۡقَىٰهَا",
        "global_word_sequence_number": 76656,
        "global_verse_sequence_number": 6055
    },
    {
        "chapter": 91,
        "verse": 13,
        "juz": 30,
        "hizb": 238,
        "manzil": 7,
        "ruku": 533,
        "word_number_in_verse": 1,
        "language_code": "bn",
        "text": "অতঃপর বললো",
        "root_word": "فَقَالَ",
        "global_word_sequence_number": 76657,
        "global_verse_sequence_number": 6056
    },
    {
        "chapter": 91,
        "verse": 13,
        "juz": 30,
        "hizb": 238,
        "manzil": 7,
        "ruku": 533,
        "word_number_in_verse": 2,
        "language_code": "bn",
        "text": "তাদেরকে",
        "root_word": "لَهُمۡ",
        "global_word_sequence_number": 76658,
        "global_verse_sequence_number": 6056
    },
    {
        "chapter": 91,
        "verse": 13,
        "juz": 30,
        "hizb": 238,
        "manzil": 7,
        "ruku": 533,
        "word_number_in_verse": 3,
        "language_code": "bn",
        "text": "রাসূল",
        "root_word": "رَسُولُ",
        "global_word_sequence_number": 76659,
        "global_verse_sequence_number": 6056
    },
    {
        "chapter": 91,
        "verse": 13,
        "juz": 30,
        "hizb": 238,
        "manzil": 7,
        "ruku": 533,
        "word_number_in_verse": 4,
        "language_code": "bn",
        "text": "আল্লাহর",
        "root_word": "اللَّهِ",
        "global_word_sequence_number": 76660,
        "global_verse_sequence_number": 6056
    },
    {
        "chapter": 91,
        "verse": 13,
        "juz": 30,
        "hizb": 238,
        "manzil": 7,
        "ruku": 533,
        "word_number_in_verse": 5,
        "language_code": "bn",
        "text": "\"(সাবধান)উষ্ট্রীকে",
        "root_word": "نَاقَةَ",
        "global_word_sequence_number": 76661,
        "global_verse_sequence_number": 6056
    },
    {
        "chapter": 91,
        "verse": 13,
        "juz": 30,
        "hizb": 238,
        "manzil": 7,
        "ruku": 533,
        "word_number_in_verse": 6,
        "language_code": "bn",
        "text": "আল্লাহর (স্পর্শ করো না)",
        "root_word": "اللَّهِ",
        "global_word_sequence_number": 76662,
        "global_verse_sequence_number": 6056
    },
    {
        "chapter": 91,
        "verse": 13,
        "juz": 30,
        "hizb": 238,
        "manzil": 7,
        "ruku": 533,
        "word_number_in_verse": 7,
        "language_code": "bn",
        "text": "ও তার পানি পান করায় (বাধা দিও না)\"",
        "root_word": "وَسُقۡيَٰهَا",
        "global_word_sequence_number": 76663,
        "global_verse_sequence_number": 6056
    },
    {
        "chapter": 91,
        "verse": 14,
        "juz": 30,
        "hizb": 238,
        "manzil": 7,
        "ruku": 533,
        "word_number_in_verse": 1,
        "language_code": "bn",
        "text": "কিন্তু তারা তাকে  মিথ্যা ভাবলো",
        "root_word": "فَكَذَّبُوهُ",
        "global_word_sequence_number": 76664,
        "global_verse_sequence_number": 6057
    },
    {
        "chapter": 91,
        "verse": 14,
        "juz": 30,
        "hizb": 238,
        "manzil": 7,
        "ruku": 533,
        "word_number_in_verse": 2,
        "language_code": "bn",
        "text": "অতঃপর তারা তাকে  হত্যা করলো",
        "root_word": "فَعَقَرُوهَا",
        "global_word_sequence_number": 76665,
        "global_verse_sequence_number": 6057
    },
    {
        "chapter": 91,
        "verse": 14,
        "juz": 30,
        "hizb": 238,
        "manzil": 7,
        "ruku": 533,
        "word_number_in_verse": 3,
        "language_code": "bn",
        "text": "ফলে ধ্বংস করে দিলেন",
        "root_word": "فَدَمۡدَمَ",
        "global_word_sequence_number": 76666,
        "global_verse_sequence_number": 6057
    },
    {
        "chapter": 91,
        "verse": 14,
        "juz": 30,
        "hizb": 238,
        "manzil": 7,
        "ruku": 533,
        "word_number_in_verse": 4,
        "language_code": "bn",
        "text": "তাদেরকে",
        "root_word": "عَلَيۡهِمۡ",
        "global_word_sequence_number": 76667,
        "global_verse_sequence_number": 6057
    },
    {
        "chapter": 91,
        "verse": 14,
        "juz": 30,
        "hizb": 238,
        "manzil": 7,
        "ruku": 533,
        "word_number_in_verse": 5,
        "language_code": "bn",
        "text": "তাদের রব",
        "root_word": "رَبُّهُم",
        "global_word_sequence_number": 76668,
        "global_verse_sequence_number": 6057
    },
    {
        "chapter": 91,
        "verse": 14,
        "juz": 30,
        "hizb": 238,
        "manzil": 7,
        "ruku": 533,
        "word_number_in_verse": 6,
        "language_code": "bn",
        "text": "তাদের পাপের জন্য",
        "root_word": "بِذَنۢبِهِمۡ",
        "global_word_sequence_number": 76669,
        "global_verse_sequence_number": 6057
    },
    {
        "chapter": 91,
        "verse": 14,
        "juz": 30,
        "hizb": 238,
        "manzil": 7,
        "ruku": 533,
        "word_number_in_verse": 7,
        "language_code": "bn",
        "text": "অতঃপর তাদেরকে (মাটি) সমান করে দিলেন",
        "root_word": "فَسَوَّىٰهَا",
        "global_word_sequence_number": 76670,
        "global_verse_sequence_number": 6057
    },
    {
        "chapter": 91,
        "verse": 15,
        "juz": 30,
        "hizb": 238,
        "manzil": 7,
        "ruku": 533,
        "word_number_in_verse": 1,
        "language_code": "bn",
        "text": "এবং না",
        "root_word": "وَلَا",
        "global_word_sequence_number": 76671,
        "global_verse_sequence_number": 6058
    },
    {
        "chapter": 91,
        "verse": 15,
        "juz": 30,
        "hizb": 238,
        "manzil": 7,
        "ruku": 533,
        "word_number_in_verse": 2,
        "language_code": "bn",
        "text": "ভয় করেন তিনি",
        "root_word": "يَخَافُ",
        "global_word_sequence_number": 76672,
        "global_verse_sequence_number": 6058
    },
    {
        "chapter": 91,
        "verse": 15,
        "juz": 30,
        "hizb": 238,
        "manzil": 7,
        "ruku": 533,
        "word_number_in_verse": 3,
        "language_code": "bn",
        "text": "তাঁর (কাজের) পরিণতির",
        "root_word": "عُقۡبَٰهَا",
        "global_word_sequence_number": 76673,
        "global_verse_sequence_number": 6058
    }
]