[
    {
        "chapter": 92,
        "verse": 1,
        "juz": 30,
        "hizb": 238,
        "manzil": 7,
        "ruku": 534,
        "word_number_in_verse": 1,
        "language_code": "bn",
        "text": "শপথ রাতের",
        "root_word": "وَالَّيۡلِ",
        "global_word_sequence_number": 76674,
        "global_verse_sequence_number": 6059
    },
    {
        "chapter": 92,
        "verse": 1,
        "juz": 30,
        "hizb": 238,
        "manzil": 7,
        "ruku": 534,
        "word_number_in_verse": 2,
        "language_code": "bn",
        "text": "যখন",
        "root_word": "إِذَا",
        "global_word_sequence_number": 76675,
        "global_verse_sequence_number": 6059
    },
    {
        "chapter": 92,
        "verse": 1,
        "juz": 30,
        "hizb": 238,
        "manzil": 7,
        "ruku": 534,
        "word_number_in_verse": 3,
        "language_code": "bn",
        "text": "আচ্ছন্ন করে",
        "root_word": "يَغۡشَىٰ",
        "global_word_sequence_number": 76676,
        "global_verse_sequence_number": 6059
    },
    {
        "chapter": 92,
        "verse": 2,
        "juz": 30,
        "hizb": 238,
        "manzil": 7,
        "ruku": 534,
        "word_number_in_verse": 1,
        "language_code": "bn",
        "text": "শপথ দিনের",
        "root_word": "وَالنَّهَارِ",
        "global_word_sequence_number": 76677,
        "global_verse_sequence_number": 6060
    },
    {
        "chapter": 92,
        "verse": 2,
        "juz": 30,
        "hizb": 238,
        "manzil": 7,
        "ruku": 534,
        "word_number_in_verse": 2,
        "language_code": "bn",
        "text": "যখন",
        "root_word": "إِذَا",
        "global_word_sequence_number": 76678,
        "global_verse_sequence_number": 6060
    },
    {
        "chapter": 92,
        "verse": 2,
        "juz": 30,
        "hizb": 238,
        "manzil": 7,
        "ruku": 534,
        "word_number_in_verse": 3,
        "language_code": "bn",
        "text": "আলোকিত হয়",
        "root_word": "تَجَلَّىٰ",
        "global_word_sequence_number": 76679,
        "global_verse_sequence_number": 6060
    },
    {
        "chapter": 92,
        "verse": 3,
        "juz": 30,
        "hizb": 238,
        "manzil": 7,
        "ruku": 534,
        "word_number_in_verse": 1,
        "language_code": "bn",
        "text": "শপথ তাঁর (যিনি)",
        "root_word": "وَمَا",
        "global_word_sequence_number": 76680,
        "global_verse_sequence_number": 6061
    },
    {
        "chapter": 92,
        "verse": 3,
        "juz": 30,
        "hizb": 238,
        "manzil": 7,
        "ruku": 534,
        "word_number_in_verse": 2,
        "language_code": "bn",
        "text": "সৃষ্টি করেছেন",
        "root_word": "خَلَقَ",
        "global_word_sequence_number": 76681,
        "global_verse_sequence_number": 6061
    },
    {
        "chapter": 92,
        "verse": 3,
        "juz": 30,
        "hizb": 238,
        "manzil": 7,
        "ruku": 534,
        "word_number_in_verse": 3,
        "language_code": "bn",
        "text": "পুরুষ",
        "root_word": "الذَّكَرَ",
        "global_word_sequence_number": 76682,
        "global_verse_sequence_number": 6061
    },
    {
        "chapter": 92,
        "verse": 3,
        "juz": 30,
        "hizb": 238,
        "manzil": 7,
        "ruku": 534,
        "word_number_in_verse": 4,
        "language_code": "bn",
        "text": "ও নারী",
        "root_word": "وَالۡأُنثَىٰٓ",
        "global_word_sequence_number": 76683,
        "global_verse_sequence_number": 6061
    },
    {
        "chapter": 92,
        "verse": 4,
        "juz": 30,
        "hizb": 238,
        "manzil": 7,
        "ruku": 534,
        "word_number_in_verse": 1,
        "language_code": "bn",
        "text": "নিশ্চয়ই",
        "root_word": "إِنَّ",
        "global_word_sequence_number": 76684,
        "global_verse_sequence_number": 6062
    },
    {
        "chapter": 92,
        "verse": 4,
        "juz": 30,
        "hizb": 238,
        "manzil": 7,
        "ruku": 534,
        "word_number_in_verse": 2,
        "language_code": "bn",
        "text": "তোমাদের কর্মপ্রচেষ্টা",
        "root_word": "سَعۡيَكُمۡ",
        "global_word_sequence_number": 76685,
        "global_verse_sequence_number": 6062
    },
    {
        "chapter": 92,
        "verse": 4,
        "juz": 30,
        "hizb": 238,
        "manzil": 7,
        "ruku": 534,
        "word_number_in_verse": 3,
        "language_code": "bn",
        "text": "অবশ্যই বিভিন্ন প্রকৃতির",
        "root_word": "لَشَتَّىٰ",
        "global_word_sequence_number": 76686,
        "global_verse_sequence_number": 6062
    },
    {
        "chapter": 92,
        "verse": 5,
        "juz": 30,
        "hizb": 238,
        "manzil": 7,
        "ruku": 534,
        "word_number_in_verse": 1,
        "language_code": "bn",
        "text": "অতঃপর (তার) ক্ষেত্রে",
        "root_word": "فَأَمَّا",
        "global_word_sequence_number": 76687,
        "global_verse_sequence_number": 6063
    },
    {
        "chapter": 92,
        "verse": 5,
        "juz": 30,
        "hizb": 238,
        "manzil": 7,
        "ruku": 534,
        "word_number_in_verse": 2,
        "language_code": "bn",
        "text": "যে",
        "root_word": "مَنۡ",
        "global_word_sequence_number": 76688,
        "global_verse_sequence_number": 6063
    },
    {
        "chapter": 92,
        "verse": 5,
        "juz": 30,
        "hizb": 238,
        "manzil": 7,
        "ruku": 534,
        "word_number_in_verse": 3,
        "language_code": "bn",
        "text": "দান করলো",
        "root_word": "أَعۡطَىٰ",
        "global_word_sequence_number": 76689,
        "global_verse_sequence_number": 6063
    },
    {
        "chapter": 92,
        "verse": 5,
        "juz": 30,
        "hizb": 238,
        "manzil": 7,
        "ruku": 534,
        "word_number_in_verse": 4,
        "language_code": "bn",
        "text": "ও খোদাভীরু হলো",
        "root_word": "وَاتَّقَىٰ",
        "global_word_sequence_number": 76690,
        "global_verse_sequence_number": 6063
    },
    {
        "chapter": 92,
        "verse": 6,
        "juz": 30,
        "hizb": 238,
        "manzil": 7,
        "ruku": 534,
        "word_number_in_verse": 1,
        "language_code": "bn",
        "text": "এবং সত্য মানলো",
        "root_word": "وَصَدَّقَ",
        "global_word_sequence_number": 76691,
        "global_verse_sequence_number": 6064
    },
    {
        "chapter": 92,
        "verse": 6,
        "juz": 30,
        "hizb": 238,
        "manzil": 7,
        "ruku": 534,
        "word_number_in_verse": 2,
        "language_code": "bn",
        "text": "উত্তমকে (ইসলামকে)",
        "root_word": "بِالۡحُسۡنَىٰ",
        "global_word_sequence_number": 76692,
        "global_verse_sequence_number": 6064
    },
    {
        "chapter": 92,
        "verse": 7,
        "juz": 30,
        "hizb": 238,
        "manzil": 7,
        "ruku": 534,
        "word_number_in_verse": 1,
        "language_code": "bn",
        "text": "আমরা তাকে সহজতা দিব",
        "root_word": "فَسَنُيَسِّرُهُۥ",
        "global_word_sequence_number": 76693,
        "global_verse_sequence_number": 6065
    },
    {
        "chapter": 92,
        "verse": 7,
        "juz": 30,
        "hizb": 238,
        "manzil": 7,
        "ruku": 534,
        "word_number_in_verse": 2,
        "language_code": "bn",
        "text": "সহজ (পথের) জন্য",
        "root_word": "لِلۡيُسۡرَىٰ",
        "global_word_sequence_number": 76694,
        "global_verse_sequence_number": 6065
    },
    {
        "chapter": 92,
        "verse": 8,
        "juz": 30,
        "hizb": 238,
        "manzil": 7,
        "ruku": 534,
        "word_number_in_verse": 1,
        "language_code": "bn",
        "text": "আর (তার)ক্ষেত্রে",
        "root_word": "وَأَمَّا",
        "global_word_sequence_number": 76695,
        "global_verse_sequence_number": 6066
    },
    {
        "chapter": 92,
        "verse": 8,
        "juz": 30,
        "hizb": 238,
        "manzil": 7,
        "ruku": 534,
        "word_number_in_verse": 2,
        "language_code": "bn",
        "text": "যে",
        "root_word": "مَنۢ",
        "global_word_sequence_number": 76696,
        "global_verse_sequence_number": 6066
    },
    {
        "chapter": 92,
        "verse": 8,
        "juz": 30,
        "hizb": 238,
        "manzil": 7,
        "ruku": 534,
        "word_number_in_verse": 3,
        "language_code": "bn",
        "text": "কৃপণতা করলো",
        "root_word": "بَخِلَ",
        "global_word_sequence_number": 76697,
        "global_verse_sequence_number": 6066
    },
    {
        "chapter": 92,
        "verse": 8,
        "juz": 30,
        "hizb": 238,
        "manzil": 7,
        "ruku": 534,
        "word_number_in_verse": 4,
        "language_code": "bn",
        "text": "ও নিজেকে স্বয়ংসম্পূর্ণ মনে করলো",
        "root_word": "وَاسۡتَغۡنَىٰ",
        "global_word_sequence_number": 76698,
        "global_verse_sequence_number": 6066
    },
    {
        "chapter": 92,
        "verse": 9,
        "juz": 30,
        "hizb": 238,
        "manzil": 7,
        "ruku": 534,
        "word_number_in_verse": 1,
        "language_code": "bn",
        "text": "এবং অমান্য করলো",
        "root_word": "وَكَذَّبَ",
        "global_word_sequence_number": 76699,
        "global_verse_sequence_number": 6067
    },
    {
        "chapter": 92,
        "verse": 9,
        "juz": 30,
        "hizb": 238,
        "manzil": 7,
        "ruku": 534,
        "word_number_in_verse": 2,
        "language_code": "bn",
        "text": "উত্তমকে (ইসলামকে)",
        "root_word": "بِالۡحُسۡنَىٰ",
        "global_word_sequence_number": 76700,
        "global_verse_sequence_number": 6067
    },
    {
        "chapter": 92,
        "verse": 10,
        "juz": 30,
        "hizb": 238,
        "manzil": 7,
        "ruku": 534,
        "word_number_in_verse": 1,
        "language_code": "bn",
        "text": "ফলে আমরা তাকে সহজতা দিব",
        "root_word": "فَسَنُيَسِّرُهُۥ",
        "global_word_sequence_number": 76701,
        "global_verse_sequence_number": 6068
    },
    {
        "chapter": 92,
        "verse": 10,
        "juz": 30,
        "hizb": 238,
        "manzil": 7,
        "ruku": 534,
        "word_number_in_verse": 2,
        "language_code": "bn",
        "text": "কঠোর পথের জন্য",
        "root_word": "لِلۡعُسۡرَىٰ",
        "global_word_sequence_number": 76702,
        "global_verse_sequence_number": 6068
    },
    {
        "chapter": 92,
        "verse": 11,
        "juz": 30,
        "hizb": 238,
        "manzil": 7,
        "ruku": 534,
        "word_number_in_verse": 1,
        "language_code": "bn",
        "text": "এবং না",
        "root_word": "وَمَا",
        "global_word_sequence_number": 76703,
        "global_verse_sequence_number": 6069
    },
    {
        "chapter": 92,
        "verse": 11,
        "juz": 30,
        "hizb": 238,
        "manzil": 7,
        "ruku": 534,
        "word_number_in_verse": 2,
        "language_code": "bn",
        "text": "কাজে আসবে",
        "root_word": "يُغۡنِي",
        "global_word_sequence_number": 76704,
        "global_verse_sequence_number": 6069
    },
    {
        "chapter": 92,
        "verse": 11,
        "juz": 30,
        "hizb": 238,
        "manzil": 7,
        "ruku": 534,
        "word_number_in_verse": 3,
        "language_code": "bn",
        "text": "তার জন্যে",
        "root_word": "عَنۡهُ",
        "global_word_sequence_number": 76705,
        "global_verse_sequence_number": 6069
    },
    {
        "chapter": 92,
        "verse": 11,
        "juz": 30,
        "hizb": 238,
        "manzil": 7,
        "ruku": 534,
        "word_number_in_verse": 4,
        "language_code": "bn",
        "text": "তার ধনসম্পদ",
        "root_word": "مَالُهُۥٓ",
        "global_word_sequence_number": 76706,
        "global_verse_sequence_number": 6069
    },
    {
        "chapter": 92,
        "verse": 11,
        "juz": 30,
        "hizb": 238,
        "manzil": 7,
        "ruku": 534,
        "word_number_in_verse": 5,
        "language_code": "bn",
        "text": "যখন",
        "root_word": "إِذَا",
        "global_word_sequence_number": 76707,
        "global_verse_sequence_number": 6069
    },
    {
        "chapter": 92,
        "verse": 11,
        "juz": 30,
        "hizb": 238,
        "manzil": 7,
        "ruku": 534,
        "word_number_in_verse": 6,
        "language_code": "bn",
        "text": "সে ধ্বংস হবে",
        "root_word": "تَرَدَّىٰٓ",
        "global_word_sequence_number": 76708,
        "global_verse_sequence_number": 6069
    },
    {
        "chapter": 92,
        "verse": 12,
        "juz": 30,
        "hizb": 238,
        "manzil": 7,
        "ruku": 534,
        "word_number_in_verse": 1,
        "language_code": "bn",
        "text": "নিশ্চয়ই",
        "root_word": "إِنَّ",
        "global_word_sequence_number": 76709,
        "global_verse_sequence_number": 6070
    },
    {
        "chapter": 92,
        "verse": 12,
        "juz": 30,
        "hizb": 238,
        "manzil": 7,
        "ruku": 534,
        "word_number_in_verse": 2,
        "language_code": "bn",
        "text": "আমাদের দায়িত্বে",
        "root_word": "عَلَيۡنَا",
        "global_word_sequence_number": 76710,
        "global_verse_sequence_number": 6070
    },
    {
        "chapter": 92,
        "verse": 12,
        "juz": 30,
        "hizb": 238,
        "manzil": 7,
        "ruku": 534,
        "word_number_in_verse": 3,
        "language_code": "bn",
        "text": "পথ প্রদর্শন",
        "root_word": "لَلۡهُدَىٰ",
        "global_word_sequence_number": 76711,
        "global_verse_sequence_number": 6070
    },
    {
        "chapter": 92,
        "verse": 13,
        "juz": 30,
        "hizb": 238,
        "manzil": 7,
        "ruku": 534,
        "word_number_in_verse": 1,
        "language_code": "bn",
        "text": "এবং নিশ্চয়ই",
        "root_word": "وَإِنَّ",
        "global_word_sequence_number": 76712,
        "global_verse_sequence_number": 6071
    },
    {
        "chapter": 92,
        "verse": 13,
        "juz": 30,
        "hizb": 238,
        "manzil": 7,
        "ruku": 534,
        "word_number_in_verse": 2,
        "language_code": "bn",
        "text": "আমরা মালিক",
        "root_word": "لَنَا",
        "global_word_sequence_number": 76713,
        "global_verse_sequence_number": 6071
    },
    {
        "chapter": 92,
        "verse": 13,
        "juz": 30,
        "hizb": 238,
        "manzil": 7,
        "ruku": 534,
        "word_number_in_verse": 3,
        "language_code": "bn",
        "text": "পরকালের",
        "root_word": "لَلۡأٓخِرَةَ",
        "global_word_sequence_number": 76714,
        "global_verse_sequence_number": 6071
    },
    {
        "chapter": 92,
        "verse": 13,
        "juz": 30,
        "hizb": 238,
        "manzil": 7,
        "ruku": 534,
        "word_number_in_verse": 4,
        "language_code": "bn",
        "text": "ও ইহকালের",
        "root_word": "وَالۡأُولَىٰ",
        "global_word_sequence_number": 76715,
        "global_verse_sequence_number": 6071
    },
    {
        "chapter": 92,
        "verse": 14,
        "juz": 30,
        "hizb": 238,
        "manzil": 7,
        "ruku": 534,
        "word_number_in_verse": 1,
        "language_code": "bn",
        "text": "অতএব তোমাদেরকে আমি সতর্ক করছি",
        "root_word": "فَأَنذَرۡتُكُمۡ",
        "global_word_sequence_number": 76716,
        "global_verse_sequence_number": 6072
    },
    {
        "chapter": 92,
        "verse": 14,
        "juz": 30,
        "hizb": 238,
        "manzil": 7,
        "ruku": 534,
        "word_number_in_verse": 2,
        "language_code": "bn",
        "text": "অগ্নির",
        "root_word": "نَارٗا",
        "global_word_sequence_number": 76717,
        "global_verse_sequence_number": 6072
    },
    {
        "chapter": 92,
        "verse": 14,
        "juz": 30,
        "hizb": 238,
        "manzil": 7,
        "ruku": 534,
        "word_number_in_verse": 3,
        "language_code": "bn",
        "text": "জ্বলন্ত",
        "root_word": "تَلَظَّىٰ",
        "global_word_sequence_number": 76718,
        "global_verse_sequence_number": 6072
    },
    {
        "chapter": 92,
        "verse": 15,
        "juz": 30,
        "hizb": 238,
        "manzil": 7,
        "ruku": 534,
        "word_number_in_verse": 1,
        "language_code": "bn",
        "text": "না",
        "root_word": "لَا",
        "global_word_sequence_number": 76719,
        "global_verse_sequence_number": 6073
    },
    {
        "chapter": 92,
        "verse": 15,
        "juz": 30,
        "hizb": 238,
        "manzil": 7,
        "ruku": 534,
        "word_number_in_verse": 2,
        "language_code": "bn",
        "text": "এতে প্রবেশ করবে",
        "root_word": "يَصۡلَىٰهَآ",
        "global_word_sequence_number": 76720,
        "global_verse_sequence_number": 6073
    },
    {
        "chapter": 92,
        "verse": 15,
        "juz": 30,
        "hizb": 238,
        "manzil": 7,
        "ruku": 534,
        "word_number_in_verse": 3,
        "language_code": "bn",
        "text": "এ ছাড়া",
        "root_word": "إِلَّا",
        "global_word_sequence_number": 76721,
        "global_verse_sequence_number": 6073
    },
    {
        "chapter": 92,
        "verse": 15,
        "juz": 30,
        "hizb": 238,
        "manzil": 7,
        "ruku": 534,
        "word_number_in_verse": 4,
        "language_code": "bn",
        "text": "নিতান্ত হতভাগ্য",
        "root_word": "الۡأَشۡقَى",
        "global_word_sequence_number": 76722,
        "global_verse_sequence_number": 6073
    },
    {
        "chapter": 92,
        "verse": 16,
        "juz": 30,
        "hizb": 238,
        "manzil": 7,
        "ruku": 534,
        "word_number_in_verse": 1,
        "language_code": "bn",
        "text": "যে",
        "root_word": "الَّذِي",
        "global_word_sequence_number": 76723,
        "global_verse_sequence_number": 6074
    },
    {
        "chapter": 92,
        "verse": 16,
        "juz": 30,
        "hizb": 238,
        "manzil": 7,
        "ruku": 534,
        "word_number_in_verse": 2,
        "language_code": "bn",
        "text": "মিথ্যারোপ করলো",
        "root_word": "كَذَّبَ",
        "global_word_sequence_number": 76724,
        "global_verse_sequence_number": 6074
    },
    {
        "chapter": 92,
        "verse": 16,
        "juz": 30,
        "hizb": 238,
        "manzil": 7,
        "ruku": 534,
        "word_number_in_verse": 3,
        "language_code": "bn",
        "text": "এবং মুখ ফিরালো",
        "root_word": "وَتَوَلَّىٰ",
        "global_word_sequence_number": 76725,
        "global_verse_sequence_number": 6074
    },
    {
        "chapter": 92,
        "verse": 17,
        "juz": 30,
        "hizb": 238,
        "manzil": 7,
        "ruku": 534,
        "word_number_in_verse": 1,
        "language_code": "bn",
        "text": "এবং এ থেকে দূরে রাখা হবে",
        "root_word": "وَسَيُجَنَّبُهَا",
        "global_word_sequence_number": 76726,
        "global_verse_sequence_number": 6075
    },
    {
        "chapter": 92,
        "verse": 17,
        "juz": 30,
        "hizb": 238,
        "manzil": 7,
        "ruku": 534,
        "word_number_in_verse": 2,
        "language_code": "bn",
        "text": "পরম মুত্তাকীকে",
        "root_word": "الۡأَتۡقَى",
        "global_word_sequence_number": 76727,
        "global_verse_sequence_number": 6075
    },
    {
        "chapter": 92,
        "verse": 18,
        "juz": 30,
        "hizb": 238,
        "manzil": 7,
        "ruku": 534,
        "word_number_in_verse": 1,
        "language_code": "bn",
        "text": "যে",
        "root_word": "الَّذِي",
        "global_word_sequence_number": 76728,
        "global_verse_sequence_number": 6076
    },
    {
        "chapter": 92,
        "verse": 18,
        "juz": 30,
        "hizb": 238,
        "manzil": 7,
        "ruku": 534,
        "word_number_in_verse": 2,
        "language_code": "bn",
        "text": "দান করে",
        "root_word": "يُؤۡتِي",
        "global_word_sequence_number": 76729,
        "global_verse_sequence_number": 6076
    },
    {
        "chapter": 92,
        "verse": 18,
        "juz": 30,
        "hizb": 238,
        "manzil": 7,
        "ruku": 534,
        "word_number_in_verse": 3,
        "language_code": "bn",
        "text": "তার ধনসম্পদ",
        "root_word": "مَالَهُۥ",
        "global_word_sequence_number": 76730,
        "global_verse_sequence_number": 6076
    },
    {
        "chapter": 92,
        "verse": 18,
        "juz": 30,
        "hizb": 238,
        "manzil": 7,
        "ruku": 534,
        "word_number_in_verse": 4,
        "language_code": "bn",
        "text": "আত্মশুদ্ধির জন্য",
        "root_word": "يَتَزَكَّىٰ",
        "global_word_sequence_number": 76731,
        "global_verse_sequence_number": 6076
    },
    {
        "chapter": 92,
        "verse": 19,
        "juz": 30,
        "hizb": 238,
        "manzil": 7,
        "ruku": 534,
        "word_number_in_verse": 1,
        "language_code": "bn",
        "text": "এবং নাই",
        "root_word": "وَمَا",
        "global_word_sequence_number": 76732,
        "global_verse_sequence_number": 6077
    },
    {
        "chapter": 92,
        "verse": 19,
        "juz": 30,
        "hizb": 238,
        "manzil": 7,
        "ruku": 534,
        "word_number_in_verse": 2,
        "language_code": "bn",
        "text": "কারও",
        "root_word": "لِأَحَدٍ",
        "global_word_sequence_number": 76733,
        "global_verse_sequence_number": 6077
    },
    {
        "chapter": 92,
        "verse": 19,
        "juz": 30,
        "hizb": 238,
        "manzil": 7,
        "ruku": 534,
        "word_number_in_verse": 3,
        "language_code": "bn",
        "text": "তার উপর",
        "root_word": "عِندَهُۥ",
        "global_word_sequence_number": 76734,
        "global_verse_sequence_number": 6077
    },
    {
        "chapter": 92,
        "verse": 19,
        "juz": 30,
        "hizb": 238,
        "manzil": 7,
        "ruku": 534,
        "word_number_in_verse": 4,
        "language_code": "bn",
        "text": "কোন",
        "root_word": "مِن",
        "global_word_sequence_number": 76735,
        "global_verse_sequence_number": 6077
    },
    {
        "chapter": 92,
        "verse": 19,
        "juz": 30,
        "hizb": 238,
        "manzil": 7,
        "ruku": 534,
        "word_number_in_verse": 5,
        "language_code": "bn",
        "text": "অনুগ্রহ (যার)",
        "root_word": "نِّعۡمَةٖ",
        "global_word_sequence_number": 76736,
        "global_verse_sequence_number": 6077
    },
    {
        "chapter": 92,
        "verse": 19,
        "juz": 30,
        "hizb": 238,
        "manzil": 7,
        "ruku": 534,
        "word_number_in_verse": 6,
        "language_code": "bn",
        "text": "প্রতিদান দিতে হবে",
        "root_word": "تُجۡزَىٰٓ",
        "global_word_sequence_number": 76737,
        "global_verse_sequence_number": 6077
    },
    {
        "chapter": 92,
        "verse": 20,
        "juz": 30,
        "hizb": 238,
        "manzil": 7,
        "ruku": 534,
        "word_number_in_verse": 1,
        "language_code": "bn",
        "text": "কেবল",
        "root_word": "إِلَّا",
        "global_word_sequence_number": 76738,
        "global_verse_sequence_number": 6078
    },
    {
        "chapter": 92,
        "verse": 20,
        "juz": 30,
        "hizb": 238,
        "manzil": 7,
        "ruku": 534,
        "word_number_in_verse": 2,
        "language_code": "bn",
        "text": "সে অন্বেষণ করে",
        "root_word": "ابۡتِغَآءَ",
        "global_word_sequence_number": 76739,
        "global_verse_sequence_number": 6078
    },
    {
        "chapter": 92,
        "verse": 20,
        "juz": 30,
        "hizb": 238,
        "manzil": 7,
        "ruku": 534,
        "word_number_in_verse": 3,
        "language_code": "bn",
        "text": "সন্তুষ্টি",
        "root_word": "وَجۡهِ",
        "global_word_sequence_number": 76740,
        "global_verse_sequence_number": 6078
    },
    {
        "chapter": 92,
        "verse": 20,
        "juz": 30,
        "hizb": 238,
        "manzil": 7,
        "ruku": 534,
        "word_number_in_verse": 4,
        "language_code": "bn",
        "text": "তার রবের",
        "root_word": "رَبِّهِ",
        "global_word_sequence_number": 76741,
        "global_verse_sequence_number": 6078
    },
    {
        "chapter": 92,
        "verse": 20,
        "juz": 30,
        "hizb": 238,
        "manzil": 7,
        "ruku": 534,
        "word_number_in_verse": 5,
        "language_code": "bn",
        "text": "সর্বশ্রেষ্ঠ",
        "root_word": "الۡأَعۡلَىٰ",
        "global_word_sequence_number": 76742,
        "global_verse_sequence_number": 6078
    },
    {
        "chapter": 92,
        "verse": 21,
        "juz": 30,
        "hizb": 238,
        "manzil": 7,
        "ruku": 534,
        "word_number_in_verse": 1,
        "language_code": "bn",
        "text": "এবং অচিরেই অবশ্যই",
        "root_word": "وَلَسَوۡفَ",
        "global_word_sequence_number": 76743,
        "global_verse_sequence_number": 6079
    },
    {
        "chapter": 92,
        "verse": 21,
        "juz": 30,
        "hizb": 238,
        "manzil": 7,
        "ruku": 534,
        "word_number_in_verse": 2,
        "language_code": "bn",
        "text": "তিনি সন্তুষ্ট হবেন (তার প্রতি)",
        "root_word": "يَرۡضَىٰ",
        "global_word_sequence_number": 76744,
        "global_verse_sequence_number": 6079
    }
]