[
    {
        "chapter": 93,
        "verse": 1,
        "juz": 30,
        "hizb": 238,
        "manzil": 7,
        "ruku": 535,
        "word_number_in_verse": 1,
        "language_code": "bn",
        "text": "শপথ প্রথম প্রহরের",
        "root_word": "وَالضُّحَىٰ",
        "global_word_sequence_number": 76745,
        "global_verse_sequence_number": 6080
    },
    {
        "chapter": 93,
        "verse": 2,
        "juz": 30,
        "hizb": 238,
        "manzil": 7,
        "ruku": 535,
        "word_number_in_verse": 1,
        "language_code": "bn",
        "text": "শপথ রাতের",
        "root_word": "وَالَّيۡلِ",
        "global_word_sequence_number": 76746,
        "global_verse_sequence_number": 6081
    },
    {
        "chapter": 93,
        "verse": 2,
        "juz": 30,
        "hizb": 238,
        "manzil": 7,
        "ruku": 535,
        "word_number_in_verse": 2,
        "language_code": "bn",
        "text": "যখন",
        "root_word": "إِذَا",
        "global_word_sequence_number": 76747,
        "global_verse_sequence_number": 6081
    },
    {
        "chapter": 93,
        "verse": 2,
        "juz": 30,
        "hizb": 238,
        "manzil": 7,
        "ruku": 535,
        "word_number_in_verse": 3,
        "language_code": "bn",
        "text": "নিঝুম হয়",
        "root_word": "سَجَىٰ",
        "global_word_sequence_number": 76748,
        "global_verse_sequence_number": 6081
    },
    {
        "chapter": 93,
        "verse": 3,
        "juz": 30,
        "hizb": 238,
        "manzil": 7,
        "ruku": 535,
        "word_number_in_verse": 1,
        "language_code": "bn",
        "text": "না",
        "root_word": "مَا",
        "global_word_sequence_number": 76749,
        "global_verse_sequence_number": 6082
    },
    {
        "chapter": 93,
        "verse": 3,
        "juz": 30,
        "hizb": 238,
        "manzil": 7,
        "ruku": 535,
        "word_number_in_verse": 2,
        "language_code": "bn",
        "text": "তোমাকে ত্যাগ করেছেন",
        "root_word": "وَدَّعَكَ",
        "global_word_sequence_number": 76750,
        "global_verse_sequence_number": 6082
    },
    {
        "chapter": 93,
        "verse": 3,
        "juz": 30,
        "hizb": 238,
        "manzil": 7,
        "ruku": 535,
        "word_number_in_verse": 3,
        "language_code": "bn",
        "text": "তোমার রব",
        "root_word": "رَبُّكَ",
        "global_word_sequence_number": 76751,
        "global_verse_sequence_number": 6082
    },
    {
        "chapter": 93,
        "verse": 3,
        "juz": 30,
        "hizb": 238,
        "manzil": 7,
        "ruku": 535,
        "word_number_in_verse": 4,
        "language_code": "bn",
        "text": "আর না",
        "root_word": "وَمَا",
        "global_word_sequence_number": 76752,
        "global_verse_sequence_number": 6082
    },
    {
        "chapter": 93,
        "verse": 3,
        "juz": 30,
        "hizb": 238,
        "manzil": 7,
        "ruku": 535,
        "word_number_in_verse": 5,
        "language_code": "bn",
        "text": "অসন্তুষ্ট হয়েছেন",
        "root_word": "قَلَىٰ",
        "global_word_sequence_number": 76753,
        "global_verse_sequence_number": 6082
    },
    {
        "chapter": 93,
        "verse": 4,
        "juz": 30,
        "hizb": 238,
        "manzil": 7,
        "ruku": 535,
        "word_number_in_verse": 1,
        "language_code": "bn",
        "text": "এবং পরবর্তী (পরকাল) নিশ্চয়ই",
        "root_word": "وَلَلۡأٓخِرَةُ",
        "global_word_sequence_number": 76754,
        "global_verse_sequence_number": 6083
    },
    {
        "chapter": 93,
        "verse": 4,
        "juz": 30,
        "hizb": 238,
        "manzil": 7,
        "ruku": 535,
        "word_number_in_verse": 2,
        "language_code": "bn",
        "text": "উত্তম",
        "root_word": "خَيۡرٞ",
        "global_word_sequence_number": 76755,
        "global_verse_sequence_number": 6083
    },
    {
        "chapter": 93,
        "verse": 4,
        "juz": 30,
        "hizb": 238,
        "manzil": 7,
        "ruku": 535,
        "word_number_in_verse": 3,
        "language_code": "bn",
        "text": "তোমার জন্য",
        "root_word": "لَّكَ",
        "global_word_sequence_number": 76756,
        "global_verse_sequence_number": 6083
    },
    {
        "chapter": 93,
        "verse": 4,
        "juz": 30,
        "hizb": 238,
        "manzil": 7,
        "ruku": 535,
        "word_number_in_verse": 4,
        "language_code": "bn",
        "text": "অপেক্ষা (সময়)",
        "root_word": "مِنَ",
        "global_word_sequence_number": 76757,
        "global_verse_sequence_number": 6083
    },
    {
        "chapter": 93,
        "verse": 4,
        "juz": 30,
        "hizb": 238,
        "manzil": 7,
        "ruku": 535,
        "word_number_in_verse": 5,
        "language_code": "bn",
        "text": "পূর্ববর্তী (ইহকাল)",
        "root_word": "الۡأُولَىٰ",
        "global_word_sequence_number": 76758,
        "global_verse_sequence_number": 6083
    },
    {
        "chapter": 93,
        "verse": 5,
        "juz": 30,
        "hizb": 238,
        "manzil": 7,
        "ruku": 535,
        "word_number_in_verse": 1,
        "language_code": "bn",
        "text": "এবং শীঘ্রই অবশ্য",
        "root_word": "وَلَسَوۡفَ",
        "global_word_sequence_number": 76759,
        "global_verse_sequence_number": 6084
    },
    {
        "chapter": 93,
        "verse": 5,
        "juz": 30,
        "hizb": 238,
        "manzil": 7,
        "ruku": 535,
        "word_number_in_verse": 2,
        "language_code": "bn",
        "text": "তোমাকে দান করবেন",
        "root_word": "يُعۡطِيكَ",
        "global_word_sequence_number": 76760,
        "global_verse_sequence_number": 6084
    },
    {
        "chapter": 93,
        "verse": 5,
        "juz": 30,
        "hizb": 238,
        "manzil": 7,
        "ruku": 535,
        "word_number_in_verse": 3,
        "language_code": "bn",
        "text": "তোমার রব",
        "root_word": "رَبُّكَ",
        "global_word_sequence_number": 76761,
        "global_verse_sequence_number": 6084
    },
    {
        "chapter": 93,
        "verse": 5,
        "juz": 30,
        "hizb": 238,
        "manzil": 7,
        "ruku": 535,
        "word_number_in_verse": 4,
        "language_code": "bn",
        "text": "ফলে তুমি খুশী হবে",
        "root_word": "فَتَرۡضَىٰٓ",
        "global_word_sequence_number": 76762,
        "global_verse_sequence_number": 6084
    },
    {
        "chapter": 93,
        "verse": 6,
        "juz": 30,
        "hizb": 238,
        "manzil": 7,
        "ruku": 535,
        "word_number_in_verse": 1,
        "language_code": "bn",
        "text": "পান নি কি",
        "root_word": "أَلَمۡ",
        "global_word_sequence_number": 76763,
        "global_verse_sequence_number": 6085
    },
    {
        "chapter": 93,
        "verse": 6,
        "juz": 30,
        "hizb": 238,
        "manzil": 7,
        "ruku": 535,
        "word_number_in_verse": 2,
        "language_code": "bn",
        "text": "তিনি তোমাকে",
        "root_word": "يَجِدۡكَ",
        "global_word_sequence_number": 76764,
        "global_verse_sequence_number": 6085
    },
    {
        "chapter": 93,
        "verse": 6,
        "juz": 30,
        "hizb": 238,
        "manzil": 7,
        "ruku": 535,
        "word_number_in_verse": 3,
        "language_code": "bn",
        "text": "ইয়াতীমরূপে",
        "root_word": "يَتِيمٗا",
        "global_word_sequence_number": 76765,
        "global_verse_sequence_number": 6085
    },
    {
        "chapter": 93,
        "verse": 6,
        "juz": 30,
        "hizb": 238,
        "manzil": 7,
        "ruku": 535,
        "word_number_in_verse": 4,
        "language_code": "bn",
        "text": "অতঃপর আশ্রয় দিয়েছেন",
        "root_word": "فَـَٔاوَىٰ",
        "global_word_sequence_number": 76766,
        "global_verse_sequence_number": 6085
    },
    {
        "chapter": 93,
        "verse": 7,
        "juz": 30,
        "hizb": 238,
        "manzil": 7,
        "ruku": 535,
        "word_number_in_verse": 1,
        "language_code": "bn",
        "text": "এবং  তিনি তোমাকে পেয়েছিলেন",
        "root_word": "وَوَجَدَكَ",
        "global_word_sequence_number": 76767,
        "global_verse_sequence_number": 6086
    },
    {
        "chapter": 93,
        "verse": 7,
        "juz": 30,
        "hizb": 238,
        "manzil": 7,
        "ruku": 535,
        "word_number_in_verse": 2,
        "language_code": "bn",
        "text": "পথ অনবহিত (রূপে)",
        "root_word": "ضَآلّٗا",
        "global_word_sequence_number": 76768,
        "global_verse_sequence_number": 6086
    },
    {
        "chapter": 93,
        "verse": 7,
        "juz": 30,
        "hizb": 238,
        "manzil": 7,
        "ruku": 535,
        "word_number_in_verse": 3,
        "language_code": "bn",
        "text": "অতঃপর তিনি পথের দিশা দেন",
        "root_word": "فَهَدَىٰ",
        "global_word_sequence_number": 76769,
        "global_verse_sequence_number": 6086
    },
    {
        "chapter": 93,
        "verse": 8,
        "juz": 30,
        "hizb": 238,
        "manzil": 7,
        "ruku": 535,
        "word_number_in_verse": 1,
        "language_code": "bn",
        "text": "এবং তোমাকে পেয়েছিলেন",
        "root_word": "وَوَجَدَكَ",
        "global_word_sequence_number": 76770,
        "global_verse_sequence_number": 6087
    },
    {
        "chapter": 93,
        "verse": 8,
        "juz": 30,
        "hizb": 238,
        "manzil": 7,
        "ruku": 535,
        "word_number_in_verse": 2,
        "language_code": "bn",
        "text": "অভাবী",
        "root_word": "عَآئِلٗا",
        "global_word_sequence_number": 76771,
        "global_verse_sequence_number": 6087
    },
    {
        "chapter": 93,
        "verse": 8,
        "juz": 30,
        "hizb": 238,
        "manzil": 7,
        "ruku": 535,
        "word_number_in_verse": 3,
        "language_code": "bn",
        "text": "অতঃপর অভাবমুক্ত করলেন",
        "root_word": "فَأَغۡنَىٰ",
        "global_word_sequence_number": 76772,
        "global_verse_sequence_number": 6087
    },
    {
        "chapter": 93,
        "verse": 9,
        "juz": 30,
        "hizb": 238,
        "manzil": 7,
        "ruku": 535,
        "word_number_in_verse": 1,
        "language_code": "bn",
        "text": "সুতরাং ক্ষেত্রে",
        "root_word": "فَأَمَّا",
        "global_word_sequence_number": 76773,
        "global_verse_sequence_number": 6088
    },
    {
        "chapter": 93,
        "verse": 9,
        "juz": 30,
        "hizb": 238,
        "manzil": 7,
        "ruku": 535,
        "word_number_in_verse": 2,
        "language_code": "bn",
        "text": "ইয়াতীমের",
        "root_word": "الۡيَتِيمَ",
        "global_word_sequence_number": 76774,
        "global_verse_sequence_number": 6088
    },
    {
        "chapter": 93,
        "verse": 9,
        "juz": 30,
        "hizb": 238,
        "manzil": 7,
        "ruku": 535,
        "word_number_in_verse": 3,
        "language_code": "bn",
        "text": "তাই না",
        "root_word": "فَلَا",
        "global_word_sequence_number": 76775,
        "global_verse_sequence_number": 6088
    },
    {
        "chapter": 93,
        "verse": 9,
        "juz": 30,
        "hizb": 238,
        "manzil": 7,
        "ruku": 535,
        "word_number_in_verse": 4,
        "language_code": "bn",
        "text": "কঠোর হয়ো",
        "root_word": "تَقۡهَرۡ",
        "global_word_sequence_number": 76776,
        "global_verse_sequence_number": 6088
    },
    {
        "chapter": 93,
        "verse": 10,
        "juz": 30,
        "hizb": 238,
        "manzil": 7,
        "ruku": 535,
        "word_number_in_verse": 1,
        "language_code": "bn",
        "text": "আর ক্ষেত্রে",
        "root_word": "وَأَمَّا",
        "global_word_sequence_number": 76777,
        "global_verse_sequence_number": 6089
    },
    {
        "chapter": 93,
        "verse": 10,
        "juz": 30,
        "hizb": 238,
        "manzil": 7,
        "ruku": 535,
        "word_number_in_verse": 2,
        "language_code": "bn",
        "text": "প্রার্থীর",
        "root_word": "السَّآئِلَ",
        "global_word_sequence_number": 76778,
        "global_verse_sequence_number": 6089
    },
    {
        "chapter": 93,
        "verse": 10,
        "juz": 30,
        "hizb": 238,
        "manzil": 7,
        "ruku": 535,
        "word_number_in_verse": 3,
        "language_code": "bn",
        "text": "তাই না",
        "root_word": "فَلَا",
        "global_word_sequence_number": 76779,
        "global_verse_sequence_number": 6089
    },
    {
        "chapter": 93,
        "verse": 10,
        "juz": 30,
        "hizb": 238,
        "manzil": 7,
        "ruku": 535,
        "word_number_in_verse": 4,
        "language_code": "bn",
        "text": "তিরস্কার করো",
        "root_word": "تَنۡهَرۡ",
        "global_word_sequence_number": 76780,
        "global_verse_sequence_number": 6089
    },
    {
        "chapter": 93,
        "verse": 11,
        "juz": 30,
        "hizb": 238,
        "manzil": 7,
        "ruku": 535,
        "word_number_in_verse": 1,
        "language_code": "bn",
        "text": "আর প্রসঙ্গ",
        "root_word": "وَأَمَّا",
        "global_word_sequence_number": 76781,
        "global_verse_sequence_number": 6090
    },
    {
        "chapter": 93,
        "verse": 11,
        "juz": 30,
        "hizb": 238,
        "manzil": 7,
        "ruku": 535,
        "word_number_in_verse": 2,
        "language_code": "bn",
        "text": "অনুগ্রহের",
        "root_word": "بِنِعۡمَةِ",
        "global_word_sequence_number": 76782,
        "global_verse_sequence_number": 6090
    },
    {
        "chapter": 93,
        "verse": 11,
        "juz": 30,
        "hizb": 238,
        "manzil": 7,
        "ruku": 535,
        "word_number_in_verse": 3,
        "language_code": "bn",
        "text": "তোমার রবের",
        "root_word": "رَبِّكَ",
        "global_word_sequence_number": 76783,
        "global_verse_sequence_number": 6090
    },
    {
        "chapter": 93,
        "verse": 11,
        "juz": 30,
        "hizb": 238,
        "manzil": 7,
        "ruku": 535,
        "word_number_in_verse": 4,
        "language_code": "bn",
        "text": "অতঃপর বর্ণনা করো",
        "root_word": "فَحَدِّثۡ",
        "global_word_sequence_number": 76784,
        "global_verse_sequence_number": 6090
    }
]