[
    {
        "chapter": 94,
        "verse": 1,
        "juz": 30,
        "hizb": 239,
        "manzil": 7,
        "ruku": 536,
        "word_number_in_verse": 1,
        "language_code": "bn",
        "text": "করি দিই নি?",
        "root_word": "أَلَمۡ",
        "global_word_sequence_number": 76785,
        "global_verse_sequence_number": 6091
    },
    {
        "chapter": 94,
        "verse": 1,
        "juz": 30,
        "hizb": 239,
        "manzil": 7,
        "ruku": 536,
        "word_number_in_verse": 2,
        "language_code": "bn",
        "text": "আমরা উন্মুক্ত",
        "root_word": "نَشۡرَحۡ",
        "global_word_sequence_number": 76786,
        "global_verse_sequence_number": 6091
    },
    {
        "chapter": 94,
        "verse": 1,
        "juz": 30,
        "hizb": 239,
        "manzil": 7,
        "ruku": 536,
        "word_number_in_verse": 3,
        "language_code": "bn",
        "text": "তোমার জন্যে",
        "root_word": "لَكَ",
        "global_word_sequence_number": 76787,
        "global_verse_sequence_number": 6091
    },
    {
        "chapter": 94,
        "verse": 1,
        "juz": 30,
        "hizb": 239,
        "manzil": 7,
        "ruku": 536,
        "word_number_in_verse": 4,
        "language_code": "bn",
        "text": "তোমার বক্ষকে",
        "root_word": "صَدۡرَكَ",
        "global_word_sequence_number": 76788,
        "global_verse_sequence_number": 6091
    },
    {
        "chapter": 94,
        "verse": 2,
        "juz": 30,
        "hizb": 239,
        "manzil": 7,
        "ruku": 536,
        "word_number_in_verse": 1,
        "language_code": "bn",
        "text": "এবং আমরা নামিয়েছি",
        "root_word": "وَوَضَعۡنَا",
        "global_word_sequence_number": 76789,
        "global_verse_sequence_number": 6092
    },
    {
        "chapter": 94,
        "verse": 2,
        "juz": 30,
        "hizb": 239,
        "manzil": 7,
        "ruku": 536,
        "word_number_in_verse": 2,
        "language_code": "bn",
        "text": "তোমার থেকে",
        "root_word": "عَنكَ",
        "global_word_sequence_number": 76790,
        "global_verse_sequence_number": 6092
    },
    {
        "chapter": 94,
        "verse": 2,
        "juz": 30,
        "hizb": 239,
        "manzil": 7,
        "ruku": 536,
        "word_number_in_verse": 3,
        "language_code": "bn",
        "text": "তোমার ভার",
        "root_word": "وِزۡرَكَ",
        "global_word_sequence_number": 76791,
        "global_verse_sequence_number": 6092
    },
    {
        "chapter": 94,
        "verse": 3,
        "juz": 30,
        "hizb": 239,
        "manzil": 7,
        "ruku": 536,
        "word_number_in_verse": 1,
        "language_code": "bn",
        "text": "যা",
        "root_word": "الَّذِيٓ",
        "global_word_sequence_number": 76792,
        "global_verse_sequence_number": 6093
    },
    {
        "chapter": 94,
        "verse": 3,
        "juz": 30,
        "hizb": 239,
        "manzil": 7,
        "ruku": 536,
        "word_number_in_verse": 2,
        "language_code": "bn",
        "text": "ভেঙ্গে দিচ্ছিলো",
        "root_word": "أَنقَضَ",
        "global_word_sequence_number": 76793,
        "global_verse_sequence_number": 6093
    },
    {
        "chapter": 94,
        "verse": 3,
        "juz": 30,
        "hizb": 239,
        "manzil": 7,
        "ruku": 536,
        "word_number_in_verse": 3,
        "language_code": "bn",
        "text": "তোমার পিঠ",
        "root_word": "ظَهۡرَكَ",
        "global_word_sequence_number": 76794,
        "global_verse_sequence_number": 6093
    },
    {
        "chapter": 94,
        "verse": 4,
        "juz": 30,
        "hizb": 239,
        "manzil": 7,
        "ruku": 536,
        "word_number_in_verse": 1,
        "language_code": "bn",
        "text": "ও আমরা সুউচ্চ করেছি",
        "root_word": "وَرَفَعۡنَا",
        "global_word_sequence_number": 76795,
        "global_verse_sequence_number": 6094
    },
    {
        "chapter": 94,
        "verse": 4,
        "juz": 30,
        "hizb": 239,
        "manzil": 7,
        "ruku": 536,
        "word_number_in_verse": 2,
        "language_code": "bn",
        "text": "তোমার জন্যে",
        "root_word": "لَكَ",
        "global_word_sequence_number": 76796,
        "global_verse_sequence_number": 6094
    },
    {
        "chapter": 94,
        "verse": 4,
        "juz": 30,
        "hizb": 239,
        "manzil": 7,
        "ruku": 536,
        "word_number_in_verse": 3,
        "language_code": "bn",
        "text": "তোমার খ্যাতি/ স্মরণকে",
        "root_word": "ذِكۡرَكَ",
        "global_word_sequence_number": 76797,
        "global_verse_sequence_number": 6094
    },
    {
        "chapter": 94,
        "verse": 5,
        "juz": 30,
        "hizb": 239,
        "manzil": 7,
        "ruku": 536,
        "word_number_in_verse": 1,
        "language_code": "bn",
        "text": "অতএব নিশ্চয়ই",
        "root_word": "فَإِنَّ",
        "global_word_sequence_number": 76798,
        "global_verse_sequence_number": 6095
    },
    {
        "chapter": 94,
        "verse": 5,
        "juz": 30,
        "hizb": 239,
        "manzil": 7,
        "ruku": 536,
        "word_number_in_verse": 2,
        "language_code": "bn",
        "text": "সাথে",
        "root_word": "مَعَ",
        "global_word_sequence_number": 76799,
        "global_verse_sequence_number": 6095
    },
    {
        "chapter": 94,
        "verse": 5,
        "juz": 30,
        "hizb": 239,
        "manzil": 7,
        "ruku": 536,
        "word_number_in_verse": 3,
        "language_code": "bn",
        "text": "কষ্টের",
        "root_word": "الۡعُسۡرِ",
        "global_word_sequence_number": 76800,
        "global_verse_sequence_number": 6095
    },
    {
        "chapter": 94,
        "verse": 5,
        "juz": 30,
        "hizb": 239,
        "manzil": 7,
        "ruku": 536,
        "word_number_in_verse": 4,
        "language_code": "bn",
        "text": "স্বস্তি (আছে)",
        "root_word": "يُسۡرًا",
        "global_word_sequence_number": 76801,
        "global_verse_sequence_number": 6095
    },
    {
        "chapter": 94,
        "verse": 6,
        "juz": 30,
        "hizb": 239,
        "manzil": 7,
        "ruku": 536,
        "word_number_in_verse": 1,
        "language_code": "bn",
        "text": "নিশ্চয়ই",
        "root_word": "إِنَّ",
        "global_word_sequence_number": 76802,
        "global_verse_sequence_number": 6096
    },
    {
        "chapter": 94,
        "verse": 6,
        "juz": 30,
        "hizb": 239,
        "manzil": 7,
        "ruku": 536,
        "word_number_in_verse": 2,
        "language_code": "bn",
        "text": "সাথে",
        "root_word": "مَعَ",
        "global_word_sequence_number": 76803,
        "global_verse_sequence_number": 6096
    },
    {
        "chapter": 94,
        "verse": 6,
        "juz": 30,
        "hizb": 239,
        "manzil": 7,
        "ruku": 536,
        "word_number_in_verse": 3,
        "language_code": "bn",
        "text": "কষ্টের",
        "root_word": "الۡعُسۡرِ",
        "global_word_sequence_number": 76804,
        "global_verse_sequence_number": 6096
    },
    {
        "chapter": 94,
        "verse": 6,
        "juz": 30,
        "hizb": 239,
        "manzil": 7,
        "ruku": 536,
        "word_number_in_verse": 4,
        "language_code": "bn",
        "text": "স্বস্তি (আছে)",
        "root_word": "يُسۡرٗا",
        "global_word_sequence_number": 76805,
        "global_verse_sequence_number": 6096
    },
    {
        "chapter": 94,
        "verse": 7,
        "juz": 30,
        "hizb": 239,
        "manzil": 7,
        "ruku": 536,
        "word_number_in_verse": 1,
        "language_code": "bn",
        "text": "অতএব যখনই",
        "root_word": "فَإِذَا",
        "global_word_sequence_number": 76806,
        "global_verse_sequence_number": 6097
    },
    {
        "chapter": 94,
        "verse": 7,
        "juz": 30,
        "hizb": 239,
        "manzil": 7,
        "ruku": 536,
        "word_number_in_verse": 2,
        "language_code": "bn",
        "text": "তুমি অবসর হও",
        "root_word": "فَرَغۡتَ",
        "global_word_sequence_number": 76807,
        "global_verse_sequence_number": 6097
    },
    {
        "chapter": 94,
        "verse": 7,
        "juz": 30,
        "hizb": 239,
        "manzil": 7,
        "ruku": 536,
        "word_number_in_verse": 3,
        "language_code": "bn",
        "text": "তুমি তখন ইবাদাত করো",
        "root_word": "فَانصَبۡ",
        "global_word_sequence_number": 76808,
        "global_verse_sequence_number": 6097
    },
    {
        "chapter": 94,
        "verse": 8,
        "juz": 30,
        "hizb": 239,
        "manzil": 7,
        "ruku": 536,
        "word_number_in_verse": 1,
        "language_code": "bn",
        "text": "এবং প্রতি",
        "root_word": "وَإِلَىٰ",
        "global_word_sequence_number": 76809,
        "global_verse_sequence_number": 6098
    },
    {
        "chapter": 94,
        "verse": 8,
        "juz": 30,
        "hizb": 239,
        "manzil": 7,
        "ruku": 536,
        "word_number_in_verse": 2,
        "language_code": "bn",
        "text": "তোমার রবের",
        "root_word": "رَبِّكَ",
        "global_word_sequence_number": 76810,
        "global_verse_sequence_number": 6098
    },
    {
        "chapter": 94,
        "verse": 8,
        "juz": 30,
        "hizb": 239,
        "manzil": 7,
        "ruku": 536,
        "word_number_in_verse": 3,
        "language_code": "bn",
        "text": "তখন মনোনিবেশ করো",
        "root_word": "فَارۡغَب",
        "global_word_sequence_number": 76811,
        "global_verse_sequence_number": 6098
    }
]