[
    {
        "chapter": 95,
        "verse": 1,
        "juz": 30,
        "hizb": 239,
        "manzil": 7,
        "ruku": 537,
        "word_number_in_verse": 1,
        "language_code": "bn",
        "text": "শপথ তীন (ডুমুর)",
        "root_word": "وَالتِّينِ",
        "global_word_sequence_number": 76812,
        "global_verse_sequence_number": 6099
    },
    {
        "chapter": 95,
        "verse": 1,
        "juz": 30,
        "hizb": 239,
        "manzil": 7,
        "ruku": 537,
        "word_number_in_verse": 2,
        "language_code": "bn",
        "text": "এবং যয়তুনের (জলপাই)",
        "root_word": "وَالزَّيۡتُونِ",
        "global_word_sequence_number": 76813,
        "global_verse_sequence_number": 6099
    },
    {
        "chapter": 95,
        "verse": 2,
        "juz": 30,
        "hizb": 239,
        "manzil": 7,
        "ruku": 537,
        "word_number_in_verse": 1,
        "language_code": "bn",
        "text": "শপথ তুর পর্বতের",
        "root_word": "وَطُورِ",
        "global_word_sequence_number": 76814,
        "global_verse_sequence_number": 6100
    },
    {
        "chapter": 95,
        "verse": 2,
        "juz": 30,
        "hizb": 239,
        "manzil": 7,
        "ruku": 537,
        "word_number_in_verse": 2,
        "language_code": "bn",
        "text": "সিনাই",
        "root_word": "سِينِينَ",
        "global_word_sequence_number": 76815,
        "global_verse_sequence_number": 6100
    },
    {
        "chapter": 95,
        "verse": 3,
        "juz": 30,
        "hizb": 239,
        "manzil": 7,
        "ruku": 537,
        "word_number_in_verse": 1,
        "language_code": "bn",
        "text": "শপথ এই",
        "root_word": "وَهَٰذَا",
        "global_word_sequence_number": 76816,
        "global_verse_sequence_number": 6101
    },
    {
        "chapter": 95,
        "verse": 3,
        "juz": 30,
        "hizb": 239,
        "manzil": 7,
        "ruku": 537,
        "word_number_in_verse": 2,
        "language_code": "bn",
        "text": "নগরীর",
        "root_word": "الۡبَلَدِ",
        "global_word_sequence_number": 76817,
        "global_verse_sequence_number": 6101
    },
    {
        "chapter": 95,
        "verse": 3,
        "juz": 30,
        "hizb": 239,
        "manzil": 7,
        "ruku": 537,
        "word_number_in_verse": 3,
        "language_code": "bn",
        "text": "নিরাপদ",
        "root_word": "الۡأَمِينِ",
        "global_word_sequence_number": 76818,
        "global_verse_sequence_number": 6101
    },
    {
        "chapter": 95,
        "verse": 4,
        "juz": 30,
        "hizb": 239,
        "manzil": 7,
        "ruku": 537,
        "word_number_in_verse": 1,
        "language_code": "bn",
        "text": "নিশ্চয়ই",
        "root_word": "لَقَدۡ",
        "global_word_sequence_number": 76819,
        "global_verse_sequence_number": 6102
    },
    {
        "chapter": 95,
        "verse": 4,
        "juz": 30,
        "hizb": 239,
        "manzil": 7,
        "ruku": 537,
        "word_number_in_verse": 2,
        "language_code": "bn",
        "text": "আমরা সৃষ্টি করেছি",
        "root_word": "خَلَقۡنَا",
        "global_word_sequence_number": 76820,
        "global_verse_sequence_number": 6102
    },
    {
        "chapter": 95,
        "verse": 4,
        "juz": 30,
        "hizb": 239,
        "manzil": 7,
        "ruku": 537,
        "word_number_in_verse": 3,
        "language_code": "bn",
        "text": "মানুষকে",
        "root_word": "الۡإِنسَٰنَ",
        "global_word_sequence_number": 76821,
        "global_verse_sequence_number": 6102
    },
    {
        "chapter": 95,
        "verse": 4,
        "juz": 30,
        "hizb": 239,
        "manzil": 7,
        "ruku": 537,
        "word_number_in_verse": 4,
        "language_code": "bn",
        "text": "মধ্যে",
        "root_word": "فِيٓ",
        "global_word_sequence_number": 76822,
        "global_verse_sequence_number": 6102
    },
    {
        "chapter": 95,
        "verse": 4,
        "juz": 30,
        "hizb": 239,
        "manzil": 7,
        "ruku": 537,
        "word_number_in_verse": 5,
        "language_code": "bn",
        "text": "সুন্দরতম",
        "root_word": "أَحۡسَنِ",
        "global_word_sequence_number": 76823,
        "global_verse_sequence_number": 6102
    },
    {
        "chapter": 95,
        "verse": 4,
        "juz": 30,
        "hizb": 239,
        "manzil": 7,
        "ruku": 537,
        "word_number_in_verse": 6,
        "language_code": "bn",
        "text": "গঠনে",
        "root_word": "تَقۡوِيمٖ",
        "global_word_sequence_number": 76824,
        "global_verse_sequence_number": 6102
    },
    {
        "chapter": 95,
        "verse": 5,
        "juz": 30,
        "hizb": 239,
        "manzil": 7,
        "ruku": 537,
        "word_number_in_verse": 1,
        "language_code": "bn",
        "text": "এরপরে",
        "root_word": "ثُمَّ",
        "global_word_sequence_number": 76825,
        "global_verse_sequence_number": 6103
    },
    {
        "chapter": 95,
        "verse": 5,
        "juz": 30,
        "hizb": 239,
        "manzil": 7,
        "ruku": 537,
        "word_number_in_verse": 2,
        "language_code": "bn",
        "text": "আমরা তাকে ফিরিয়ে দিয়েছি",
        "root_word": "رَدَدۡنَٰهُ",
        "global_word_sequence_number": 76826,
        "global_verse_sequence_number": 6103
    },
    {
        "chapter": 95,
        "verse": 5,
        "juz": 30,
        "hizb": 239,
        "manzil": 7,
        "ruku": 537,
        "word_number_in_verse": 3,
        "language_code": "bn",
        "text": "অতি নীচে",
        "root_word": "أَسۡفَلَ",
        "global_word_sequence_number": 76827,
        "global_verse_sequence_number": 6103
    },
    {
        "chapter": 95,
        "verse": 5,
        "juz": 30,
        "hizb": 239,
        "manzil": 7,
        "ruku": 537,
        "word_number_in_verse": 4,
        "language_code": "bn",
        "text": "সব নীচুর",
        "root_word": "سَٰفِلِينَ",
        "global_word_sequence_number": 76828,
        "global_verse_sequence_number": 6103
    },
    {
        "chapter": 95,
        "verse": 6,
        "juz": 30,
        "hizb": 239,
        "manzil": 7,
        "ruku": 537,
        "word_number_in_verse": 1,
        "language_code": "bn",
        "text": "(তবে) ব্যতিক্রম",
        "root_word": "إِلَّا",
        "global_word_sequence_number": 76829,
        "global_verse_sequence_number": 6104
    },
    {
        "chapter": 95,
        "verse": 6,
        "juz": 30,
        "hizb": 239,
        "manzil": 7,
        "ruku": 537,
        "word_number_in_verse": 2,
        "language_code": "bn",
        "text": "(তাদের) যারা",
        "root_word": "الَّذِينَ",
        "global_word_sequence_number": 76830,
        "global_verse_sequence_number": 6104
    },
    {
        "chapter": 95,
        "verse": 6,
        "juz": 30,
        "hizb": 239,
        "manzil": 7,
        "ruku": 537,
        "word_number_in_verse": 3,
        "language_code": "bn",
        "text": "ঈমান এনেছে",
        "root_word": "ءَامَنُواْ",
        "global_word_sequence_number": 76831,
        "global_verse_sequence_number": 6104
    },
    {
        "chapter": 95,
        "verse": 6,
        "juz": 30,
        "hizb": 239,
        "manzil": 7,
        "ruku": 537,
        "word_number_in_verse": 4,
        "language_code": "bn",
        "text": "এবং করেছে",
        "root_word": "وَعَمِلُواْ",
        "global_word_sequence_number": 76832,
        "global_verse_sequence_number": 6104
    },
    {
        "chapter": 95,
        "verse": 6,
        "juz": 30,
        "hizb": 239,
        "manzil": 7,
        "ruku": 537,
        "word_number_in_verse": 5,
        "language_code": "bn",
        "text": "সৎকর্ম",
        "root_word": "الصَّٰلِحَٰتِ",
        "global_word_sequence_number": 76833,
        "global_verse_sequence_number": 6104
    },
    {
        "chapter": 95,
        "verse": 6,
        "juz": 30,
        "hizb": 239,
        "manzil": 7,
        "ruku": 537,
        "word_number_in_verse": 6,
        "language_code": "bn",
        "text": "তাদের জন্য (রয়েছে)",
        "root_word": "فَلَهُمۡ",
        "global_word_sequence_number": 76834,
        "global_verse_sequence_number": 6104
    },
    {
        "chapter": 95,
        "verse": 6,
        "juz": 30,
        "hizb": 239,
        "manzil": 7,
        "ruku": 537,
        "word_number_in_verse": 7,
        "language_code": "bn",
        "text": "প্রতিফল",
        "root_word": "أَجۡرٌ",
        "global_word_sequence_number": 76835,
        "global_verse_sequence_number": 6104
    },
    {
        "chapter": 95,
        "verse": 6,
        "juz": 30,
        "hizb": 239,
        "manzil": 7,
        "ruku": 537,
        "word_number_in_verse": 8,
        "language_code": "bn",
        "text": "অশেষ",
        "root_word": "غَيۡرُ",
        "global_word_sequence_number": 76836,
        "global_verse_sequence_number": 6104
    },
    {
        "chapter": 95,
        "verse": 6,
        "juz": 30,
        "hizb": 239,
        "manzil": 7,
        "ruku": 537,
        "word_number_in_verse": 9,
        "language_code": "bn",
        "text": "অশেষ",
        "root_word": "مَمۡنُونٖ",
        "global_word_sequence_number": 76837,
        "global_verse_sequence_number": 6104
    },
    {
        "chapter": 95,
        "verse": 7,
        "juz": 30,
        "hizb": 239,
        "manzil": 7,
        "ruku": 537,
        "word_number_in_verse": 1,
        "language_code": "bn",
        "text": "সুতরাং কিসে",
        "root_word": "فَمَا",
        "global_word_sequence_number": 76838,
        "global_verse_sequence_number": 6105
    },
    {
        "chapter": 95,
        "verse": 7,
        "juz": 30,
        "hizb": 239,
        "manzil": 7,
        "ruku": 537,
        "word_number_in_verse": 2,
        "language_code": "bn",
        "text": "তোমাকে অস্বীকার করায়",
        "root_word": "يُكَذِّبُكَ",
        "global_word_sequence_number": 76839,
        "global_verse_sequence_number": 6105
    },
    {
        "chapter": 95,
        "verse": 7,
        "juz": 30,
        "hizb": 239,
        "manzil": 7,
        "ruku": 537,
        "word_number_in_verse": 3,
        "language_code": "bn",
        "text": "এরপরে",
        "root_word": "بَعۡدُ",
        "global_word_sequence_number": 76840,
        "global_verse_sequence_number": 6105
    },
    {
        "chapter": 95,
        "verse": 7,
        "juz": 30,
        "hizb": 239,
        "manzil": 7,
        "ruku": 537,
        "word_number_in_verse": 4,
        "language_code": "bn",
        "text": "বিচার দিনের ব্যাপারে",
        "root_word": "بِالدِّينِ",
        "global_word_sequence_number": 76841,
        "global_verse_sequence_number": 6105
    },
    {
        "chapter": 95,
        "verse": 8,
        "juz": 30,
        "hizb": 239,
        "manzil": 7,
        "ruku": 537,
        "word_number_in_verse": 1,
        "language_code": "bn",
        "text": "নন কি",
        "root_word": "أَلَيۡسَ",
        "global_word_sequence_number": 76842,
        "global_verse_sequence_number": 6106
    },
    {
        "chapter": 95,
        "verse": 8,
        "juz": 30,
        "hizb": 239,
        "manzil": 7,
        "ruku": 537,
        "word_number_in_verse": 2,
        "language_code": "bn",
        "text": "আল্লাহ",
        "root_word": "اللَّهُ",
        "global_word_sequence_number": 76843,
        "global_verse_sequence_number": 6106
    },
    {
        "chapter": 95,
        "verse": 8,
        "juz": 30,
        "hizb": 239,
        "manzil": 7,
        "ruku": 537,
        "word_number_in_verse": 3,
        "language_code": "bn",
        "text": "শ্রেষ্ঠ বিচারক",
        "root_word": "بِأَحۡكَمِ",
        "global_word_sequence_number": 76844,
        "global_verse_sequence_number": 6106
    },
    {
        "chapter": 95,
        "verse": 8,
        "juz": 30,
        "hizb": 239,
        "manzil": 7,
        "ruku": 537,
        "word_number_in_verse": 4,
        "language_code": "bn",
        "text": "সব বিচারকের",
        "root_word": "الۡحَٰكِمِينَ",
        "global_word_sequence_number": 76845,
        "global_verse_sequence_number": 6106
    }
]