[
    {
        "chapter": 96,
        "verse": 1,
        "juz": 30,
        "hizb": 239,
        "manzil": 7,
        "ruku": 538,
        "word_number_in_verse": 1,
        "language_code": "bn",
        "text": "(হে নবী) পড়",
        "root_word": "اقۡرَأۡ",
        "global_word_sequence_number": 76846,
        "global_verse_sequence_number": 6107
    },
    {
        "chapter": 96,
        "verse": 1,
        "juz": 30,
        "hizb": 239,
        "manzil": 7,
        "ruku": 538,
        "word_number_in_verse": 2,
        "language_code": "bn",
        "text": "নামে",
        "root_word": "بِاسۡمِ",
        "global_word_sequence_number": 76847,
        "global_verse_sequence_number": 6107
    },
    {
        "chapter": 96,
        "verse": 1,
        "juz": 30,
        "hizb": 239,
        "manzil": 7,
        "ruku": 538,
        "word_number_in_verse": 3,
        "language_code": "bn",
        "text": "তোমার রবের",
        "root_word": "رَبِّكَ",
        "global_word_sequence_number": 76848,
        "global_verse_sequence_number": 6107
    },
    {
        "chapter": 96,
        "verse": 1,
        "juz": 30,
        "hizb": 239,
        "manzil": 7,
        "ruku": 538,
        "word_number_in_verse": 4,
        "language_code": "bn",
        "text": "যিনি",
        "root_word": "الَّذِي",
        "global_word_sequence_number": 76849,
        "global_verse_sequence_number": 6107
    },
    {
        "chapter": 96,
        "verse": 1,
        "juz": 30,
        "hizb": 239,
        "manzil": 7,
        "ruku": 538,
        "word_number_in_verse": 5,
        "language_code": "bn",
        "text": "সৃষ্টি করেছেন",
        "root_word": "خَلَقَ",
        "global_word_sequence_number": 76850,
        "global_verse_sequence_number": 6107
    },
    {
        "chapter": 96,
        "verse": 2,
        "juz": 30,
        "hizb": 239,
        "manzil": 7,
        "ruku": 538,
        "word_number_in_verse": 1,
        "language_code": "bn",
        "text": "সৃষ্টি করেছেন",
        "root_word": "خَلَقَ",
        "global_word_sequence_number": 76851,
        "global_verse_sequence_number": 6108
    },
    {
        "chapter": 96,
        "verse": 2,
        "juz": 30,
        "hizb": 239,
        "manzil": 7,
        "ruku": 538,
        "word_number_in_verse": 2,
        "language_code": "bn",
        "text": "মানুষকে",
        "root_word": "الۡإِنسَٰنَ",
        "global_word_sequence_number": 76852,
        "global_verse_sequence_number": 6108
    },
    {
        "chapter": 96,
        "verse": 2,
        "juz": 30,
        "hizb": 239,
        "manzil": 7,
        "ruku": 538,
        "word_number_in_verse": 3,
        "language_code": "bn",
        "text": "থেকে",
        "root_word": "مِنۡ",
        "global_word_sequence_number": 76853,
        "global_verse_sequence_number": 6108
    },
    {
        "chapter": 96,
        "verse": 2,
        "juz": 30,
        "hizb": 239,
        "manzil": 7,
        "ruku": 538,
        "word_number_in_verse": 4,
        "language_code": "bn",
        "text": "জমাট রক্তপিণ্ড",
        "root_word": "عَلَقٍ",
        "global_word_sequence_number": 76854,
        "global_verse_sequence_number": 6108
    },
    {
        "chapter": 96,
        "verse": 3,
        "juz": 30,
        "hizb": 239,
        "manzil": 7,
        "ruku": 538,
        "word_number_in_verse": 1,
        "language_code": "bn",
        "text": "পড়",
        "root_word": "اقۡرَأۡ",
        "global_word_sequence_number": 76855,
        "global_verse_sequence_number": 6109
    },
    {
        "chapter": 96,
        "verse": 3,
        "juz": 30,
        "hizb": 239,
        "manzil": 7,
        "ruku": 538,
        "word_number_in_verse": 2,
        "language_code": "bn",
        "text": "আর তোমার রব",
        "root_word": "وَرَبُّكَ",
        "global_word_sequence_number": 76856,
        "global_verse_sequence_number": 6109
    },
    {
        "chapter": 96,
        "verse": 3,
        "juz": 30,
        "hizb": 239,
        "manzil": 7,
        "ruku": 538,
        "word_number_in_verse": 3,
        "language_code": "bn",
        "text": "বড়ই অনুগ্রহশীল",
        "root_word": "الۡأَكۡرَمُ",
        "global_word_sequence_number": 76857,
        "global_verse_sequence_number": 6109
    },
    {
        "chapter": 96,
        "verse": 4,
        "juz": 30,
        "hizb": 239,
        "manzil": 7,
        "ruku": 538,
        "word_number_in_verse": 1,
        "language_code": "bn",
        "text": "যিনি",
        "root_word": "الَّذِي",
        "global_word_sequence_number": 76858,
        "global_verse_sequence_number": 6110
    },
    {
        "chapter": 96,
        "verse": 4,
        "juz": 30,
        "hizb": 239,
        "manzil": 7,
        "ruku": 538,
        "word_number_in_verse": 2,
        "language_code": "bn",
        "text": "শিখিয়েছেন",
        "root_word": "عَلَّمَ",
        "global_word_sequence_number": 76859,
        "global_verse_sequence_number": 6110
    },
    {
        "chapter": 96,
        "verse": 4,
        "juz": 30,
        "hizb": 239,
        "manzil": 7,
        "ruku": 538,
        "word_number_in_verse": 3,
        "language_code": "bn",
        "text": "কলম দিয়ে",
        "root_word": "بِالۡقَلَمِ",
        "global_word_sequence_number": 76860,
        "global_verse_sequence_number": 6110
    },
    {
        "chapter": 96,
        "verse": 5,
        "juz": 30,
        "hizb": 239,
        "manzil": 7,
        "ruku": 538,
        "word_number_in_verse": 1,
        "language_code": "bn",
        "text": "শিখিয়েছেন",
        "root_word": "عَلَّمَ",
        "global_word_sequence_number": 76861,
        "global_verse_sequence_number": 6111
    },
    {
        "chapter": 96,
        "verse": 5,
        "juz": 30,
        "hizb": 239,
        "manzil": 7,
        "ruku": 538,
        "word_number_in_verse": 2,
        "language_code": "bn",
        "text": "মানুষকে (এমন জ্ঞান)",
        "root_word": "الۡإِنسَٰنَ",
        "global_word_sequence_number": 76862,
        "global_verse_sequence_number": 6111
    },
    {
        "chapter": 96,
        "verse": 5,
        "juz": 30,
        "hizb": 239,
        "manzil": 7,
        "ruku": 538,
        "word_number_in_verse": 3,
        "language_code": "bn",
        "text": "যা",
        "root_word": "مَا",
        "global_word_sequence_number": 76863,
        "global_verse_sequence_number": 6111
    },
    {
        "chapter": 96,
        "verse": 5,
        "juz": 30,
        "hizb": 239,
        "manzil": 7,
        "ruku": 538,
        "word_number_in_verse": 4,
        "language_code": "bn",
        "text": "না",
        "root_word": "لَمۡ",
        "global_word_sequence_number": 76864,
        "global_verse_sequence_number": 6111
    },
    {
        "chapter": 96,
        "verse": 5,
        "juz": 30,
        "hizb": 239,
        "manzil": 7,
        "ruku": 538,
        "word_number_in_verse": 5,
        "language_code": "bn",
        "text": "সে জানতো",
        "root_word": "يَعۡلَمۡ",
        "global_word_sequence_number": 76865,
        "global_verse_sequence_number": 6111
    },
    {
        "chapter": 96,
        "verse": 6,
        "juz": 30,
        "hizb": 239,
        "manzil": 7,
        "ruku": 538,
        "word_number_in_verse": 1,
        "language_code": "bn",
        "text": "কখনও নয়",
        "root_word": "كـَلَّآ",
        "global_word_sequence_number": 76866,
        "global_verse_sequence_number": 6112
    },
    {
        "chapter": 96,
        "verse": 6,
        "juz": 30,
        "hizb": 239,
        "manzil": 7,
        "ruku": 538,
        "word_number_in_verse": 2,
        "language_code": "bn",
        "text": "নিশ্চয়ই",
        "root_word": "إِنَّ",
        "global_word_sequence_number": 76867,
        "global_verse_sequence_number": 6112
    },
    {
        "chapter": 96,
        "verse": 6,
        "juz": 30,
        "hizb": 239,
        "manzil": 7,
        "ruku": 538,
        "word_number_in_verse": 3,
        "language_code": "bn",
        "text": "মানুষ",
        "root_word": "الۡإِنسَٰنَ",
        "global_word_sequence_number": 76868,
        "global_verse_sequence_number": 6112
    },
    {
        "chapter": 96,
        "verse": 6,
        "juz": 30,
        "hizb": 239,
        "manzil": 7,
        "ruku": 538,
        "word_number_in_verse": 4,
        "language_code": "bn",
        "text": "অবশ্যই সীমালঙ্ঘন করে",
        "root_word": "لَيَطۡغَىٰٓ",
        "global_word_sequence_number": 76869,
        "global_verse_sequence_number": 6112
    },
    {
        "chapter": 96,
        "verse": 7,
        "juz": 30,
        "hizb": 239,
        "manzil": 7,
        "ruku": 538,
        "word_number_in_verse": 1,
        "language_code": "bn",
        "text": "(এ কারণে) যে",
        "root_word": "أَن",
        "global_word_sequence_number": 76870,
        "global_verse_sequence_number": 6113
    },
    {
        "chapter": 96,
        "verse": 7,
        "juz": 30,
        "hizb": 239,
        "manzil": 7,
        "ruku": 538,
        "word_number_in_verse": 2,
        "language_code": "bn",
        "text": "নিজেকে মনে করে",
        "root_word": "رَّءَاهُ",
        "global_word_sequence_number": 76871,
        "global_verse_sequence_number": 6113
    },
    {
        "chapter": 96,
        "verse": 7,
        "juz": 30,
        "hizb": 239,
        "manzil": 7,
        "ruku": 538,
        "word_number_in_verse": 3,
        "language_code": "bn",
        "text": "অভাবমুক্ত",
        "root_word": "اسۡتَغۡنَىٰٓ",
        "global_word_sequence_number": 76872,
        "global_verse_sequence_number": 6113
    },
    {
        "chapter": 96,
        "verse": 8,
        "juz": 30,
        "hizb": 239,
        "manzil": 7,
        "ruku": 538,
        "word_number_in_verse": 1,
        "language_code": "bn",
        "text": "নিশ্চয়ই",
        "root_word": "إِنَّ",
        "global_word_sequence_number": 76873,
        "global_verse_sequence_number": 6114
    },
    {
        "chapter": 96,
        "verse": 8,
        "juz": 30,
        "hizb": 239,
        "manzil": 7,
        "ruku": 538,
        "word_number_in_verse": 2,
        "language_code": "bn",
        "text": "কাছে",
        "root_word": "إِلَىٰ",
        "global_word_sequence_number": 76874,
        "global_verse_sequence_number": 6114
    },
    {
        "chapter": 96,
        "verse": 8,
        "juz": 30,
        "hizb": 239,
        "manzil": 7,
        "ruku": 538,
        "word_number_in_verse": 3,
        "language_code": "bn",
        "text": "তোমার রবের",
        "root_word": "رَبِّكَ",
        "global_word_sequence_number": 76875,
        "global_verse_sequence_number": 6114
    },
    {
        "chapter": 96,
        "verse": 8,
        "juz": 30,
        "hizb": 239,
        "manzil": 7,
        "ruku": 538,
        "word_number_in_verse": 4,
        "language_code": "bn",
        "text": "প্রত্যাবর্তন হবে",
        "root_word": "الرُّجۡعَىٰٓ",
        "global_word_sequence_number": 76876,
        "global_verse_sequence_number": 6114
    },
    {
        "chapter": 96,
        "verse": 9,
        "juz": 30,
        "hizb": 239,
        "manzil": 7,
        "ruku": 538,
        "word_number_in_verse": 1,
        "language_code": "bn",
        "text": "তুমি দেখেছ কি",
        "root_word": "أَرَءَيۡتَ",
        "global_word_sequence_number": 76877,
        "global_verse_sequence_number": 6115
    },
    {
        "chapter": 96,
        "verse": 9,
        "juz": 30,
        "hizb": 239,
        "manzil": 7,
        "ruku": 538,
        "word_number_in_verse": 2,
        "language_code": "bn",
        "text": "(তাকে) যে",
        "root_word": "الَّذِي",
        "global_word_sequence_number": 76878,
        "global_verse_sequence_number": 6115
    },
    {
        "chapter": 96,
        "verse": 9,
        "juz": 30,
        "hizb": 239,
        "manzil": 7,
        "ruku": 538,
        "word_number_in_verse": 3,
        "language_code": "bn",
        "text": "বাধা দেয়",
        "root_word": "يَنۡهَىٰ",
        "global_word_sequence_number": 76879,
        "global_verse_sequence_number": 6115
    },
    {
        "chapter": 96,
        "verse": 10,
        "juz": 30,
        "hizb": 239,
        "manzil": 7,
        "ruku": 538,
        "word_number_in_verse": 1,
        "language_code": "bn",
        "text": "এক বান্দাকে",
        "root_word": "عَبۡدًا",
        "global_word_sequence_number": 76880,
        "global_verse_sequence_number": 6116
    },
    {
        "chapter": 96,
        "verse": 10,
        "juz": 30,
        "hizb": 239,
        "manzil": 7,
        "ruku": 538,
        "word_number_in_verse": 2,
        "language_code": "bn",
        "text": "যখন",
        "root_word": "إِذَا",
        "global_word_sequence_number": 76881,
        "global_verse_sequence_number": 6116
    },
    {
        "chapter": 96,
        "verse": 10,
        "juz": 30,
        "hizb": 239,
        "manzil": 7,
        "ruku": 538,
        "word_number_in_verse": 3,
        "language_code": "bn",
        "text": "সে সালাত পড়ে",
        "root_word": "صَلَّىٰٓ",
        "global_word_sequence_number": 76882,
        "global_verse_sequence_number": 6116
    },
    {
        "chapter": 96,
        "verse": 11,
        "juz": 30,
        "hizb": 239,
        "manzil": 7,
        "ruku": 538,
        "word_number_in_verse": 1,
        "language_code": "bn",
        "text": "তুমি (ভেবে) দেখেছ কি",
        "root_word": "أَرَءَيۡتَ",
        "global_word_sequence_number": 76883,
        "global_verse_sequence_number": 6117
    },
    {
        "chapter": 96,
        "verse": 11,
        "juz": 30,
        "hizb": 239,
        "manzil": 7,
        "ruku": 538,
        "word_number_in_verse": 2,
        "language_code": "bn",
        "text": "যদি",
        "root_word": "إِن",
        "global_word_sequence_number": 76884,
        "global_verse_sequence_number": 6117
    },
    {
        "chapter": 96,
        "verse": 11,
        "juz": 30,
        "hizb": 239,
        "manzil": 7,
        "ruku": 538,
        "word_number_in_verse": 3,
        "language_code": "bn",
        "text": "সে হয়",
        "root_word": "كَانَ",
        "global_word_sequence_number": 76885,
        "global_verse_sequence_number": 6117
    },
    {
        "chapter": 96,
        "verse": 11,
        "juz": 30,
        "hizb": 239,
        "manzil": 7,
        "ruku": 538,
        "word_number_in_verse": 4,
        "language_code": "bn",
        "text": "উপর",
        "root_word": "عَلَى",
        "global_word_sequence_number": 76886,
        "global_verse_sequence_number": 6117
    },
    {
        "chapter": 96,
        "verse": 11,
        "juz": 30,
        "hizb": 239,
        "manzil": 7,
        "ruku": 538,
        "word_number_in_verse": 5,
        "language_code": "bn",
        "text": "সঠিক পথের",
        "root_word": "الۡهُدَىٰٓ",
        "global_word_sequence_number": 76887,
        "global_verse_sequence_number": 6117
    },
    {
        "chapter": 96,
        "verse": 12,
        "juz": 30,
        "hizb": 239,
        "manzil": 7,
        "ruku": 538,
        "word_number_in_verse": 1,
        "language_code": "bn",
        "text": "অথবা",
        "root_word": "أَوۡ",
        "global_word_sequence_number": 76888,
        "global_verse_sequence_number": 6118
    },
    {
        "chapter": 96,
        "verse": 12,
        "juz": 30,
        "hizb": 239,
        "manzil": 7,
        "ruku": 538,
        "word_number_in_verse": 2,
        "language_code": "bn",
        "text": "নির্দেশ দেয়",
        "root_word": "أَمَرَ",
        "global_word_sequence_number": 76889,
        "global_verse_sequence_number": 6118
    },
    {
        "chapter": 96,
        "verse": 12,
        "juz": 30,
        "hizb": 239,
        "manzil": 7,
        "ruku": 538,
        "word_number_in_verse": 3,
        "language_code": "bn",
        "text": "তাকওয়ার",
        "root_word": "بِالتَّقۡوَىٰٓ",
        "global_word_sequence_number": 76890,
        "global_verse_sequence_number": 6118
    },
    {
        "chapter": 96,
        "verse": 13,
        "juz": 30,
        "hizb": 239,
        "manzil": 7,
        "ruku": 538,
        "word_number_in_verse": 1,
        "language_code": "bn",
        "text": "তুমি (ভেবে) দেখেছ কি",
        "root_word": "أَرَءَيۡتَ",
        "global_word_sequence_number": 76891,
        "global_verse_sequence_number": 6119
    },
    {
        "chapter": 96,
        "verse": 13,
        "juz": 30,
        "hizb": 239,
        "manzil": 7,
        "ruku": 538,
        "word_number_in_verse": 2,
        "language_code": "bn",
        "text": "যদি",
        "root_word": "إِن",
        "global_word_sequence_number": 76892,
        "global_verse_sequence_number": 6119
    },
    {
        "chapter": 96,
        "verse": 13,
        "juz": 30,
        "hizb": 239,
        "manzil": 7,
        "ruku": 538,
        "word_number_in_verse": 3,
        "language_code": "bn",
        "text": "সে মিথ্যা আরোপ করে",
        "root_word": "كَذَّبَ",
        "global_word_sequence_number": 76893,
        "global_verse_sequence_number": 6119
    },
    {
        "chapter": 96,
        "verse": 13,
        "juz": 30,
        "hizb": 239,
        "manzil": 7,
        "ruku": 538,
        "word_number_in_verse": 4,
        "language_code": "bn",
        "text": "ও মুখ ফিরায় (কি পরিণাম হবে)",
        "root_word": "وَتَوَلَّىٰٓ",
        "global_word_sequence_number": 76894,
        "global_verse_sequence_number": 6119
    },
    {
        "chapter": 96,
        "verse": 14,
        "juz": 30,
        "hizb": 239,
        "manzil": 7,
        "ruku": 538,
        "word_number_in_verse": 1,
        "language_code": "bn",
        "text": "নাকি",
        "root_word": "أَلَمۡ",
        "global_word_sequence_number": 76895,
        "global_verse_sequence_number": 6120
    },
    {
        "chapter": 96,
        "verse": 14,
        "juz": 30,
        "hizb": 239,
        "manzil": 7,
        "ruku": 538,
        "word_number_in_verse": 2,
        "language_code": "bn",
        "text": "সে জানে",
        "root_word": "يَعۡلَم",
        "global_word_sequence_number": 76896,
        "global_verse_sequence_number": 6120
    },
    {
        "chapter": 96,
        "verse": 14,
        "juz": 30,
        "hizb": 239,
        "manzil": 7,
        "ruku": 538,
        "word_number_in_verse": 3,
        "language_code": "bn",
        "text": "যে",
        "root_word": "بِأَنَّ",
        "global_word_sequence_number": 76897,
        "global_verse_sequence_number": 6120
    },
    {
        "chapter": 96,
        "verse": 14,
        "juz": 30,
        "hizb": 239,
        "manzil": 7,
        "ruku": 538,
        "word_number_in_verse": 4,
        "language_code": "bn",
        "text": "আল্লাহ",
        "root_word": "اللَّهَ",
        "global_word_sequence_number": 76898,
        "global_verse_sequence_number": 6120
    },
    {
        "chapter": 96,
        "verse": 14,
        "juz": 30,
        "hizb": 239,
        "manzil": 7,
        "ruku": 538,
        "word_number_in_verse": 5,
        "language_code": "bn",
        "text": "দেখেন (সব কিছু)",
        "root_word": "يَرَىٰ",
        "global_word_sequence_number": 76899,
        "global_verse_sequence_number": 6120
    },
    {
        "chapter": 96,
        "verse": 15,
        "juz": 30,
        "hizb": 239,
        "manzil": 7,
        "ruku": 538,
        "word_number_in_verse": 1,
        "language_code": "bn",
        "text": "সাবধান",
        "root_word": "كـَلَّا",
        "global_word_sequence_number": 76900,
        "global_verse_sequence_number": 6121
    },
    {
        "chapter": 96,
        "verse": 15,
        "juz": 30,
        "hizb": 239,
        "manzil": 7,
        "ruku": 538,
        "word_number_in_verse": 2,
        "language_code": "bn",
        "text": "অবশ্যই যদি",
        "root_word": "لَئِن",
        "global_word_sequence_number": 76901,
        "global_verse_sequence_number": 6121
    },
    {
        "chapter": 96,
        "verse": 15,
        "juz": 30,
        "hizb": 239,
        "manzil": 7,
        "ruku": 538,
        "word_number_in_verse": 3,
        "language_code": "bn",
        "text": "না",
        "root_word": "لَّمۡ",
        "global_word_sequence_number": 76902,
        "global_verse_sequence_number": 6121
    },
    {
        "chapter": 96,
        "verse": 15,
        "juz": 30,
        "hizb": 239,
        "manzil": 7,
        "ruku": 538,
        "word_number_in_verse": 4,
        "language_code": "bn",
        "text": "সে বিরত হয়",
        "root_word": "يَنتَهِ",
        "global_word_sequence_number": 76903,
        "global_verse_sequence_number": 6121
    },
    {
        "chapter": 96,
        "verse": 15,
        "juz": 30,
        "hizb": 239,
        "manzil": 7,
        "ruku": 538,
        "word_number_in_verse": 5,
        "language_code": "bn",
        "text": "আমরা অবশ্যই টানবো",
        "root_word": "لَنَسۡفَعَۢا",
        "global_word_sequence_number": 76904,
        "global_verse_sequence_number": 6121
    },
    {
        "chapter": 96,
        "verse": 15,
        "juz": 30,
        "hizb": 239,
        "manzil": 7,
        "ruku": 538,
        "word_number_in_verse": 6,
        "language_code": "bn",
        "text": "মাথার সামনের চুল ধরে",
        "root_word": "بِالنَّاصِيَةِ",
        "global_word_sequence_number": 76905,
        "global_verse_sequence_number": 6121
    },
    {
        "chapter": 96,
        "verse": 16,
        "juz": 30,
        "hizb": 239,
        "manzil": 7,
        "ruku": 538,
        "word_number_in_verse": 1,
        "language_code": "bn",
        "text": "সামনের চুল (টানবো)",
        "root_word": "نَاصِيَةٖ",
        "global_word_sequence_number": 76906,
        "global_verse_sequence_number": 6122
    },
    {
        "chapter": 96,
        "verse": 16,
        "juz": 30,
        "hizb": 239,
        "manzil": 7,
        "ruku": 538,
        "word_number_in_verse": 2,
        "language_code": "bn",
        "text": "মিথ্যুকের",
        "root_word": "كَٰذِبَةٍ",
        "global_word_sequence_number": 76907,
        "global_verse_sequence_number": 6122
    },
    {
        "chapter": 96,
        "verse": 16,
        "juz": 30,
        "hizb": 239,
        "manzil": 7,
        "ruku": 538,
        "word_number_in_verse": 3,
        "language_code": "bn",
        "text": "পাপীর",
        "root_word": "خَاطِئَةٖ",
        "global_word_sequence_number": 76908,
        "global_verse_sequence_number": 6122
    },
    {
        "chapter": 96,
        "verse": 17,
        "juz": 30,
        "hizb": 239,
        "manzil": 7,
        "ruku": 538,
        "word_number_in_verse": 1,
        "language_code": "bn",
        "text": "অতএব সে যেন ডাকে",
        "root_word": "فَلۡيَدۡعُ",
        "global_word_sequence_number": 76909,
        "global_verse_sequence_number": 6123
    },
    {
        "chapter": 96,
        "verse": 17,
        "juz": 30,
        "hizb": 239,
        "manzil": 7,
        "ruku": 538,
        "word_number_in_verse": 2,
        "language_code": "bn",
        "text": "তার দোসরদেরকে",
        "root_word": "نَادِيَهُۥ",
        "global_word_sequence_number": 76910,
        "global_verse_sequence_number": 6123
    },
    {
        "chapter": 96,
        "verse": 18,
        "juz": 30,
        "hizb": 239,
        "manzil": 7,
        "ruku": 538,
        "word_number_in_verse": 1,
        "language_code": "bn",
        "text": "আমরা শীঘ্র ডাকবো",
        "root_word": "سَنَدۡعُ",
        "global_word_sequence_number": 76911,
        "global_verse_sequence_number": 6124
    },
    {
        "chapter": 96,
        "verse": 18,
        "juz": 30,
        "hizb": 239,
        "manzil": 7,
        "ruku": 538,
        "word_number_in_verse": 2,
        "language_code": "bn",
        "text": "জাহান্নামের প্রহরীদেরকে",
        "root_word": "ٱلزَّبَانِيَةَ",
        "global_word_sequence_number": 76912,
        "global_verse_sequence_number": 6124
    },
    {
        "chapter": 96,
        "verse": 19,
        "juz": 30,
        "hizb": 239,
        "manzil": 7,
        "ruku": 538,
        "word_number_in_verse": 1,
        "language_code": "bn",
        "text": "কখনও নয় (সাবধান)",
        "root_word": "كـَلَّا",
        "global_word_sequence_number": 76913,
        "global_verse_sequence_number": 6125
    },
    {
        "chapter": 96,
        "verse": 19,
        "juz": 30,
        "hizb": 239,
        "manzil": 7,
        "ruku": 538,
        "word_number_in_verse": 2,
        "language_code": "bn",
        "text": "না",
        "root_word": "لَا",
        "global_word_sequence_number": 76914,
        "global_verse_sequence_number": 6125
    },
    {
        "chapter": 96,
        "verse": 19,
        "juz": 30,
        "hizb": 239,
        "manzil": 7,
        "ruku": 538,
        "word_number_in_verse": 3,
        "language_code": "bn",
        "text": "তাকে অনুসরণ করো",
        "root_word": "تُطِعۡهُ",
        "global_word_sequence_number": 76915,
        "global_verse_sequence_number": 6125
    },
    {
        "chapter": 96,
        "verse": 19,
        "juz": 30,
        "hizb": 239,
        "manzil": 7,
        "ruku": 538,
        "word_number_in_verse": 4,
        "language_code": "bn",
        "text": "এবং তুমি সিজদা করো",
        "root_word": "وَٱسۡجُدۡۤ",
        "global_word_sequence_number": 76916,
        "global_verse_sequence_number": 6125
    },
    {
        "chapter": 96,
        "verse": 19,
        "juz": 30,
        "hizb": 239,
        "manzil": 7,
        "ruku": 538,
        "word_number_in_verse": 5,
        "language_code": "bn",
        "text": "ও নৈকট্য লাভ করো (তোমার রবের)",
        "root_word": "وَٱقۡتَرِب۩",
        "global_word_sequence_number": 76917,
        "global_verse_sequence_number": 6125
    }
]