[
    {
        "chapter": 97,
        "verse": 1,
        "juz": 30,
        "hizb": 239,
        "manzil": 7,
        "ruku": 539,
        "word_number_in_verse": 1,
        "language_code": "bn",
        "text": "নিশ্চয়ই",
        "root_word": "إِنَّآ",
        "global_word_sequence_number": 76918,
        "global_verse_sequence_number": 6126
    },
    {
        "chapter": 97,
        "verse": 1,
        "juz": 30,
        "hizb": 239,
        "manzil": 7,
        "ruku": 539,
        "word_number_in_verse": 2,
        "language_code": "bn",
        "text": "তা আমরা অবতীর্ণ করেছি",
        "root_word": "أَنزَلۡنَٰهُ",
        "global_word_sequence_number": 76919,
        "global_verse_sequence_number": 6126
    },
    {
        "chapter": 97,
        "verse": 1,
        "juz": 30,
        "hizb": 239,
        "manzil": 7,
        "ruku": 539,
        "word_number_in_verse": 3,
        "language_code": "bn",
        "text": "মধ্যে",
        "root_word": "فِي",
        "global_word_sequence_number": 76920,
        "global_verse_sequence_number": 6126
    },
    {
        "chapter": 97,
        "verse": 1,
        "juz": 30,
        "hizb": 239,
        "manzil": 7,
        "ruku": 539,
        "word_number_in_verse": 4,
        "language_code": "bn",
        "text": "রাতের",
        "root_word": "لَيۡلَةِ",
        "global_word_sequence_number": 76921,
        "global_verse_sequence_number": 6126
    },
    {
        "chapter": 97,
        "verse": 1,
        "juz": 30,
        "hizb": 239,
        "manzil": 7,
        "ruku": 539,
        "word_number_in_verse": 5,
        "language_code": "bn",
        "text": "কদরের/ মহিমার",
        "root_word": "الۡقَدۡرِ",
        "global_word_sequence_number": 76922,
        "global_verse_sequence_number": 6126
    },
    {
        "chapter": 97,
        "verse": 2,
        "juz": 30,
        "hizb": 239,
        "manzil": 7,
        "ruku": 539,
        "word_number_in_verse": 1,
        "language_code": "bn",
        "text": "এবং কিসে",
        "root_word": "وَمَآ",
        "global_word_sequence_number": 76923,
        "global_verse_sequence_number": 6127
    },
    {
        "chapter": 97,
        "verse": 2,
        "juz": 30,
        "hizb": 239,
        "manzil": 7,
        "ruku": 539,
        "word_number_in_verse": 2,
        "language_code": "bn",
        "text": "তোমাকে জানাবে",
        "root_word": "أَدۡرَىٰكَ",
        "global_word_sequence_number": 76924,
        "global_verse_sequence_number": 6127
    },
    {
        "chapter": 97,
        "verse": 2,
        "juz": 30,
        "hizb": 239,
        "manzil": 7,
        "ruku": 539,
        "word_number_in_verse": 3,
        "language_code": "bn",
        "text": "কি সেই",
        "root_word": "مَا",
        "global_word_sequence_number": 76925,
        "global_verse_sequence_number": 6127
    },
    {
        "chapter": 97,
        "verse": 2,
        "juz": 30,
        "hizb": 239,
        "manzil": 7,
        "ruku": 539,
        "word_number_in_verse": 4,
        "language_code": "bn",
        "text": "রাত",
        "root_word": "لَيۡلَةُ",
        "global_word_sequence_number": 76926,
        "global_verse_sequence_number": 6127
    },
    {
        "chapter": 97,
        "verse": 2,
        "juz": 30,
        "hizb": 239,
        "manzil": 7,
        "ruku": 539,
        "word_number_in_verse": 5,
        "language_code": "bn",
        "text": "কদরের",
        "root_word": "الۡقَدۡرِ",
        "global_word_sequence_number": 76927,
        "global_verse_sequence_number": 6127
    },
    {
        "chapter": 97,
        "verse": 3,
        "juz": 30,
        "hizb": 239,
        "manzil": 7,
        "ruku": 539,
        "word_number_in_verse": 1,
        "language_code": "bn",
        "text": "রাত",
        "root_word": "لَيۡلَةُ",
        "global_word_sequence_number": 76928,
        "global_verse_sequence_number": 6128
    },
    {
        "chapter": 97,
        "verse": 3,
        "juz": 30,
        "hizb": 239,
        "manzil": 7,
        "ruku": 539,
        "word_number_in_verse": 2,
        "language_code": "bn",
        "text": "কদরের",
        "root_word": "الۡقَدۡرِ",
        "global_word_sequence_number": 76929,
        "global_verse_sequence_number": 6128
    },
    {
        "chapter": 97,
        "verse": 3,
        "juz": 30,
        "hizb": 239,
        "manzil": 7,
        "ruku": 539,
        "word_number_in_verse": 3,
        "language_code": "bn",
        "text": "শ্রেষ্ঠ",
        "root_word": "خَيۡرٞ",
        "global_word_sequence_number": 76930,
        "global_verse_sequence_number": 6128
    },
    {
        "chapter": 97,
        "verse": 3,
        "juz": 30,
        "hizb": 239,
        "manzil": 7,
        "ruku": 539,
        "word_number_in_verse": 4,
        "language_code": "bn",
        "text": "হতেও",
        "root_word": "مِّنۡ",
        "global_word_sequence_number": 76931,
        "global_verse_sequence_number": 6128
    },
    {
        "chapter": 97,
        "verse": 3,
        "juz": 30,
        "hizb": 239,
        "manzil": 7,
        "ruku": 539,
        "word_number_in_verse": 5,
        "language_code": "bn",
        "text": "হাজার",
        "root_word": "أَلۡفِ",
        "global_word_sequence_number": 76932,
        "global_verse_sequence_number": 6128
    },
    {
        "chapter": 97,
        "verse": 3,
        "juz": 30,
        "hizb": 239,
        "manzil": 7,
        "ruku": 539,
        "word_number_in_verse": 6,
        "language_code": "bn",
        "text": "মাস",
        "root_word": "شَهۡرٖ",
        "global_word_sequence_number": 76933,
        "global_verse_sequence_number": 6128
    },
    {
        "chapter": 97,
        "verse": 4,
        "juz": 30,
        "hizb": 239,
        "manzil": 7,
        "ruku": 539,
        "word_number_in_verse": 1,
        "language_code": "bn",
        "text": "অবতীর্ণ হয়",
        "root_word": "تَنَزَّلُ",
        "global_word_sequence_number": 76934,
        "global_verse_sequence_number": 6129
    },
    {
        "chapter": 97,
        "verse": 4,
        "juz": 30,
        "hizb": 239,
        "manzil": 7,
        "ruku": 539,
        "word_number_in_verse": 2,
        "language_code": "bn",
        "text": "ফেরেশতারা",
        "root_word": "الۡمَلَٰٓئِكَةُ",
        "global_word_sequence_number": 76935,
        "global_verse_sequence_number": 6129
    },
    {
        "chapter": 97,
        "verse": 4,
        "juz": 30,
        "hizb": 239,
        "manzil": 7,
        "ruku": 539,
        "word_number_in_verse": 3,
        "language_code": "bn",
        "text": "এবং রূহ (জিব্রাঈল)",
        "root_word": "وَالرُّوحُ",
        "global_word_sequence_number": 76936,
        "global_verse_sequence_number": 6129
    },
    {
        "chapter": 97,
        "verse": 4,
        "juz": 30,
        "hizb": 239,
        "manzil": 7,
        "ruku": 539,
        "word_number_in_verse": 4,
        "language_code": "bn",
        "text": "তার মধ্যে",
        "root_word": "فِيهَا",
        "global_word_sequence_number": 76937,
        "global_verse_sequence_number": 6129
    },
    {
        "chapter": 97,
        "verse": 4,
        "juz": 30,
        "hizb": 239,
        "manzil": 7,
        "ruku": 539,
        "word_number_in_verse": 5,
        "language_code": "bn",
        "text": "অনুমতিক্রমে",
        "root_word": "بِإِذۡنِ",
        "global_word_sequence_number": 76938,
        "global_verse_sequence_number": 6129
    },
    {
        "chapter": 97,
        "verse": 4,
        "juz": 30,
        "hizb": 239,
        "manzil": 7,
        "ruku": 539,
        "word_number_in_verse": 6,
        "language_code": "bn",
        "text": "তাদের রবের",
        "root_word": "رَبِّهِم",
        "global_word_sequence_number": 76939,
        "global_verse_sequence_number": 6129
    },
    {
        "chapter": 97,
        "verse": 4,
        "juz": 30,
        "hizb": 239,
        "manzil": 7,
        "ruku": 539,
        "word_number_in_verse": 7,
        "language_code": "bn",
        "text": "প্রত্যেক",
        "root_word": "مِّن",
        "global_word_sequence_number": 76940,
        "global_verse_sequence_number": 6129
    },
    {
        "chapter": 97,
        "verse": 4,
        "juz": 30,
        "hizb": 239,
        "manzil": 7,
        "ruku": 539,
        "word_number_in_verse": 8,
        "language_code": "bn",
        "text": "সব",
        "root_word": "كُلِّ",
        "global_word_sequence_number": 76941,
        "global_verse_sequence_number": 6129
    },
    {
        "chapter": 97,
        "verse": 4,
        "juz": 30,
        "hizb": 239,
        "manzil": 7,
        "ruku": 539,
        "word_number_in_verse": 9,
        "language_code": "bn",
        "text": "কাজে",
        "root_word": "أَمۡرٖ",
        "global_word_sequence_number": 76942,
        "global_verse_sequence_number": 6129
    },
    {
        "chapter": 97,
        "verse": 5,
        "juz": 30,
        "hizb": 239,
        "manzil": 7,
        "ruku": 539,
        "word_number_in_verse": 1,
        "language_code": "bn",
        "text": "শান্তির",
        "root_word": "سَلَٰمٌ",
        "global_word_sequence_number": 76943,
        "global_verse_sequence_number": 6130
    },
    {
        "chapter": 97,
        "verse": 5,
        "juz": 30,
        "hizb": 239,
        "manzil": 7,
        "ruku": 539,
        "word_number_in_verse": 2,
        "language_code": "bn",
        "text": "সেই (রাত)",
        "root_word": "هِيَ",
        "global_word_sequence_number": 76944,
        "global_verse_sequence_number": 6130
    },
    {
        "chapter": 97,
        "verse": 5,
        "juz": 30,
        "hizb": 239,
        "manzil": 7,
        "ruku": 539,
        "word_number_in_verse": 3,
        "language_code": "bn",
        "text": "পর্যন্ত",
        "root_word": "حَتَّىٰ",
        "global_word_sequence_number": 76945,
        "global_verse_sequence_number": 6130
    },
    {
        "chapter": 97,
        "verse": 5,
        "juz": 30,
        "hizb": 239,
        "manzil": 7,
        "ruku": 539,
        "word_number_in_verse": 4,
        "language_code": "bn",
        "text": "উদয়",
        "root_word": "مَطۡلَعِ",
        "global_word_sequence_number": 76946,
        "global_verse_sequence_number": 6130
    },
    {
        "chapter": 97,
        "verse": 5,
        "juz": 30,
        "hizb": 239,
        "manzil": 7,
        "ruku": 539,
        "word_number_in_verse": 5,
        "language_code": "bn",
        "text": "ঊষার",
        "root_word": "الۡفَجۡرِ",
        "global_word_sequence_number": 76947,
        "global_verse_sequence_number": 6130
    }
]