[
    {
        "chapter": 98,
        "verse": 1,
        "juz": 30,
        "hizb": 239,
        "manzil": 7,
        "ruku": 540,
        "word_number_in_verse": 1,
        "language_code": "bn",
        "text": "না",
        "root_word": "لَمۡ",
        "global_word_sequence_number": 76948,
        "global_verse_sequence_number": 6131
    },
    {
        "chapter": 98,
        "verse": 1,
        "juz": 30,
        "hizb": 239,
        "manzil": 7,
        "ruku": 540,
        "word_number_in_verse": 2,
        "language_code": "bn",
        "text": "ছিল (প্রস্তুত)",
        "root_word": "يَكُنِ",
        "global_word_sequence_number": 76949,
        "global_verse_sequence_number": 6131
    },
    {
        "chapter": 98,
        "verse": 1,
        "juz": 30,
        "hizb": 239,
        "manzil": 7,
        "ruku": 540,
        "word_number_in_verse": 3,
        "language_code": "bn",
        "text": "যারা",
        "root_word": "الَّذِينَ",
        "global_word_sequence_number": 76950,
        "global_verse_sequence_number": 6131
    },
    {
        "chapter": 98,
        "verse": 1,
        "juz": 30,
        "hizb": 239,
        "manzil": 7,
        "ruku": 540,
        "word_number_in_verse": 4,
        "language_code": "bn",
        "text": "কুফরি করেছে",
        "root_word": "كَفَرُواْ",
        "global_word_sequence_number": 76951,
        "global_verse_sequence_number": 6131
    },
    {
        "chapter": 98,
        "verse": 1,
        "juz": 30,
        "hizb": 239,
        "manzil": 7,
        "ruku": 540,
        "word_number_in_verse": 5,
        "language_code": "bn",
        "text": "মধ্য হতে",
        "root_word": "مِنۡ",
        "global_word_sequence_number": 76952,
        "global_verse_sequence_number": 6131
    },
    {
        "chapter": 98,
        "verse": 1,
        "juz": 30,
        "hizb": 239,
        "manzil": 7,
        "ruku": 540,
        "word_number_in_verse": 6,
        "language_code": "bn",
        "text": "অধিকারী",
        "root_word": "أَهۡلِ",
        "global_word_sequence_number": 76953,
        "global_verse_sequence_number": 6131
    },
    {
        "chapter": 98,
        "verse": 1,
        "juz": 30,
        "hizb": 239,
        "manzil": 7,
        "ruku": 540,
        "word_number_in_verse": 7,
        "language_code": "bn",
        "text": "কিতাবের",
        "root_word": "الۡكِتَٰبِ",
        "global_word_sequence_number": 76954,
        "global_verse_sequence_number": 6131
    },
    {
        "chapter": 98,
        "verse": 1,
        "juz": 30,
        "hizb": 239,
        "manzil": 7,
        "ruku": 540,
        "word_number_in_verse": 8,
        "language_code": "bn",
        "text": "এবং মুশরিকদের (মধ্য হতে)",
        "root_word": "وَالۡمُشۡرِكِينَ",
        "global_word_sequence_number": 76955,
        "global_verse_sequence_number": 6131
    },
    {
        "chapter": 98,
        "verse": 1,
        "juz": 30,
        "hizb": 239,
        "manzil": 7,
        "ruku": 540,
        "word_number_in_verse": 9,
        "language_code": "bn",
        "text": "(কুফরী হতে) বিরত",
        "root_word": "مُنفَكِّينَ",
        "global_word_sequence_number": 76956,
        "global_verse_sequence_number": 6131
    },
    {
        "chapter": 98,
        "verse": 1,
        "juz": 30,
        "hizb": 239,
        "manzil": 7,
        "ruku": 540,
        "word_number_in_verse": 10,
        "language_code": "bn",
        "text": "যতক্ষণ না",
        "root_word": "حَتَّىٰ",
        "global_word_sequence_number": 76957,
        "global_verse_sequence_number": 6131
    },
    {
        "chapter": 98,
        "verse": 1,
        "juz": 30,
        "hizb": 239,
        "manzil": 7,
        "ruku": 540,
        "word_number_in_verse": 11,
        "language_code": "bn",
        "text": "তাদের কাছে আসবে",
        "root_word": "تَأۡتِيَهُمُ",
        "global_word_sequence_number": 76958,
        "global_verse_sequence_number": 6131
    },
    {
        "chapter": 98,
        "verse": 1,
        "juz": 30,
        "hizb": 239,
        "manzil": 7,
        "ruku": 540,
        "word_number_in_verse": 12,
        "language_code": "bn",
        "text": "অকাট্য প্রমাণ (অর্থাৎ)",
        "root_word": "الۡبَيِّنَةُ",
        "global_word_sequence_number": 76959,
        "global_verse_sequence_number": 6131
    },
    {
        "chapter": 98,
        "verse": 2,
        "juz": 30,
        "hizb": 239,
        "manzil": 7,
        "ruku": 540,
        "word_number_in_verse": 1,
        "language_code": "bn",
        "text": "একজন রাসূল",
        "root_word": "رَسُولٞ",
        "global_word_sequence_number": 76960,
        "global_verse_sequence_number": 6132
    },
    {
        "chapter": 98,
        "verse": 2,
        "juz": 30,
        "hizb": 239,
        "manzil": 7,
        "ruku": 540,
        "word_number_in_verse": 2,
        "language_code": "bn",
        "text": "পক্ষ হতে",
        "root_word": "مِّنَ",
        "global_word_sequence_number": 76961,
        "global_verse_sequence_number": 6132
    },
    {
        "chapter": 98,
        "verse": 2,
        "juz": 30,
        "hizb": 239,
        "manzil": 7,
        "ruku": 540,
        "word_number_in_verse": 3,
        "language_code": "bn",
        "text": "আল্লাহর",
        "root_word": "اللَّهِ",
        "global_word_sequence_number": 76962,
        "global_verse_sequence_number": 6132
    },
    {
        "chapter": 98,
        "verse": 2,
        "juz": 30,
        "hizb": 239,
        "manzil": 7,
        "ruku": 540,
        "word_number_in_verse": 4,
        "language_code": "bn",
        "text": "যে আবৃত্তি করবে",
        "root_word": "يَتۡلُواْ",
        "global_word_sequence_number": 76963,
        "global_verse_sequence_number": 6132
    },
    {
        "chapter": 98,
        "verse": 2,
        "juz": 30,
        "hizb": 239,
        "manzil": 7,
        "ruku": 540,
        "word_number_in_verse": 5,
        "language_code": "bn",
        "text": "সহীফাসমূহ",
        "root_word": "صُحُفٗا",
        "global_word_sequence_number": 76964,
        "global_verse_sequence_number": 6132
    },
    {
        "chapter": 98,
        "verse": 2,
        "juz": 30,
        "hizb": 239,
        "manzil": 7,
        "ruku": 540,
        "word_number_in_verse": 6,
        "language_code": "bn",
        "text": "পবিত্র",
        "root_word": "مُّطَهَّرَةٗ",
        "global_word_sequence_number": 76965,
        "global_verse_sequence_number": 6132
    },
    {
        "chapter": 98,
        "verse": 3,
        "juz": 30,
        "hizb": 239,
        "manzil": 7,
        "ruku": 540,
        "word_number_in_verse": 1,
        "language_code": "bn",
        "text": "তার মধ্যে (থাকবে)",
        "root_word": "فِيهَا",
        "global_word_sequence_number": 76966,
        "global_verse_sequence_number": 6133
    },
    {
        "chapter": 98,
        "verse": 3,
        "juz": 30,
        "hizb": 239,
        "manzil": 7,
        "ruku": 540,
        "word_number_in_verse": 2,
        "language_code": "bn",
        "text": "বিধানাবলী",
        "root_word": "كُتُبٞ",
        "global_word_sequence_number": 76967,
        "global_verse_sequence_number": 6133
    },
    {
        "chapter": 98,
        "verse": 3,
        "juz": 30,
        "hizb": 239,
        "manzil": 7,
        "ruku": 540,
        "word_number_in_verse": 3,
        "language_code": "bn",
        "text": "সঠিক",
        "root_word": "قَيِّمَةٞ",
        "global_word_sequence_number": 76968,
        "global_verse_sequence_number": 6133
    },
    {
        "chapter": 98,
        "verse": 4,
        "juz": 30,
        "hizb": 239,
        "manzil": 7,
        "ruku": 540,
        "word_number_in_verse": 1,
        "language_code": "bn",
        "text": "এবং না",
        "root_word": "وَمَا",
        "global_word_sequence_number": 76969,
        "global_verse_sequence_number": 6134
    },
    {
        "chapter": 98,
        "verse": 4,
        "juz": 30,
        "hizb": 239,
        "manzil": 7,
        "ruku": 540,
        "word_number_in_verse": 2,
        "language_code": "bn",
        "text": "বিভেদে লিপ্ত হয়েছে",
        "root_word": "تَفَرَّقَ",
        "global_word_sequence_number": 76970,
        "global_verse_sequence_number": 6134
    },
    {
        "chapter": 98,
        "verse": 4,
        "juz": 30,
        "hizb": 239,
        "manzil": 7,
        "ruku": 540,
        "word_number_in_verse": 3,
        "language_code": "bn",
        "text": "(তারা) যাদের",
        "root_word": "الَّذِينَ",
        "global_word_sequence_number": 76971,
        "global_verse_sequence_number": 6134
    },
    {
        "chapter": 98,
        "verse": 4,
        "juz": 30,
        "hizb": 239,
        "manzil": 7,
        "ruku": 540,
        "word_number_in_verse": 4,
        "language_code": "bn",
        "text": "দেয়া হয়েছিল",
        "root_word": "أُوتُواْ",
        "global_word_sequence_number": 76972,
        "global_verse_sequence_number": 6134
    },
    {
        "chapter": 98,
        "verse": 4,
        "juz": 30,
        "hizb": 239,
        "manzil": 7,
        "ruku": 540,
        "word_number_in_verse": 5,
        "language_code": "bn",
        "text": "কিতাব",
        "root_word": "الۡكِتَٰبَ",
        "global_word_sequence_number": 76973,
        "global_verse_sequence_number": 6134
    },
    {
        "chapter": 98,
        "verse": 4,
        "juz": 30,
        "hizb": 239,
        "manzil": 7,
        "ruku": 540,
        "word_number_in_verse": 6,
        "language_code": "bn",
        "text": "তবে",
        "root_word": "إِلَّا",
        "global_word_sequence_number": 76974,
        "global_verse_sequence_number": 6134
    },
    {
        "chapter": 98,
        "verse": 4,
        "juz": 30,
        "hizb": 239,
        "manzil": 7,
        "ruku": 540,
        "word_number_in_verse": 7,
        "language_code": "bn",
        "text": "থেকে",
        "root_word": "مِنۢ",
        "global_word_sequence_number": 76975,
        "global_verse_sequence_number": 6134
    },
    {
        "chapter": 98,
        "verse": 4,
        "juz": 30,
        "hizb": 239,
        "manzil": 7,
        "ruku": 540,
        "word_number_in_verse": 8,
        "language_code": "bn",
        "text": "পরে",
        "root_word": "بَعۡدِ",
        "global_word_sequence_number": 76976,
        "global_verse_sequence_number": 6134
    },
    {
        "chapter": 98,
        "verse": 4,
        "juz": 30,
        "hizb": 239,
        "manzil": 7,
        "ruku": 540,
        "word_number_in_verse": 9,
        "language_code": "bn",
        "text": "যা",
        "root_word": "مَا",
        "global_word_sequence_number": 76977,
        "global_verse_sequence_number": 6134
    },
    {
        "chapter": 98,
        "verse": 4,
        "juz": 30,
        "hizb": 239,
        "manzil": 7,
        "ruku": 540,
        "word_number_in_verse": 10,
        "language_code": "bn",
        "text": "তাদের কাছে এসেছিল",
        "root_word": "جَآءَتۡهُمُ",
        "global_word_sequence_number": 76978,
        "global_verse_sequence_number": 6134
    },
    {
        "chapter": 98,
        "verse": 4,
        "juz": 30,
        "hizb": 239,
        "manzil": 7,
        "ruku": 540,
        "word_number_in_verse": 11,
        "language_code": "bn",
        "text": "সুস্পষ্ট প্রমাণ",
        "root_word": "الۡبَيِّنَةُ",
        "global_word_sequence_number": 76979,
        "global_verse_sequence_number": 6134
    },
    {
        "chapter": 98,
        "verse": 5,
        "juz": 30,
        "hizb": 239,
        "manzil": 7,
        "ruku": 540,
        "word_number_in_verse": 1,
        "language_code": "bn",
        "text": "এবং না",
        "root_word": "وَمَآ",
        "global_word_sequence_number": 76980,
        "global_verse_sequence_number": 6135
    },
    {
        "chapter": 98,
        "verse": 5,
        "juz": 30,
        "hizb": 239,
        "manzil": 7,
        "ruku": 540,
        "word_number_in_verse": 2,
        "language_code": "bn",
        "text": "তারা আদিষ্ট হয়েছে",
        "root_word": "أُمِرُوٓاْ",
        "global_word_sequence_number": 76981,
        "global_verse_sequence_number": 6135
    },
    {
        "chapter": 98,
        "verse": 5,
        "juz": 30,
        "hizb": 239,
        "manzil": 7,
        "ruku": 540,
        "word_number_in_verse": 3,
        "language_code": "bn",
        "text": "এ ছাড়া যে",
        "root_word": "إِلَّا",
        "global_word_sequence_number": 76982,
        "global_verse_sequence_number": 6135
    },
    {
        "chapter": 98,
        "verse": 5,
        "juz": 30,
        "hizb": 239,
        "manzil": 7,
        "ruku": 540,
        "word_number_in_verse": 4,
        "language_code": "bn",
        "text": "তারা ইবাদত করুক",
        "root_word": "لِيَعۡبُدُواْ",
        "global_word_sequence_number": 76983,
        "global_verse_sequence_number": 6135
    },
    {
        "chapter": 98,
        "verse": 5,
        "juz": 30,
        "hizb": 239,
        "manzil": 7,
        "ruku": 540,
        "word_number_in_verse": 5,
        "language_code": "bn",
        "text": "আল্লাহর",
        "root_word": "اللَّهَ",
        "global_word_sequence_number": 76984,
        "global_verse_sequence_number": 6135
    },
    {
        "chapter": 98,
        "verse": 5,
        "juz": 30,
        "hizb": 239,
        "manzil": 7,
        "ruku": 540,
        "word_number_in_verse": 6,
        "language_code": "bn",
        "text": "একনিষ্ঠভাবে",
        "root_word": "مُخۡلِصِينَ",
        "global_word_sequence_number": 76985,
        "global_verse_sequence_number": 6135
    },
    {
        "chapter": 98,
        "verse": 5,
        "juz": 30,
        "hizb": 239,
        "manzil": 7,
        "ruku": 540,
        "word_number_in_verse": 7,
        "language_code": "bn",
        "text": "তাঁরই জন্যে",
        "root_word": "لَهُ",
        "global_word_sequence_number": 76986,
        "global_verse_sequence_number": 6135
    },
    {
        "chapter": 98,
        "verse": 5,
        "juz": 30,
        "hizb": 239,
        "manzil": 7,
        "ruku": 540,
        "word_number_in_verse": 8,
        "language_code": "bn",
        "text": "আনুগত্যকে",
        "root_word": "الدِّينَ",
        "global_word_sequence_number": 76987,
        "global_verse_sequence_number": 6135
    },
    {
        "chapter": 98,
        "verse": 5,
        "juz": 30,
        "hizb": 239,
        "manzil": 7,
        "ruku": 540,
        "word_number_in_verse": 9,
        "language_code": "bn",
        "text": "খাঁটি মনে",
        "root_word": "حُنَفَآءَ",
        "global_word_sequence_number": 76988,
        "global_verse_sequence_number": 6135
    },
    {
        "chapter": 98,
        "verse": 5,
        "juz": 30,
        "hizb": 239,
        "manzil": 7,
        "ruku": 540,
        "word_number_in_verse": 10,
        "language_code": "bn",
        "text": "এবং তারা কায়েম করবে",
        "root_word": "وَيُقِيمُواْ",
        "global_word_sequence_number": 76989,
        "global_verse_sequence_number": 6135
    },
    {
        "chapter": 98,
        "verse": 5,
        "juz": 30,
        "hizb": 239,
        "manzil": 7,
        "ruku": 540,
        "word_number_in_verse": 11,
        "language_code": "bn",
        "text": "সালাত",
        "root_word": "الصَّلَوٰةَ",
        "global_word_sequence_number": 76990,
        "global_verse_sequence_number": 6135
    },
    {
        "chapter": 98,
        "verse": 5,
        "juz": 30,
        "hizb": 239,
        "manzil": 7,
        "ruku": 540,
        "word_number_in_verse": 12,
        "language_code": "bn",
        "text": "ও তারা দেবে",
        "root_word": "وَيُؤۡتُواْ",
        "global_word_sequence_number": 76991,
        "global_verse_sequence_number": 6135
    },
    {
        "chapter": 98,
        "verse": 5,
        "juz": 30,
        "hizb": 239,
        "manzil": 7,
        "ruku": 540,
        "word_number_in_verse": 13,
        "language_code": "bn",
        "text": "যাকাত",
        "root_word": "الزَّكَوٰةَۚ",
        "global_word_sequence_number": 76992,
        "global_verse_sequence_number": 6135
    },
    {
        "chapter": 98,
        "verse": 5,
        "juz": 30,
        "hizb": 239,
        "manzil": 7,
        "ruku": 540,
        "word_number_in_verse": 14,
        "language_code": "bn",
        "text": "এবং এটাই",
        "root_word": "وَذَٰلِكَ",
        "global_word_sequence_number": 76993,
        "global_verse_sequence_number": 6135
    },
    {
        "chapter": 98,
        "verse": 5,
        "juz": 30,
        "hizb": 239,
        "manzil": 7,
        "ruku": 540,
        "word_number_in_verse": 15,
        "language_code": "bn",
        "text": "দীন",
        "root_word": "دِينُ",
        "global_word_sequence_number": 76994,
        "global_verse_sequence_number": 6135
    },
    {
        "chapter": 98,
        "verse": 5,
        "juz": 30,
        "hizb": 239,
        "manzil": 7,
        "ruku": 540,
        "word_number_in_verse": 16,
        "language_code": "bn",
        "text": "সঠিক",
        "root_word": "الۡقَيِّمَةِ",
        "global_word_sequence_number": 76995,
        "global_verse_sequence_number": 6135
    },
    {
        "chapter": 98,
        "verse": 6,
        "juz": 30,
        "hizb": 239,
        "manzil": 7,
        "ruku": 540,
        "word_number_in_verse": 1,
        "language_code": "bn",
        "text": "নিশ্চয়ই",
        "root_word": "إِنَّ",
        "global_word_sequence_number": 76996,
        "global_verse_sequence_number": 6136
    },
    {
        "chapter": 98,
        "verse": 6,
        "juz": 30,
        "hizb": 239,
        "manzil": 7,
        "ruku": 540,
        "word_number_in_verse": 2,
        "language_code": "bn",
        "text": "যারা",
        "root_word": "الَّذِينَ",
        "global_word_sequence_number": 76997,
        "global_verse_sequence_number": 6136
    },
    {
        "chapter": 98,
        "verse": 6,
        "juz": 30,
        "hizb": 239,
        "manzil": 7,
        "ruku": 540,
        "word_number_in_verse": 3,
        "language_code": "bn",
        "text": "কুফরি করেছে",
        "root_word": "كَفَرُواْ",
        "global_word_sequence_number": 76998,
        "global_verse_sequence_number": 6136
    },
    {
        "chapter": 98,
        "verse": 6,
        "juz": 30,
        "hizb": 239,
        "manzil": 7,
        "ruku": 540,
        "word_number_in_verse": 4,
        "language_code": "bn",
        "text": "মধ্য হতে",
        "root_word": "مِنۡ",
        "global_word_sequence_number": 76999,
        "global_verse_sequence_number": 6136
    },
    {
        "chapter": 98,
        "verse": 6,
        "juz": 30,
        "hizb": 239,
        "manzil": 7,
        "ruku": 540,
        "word_number_in_verse": 5,
        "language_code": "bn",
        "text": "অধিকারী",
        "root_word": "أَهۡلِ",
        "global_word_sequence_number": 77000,
        "global_verse_sequence_number": 6136
    },
    {
        "chapter": 98,
        "verse": 6,
        "juz": 30,
        "hizb": 239,
        "manzil": 7,
        "ruku": 540,
        "word_number_in_verse": 6,
        "language_code": "bn",
        "text": "কিতাবের",
        "root_word": "الۡكِتَٰبِ",
        "global_word_sequence_number": 77001,
        "global_verse_sequence_number": 6136
    },
    {
        "chapter": 98,
        "verse": 6,
        "juz": 30,
        "hizb": 239,
        "manzil": 7,
        "ruku": 540,
        "word_number_in_verse": 7,
        "language_code": "bn",
        "text": "এবং মুশরিকদের",
        "root_word": "وَالۡمُشۡرِكِينَ",
        "global_word_sequence_number": 77002,
        "global_verse_sequence_number": 6136
    },
    {
        "chapter": 98,
        "verse": 6,
        "juz": 30,
        "hizb": 239,
        "manzil": 7,
        "ruku": 540,
        "word_number_in_verse": 8,
        "language_code": "bn",
        "text": "মধ্যে (থাকবে)",
        "root_word": "فِي",
        "global_word_sequence_number": 77003,
        "global_verse_sequence_number": 6136
    },
    {
        "chapter": 98,
        "verse": 6,
        "juz": 30,
        "hizb": 239,
        "manzil": 7,
        "ruku": 540,
        "word_number_in_verse": 9,
        "language_code": "bn",
        "text": "আগুনের",
        "root_word": "نَارِ",
        "global_word_sequence_number": 77004,
        "global_verse_sequence_number": 6136
    },
    {
        "chapter": 98,
        "verse": 6,
        "juz": 30,
        "hizb": 239,
        "manzil": 7,
        "ruku": 540,
        "word_number_in_verse": 10,
        "language_code": "bn",
        "text": "জাহান্নামের",
        "root_word": "جَهَنَّمَ",
        "global_word_sequence_number": 77005,
        "global_verse_sequence_number": 6136
    },
    {
        "chapter": 98,
        "verse": 6,
        "juz": 30,
        "hizb": 239,
        "manzil": 7,
        "ruku": 540,
        "word_number_in_verse": 11,
        "language_code": "bn",
        "text": "চিরস্থায়ী (হবে)",
        "root_word": "خَٰلِدِينَ",
        "global_word_sequence_number": 77006,
        "global_verse_sequence_number": 6136
    },
    {
        "chapter": 98,
        "verse": 6,
        "juz": 30,
        "hizb": 239,
        "manzil": 7,
        "ruku": 540,
        "word_number_in_verse": 12,
        "language_code": "bn",
        "text": "তার মধ্যে",
        "root_word": "فِيهَآۚ",
        "global_word_sequence_number": 77007,
        "global_verse_sequence_number": 6136
    },
    {
        "chapter": 98,
        "verse": 6,
        "juz": 30,
        "hizb": 239,
        "manzil": 7,
        "ruku": 540,
        "word_number_in_verse": 13,
        "language_code": "bn",
        "text": "ঐসব লোক",
        "root_word": "أُوْلَٰٓئِكَ",
        "global_word_sequence_number": 77008,
        "global_verse_sequence_number": 6136
    },
    {
        "chapter": 98,
        "verse": 6,
        "juz": 30,
        "hizb": 239,
        "manzil": 7,
        "ruku": 540,
        "word_number_in_verse": 14,
        "language_code": "bn",
        "text": "তারাই",
        "root_word": "هُمۡ",
        "global_word_sequence_number": 77009,
        "global_verse_sequence_number": 6136
    },
    {
        "chapter": 98,
        "verse": 6,
        "juz": 30,
        "hizb": 239,
        "manzil": 7,
        "ruku": 540,
        "word_number_in_verse": 15,
        "language_code": "bn",
        "text": "অধম",
        "root_word": "شَرُّ",
        "global_word_sequence_number": 77010,
        "global_verse_sequence_number": 6136
    },
    {
        "chapter": 98,
        "verse": 6,
        "juz": 30,
        "hizb": 239,
        "manzil": 7,
        "ruku": 540,
        "word_number_in_verse": 16,
        "language_code": "bn",
        "text": "সৃষ্টির",
        "root_word": "ٱلۡبَرِيَّةِ",
        "global_word_sequence_number": 77011,
        "global_verse_sequence_number": 6136
    },
    {
        "chapter": 98,
        "verse": 7,
        "juz": 30,
        "hizb": 239,
        "manzil": 7,
        "ruku": 540,
        "word_number_in_verse": 1,
        "language_code": "bn",
        "text": "নিশ্চয়ই",
        "root_word": "إِنَّ",
        "global_word_sequence_number": 77012,
        "global_verse_sequence_number": 6137
    },
    {
        "chapter": 98,
        "verse": 7,
        "juz": 30,
        "hizb": 239,
        "manzil": 7,
        "ruku": 540,
        "word_number_in_verse": 2,
        "language_code": "bn",
        "text": "যারা",
        "root_word": "ٱلَّذِينَ",
        "global_word_sequence_number": 77013,
        "global_verse_sequence_number": 6137
    },
    {
        "chapter": 98,
        "verse": 7,
        "juz": 30,
        "hizb": 239,
        "manzil": 7,
        "ruku": 540,
        "word_number_in_verse": 3,
        "language_code": "bn",
        "text": "ঈমান এনেছে",
        "root_word": "ءَامَنُواْ",
        "global_word_sequence_number": 77014,
        "global_verse_sequence_number": 6137
    },
    {
        "chapter": 98,
        "verse": 7,
        "juz": 30,
        "hizb": 239,
        "manzil": 7,
        "ruku": 540,
        "word_number_in_verse": 4,
        "language_code": "bn",
        "text": "এবং করেছে",
        "root_word": "وَعَمِلُواْ",
        "global_word_sequence_number": 77015,
        "global_verse_sequence_number": 6137
    },
    {
        "chapter": 98,
        "verse": 7,
        "juz": 30,
        "hizb": 239,
        "manzil": 7,
        "ruku": 540,
        "word_number_in_verse": 5,
        "language_code": "bn",
        "text": "সৎকাজ",
        "root_word": "ٱلصَّٰلِحَٰتِ",
        "global_word_sequence_number": 77016,
        "global_verse_sequence_number": 6137
    },
    {
        "chapter": 98,
        "verse": 7,
        "juz": 30,
        "hizb": 239,
        "manzil": 7,
        "ruku": 540,
        "word_number_in_verse": 6,
        "language_code": "bn",
        "text": "ঐসব লোক",
        "root_word": "أُوْلَٰٓئِكَ",
        "global_word_sequence_number": 77017,
        "global_verse_sequence_number": 6137
    },
    {
        "chapter": 98,
        "verse": 7,
        "juz": 30,
        "hizb": 239,
        "manzil": 7,
        "ruku": 540,
        "word_number_in_verse": 7,
        "language_code": "bn",
        "text": "তারাই",
        "root_word": "هُمۡ",
        "global_word_sequence_number": 77018,
        "global_verse_sequence_number": 6137
    },
    {
        "chapter": 98,
        "verse": 7,
        "juz": 30,
        "hizb": 239,
        "manzil": 7,
        "ruku": 540,
        "word_number_in_verse": 8,
        "language_code": "bn",
        "text": "সেরা",
        "root_word": "خَيۡرُ",
        "global_word_sequence_number": 77019,
        "global_verse_sequence_number": 6137
    },
    {
        "chapter": 98,
        "verse": 7,
        "juz": 30,
        "hizb": 239,
        "manzil": 7,
        "ruku": 540,
        "word_number_in_verse": 9,
        "language_code": "bn",
        "text": "সৃষ্টির",
        "root_word": "ٱلۡبَرِيَّةِ",
        "global_word_sequence_number": 77020,
        "global_verse_sequence_number": 6137
    },
    {
        "chapter": 98,
        "verse": 8,
        "juz": 30,
        "hizb": 239,
        "manzil": 7,
        "ruku": 540,
        "word_number_in_verse": 1,
        "language_code": "bn",
        "text": "তাদের পুরস্কার (রয়েছে)",
        "root_word": "جَزَآؤُهُمۡ",
        "global_word_sequence_number": 77021,
        "global_verse_sequence_number": 6138
    },
    {
        "chapter": 98,
        "verse": 8,
        "juz": 30,
        "hizb": 239,
        "manzil": 7,
        "ruku": 540,
        "word_number_in_verse": 2,
        "language_code": "bn",
        "text": "কাছে",
        "root_word": "عِندَ",
        "global_word_sequence_number": 77022,
        "global_verse_sequence_number": 6138
    },
    {
        "chapter": 98,
        "verse": 8,
        "juz": 30,
        "hizb": 239,
        "manzil": 7,
        "ruku": 540,
        "word_number_in_verse": 3,
        "language_code": "bn",
        "text": "তাদের রবের",
        "root_word": "رَبِّهِمۡ",
        "global_word_sequence_number": 77023,
        "global_verse_sequence_number": 6138
    },
    {
        "chapter": 98,
        "verse": 8,
        "juz": 30,
        "hizb": 239,
        "manzil": 7,
        "ruku": 540,
        "word_number_in_verse": 4,
        "language_code": "bn",
        "text": "জান্নাত",
        "root_word": "جَنَّٰتُ",
        "global_word_sequence_number": 77024,
        "global_verse_sequence_number": 6138
    },
    {
        "chapter": 98,
        "verse": 8,
        "juz": 30,
        "hizb": 239,
        "manzil": 7,
        "ruku": 540,
        "word_number_in_verse": 5,
        "language_code": "bn",
        "text": "চিরস্থায়ী",
        "root_word": "عَدۡنٖ",
        "global_word_sequence_number": 77025,
        "global_verse_sequence_number": 6138
    },
    {
        "chapter": 98,
        "verse": 8,
        "juz": 30,
        "hizb": 239,
        "manzil": 7,
        "ruku": 540,
        "word_number_in_verse": 6,
        "language_code": "bn",
        "text": "প্রবাহিত হয়",
        "root_word": "تَجۡرِي",
        "global_word_sequence_number": 77026,
        "global_verse_sequence_number": 6138
    },
    {
        "chapter": 98,
        "verse": 8,
        "juz": 30,
        "hizb": 239,
        "manzil": 7,
        "ruku": 540,
        "word_number_in_verse": 7,
        "language_code": "bn",
        "text": "দিয়ে",
        "root_word": "مِن",
        "global_word_sequence_number": 77027,
        "global_verse_sequence_number": 6138
    },
    {
        "chapter": 98,
        "verse": 8,
        "juz": 30,
        "hizb": 239,
        "manzil": 7,
        "ruku": 540,
        "word_number_in_verse": 8,
        "language_code": "bn",
        "text": "তার তলদেশ",
        "root_word": "تَحۡتِهَا",
        "global_word_sequence_number": 77028,
        "global_verse_sequence_number": 6138
    },
    {
        "chapter": 98,
        "verse": 8,
        "juz": 30,
        "hizb": 239,
        "manzil": 7,
        "ruku": 540,
        "word_number_in_verse": 9,
        "language_code": "bn",
        "text": "ঝর্ণা ধারা",
        "root_word": "ٱلۡأَنۡهَٰرُ",
        "global_word_sequence_number": 77029,
        "global_verse_sequence_number": 6138
    },
    {
        "chapter": 98,
        "verse": 8,
        "juz": 30,
        "hizb": 239,
        "manzil": 7,
        "ruku": 540,
        "word_number_in_verse": 10,
        "language_code": "bn",
        "text": "চিরস্থায়ী হবে",
        "root_word": "خَٰلِدِينَ",
        "global_word_sequence_number": 77030,
        "global_verse_sequence_number": 6138
    },
    {
        "chapter": 98,
        "verse": 8,
        "juz": 30,
        "hizb": 239,
        "manzil": 7,
        "ruku": 540,
        "word_number_in_verse": 11,
        "language_code": "bn",
        "text": "তার মধ্যে",
        "root_word": "فِيهَآ",
        "global_word_sequence_number": 77031,
        "global_verse_sequence_number": 6138
    },
    {
        "chapter": 98,
        "verse": 8,
        "juz": 30,
        "hizb": 239,
        "manzil": 7,
        "ruku": 540,
        "word_number_in_verse": 12,
        "language_code": "bn",
        "text": "সর্বদা",
        "root_word": "أَبَدٗاۖ",
        "global_word_sequence_number": 77032,
        "global_verse_sequence_number": 6138
    },
    {
        "chapter": 98,
        "verse": 8,
        "juz": 30,
        "hizb": 239,
        "manzil": 7,
        "ruku": 540,
        "word_number_in_verse": 13,
        "language_code": "bn",
        "text": "সন্তুষ্ট হয়েছেন",
        "root_word": "رَّضِيَ",
        "global_word_sequence_number": 77033,
        "global_verse_sequence_number": 6138
    },
    {
        "chapter": 98,
        "verse": 8,
        "juz": 30,
        "hizb": 239,
        "manzil": 7,
        "ruku": 540,
        "word_number_in_verse": 14,
        "language_code": "bn",
        "text": "আল্লাহ্‌",
        "root_word": "ٱللَّهُ",
        "global_word_sequence_number": 77034,
        "global_verse_sequence_number": 6138
    },
    {
        "chapter": 98,
        "verse": 8,
        "juz": 30,
        "hizb": 239,
        "manzil": 7,
        "ruku": 540,
        "word_number_in_verse": 15,
        "language_code": "bn",
        "text": "তাদের প্রতি",
        "root_word": "عَنۡهُمۡ",
        "global_word_sequence_number": 77035,
        "global_verse_sequence_number": 6138
    },
    {
        "chapter": 98,
        "verse": 8,
        "juz": 30,
        "hizb": 239,
        "manzil": 7,
        "ruku": 540,
        "word_number_in_verse": 16,
        "language_code": "bn",
        "text": "এবং তারা সন্তুষ্ট হয়েছে",
        "root_word": "وَرَضُواْ",
        "global_word_sequence_number": 77036,
        "global_verse_sequence_number": 6138
    },
    {
        "chapter": 98,
        "verse": 8,
        "juz": 30,
        "hizb": 239,
        "manzil": 7,
        "ruku": 540,
        "word_number_in_verse": 17,
        "language_code": "bn",
        "text": "তাঁর প্রতি",
        "root_word": "عَنۡهُۚ",
        "global_word_sequence_number": 77037,
        "global_verse_sequence_number": 6138
    },
    {
        "chapter": 98,
        "verse": 8,
        "juz": 30,
        "hizb": 239,
        "manzil": 7,
        "ruku": 540,
        "word_number_in_verse": 18,
        "language_code": "bn",
        "text": "এটা",
        "root_word": "ذَٰلِكَ",
        "global_word_sequence_number": 77038,
        "global_verse_sequence_number": 6138
    },
    {
        "chapter": 98,
        "verse": 8,
        "juz": 30,
        "hizb": 239,
        "manzil": 7,
        "ruku": 540,
        "word_number_in_verse": 19,
        "language_code": "bn",
        "text": "তাঁর জন্যে যে",
        "root_word": "لِمَنۡ",
        "global_word_sequence_number": 77039,
        "global_verse_sequence_number": 6138
    },
    {
        "chapter": 98,
        "verse": 8,
        "juz": 30,
        "hizb": 239,
        "manzil": 7,
        "ruku": 540,
        "word_number_in_verse": 20,
        "language_code": "bn",
        "text": "ভয় করে",
        "root_word": "خَشِيَ",
        "global_word_sequence_number": 77040,
        "global_verse_sequence_number": 6138
    },
    {
        "chapter": 98,
        "verse": 8,
        "juz": 30,
        "hizb": 239,
        "manzil": 7,
        "ruku": 540,
        "word_number_in_verse": 21,
        "language_code": "bn",
        "text": "তার রবকে",
        "root_word": "رَبَّهُۥ",
        "global_word_sequence_number": 77041,
        "global_verse_sequence_number": 6138
    }
]