[
    {
        "chapter": 99,
        "verse": 1,
        "juz": 30,
        "hizb": 239,
        "manzil": 7,
        "ruku": 541,
        "word_number_in_verse": 1,
        "language_code": "bn",
        "text": "যখন",
        "root_word": "إِذَا",
        "global_word_sequence_number": 77042,
        "global_verse_sequence_number": 6139
    },
    {
        "chapter": 99,
        "verse": 1,
        "juz": 30,
        "hizb": 239,
        "manzil": 7,
        "ruku": 541,
        "word_number_in_verse": 2,
        "language_code": "bn",
        "text": "প্রকম্পিত হবে",
        "root_word": "زُلۡزِلَتِ",
        "global_word_sequence_number": 77043,
        "global_verse_sequence_number": 6139
    },
    {
        "chapter": 99,
        "verse": 1,
        "juz": 30,
        "hizb": 239,
        "manzil": 7,
        "ruku": 541,
        "word_number_in_verse": 3,
        "language_code": "bn",
        "text": "পৃথিবী",
        "root_word": "الۡأَرۡضُ",
        "global_word_sequence_number": 77044,
        "global_verse_sequence_number": 6139
    },
    {
        "chapter": 99,
        "verse": 1,
        "juz": 30,
        "hizb": 239,
        "manzil": 7,
        "ruku": 541,
        "word_number_in_verse": 4,
        "language_code": "bn",
        "text": "তার (ভীষণ) কম্পনে",
        "root_word": "زِلۡزَالَهَا",
        "global_word_sequence_number": 77045,
        "global_verse_sequence_number": 6139
    },
    {
        "chapter": 99,
        "verse": 2,
        "juz": 30,
        "hizb": 239,
        "manzil": 7,
        "ruku": 541,
        "word_number_in_verse": 1,
        "language_code": "bn",
        "text": "এবং বের করবে",
        "root_word": "وَأَخۡرَجَتِ",
        "global_word_sequence_number": 77046,
        "global_verse_sequence_number": 6140
    },
    {
        "chapter": 99,
        "verse": 2,
        "juz": 30,
        "hizb": 239,
        "manzil": 7,
        "ruku": 541,
        "word_number_in_verse": 2,
        "language_code": "bn",
        "text": "পৃথিবী",
        "root_word": "الۡأَرۡضُ",
        "global_word_sequence_number": 77047,
        "global_verse_sequence_number": 6140
    },
    {
        "chapter": 99,
        "verse": 2,
        "juz": 30,
        "hizb": 239,
        "manzil": 7,
        "ruku": 541,
        "word_number_in_verse": 3,
        "language_code": "bn",
        "text": "বোঝাগুলোকে তার",
        "root_word": "أَثۡقَالَهَا",
        "global_word_sequence_number": 77048,
        "global_verse_sequence_number": 6140
    },
    {
        "chapter": 99,
        "verse": 3,
        "juz": 30,
        "hizb": 239,
        "manzil": 7,
        "ruku": 541,
        "word_number_in_verse": 1,
        "language_code": "bn",
        "text": "এবং বলবে",
        "root_word": "وَقَالَ",
        "global_word_sequence_number": 77049,
        "global_verse_sequence_number": 6141
    },
    {
        "chapter": 99,
        "verse": 3,
        "juz": 30,
        "hizb": 239,
        "manzil": 7,
        "ruku": 541,
        "word_number_in_verse": 2,
        "language_code": "bn",
        "text": "মানুষ",
        "root_word": "الۡإِنسَٰنُ",
        "global_word_sequence_number": 77050,
        "global_verse_sequence_number": 6141
    },
    {
        "chapter": 99,
        "verse": 3,
        "juz": 30,
        "hizb": 239,
        "manzil": 7,
        "ruku": 541,
        "word_number_in_verse": 3,
        "language_code": "bn",
        "text": "\"কি",
        "root_word": "مَا",
        "global_word_sequence_number": 77051,
        "global_verse_sequence_number": 6141
    },
    {
        "chapter": 99,
        "verse": 3,
        "juz": 30,
        "hizb": 239,
        "manzil": 7,
        "ruku": 541,
        "word_number_in_verse": 4,
        "language_code": "bn",
        "text": "হয়েছে তার\"",
        "root_word": "لَهَا",
        "global_word_sequence_number": 77052,
        "global_verse_sequence_number": 6141
    },
    {
        "chapter": 99,
        "verse": 4,
        "juz": 30,
        "hizb": 239,
        "manzil": 7,
        "ruku": 541,
        "word_number_in_verse": 1,
        "language_code": "bn",
        "text": "সেদিন",
        "root_word": "يَوۡمَئِذٖ",
        "global_word_sequence_number": 77053,
        "global_verse_sequence_number": 6142
    },
    {
        "chapter": 99,
        "verse": 4,
        "juz": 30,
        "hizb": 239,
        "manzil": 7,
        "ruku": 541,
        "word_number_in_verse": 2,
        "language_code": "bn",
        "text": "সে বর্ণনা করবে",
        "root_word": "تُحَدِّثُ",
        "global_word_sequence_number": 77054,
        "global_verse_sequence_number": 6142
    },
    {
        "chapter": 99,
        "verse": 4,
        "juz": 30,
        "hizb": 239,
        "manzil": 7,
        "ruku": 541,
        "word_number_in_verse": 3,
        "language_code": "bn",
        "text": "তার বৃত্তান্ত",
        "root_word": "أَخۡبَارَهَا",
        "global_word_sequence_number": 77055,
        "global_verse_sequence_number": 6142
    },
    {
        "chapter": 99,
        "verse": 5,
        "juz": 30,
        "hizb": 239,
        "manzil": 7,
        "ruku": 541,
        "word_number_in_verse": 1,
        "language_code": "bn",
        "text": "কেননা",
        "root_word": "بِأَنَّ",
        "global_word_sequence_number": 77056,
        "global_verse_sequence_number": 6143
    },
    {
        "chapter": 99,
        "verse": 5,
        "juz": 30,
        "hizb": 239,
        "manzil": 7,
        "ruku": 541,
        "word_number_in_verse": 2,
        "language_code": "bn",
        "text": "তোমার রব",
        "root_word": "رَبَّكَ",
        "global_word_sequence_number": 77057,
        "global_verse_sequence_number": 6143
    },
    {
        "chapter": 99,
        "verse": 5,
        "juz": 30,
        "hizb": 239,
        "manzil": 7,
        "ruku": 541,
        "word_number_in_verse": 3,
        "language_code": "bn",
        "text": "আদেশ করবেন (এইরূপ করার)",
        "root_word": "أَوۡحَىٰ",
        "global_word_sequence_number": 77058,
        "global_verse_sequence_number": 6143
    },
    {
        "chapter": 99,
        "verse": 5,
        "juz": 30,
        "hizb": 239,
        "manzil": 7,
        "ruku": 541,
        "word_number_in_verse": 4,
        "language_code": "bn",
        "text": "তাকে",
        "root_word": "لَهَا",
        "global_word_sequence_number": 77059,
        "global_verse_sequence_number": 6143
    },
    {
        "chapter": 99,
        "verse": 6,
        "juz": 30,
        "hizb": 239,
        "manzil": 7,
        "ruku": 541,
        "word_number_in_verse": 1,
        "language_code": "bn",
        "text": "সেদিন",
        "root_word": "يَوۡمَئِذٖ",
        "global_word_sequence_number": 77060,
        "global_verse_sequence_number": 6144
    },
    {
        "chapter": 99,
        "verse": 6,
        "juz": 30,
        "hizb": 239,
        "manzil": 7,
        "ruku": 541,
        "word_number_in_verse": 2,
        "language_code": "bn",
        "text": "বের হবে",
        "root_word": "يَصۡدُرُ",
        "global_word_sequence_number": 77061,
        "global_verse_sequence_number": 6144
    },
    {
        "chapter": 99,
        "verse": 6,
        "juz": 30,
        "hizb": 239,
        "manzil": 7,
        "ruku": 541,
        "word_number_in_verse": 3,
        "language_code": "bn",
        "text": "মানুষ",
        "root_word": "النَّاسُ",
        "global_word_sequence_number": 77062,
        "global_verse_sequence_number": 6144
    },
    {
        "chapter": 99,
        "verse": 6,
        "juz": 30,
        "hizb": 239,
        "manzil": 7,
        "ruku": 541,
        "word_number_in_verse": 4,
        "language_code": "bn",
        "text": "দলে দলে ভাগ হয়ে",
        "root_word": "أَشۡتَاتٗا",
        "global_word_sequence_number": 77063,
        "global_verse_sequence_number": 6144
    },
    {
        "chapter": 99,
        "verse": 6,
        "juz": 30,
        "hizb": 239,
        "manzil": 7,
        "ruku": 541,
        "word_number_in_verse": 5,
        "language_code": "bn",
        "text": "দেখানোর জন্য",
        "root_word": "لِّيُرَوۡاْ",
        "global_word_sequence_number": 77064,
        "global_verse_sequence_number": 6144
    },
    {
        "chapter": 99,
        "verse": 6,
        "juz": 30,
        "hizb": 239,
        "manzil": 7,
        "ruku": 541,
        "word_number_in_verse": 6,
        "language_code": "bn",
        "text": "তাদের কৃতকর্মকে",
        "root_word": "أَعۡمَٰلَهُمۡ",
        "global_word_sequence_number": 77065,
        "global_verse_sequence_number": 6144
    },
    {
        "chapter": 99,
        "verse": 7,
        "juz": 30,
        "hizb": 239,
        "manzil": 7,
        "ruku": 541,
        "word_number_in_verse": 1,
        "language_code": "bn",
        "text": "অতঃপর যে",
        "root_word": "فَمَن",
        "global_word_sequence_number": 77066,
        "global_verse_sequence_number": 6145
    },
    {
        "chapter": 99,
        "verse": 7,
        "juz": 30,
        "hizb": 239,
        "manzil": 7,
        "ruku": 541,
        "word_number_in_verse": 2,
        "language_code": "bn",
        "text": "করবে",
        "root_word": "يَعۡمَلۡ",
        "global_word_sequence_number": 77067,
        "global_verse_sequence_number": 6145
    },
    {
        "chapter": 99,
        "verse": 7,
        "juz": 30,
        "hizb": 239,
        "manzil": 7,
        "ruku": 541,
        "word_number_in_verse": 3,
        "language_code": "bn",
        "text": "পরিমাণ",
        "root_word": "مِثۡقَالَ",
        "global_word_sequence_number": 77068,
        "global_verse_sequence_number": 6145
    },
    {
        "chapter": 99,
        "verse": 7,
        "juz": 30,
        "hizb": 239,
        "manzil": 7,
        "ruku": 541,
        "word_number_in_verse": 4,
        "language_code": "bn",
        "text": "অণু",
        "root_word": "ذَرَّةٍ",
        "global_word_sequence_number": 77069,
        "global_verse_sequence_number": 6145
    },
    {
        "chapter": 99,
        "verse": 7,
        "juz": 30,
        "hizb": 239,
        "manzil": 7,
        "ruku": 541,
        "word_number_in_verse": 5,
        "language_code": "bn",
        "text": "সৎকর্ম",
        "root_word": "خَيۡرٗا",
        "global_word_sequence_number": 77070,
        "global_verse_sequence_number": 6145
    },
    {
        "chapter": 99,
        "verse": 7,
        "juz": 30,
        "hizb": 239,
        "manzil": 7,
        "ruku": 541,
        "word_number_in_verse": 6,
        "language_code": "bn",
        "text": "সে তা দেখবে",
        "root_word": "يَرَهُۥ",
        "global_word_sequence_number": 77071,
        "global_verse_sequence_number": 6145
    },
    {
        "chapter": 99,
        "verse": 8,
        "juz": 30,
        "hizb": 239,
        "manzil": 7,
        "ruku": 541,
        "word_number_in_verse": 1,
        "language_code": "bn",
        "text": "এবং যে",
        "root_word": "وَمَن",
        "global_word_sequence_number": 77072,
        "global_verse_sequence_number": 6146
    },
    {
        "chapter": 99,
        "verse": 8,
        "juz": 30,
        "hizb": 239,
        "manzil": 7,
        "ruku": 541,
        "word_number_in_verse": 2,
        "language_code": "bn",
        "text": "করবে",
        "root_word": "يَعۡمَلۡ",
        "global_word_sequence_number": 77073,
        "global_verse_sequence_number": 6146
    },
    {
        "chapter": 99,
        "verse": 8,
        "juz": 30,
        "hizb": 239,
        "manzil": 7,
        "ruku": 541,
        "word_number_in_verse": 3,
        "language_code": "bn",
        "text": "পরিমাণ",
        "root_word": "مِثۡقَالَ",
        "global_word_sequence_number": 77074,
        "global_verse_sequence_number": 6146
    },
    {
        "chapter": 99,
        "verse": 8,
        "juz": 30,
        "hizb": 239,
        "manzil": 7,
        "ruku": 541,
        "word_number_in_verse": 4,
        "language_code": "bn",
        "text": "অণু",
        "root_word": "ذَرَّةٖ",
        "global_word_sequence_number": 77075,
        "global_verse_sequence_number": 6146
    },
    {
        "chapter": 99,
        "verse": 8,
        "juz": 30,
        "hizb": 239,
        "manzil": 7,
        "ruku": 541,
        "word_number_in_verse": 5,
        "language_code": "bn",
        "text": "অসৎকর্ম",
        "root_word": "شَرّٗا",
        "global_word_sequence_number": 77076,
        "global_verse_sequence_number": 6146
    },
    {
        "chapter": 99,
        "verse": 8,
        "juz": 30,
        "hizb": 239,
        "manzil": 7,
        "ruku": 541,
        "word_number_in_verse": 6,
        "language_code": "bn",
        "text": "সে তা  দেখবে",
        "root_word": "يَرَهُۥ",
        "global_word_sequence_number": 77077,
        "global_verse_sequence_number": 6146
    }
]