[
  { "name": "আবদুল বাসিত আবদুল সামাদ", "short_code": "ABSAMAD", "audio_url": "https://everyayah.com/data/AbdulSamad_64kbps_QuranExplorer.Com/" },
  { "name": "আবদুল বাসিত মুজাওয়াদ", "short_code": "ABMUJWAD", "audio_url": "https://everyayah.com/data/Abdul_Basit_Mujawwad_128kbps/" },
  { "name": "আবদুল বাসিত মুরাত্তাল", "short_code": "ABMURATTAL", "audio_url": "https://everyayah.com/data/Abdul_Basit_Murattal_192kbps/" },
  { "name": "আবদুল্লাহ আবাদ আল-জুহাইনি", "short_code": "AJUHAYNEE", "audio_url": "https://everyayah.com/data/Abdullaah_3awwaad_Al-Juhaynee_128kbps/" },
  { "name": "আবদুল্লাহ বাসফার", "short_code": "ABASFER", "audio_url": "https://everyayah.com/data/Abdullah_Basfar_192kbps/" },
  { "name": "আবদুল্লাহ মাতরুদ", "short_code": "AMATROUD", "audio_url": "https://everyayah.com/data/Abdullah_Matroud_128kbps/" },
  { "name": "আবদুর রহমান আস-সুদাইস", "short_code": "ASUDAIS", "audio_url": "https://everyayah.com/data/Abdurrahmaan_As-Sudais_192kbps/" },
  { "name": "আবু বকর আশ-শাতরি", "short_code": "ASHATREE", "audio_url": "https://everyayah.com/data/Abu_Bakr_Ash-Shaatree_128kbps/" },
  { "name": "আহমেদ নেয়ানা", "short_code": "ANEANA", "audio_url": "https://everyayah.com/data/Ahmed_Neana_128kbps/" },
  { "name": "আহমেদ ইবন আলী আল-আজামী", "short_code": "AAJAMY", "audio_url": "https://everyayah.com/data/Ahmed_ibn_Ali_al-Ajamy_128kbps_ketaballah.net/" },
  { "name": "আক্রম আল-আলাকিমি", "short_code": "AALQIMY", "audio_url": "https://everyayah.com/data/Akram_AlAlaqimy_128kbps/" },
  { "name": "আলাফাসি", "short_code": "ALAFASY", "audio_url": "https://everyayah.com/data/Alafasy_128kbps/" },
  { "name": "আলি হাজ্জাজ আল-সুয়েসি", "short_code": "AHASUESY", "audio_url": "https://everyayah.com/data/Ali_Hajjaj_AlSuesy_128kbps/" },
  { "name": "আলি জাবের", "short_code": "ALIJABER", "audio_url": "https://everyayah.com/data/Ali_Jaber_64kbps/" },
  { "name": "আয়মান সাওয়াইদ", "short_code": "ASOWAID", "audio_url": "https://everyayah.com/data/Ayman_Sowaid_64kbps/" },
  { "name": "সাহিহ ইব্রাহিম (ইংরেজি)", "short_code": "SAHIHEN", "audio_url": "https://everyayah.com/data/English/Sahih_Intnl_Ibrahim_Walk_192kbps/" },
  { "name": "ফারেস আব্বাদ", "short_code": "FABBAD", "audio_url": "https://everyayah.com/data/Fares_Abbad_64kbps/" },
  { "name": "গামাদি", "short_code": "GHAMADI", "audio_url": "https://everyayah.com/data/Ghamadi_40kbps/" },
  { "name": "হানি রিফাই", "short_code": "HRIFAI", "audio_url": "https://everyayah.com/data/Hani_Rifai_192kbps/" },
  { "name": "হুডহাইফি", "short_code": "HUDHAIFY", "audio_url": "https://everyayah.com/data/Hudhaify_128kbps/" },
  { "name": "আল হুসারি", "short_code": "AHUSARY", "audio_url": "https://everyayah.com/data/Husary_128kbps/" },
  { "name": "আল হুসারি - মুজাওয়াদ", "short_code": "AHMUJWAD", "audio_url": "https://everyayah.com/data/Husary_128kbps_Mujawwad/" },
  { "name": "আল হুসারি - মুয়াল্লিম", "short_code": "AHMUALLIM", "audio_url": "https://everyayah.com/data/Husary_Muallim_128kbps/" },
  { "name": "ইব্রাহিম আখদার", "short_code": "IAKHDAR", "audio_url": "https://everyayah.com/data/Ibrahim_Akhdar_64kbps/" },
  { "name": "কারিম মানসুরি", "short_code": "KMANSOORI", "audio_url": "https://everyayah.com/data/Karim_Mansoori_40kbps/" },
  { "name": "খালিদ আবদুল্লাহ আল-কাহতানি", "short_code": "KQAHTANI", "audio_url": "https://everyayah.com/data/Khaalid_Abdullaah_al-Qahtaanee_192kbps/" },
  { "name": "মাহের আল-মুয়াইকলি", "short_code": "MMUAIQLY", "audio_url": "https://everyayah.com/data/MaherAlMuaiqly128kbps/" },
  { "name": "আল মেনশাওয়ি", "short_code": "AMENSHAWI", "audio_url": "https://everyayah.com/data/Menshawi_32kbps/" },
  { "name": "আল মিনশাওয়ি - মুজাওয়াদ", "short_code": "AMMUJWAD", "audio_url": "https://everyayah.com/data/Minshawy_Mujawwad_192kbps/" },
  { "name": "আল মিনশাওয়ি - মুরাত্তাল", "short_code": "AMMURATTAL", "audio_url": "https://everyayah.com/data/Minshawy_Murattal_128kbps/" },
  { "name": "মোহাম্মদ আল তাবলাওয়ি", "short_code": "MTABLAWI", "audio_url": "https://everyayah.com/data/Mohammad_al_Tablaway_128kbps/" },
  { "name": "মুহাম্মদ আবদুল করিম", "short_code": "MABDULKAR", "audio_url": "https://everyayah.com/data/Muhammad_AbdulKareem_128kbps/" },
  { "name": "মুহাম্মদ আয়্যুব", "short_code": "MAYYOUB", "audio_url": "https://everyayah.com/data/Muhammad_Ayyoub_128kbps/" },
  { "name": "মুহাম্মদ জিবরিল", "short_code": "MJIBREEL", "audio_url": "https://everyayah.com/data/Muhammad_Jibreel_128kbps/" },
  { "name": "মুহসিন আল কাসিম", "short_code": "MQASIM", "audio_url": "https://everyayah.com/data/Muhsin_Al_Qasim_192kbps/" },
  { "name": "বাসফার - মাল্টি-ল্যাঙ্গুয়েজ", "short_code": "BASFMULTI", "audio_url": "https://everyayah.com/data/MultiLanguage/Basfar_Walk_192kbps/" },
  { "name": "মুস্তাফা ইসমাইল", "short_code": "MISMIL", "audio_url": "https://everyayah.com/data/Mustafa_Ismail_48kbps/" },
  { "name": "নাবিল রিফাই", "short_code": "NRIFAI", "audio_url": "https://everyayah.com/data/Nabil_Rifa3i_48kbps/" },
  { "name": "নাসের আলকাতামি", "short_code": "NALQATAMI", "audio_url": "https://everyayah.com/data/Nasser_Alqatami_128kbps/" },
  { "name": "পারহিজগার", "short_code": "PARHIZGAR", "audio_url": "https://everyayah.com/data/Parhizgar_48kbps/" },
  { "name": "সাহল ইয়াসিন", "short_code": "SYASSIN", "audio_url": "https://everyayah.com/data/Sahl_Yassin_128kbps/" },
  { "name": "সালাহ আবদুর রহমান বুকাতির", "short_code": "SBUKHATIR", "audio_url": "https://everyayah.com/data/Salaah_AbdulRahman_Bukhatir_128kbps/" },
  { "name": "সালাহ আল বুদাইর", "short_code": "SBUDAR", "audio_url": "https://everyayah.com/data/Salah_Al_Budair_128kbps/" },
  { "name": "সাউদ আশ-শুরাইম", "short_code": "SSHURAYM", "audio_url": "https://everyayah.com/data/Shuraym_128kbps/" },
  { "name": "ইয়াসের সালামাহ", "short_code": "YSALAMAH", "audio_url": "https://everyayah.com/data/Yaser_Salamah_128kbps/" },
  { "name": "ইয়াসির আদ-দুসসারি", "short_code": "YDUSSARY", "audio_url": "https://everyayah.com/data/Dussary_128kbps/" },
  { "name": "আহমেদ ইবন আলী আল-আজামী", "short_code": "AAJAMY2", "audio_url": "https://everyayah.com/data/ahmed_ibn_ali_al_ajamy_128kbps/" },
  { "name": "আজিজ আলিলি", "short_code": "AZALILI", "audio_url": "https://everyayah.com/data/aziz_alili_128kbps/" },
  { "name": "খালিফা আল তুনাইজি", "short_code": "KALTUNAIJI", "audio_url": "https://everyayah.com/data/khalefa_al_tunaiji_64kbps/" },
  { "name": "মাহমুদ আলী আল বান্না", "short_code": "MALBANNA", "audio_url": "https://everyayah.com/data/mahmoud_ali_al_banna_32kbps/" },
  { "name": "হেদায়াতফার - ফুলাদভান্দ অনুবাদ সহ", "short_code": "HEDFOOL", "audio_url": "https://everyayah.com/data/translations/Fooladvand_Hedayatfar_40Kbps/" },
  { "name": "মাকারেম কাবিরি - অনুবাদ সহ", "short_code": "MAKAREM", "audio_url": "https://everyayah.com/data/translations/Makarem_Kabiri_16Kbps/" },
  { "name": "বালায়েভ - আজারবাইজানি অনুবাদ সহ", "short_code": "BALAYEV", "audio_url": "https://everyayah.com/data/translations/azerbaijani/balayev/" },
  { "name": "বেসিম করকুট - অনুবাদ সহ", "short_code": "BKORKUT", "audio_url": "https://everyayah.com/data/translations/besim_korkut_ajet_po_ajet/" },
  { "name": "ফারহাত হাশমি - উর্দু অনুবাদ সহ", "short_code": "FHASHMI", "audio_url": "https://everyayah.com/data/translations/urdu_farhat_hashmi/" },
  { "name": "শামশাদ আলি খান - উর্দু অনুবাদ সহ", "short_code": "SAKHAN", "audio_url": "https://everyayah.com/data/translations/urdu_shamshad_ali_khan_46kbps/" },
  { "name": "ইব্রাহিম আল দোসারি - ওয়ারশ", "short_code": "IALDOSWAR", "audio_url": "https://everyayah.com/data/warsh/warsh_ibrahim_aldosary_128kbps/" },
  { "name": "ইয়াসিন আল জাজাইরি - ওয়ারশ", "short_code": "YJAZWAR", "audio_url": "https://everyayah.com/data/warsh/warsh_yassin_al_jazaery_64kbps/" }
]
